{
"type": "FeatureCollection",
"name": "geo_4_3",
"crs": { "type": "name", "properties": { "name": "urn:ogc:def:crs:OGC:1.3:CRS84" } },
"features": [
{ "type": "Feature", "properties": { "ID": 43715000, "正式名称": "としみ歯科クリニック", "機関区分": 3, "都道府県コード": 4, "市区町村コード": 321, "所在地": "宮城県柴田郡大河原町字広表２８－３１", "緯度": 38.045826, "経度": 140.716339, "url": "https://www.iryou.teikyouseido.mhlw.go.jp/znk-web/juminkanja/S2430/initialize?prefCd=04&kikanCd=715000&kikanKbn=3", "url2": null, "内容": "としみ歯科クリニック【3:歯科】宮城県柴田郡大河原町字広表２８－３１" }, "geometry": { "type": "Point", "coordinates": [ 140.716339, 38.045826 ] } },
{ "type": "Feature", "properties": { "ID": 43715002, "正式名称": "髙橋歯科医院", "機関区分": 3, "都道府県コード": 4, "市区町村コード": 321, "所在地": "宮城県柴田郡大河原町字町２５２", "緯度": 38.049072, "経度": 140.736191, "url": "https://www.iryou.teikyouseido.mhlw.go.jp/znk-web/juminkanja/S2430/initialize?prefCd=04&kikanCd=715002&kikanKbn=3", "url2": null, "内容": "髙橋歯科医院【3:歯科】宮城県柴田郡大河原町字町２５２" }, "geometry": { "type": "Point", "coordinates": [ 140.736191, 38.049072 ] } },
{ "type": "Feature", "properties": { "ID": 43715003, "正式名称": "富沢西ＥＢデンタルクリニック", "機関区分": 3, "都道府県コード": 4, "市区町村コード": 104, "所在地": "宮城県仙台市太白区富沢西４丁目６番地の８", "緯度": 38.212608, "経度": 140.859909, "url": "https://www.iryou.teikyouseido.mhlw.go.jp/znk-web/juminkanja/S2430/initialize?prefCd=04&kikanCd=715003&kikanKbn=3", "url2": "http://tomizawanisi.com", "内容": "富沢西ＥＢデンタルクリニック【3:歯科】宮城県仙台市太白区富沢西４丁目６番地の８" }, "geometry": { "type": "Point", "coordinates": [ 140.859909, 38.212608 ] } },
{ "type": "Feature", "properties": { "ID": 43715005, "正式名称": "歯科アリア太子堂駅前", "機関区分": 3, "都道府県コード": 4, "市区町村コード": 104, "所在地": "宮城県仙台市太白区あすと長町３丁目１０－２０", "緯度": 38.218365, "経度": 140.885071, "url": "https://www.iryou.teikyouseido.mhlw.go.jp/znk-web/juminkanja/S2430/initialize?prefCd=04&kikanCd=715005&kikanKbn=3", "url2": null, "内容": "歯科アリア太子堂駅前【3:歯科】宮城県仙台市太白区あすと長町３丁目１０－２０" }, "geometry": { "type": "Point", "coordinates": [ 140.885071, 38.218365 ] } },
{ "type": "Feature", "properties": { "ID": 43715006, "正式名称": "富沢ささき歯科医院", "機関区分": 3, "都道府県コード": 4, "市区町村コード": 104, "所在地": "宮城県仙台市太白区富沢南１丁目２８－２", "緯度": 38.213184, "経度": 140.869766, "url": "https://www.iryou.teikyouseido.mhlw.go.jp/znk-web/juminkanja/S2430/initialize?prefCd=04&kikanCd=715006&kikanKbn=3", "url2": "http://www.tomizawasasaki-dc.com", "内容": "富沢ささき歯科医院【3:歯科】宮城県仙台市太白区富沢南１丁目２８－２" }, "geometry": { "type": "Point", "coordinates": [ 140.869766, 38.213184 ] } },
{ "type": "Feature", "properties": { "ID": 43715008, "正式名称": "仙台歯科医院　トモ・デンタルクリニック", "機関区分": 3, "都道府県コード": 4, "市区町村コード": 101, "所在地": "宮城県仙台市青葉区一番町１丁目４－１　仙台ワールドビル１Ｆ", "緯度": 38.257412, "経度": 140.871399, "url": "https://www.iryou.teikyouseido.mhlw.go.jp/znk-web/juminkanja/S2430/initialize?prefCd=04&kikanCd=715008&kikanKbn=3", "url2": "http://tomo-dc.net/", "内容": "仙台歯科医院　トモ・デンタルクリニック【3:歯科】宮城県仙台市青葉区一番町１丁目４－１　仙台ワールドビル１Ｆ" }, "geometry": { "type": "Point", "coordinates": [ 140.871399, 38.257412 ] } },
{ "type": "Feature", "properties": { "ID": 43715009, "正式名称": "かみすぎハート歯科クリニック", "機関区分": 3, "都道府県コード": 4, "市区町村コード": 101, "所在地": "宮城県仙台市青葉区上杉１丁目１２－１６", "緯度": 38.272068, "経度": 140.872482, "url": "https://www.iryou.teikyouseido.mhlw.go.jp/znk-web/juminkanja/S2430/initialize?prefCd=04&kikanCd=715009&kikanKbn=3", "url2": "http://www.kamisugi-hdc.net", "内容": "かみすぎハート歯科クリニック【3:歯科】宮城県仙台市青葉区上杉１丁目１２－１６" }, "geometry": { "type": "Point", "coordinates": [ 140.872482, 38.272068 ] } },
{ "type": "Feature", "properties": { "ID": 43715011, "正式名称": "山田歯科医院", "機関区分": 3, "都道府県コード": 4, "市区町村コード": 101, "所在地": "宮城県仙台市青葉区折立３丁目３－１２", "緯度": 38.266712, "経度": 140.804871, "url": "https://www.iryou.teikyouseido.mhlw.go.jp/znk-web/juminkanja/S2430/initialize?prefCd=04&kikanCd=715011&kikanKbn=3", "url2": null, "内容": "山田歯科医院【3:歯科】宮城県仙台市青葉区折立３丁目３－１２" }, "geometry": { "type": "Point", "coordinates": [ 140.804871, 38.266712 ] } },
{ "type": "Feature", "properties": { "ID": 43715012, "正式名称": "鈴木歯科医院", "機関区分": 3, "都道府県コード": 4, "市区町村コード": 101, "所在地": "宮城県仙台市青葉区八幡１丁目４－２２　裳栄ハイツ１Ｆ", "緯度": 38.269726, "経度": 140.852066, "url": "https://www.iryou.teikyouseido.mhlw.go.jp/znk-web/juminkanja/S2430/initialize?prefCd=04&kikanCd=715012&kikanKbn=3", "url2": "http://www.suzuki-do.jp", "内容": "鈴木歯科医院【3:歯科】宮城県仙台市青葉区八幡１丁目４－２２　裳栄ハイツ１Ｆ" }, "geometry": { "type": "Point", "coordinates": [ 140.852066, 38.269726 ] } },
{ "type": "Feature", "properties": { "ID": 43715013, "正式名称": "はら歯科医院", "機関区分": 3, "都道府県コード": 4, "市区町村コード": 212, "所在地": "宮城県登米市米山町字桜岡大又３－１", "緯度": 38.629364, "経度": 141.215103, "url": "https://www.iryou.teikyouseido.mhlw.go.jp/znk-web/juminkanja/S2430/initialize?prefCd=04&kikanCd=715013&kikanKbn=3", "url2": null, "内容": "はら歯科医院【3:歯科】宮城県登米市米山町字桜岡大又３－１" }, "geometry": { "type": "Point", "coordinates": [ 141.215103, 38.629364 ] } },
{ "type": "Feature", "properties": { "ID": 43715015, "正式名称": "ながや歯科医院", "機関区分": 3, "都道府県コード": 4, "市区町村コード": 102, "所在地": "宮城県仙台市宮城野区大梶７－１０　セラビ幸町２Ｆ", "緯度": 38.271774, "経度": 140.900345, "url": "https://www.iryou.teikyouseido.mhlw.go.jp/znk-web/juminkanja/S2430/initialize?prefCd=04&kikanCd=715015&kikanKbn=3", "url2": "https://www.nagaya-shika.com/", "内容": "ながや歯科医院【3:歯科】宮城県仙台市宮城野区大梶７－１０　セラビ幸町２Ｆ" }, "geometry": { "type": "Point", "coordinates": [ 140.900345, 38.271774 ] } },
{ "type": "Feature", "properties": { "ID": 43715016, "正式名称": "くるみ歯科医院", "機関区分": 3, "都道府県コード": 4, "市区町村コード": 102, "所在地": "宮城県仙台市宮城野区仙石２６－１", "緯度": 38.27317, "経度": 140.949677, "url": "https://www.iryou.teikyouseido.mhlw.go.jp/znk-web/juminkanja/S2430/initialize?prefCd=04&kikanCd=715016&kikanKbn=3", "url2": null, "内容": "くるみ歯科医院【3:歯科】宮城県仙台市宮城野区仙石２６－１" }, "geometry": { "type": "Point", "coordinates": [ 140.949677, 38.27317 ] } },
{ "type": "Feature", "properties": { "ID": 43715017, "正式名称": "まほろば歯科クリニック", "機関区分": 3, "都道府県コード": 4, "市区町村コード": 421, "所在地": "宮城県黒川郡大和町吉岡南３丁目４６－５", "緯度": 38.440255, "経度": 140.877082, "url": "https://www.iryou.teikyouseido.mhlw.go.jp/znk-web/juminkanja/S2430/initialize?prefCd=04&kikanCd=715017&kikanKbn=3", "url2": "https://www.mahoroba-dc.com", "内容": "まほろば歯科クリニック【3:歯科】宮城県黒川郡大和町吉岡南３丁目４６－５" }, "geometry": { "type": "Point", "coordinates": [ 140.877082, 38.440255 ] } },
{ "type": "Feature", "properties": { "ID": 43715018, "正式名称": "グリーンヒルズ・デンタルクリニック", "機関区分": 3, "都道府県コード": 4, "市区町村コード": 212, "所在地": "宮城県登米市中田町石森字加賀野２丁目２８－５", "緯度": 38.698257, "経度": 141.213455, "url": "https://www.iryou.teikyouseido.mhlw.go.jp/znk-web/juminkanja/S2430/initialize?prefCd=04&kikanCd=715018&kikanKbn=3", "url2": "http://www.greenhills-dc.org/", "内容": "グリーンヒルズ・デンタルクリニック【3:歯科】宮城県登米市中田町石森字加賀野２丁目２８－５" }, "geometry": { "type": "Point", "coordinates": [ 141.213455, 38.698257 ] } },
{ "type": "Feature", "properties": { "ID": 43715019, "正式名称": "泉ステーション歯科", "機関区分": 3, "都道府県コード": 4, "市区町村コード": 105, "所在地": "宮城県仙台市泉区泉中央１丁目７－１　泉中央駅ビルＳＷＩＮＧ４Ｆ", "緯度": 38.323223, "経度": 140.880783, "url": "https://www.iryou.teikyouseido.mhlw.go.jp/znk-web/juminkanja/S2430/initialize?prefCd=04&kikanCd=715019&kikanKbn=3", "url2": "http://izumistationsika.com/", "内容": "泉ステーション歯科【3:歯科】宮城県仙台市泉区泉中央１丁目７－１　泉中央駅ビルＳＷＩＮＧ４Ｆ" }, "geometry": { "type": "Point", "coordinates": [ 140.880783, 38.323223 ] } },
{ "type": "Feature", "properties": { "ID": 43715020, "正式名称": "石巻市雄勝歯科診療所", "機関区分": 3, "都道府県コード": 4, "市区町村コード": 202, "所在地": "宮城県石巻市雄勝町小島字和田１２３", "緯度": 38.512211, "経度": 141.502548, "url": "https://www.iryou.teikyouseido.mhlw.go.jp/znk-web/juminkanja/S2430/initialize?prefCd=04&kikanCd=715020&kikanKbn=3", "url2": null, "内容": "石巻市雄勝歯科診療所【3:歯科】宮城県石巻市雄勝町小島字和田１２３" }, "geometry": { "type": "Point", "coordinates": [ 141.502548, 38.512211 ] } },
{ "type": "Feature", "properties": { "ID": 43715022, "正式名称": "医療法人社団　青葉会　仙台つつじがおか歯科", "機関区分": 3, "都道府県コード": 4, "市区町村コード": 102, "所在地": "宮城県仙台市宮城野区榴岡３丁目２－１　あるびすビル貳番館２Ｆ", "緯度": 38.260658, "経度": 140.886581, "url": "https://www.iryou.teikyouseido.mhlw.go.jp/znk-web/juminkanja/S2430/initialize?prefCd=04&kikanCd=715022&kikanKbn=3", "url2": null, "内容": "医療法人社団　青葉会　仙台つつじがおか歯科【3:歯科】宮城県仙台市宮城野区榴岡３丁目２－１　あるびすビル貳番館２Ｆ" }, "geometry": { "type": "Point", "coordinates": [ 140.886581, 38.260658 ] } },
{ "type": "Feature", "properties": { "ID": 43715023, "正式名称": "泉ＭＫ歯科クリニック", "機関区分": 3, "都道府県コード": 4, "市区町村コード": 105, "所在地": "宮城県仙台市泉区野村字菅間前５２−５", "緯度": 38.327644, "経度": 140.866516, "url": "https://www.iryou.teikyouseido.mhlw.go.jp/znk-web/juminkanja/S2430/initialize?prefCd=04&kikanCd=715023&kikanKbn=3", "url2": "http://izumimk.jp/", "内容": "泉ＭＫ歯科クリニック【3:歯科】宮城県仙台市泉区野村字菅間前５２−５" }, "geometry": { "type": "Point", "coordinates": [ 140.866516, 38.327644 ] } },
{ "type": "Feature", "properties": { "ID": 43715024, "正式名称": "アンドデンタルクリニック", "機関区分": 3, "都道府県コード": 4, "市区町村コード": 104, "所在地": "宮城県仙台市太白区東中田６丁目１０－７", "緯度": 38.20026, "経度": 140.894516, "url": "https://www.iryou.teikyouseido.mhlw.go.jp/znk-web/juminkanja/S2430/initialize?prefCd=04&kikanCd=715024&kikanKbn=3", "url2": "http://www.and-dental.com", "内容": "アンドデンタルクリニック【3:歯科】宮城県仙台市太白区東中田６丁目１０－７" }, "geometry": { "type": "Point", "coordinates": [ 140.894516, 38.20026 ] } },
{ "type": "Feature", "properties": { "ID": 43715025, "正式名称": "若林歯科クリニック", "機関区分": 3, "都道府県コード": 4, "市区町村コード": 103, "所在地": "宮城県仙台市若林区若林４丁目６－２", "緯度": 38.229431, "経度": 140.902145, "url": "https://www.iryou.teikyouseido.mhlw.go.jp/znk-web/juminkanja/S2430/initialize?prefCd=04&kikanCd=715025&kikanKbn=3", "url2": "http://haisha-yoyaku.jp/bun2sdental/detail/index/id/TP00090591/tab/8/", "内容": "若林歯科クリニック【3:歯科】宮城県仙台市若林区若林４丁目６－２" }, "geometry": { "type": "Point", "coordinates": [ 140.902145, 38.229431 ] } },
{ "type": "Feature", "properties": { "ID": 43715026, "正式名称": "ささゆき歯科クリニック", "機関区分": 3, "都道府県コード": 4, "市区町村コード": 101, "所在地": "宮城県仙台市青葉区中央１－６－２７　仙信ビル１Ｆ", "緯度": 38.262783, "経度": 140.878937, "url": "https://www.iryou.teikyouseido.mhlw.go.jp/znk-web/juminkanja/S2430/initialize?prefCd=04&kikanCd=715026&kikanKbn=3", "url2": "http://www.sasayuki-dental.jp", "内容": "ささゆき歯科クリニック【3:歯科】宮城県仙台市青葉区中央１－６－２７　仙信ビル１Ｆ" }, "geometry": { "type": "Point", "coordinates": [ 140.878937, 38.262783 ] } },
{ "type": "Feature", "properties": { "ID": 43715027, "正式名称": "さとう歯科医院", "機関区分": 3, "都道府県コード": 4, "市区町村コード": 101, "所在地": "宮城県仙台市青葉区落合２丁目６－８　ウェルステージ丸浩弐番館", "緯度": 38.274456, "経度": 140.791885, "url": "https://www.iryou.teikyouseido.mhlw.go.jp/znk-web/juminkanja/S2430/initialize?prefCd=04&kikanCd=715027&kikanKbn=3", "url2": null, "内容": "さとう歯科医院【3:歯科】宮城県仙台市青葉区落合２丁目６－８　ウェルステージ丸浩弐番館" }, "geometry": { "type": "Point", "coordinates": [ 140.791885, 38.274456 ] } },
{ "type": "Feature", "properties": { "ID": 43715028, "正式名称": "広瀬通り立町デンタルオフィス", "機関区分": 3, "都道府県コード": 4, "市区町村コード": 101, "所在地": "宮城県仙台市青葉区立町１－３　広瀬通東武ビル１Ｆ", "緯度": 38.261963, "経度": 140.867249, "url": "https://www.iryou.teikyouseido.mhlw.go.jp/znk-web/juminkanja/S2430/initialize?prefCd=04&kikanCd=715028&kikanKbn=3", "url2": "http://ht-dent.jp/", "内容": "広瀬通り立町デンタルオフィス【3:歯科】宮城県仙台市青葉区立町１－３　広瀬通東武ビル１Ｆ" }, "geometry": { "type": "Point", "coordinates": [ 140.867249, 38.261963 ] } },
{ "type": "Feature", "properties": { "ID": 43715029, "正式名称": "光歯科", "機関区分": 3, "都道府県コード": 4, "市区町村コード": 101, "所在地": "宮城県仙台市青葉区子平町１４－２２", "緯度": 38.277406, "経度": 140.84768, "url": "https://www.iryou.teikyouseido.mhlw.go.jp/znk-web/juminkanja/S2430/initialize?prefCd=04&kikanCd=715029&kikanKbn=3", "url2": "https://www.hikari-dental.net", "内容": "光歯科【3:歯科】宮城県仙台市青葉区子平町１４－２２" }, "geometry": { "type": "Point", "coordinates": [ 140.84768, 38.277406 ] } },
{ "type": "Feature", "properties": { "ID": 43715030, "正式名称": "阿部歯科医院", "機関区分": 3, "都道府県コード": 4, "市区町村コード": 102, "所在地": "宮城県仙台市宮城野区原町２丁目３－４６", "緯度": 38.264961, "経度": 140.904099, "url": "https://www.iryou.teikyouseido.mhlw.go.jp/znk-web/juminkanja/S2430/initialize?prefCd=04&kikanCd=715030&kikanKbn=3", "url2": null, "内容": "阿部歯科医院【3:歯科】宮城県仙台市宮城野区原町２丁目３－４６" }, "geometry": { "type": "Point", "coordinates": [ 140.904099, 38.264961 ] } },
{ "type": "Feature", "properties": { "ID": 43715031, "正式名称": "吉中歯科医院", "機関区分": 3, "都道府県コード": 4, "市区町村コード": 104, "所在地": "宮城県仙台市太白区郡山５丁目１７－１", "緯度": 38.215496, "経度": 140.892258, "url": "https://www.iryou.teikyouseido.mhlw.go.jp/znk-web/juminkanja/S2430/initialize?prefCd=04&kikanCd=715031&kikanKbn=3", "url2": null, "内容": "吉中歯科医院【3:歯科】宮城県仙台市太白区郡山５丁目１７－１" }, "geometry": { "type": "Point", "coordinates": [ 140.892258, 38.215496 ] } },
{ "type": "Feature", "properties": { "ID": 43715032, "正式名称": "とがし歯科クリニック", "機関区分": 3, "都道府県コード": 4, "市区町村コード": 105, "所在地": "宮城県仙台市泉区泉中央３丁目２９－７　ウイング２１　２Ｆ", "緯度": 38.323338, "経度": 140.885956, "url": "https://www.iryou.teikyouseido.mhlw.go.jp/znk-web/juminkanja/S2430/initialize?prefCd=04&kikanCd=715032&kikanKbn=3", "url2": "http://www.togashi-dc.com", "内容": "とがし歯科クリニック【3:歯科】宮城県仙台市泉区泉中央３丁目２９－７　ウイング２１　２Ｆ" }, "geometry": { "type": "Point", "coordinates": [ 140.885956, 38.323338 ] } },
{ "type": "Feature", "properties": { "ID": 43715033, "正式名称": "医療法人社団ブライトデンタルケア　仙台リボン歯科・矯正歯科", "機関区分": 3, "都道府県コード": 4, "市区町村コード": 101, "所在地": "宮城県仙台市青葉区一番町３丁目６－１　一番町平和ビル３階３０４号室", "緯度": 38.261147, "経度": 140.874008, "url": "https://www.iryou.teikyouseido.mhlw.go.jp/znk-web/juminkanja/S2430/initialize?prefCd=04&kikanCd=715033&kikanKbn=3", "url2": "https://ribon-shika.jp/sendai/", "内容": "医療法人社団ブライトデンタルケア　仙台リボン歯科・矯正歯科【3:歯科】宮城県仙台市青葉区一番町３丁目６－１　一番町平和ビル３階３０４号室" }, "geometry": { "type": "Point", "coordinates": [ 140.874008, 38.261147 ] } },
{ "type": "Feature", "properties": { "ID": 43715034, "正式名称": "百合デンタルクリニック", "機関区分": 3, "都道府県コード": 4, "市区町村コード": 101, "所在地": "宮城県仙台市青葉区栗生４丁目１３－１５", "緯度": 38.268387, "経度": 140.791, "url": "https://www.iryou.teikyouseido.mhlw.go.jp/znk-web/juminkanja/S2430/initialize?prefCd=04&kikanCd=715034&kikanKbn=3", "url2": "http://www.yuri-dental.net/", "内容": "百合デンタルクリニック【3:歯科】宮城県仙台市青葉区栗生４丁目１３－１５" }, "geometry": { "type": "Point", "coordinates": [ 140.791, 38.268387 ] } },
{ "type": "Feature", "properties": { "ID": 43715035, "正式名称": "医療法人正仁会　富谷ガーデン歯科", "機関区分": 3, "都道府県コード": 4, "市区町村コード": 216, "所在地": "宮城県富谷市大清水２丁目１３－３", "緯度": 38.36557, "経度": 140.880356, "url": "https://www.iryou.teikyouseido.mhlw.go.jp/znk-web/juminkanja/S2430/initialize?prefCd=04&kikanCd=715035&kikanKbn=3", "url2": "http://www.garden-shika.com", "内容": "医療法人正仁会　富谷ガーデン歯科【3:歯科】宮城県富谷市大清水２丁目１３－３" }, "geometry": { "type": "Point", "coordinates": [ 140.880356, 38.36557 ] } },
{ "type": "Feature", "properties": { "ID": 43715036, "正式名称": "おおぬき歯科", "機関区分": 3, "都道府県コード": 4, "市区町村コード": 207, "所在地": "宮城県名取市増田７丁目１４－８", "緯度": 38.179703, "経度": 140.888153, "url": "https://www.iryou.teikyouseido.mhlw.go.jp/znk-web/juminkanja/S2430/initialize?prefCd=04&kikanCd=715036&kikanKbn=3", "url2": "http://onuki.dentalmall.jp/", "内容": "おおぬき歯科【3:歯科】宮城県名取市増田７丁目１４－８" }, "geometry": { "type": "Point", "coordinates": [ 140.888153, 38.179703 ] } },
{ "type": "Feature", "properties": { "ID": 43715037, "正式名称": "櫻場デンタルクリニック", "機関区分": 3, "都道府県コード": 4, "市区町村コード": 207, "所在地": "宮城県名取市手倉田字八幡６０８番地　プレミスト名取駅前１階", "緯度": 38.173096, "経度": 140.88147, "url": "https://www.iryou.teikyouseido.mhlw.go.jp/znk-web/juminkanja/S2430/initialize?prefCd=04&kikanCd=715037&kikanKbn=3", "url2": null, "内容": "櫻場デンタルクリニック【3:歯科】宮城県名取市手倉田字八幡６０８番地　プレミスト名取駅前１階" }, "geometry": { "type": "Point", "coordinates": [ 140.88147, 38.173096 ] } },
{ "type": "Feature", "properties": { "ID": 43715040, "正式名称": "いわぶち歯科クリニック", "機関区分": 3, "都道府県コード": 4, "市区町村コード": 105, "所在地": "宮城県仙台市泉区寺岡５丁目１１－２３", "緯度": 38.341591, "経度": 140.8284, "url": "https://www.iryou.teikyouseido.mhlw.go.jp/znk-web/juminkanja/S2430/initialize?prefCd=04&kikanCd=715040&kikanKbn=3", "url2": null, "内容": "いわぶち歯科クリニック【3:歯科】宮城県仙台市泉区寺岡５丁目１１－２３" }, "geometry": { "type": "Point", "coordinates": [ 140.8284, 38.341591 ] } },
{ "type": "Feature", "properties": { "ID": 43715041, "正式名称": "医療法人原田会　仙台歯科クリニック", "機関区分": 3, "都道府県コード": 4, "市区町村コード": 101, "所在地": "宮城県仙台市青葉区小松島４丁目２８－１０", "緯度": 38.288235, "経度": 140.891281, "url": "https://www.iryou.teikyouseido.mhlw.go.jp/znk-web/juminkanja/S2430/initialize?prefCd=04&kikanCd=715041&kikanKbn=3", "url2": "https://www.sendai-shika-clinic.com", "内容": "医療法人原田会　仙台歯科クリニック【3:歯科】宮城県仙台市青葉区小松島４丁目２８－１０" }, "geometry": { "type": "Point", "coordinates": [ 140.891281, 38.288235 ] } },
{ "type": "Feature", "properties": { "ID": 43715042, "正式名称": "高砂歯科クリニック", "機関区分": 3, "都道府県コード": 4, "市区町村コード": 102, "所在地": "宮城県仙台市宮城野区福室２丁目６－２４　仙台医療館３階", "緯度": 38.272778, "経度": 140.967865, "url": "https://www.iryou.teikyouseido.mhlw.go.jp/znk-web/juminkanja/S2430/initialize?prefCd=04&kikanCd=715042&kikanKbn=3", "url2": "http://www.takasagoshikaclinic.net/s/", "内容": "高砂歯科クリニック【3:歯科】宮城県仙台市宮城野区福室２丁目６－２４　仙台医療館３階" }, "geometry": { "type": "Point", "coordinates": [ 140.967865, 38.272778 ] } },
{ "type": "Feature", "properties": { "ID": 43715043, "正式名称": "ひまわりデンタルクリニック", "機関区分": 3, "都道府県コード": 4, "市区町村コード": 102, "所在地": "宮城県仙台市宮城野区原町２丁目２－１３－１", "緯度": 38.265678, "経度": 140.903748, "url": "https://www.iryou.teikyouseido.mhlw.go.jp/znk-web/juminkanja/S2430/initialize?prefCd=04&kikanCd=715043&kikanKbn=3", "url2": "http://www.sendai-himawari.jp/", "内容": "ひまわりデンタルクリニック【3:歯科】宮城県仙台市宮城野区原町２丁目２－１３－１" }, "geometry": { "type": "Point", "coordinates": [ 140.903748, 38.265678 ] } },
{ "type": "Feature", "properties": { "ID": 43715044, "正式名称": "ササモリデンタルクリニック", "機関区分": 3, "都道府県コード": 4, "市区町村コード": 101, "所在地": "宮城県仙台市青葉区本町２ー１３ー１３", "緯度": 38.265049, "経度": 140.873993, "url": "https://www.iryou.teikyouseido.mhlw.go.jp/znk-web/juminkanja/S2430/initialize?prefCd=04&kikanCd=715044&kikanKbn=3", "url2": "http://sasamori-dc.com", "内容": "ササモリデンタルクリニック【3:歯科】宮城県仙台市青葉区本町２ー１３ー１３" }, "geometry": { "type": "Point", "coordinates": [ 140.873993, 38.265049 ] } },
{ "type": "Feature", "properties": { "ID": 43715045, "正式名称": "医療法人社団　陵栄会　仙台デンタルクリニック", "機関区分": 3, "都道府県コード": 4, "市区町村コード": 101, "所在地": "宮城県仙台市青葉区二日町７－２８　エーブルスペースビル２階", "緯度": 38.270309, "経度": 140.868561, "url": "https://www.iryou.teikyouseido.mhlw.go.jp/znk-web/juminkanja/S2430/initialize?prefCd=04&kikanCd=715045&kikanKbn=3", "url2": null, "内容": "医療法人社団　陵栄会　仙台デンタルクリニック【3:歯科】宮城県仙台市青葉区二日町７－２８　エーブルスペースビル２階" }, "geometry": { "type": "Point", "coordinates": [ 140.868561, 38.270309 ] } },
{ "type": "Feature", "properties": { "ID": 43715046, "正式名称": "医療法人　報徳会　石巻デンタルクリニック", "機関区分": 3, "都道府県コード": 4, "市区町村コード": 202, "所在地": "宮城県石巻市恵み野５丁目１－５", "緯度": 38.441196, "経度": 141.264786, "url": "https://www.iryou.teikyouseido.mhlw.go.jp/znk-web/juminkanja/S2430/initialize?prefCd=04&kikanCd=715046&kikanKbn=3", "url2": "http://www.tokushinkai.or.jp/", "内容": "医療法人　報徳会　石巻デンタルクリニック【3:歯科】宮城県石巻市恵み野５丁目１－５" }, "geometry": { "type": "Point", "coordinates": [ 141.264786, 38.441196 ] } },
{ "type": "Feature", "properties": { "ID": 43715047, "正式名称": "歯科定禅寺ヒルズ", "機関区分": 3, "都道府県コード": 4, "市区町村コード": 101, "所在地": "宮城県仙台市青葉区国分町３丁目３－１定禅寺ヒルズ７Ｆ", "緯度": 38.265961, "経度": 140.868561, "url": "https://www.iryou.teikyouseido.mhlw.go.jp/znk-web/juminkanja/S2430/initialize?prefCd=04&kikanCd=715047&kikanKbn=3", "url2": "http://www.shika-jozenji.com/", "内容": "歯科定禅寺ヒルズ【3:歯科】宮城県仙台市青葉区国分町３丁目３－１定禅寺ヒルズ７Ｆ" }, "geometry": { "type": "Point", "coordinates": [ 140.868561, 38.265961 ] } },
{ "type": "Feature", "properties": { "ID": 43715048, "正式名称": "とくがわ矯正歯科クリニック", "機関区分": 3, "都道府県コード": 4, "市区町村コード": 216, "所在地": "宮城県富谷市大清水２丁目２２－１", "緯度": 38.36565, "経度": 140.882451, "url": "https://www.iryou.teikyouseido.mhlw.go.jp/znk-web/juminkanja/S2430/initialize?prefCd=04&kikanCd=715048&kikanKbn=3", "url2": "http://www.tokugawa-ortho.com", "内容": "とくがわ矯正歯科クリニック【3:歯科】宮城県富谷市大清水２丁目２２－１" }, "geometry": { "type": "Point", "coordinates": [ 140.882451, 38.36565 ] } },
{ "type": "Feature", "properties": { "ID": 43715049, "正式名称": "荒町さとう歯科医院", "機関区分": 3, "都道府県コード": 4, "市区町村コード": 103, "所在地": "宮城県仙台市若林区荒町１４５", "緯度": 38.24918, "経度": 140.883911, "url": "https://www.iryou.teikyouseido.mhlw.go.jp/znk-web/juminkanja/S2430/initialize?prefCd=04&kikanCd=715049&kikanKbn=3", "url2": "http://sendaiaramachisato.com/", "内容": "荒町さとう歯科医院【3:歯科】宮城県仙台市若林区荒町１４５" }, "geometry": { "type": "Point", "coordinates": [ 140.883911, 38.24918 ] } },
{ "type": "Feature", "properties": { "ID": 43715050, "正式名称": "医療法人社団あおい杜　あおい杜在宅歯科クリニック仙台中央", "機関区分": 3, "都道府県コード": 4, "市区町村コード": 103, "所在地": "宮城県仙台市若林区河原町１丁目４－３５　アスコット河原町駅前１０１号室", "緯度": 38.238419, "経度": 140.889221, "url": "https://www.iryou.teikyouseido.mhlw.go.jp/znk-web/juminkanja/S2430/initialize?prefCd=04&kikanCd=715050&kikanKbn=3", "url2": "http://www.aoimori.or.jp/", "内容": "医療法人社団あおい杜　あおい杜在宅歯科クリニック仙台中央【3:歯科】宮城県仙台市若林区河原町１丁目４－３５　アスコット河原町駅前１０１号室" }, "geometry": { "type": "Point", "coordinates": [ 140.889221, 38.238419 ] } },
{ "type": "Feature", "properties": { "ID": 43715051, "正式名称": "みやぎ訪問歯科・救急ステーション", "機関区分": 3, "都道府県コード": 4, "市区町村コード": 321, "所在地": "宮城県柴田郡大河原町字西３８－１　みやぎ県南中核病院診療棟１階", "緯度": 38.062065, "経度": 140.735031, "url": "https://www.iryou.teikyouseido.mhlw.go.jp/znk-web/juminkanja/S2430/initialize?prefCd=04&kikanCd=715051&kikanKbn=3", "url2": "https://www.miyashi.or.jp/station/index.html", "内容": "みやぎ訪問歯科・救急ステーション【3:歯科】宮城県柴田郡大河原町字西３８－１　みやぎ県南中核病院診療棟１階" }, "geometry": { "type": "Point", "coordinates": [ 140.735031, 38.062065 ] } },
{ "type": "Feature", "properties": { "ID": 43715052, "正式名称": "太紀デンタルクリニック", "機関区分": 3, "都道府県コード": 4, "市区町村コード": 103, "所在地": "宮城県仙台市若林区伊在１丁目９－１", "緯度": 38.248301, "経度": 140.933923, "url": "https://www.iryou.teikyouseido.mhlw.go.jp/znk-web/juminkanja/S2430/initialize?prefCd=04&kikanCd=715052&kikanKbn=3", "url2": "http://taiki-dental.jp", "内容": "太紀デンタルクリニック【3:歯科】宮城県仙台市若林区伊在１丁目９－１" }, "geometry": { "type": "Point", "coordinates": [ 140.933923, 38.248301 ] } },
{ "type": "Feature", "properties": { "ID": 43715054, "正式名称": "ルミエールデンタルクリニック", "機関区分": 3, "都道府県コード": 4, "市区町村コード": 101, "所在地": "宮城県仙台市青葉区上杉１－７－２０", "緯度": 38.271263, "経度": 140.870392, "url": "https://www.iryou.teikyouseido.mhlw.go.jp/znk-web/juminkanja/S2430/initialize?prefCd=04&kikanCd=715054&kikanKbn=3", "url2": "http://www.lumiere-dental-clinic.jp", "内容": "ルミエールデンタルクリニック【3:歯科】宮城県仙台市青葉区上杉１－７－２０" }, "geometry": { "type": "Point", "coordinates": [ 140.870392, 38.271263 ] } },
{ "type": "Feature", "properties": { "ID": 43715055, "正式名称": "今井デンタルクリニック　おとなこどもの歯科", "機関区分": 3, "都道府県コード": 4, "市区町村コード": 101, "所在地": "宮城県仙台市青葉区八幡３丁目３－１０", "緯度": 38.26952, "経度": 140.846405, "url": "https://www.iryou.teikyouseido.mhlw.go.jp/znk-web/juminkanja/S2430/initialize?prefCd=04&kikanCd=715055&kikanKbn=3", "url2": "http://imai-dc-sendai.com/", "内容": "今井デンタルクリニック　おとなこどもの歯科【3:歯科】宮城県仙台市青葉区八幡３丁目３－１０" }, "geometry": { "type": "Point", "coordinates": [ 140.846405, 38.26952 ] } },
{ "type": "Feature", "properties": { "ID": 43715056, "正式名称": "自由ヶ丘歯科クリニック", "機関区分": 3, "都道府県コード": 4, "市区町村コード": 102, "所在地": "宮城県仙台市宮城野区自由ヶ丘８－２８", "緯度": 38.291534, "経度": 140.902557, "url": "https://www.iryou.teikyouseido.mhlw.go.jp/znk-web/juminkanja/S2430/initialize?prefCd=04&kikanCd=715056&kikanKbn=3", "url2": null, "内容": "自由ヶ丘歯科クリニック【3:歯科】宮城県仙台市宮城野区自由ヶ丘８－２８" }, "geometry": { "type": "Point", "coordinates": [ 140.902557, 38.291534 ] } },
{ "type": "Feature", "properties": { "ID": 43715057, "正式名称": "むろおか歯科医院", "機関区分": 3, "都道府県コード": 4, "市区町村コード": 103, "所在地": "宮城県仙台市若林区荒井字大場伝４－８", "緯度": 38.243198, "経度": 140.942322, "url": "https://www.iryou.teikyouseido.mhlw.go.jp/znk-web/juminkanja/S2430/initialize?prefCd=04&kikanCd=715057&kikanKbn=3", "url2": null, "内容": "むろおか歯科医院【3:歯科】宮城県仙台市若林区荒井字大場伝４－８" }, "geometry": { "type": "Point", "coordinates": [ 140.942322, 38.243198 ] } },
{ "type": "Feature", "properties": { "ID": 43715058, "正式名称": "佐藤歯科医院", "機関区分": 3, "都道府県コード": 4, "市区町村コード": 103, "所在地": "宮城県仙台市若林区伊在１－３－５", "緯度": 38.248323, "経度": 140.9322, "url": "https://www.iryou.teikyouseido.mhlw.go.jp/znk-web/juminkanja/S2430/initialize?prefCd=04&kikanCd=715058&kikanKbn=3", "url2": "https://anjinkai.com/about_sato/", "内容": "佐藤歯科医院【3:歯科】宮城県仙台市若林区伊在１－３－５" }, "geometry": { "type": "Point", "coordinates": [ 140.9322, 38.248323 ] } },
{ "type": "Feature", "properties": { "ID": 43715059, "正式名称": "医療法人社団梅津サージェリー汐見台歯科", "機関区分": 3, "都道府県コード": 4, "市区町村コード": 404, "所在地": "宮城県宮城郡七ヶ浜町菖蒲田浜字林合５５－１", "緯度": 38.285328, "経度": 141.057693, "url": "https://www.iryou.teikyouseido.mhlw.go.jp/znk-web/juminkanja/S2430/initialize?prefCd=04&kikanCd=715059&kikanKbn=3", "url2": "http://shiomidai-shika.ci2.jp", "内容": "医療法人社団梅津サージェリー汐見台歯科【3:歯科】宮城県宮城郡七ヶ浜町菖蒲田浜字林合５５－１" }, "geometry": { "type": "Point", "coordinates": [ 141.057693, 38.285328 ] } },
{ "type": "Feature", "properties": { "ID": 43715060, "正式名称": "くりこまデンタルクリニック", "機関区分": 3, "都道府県コード": 4, "市区町村コード": 213, "所在地": "宮城県栗原市栗駒岩ケ崎下町裏１１９－３", "緯度": 38.829899, "経度": 140.998276, "url": "https://www.iryou.teikyouseido.mhlw.go.jp/znk-web/juminkanja/S2430/initialize?prefCd=04&kikanCd=715060&kikanKbn=3", "url2": null, "内容": "くりこまデンタルクリニック【3:歯科】宮城県栗原市栗駒岩ケ崎下町裏１１９－３" }, "geometry": { "type": "Point", "coordinates": [ 140.998276, 38.829899 ] } },
{ "type": "Feature", "properties": { "ID": 43715061, "正式名称": "第一歯科クリニック", "機関区分": 3, "都道府県コード": 4, "市区町村コード": 202, "所在地": "宮城県石巻市田道町１丁目６－１０", "緯度": 38.434937, "経度": 141.294785, "url": "https://www.iryou.teikyouseido.mhlw.go.jp/znk-web/juminkanja/S2430/initialize?prefCd=04&kikanCd=715061&kikanKbn=3", "url2": null, "内容": "第一歯科クリニック【3:歯科】宮城県石巻市田道町１丁目６－１０" }, "geometry": { "type": "Point", "coordinates": [ 141.294785, 38.434937 ] } },
{ "type": "Feature", "properties": { "ID": 43715062, "正式名称": "桃豊インター歯科", "機関区分": 3, "都道府県コード": 4, "市区町村コード": 202, "所在地": "宮城県石巻市桃生町城内字東嶺２０６番地１", "緯度": 38.565262, "経度": 141.268539, "url": "https://www.iryou.teikyouseido.mhlw.go.jp/znk-web/juminkanja/S2430/initialize?prefCd=04&kikanCd=715062&kikanKbn=3", "url2": "http://www.dentnishi.com", "内容": "桃豊インター歯科【3:歯科】宮城県石巻市桃生町城内字東嶺２０６番地１" }, "geometry": { "type": "Point", "coordinates": [ 141.268539, 38.565262 ] } },
{ "type": "Feature", "properties": { "ID": 43715064, "正式名称": "仙台きずな歯科クリニック", "機関区分": 3, "都道府県コード": 4, "市区町村コード": 102, "所在地": "宮城県仙台市宮城野区鉄砲町中４－２－２０３", "緯度": 38.26403, "経度": 140.890167, "url": "https://www.iryou.teikyouseido.mhlw.go.jp/znk-web/juminkanja/S2430/initialize?prefCd=04&kikanCd=715064&kikanKbn=3", "url2": "http://www.kizuna-dc.com/", "内容": "仙台きずな歯科クリニック【3:歯科】宮城県仙台市宮城野区鉄砲町中４－２－２０３" }, "geometry": { "type": "Point", "coordinates": [ 140.890167, 38.26403 ] } },
{ "type": "Feature", "properties": { "ID": 43715065, "正式名称": "たけのこ歯科クリニック", "機関区分": 3, "都道府県コード": 4, "市区町村コード": 207, "所在地": "宮城県名取市上余田字千刈田２８５－１　ヨークタウン４号バイパス内", "緯度": 38.187748, "経度": 140.890533, "url": "https://www.iryou.teikyouseido.mhlw.go.jp/znk-web/juminkanja/S2430/initialize?prefCd=04&kikanCd=715065&kikanKbn=3", "url2": "http://www.takenoko-dc.net/", "内容": "たけのこ歯科クリニック【3:歯科】宮城県名取市上余田字千刈田２８５－１　ヨークタウン４号バイパス内" }, "geometry": { "type": "Point", "coordinates": [ 140.890533, 38.187748 ] } },
{ "type": "Feature", "properties": { "ID": 43715066, "正式名称": "スウェーデンデンタル仙台", "機関区分": 3, "都道府県コード": 4, "市区町村コード": 102, "所在地": "宮城県仙台市宮城野区榴岡１丁目６－１　ヤマダイビル", "緯度": 38.258405, "経度": 140.884667, "url": "https://www.iryou.teikyouseido.mhlw.go.jp/znk-web/juminkanja/S2430/initialize?prefCd=04&kikanCd=715066&kikanKbn=3", "url2": "http://sweden-dental-center.com/", "内容": "スウェーデンデンタル仙台【3:歯科】宮城県仙台市宮城野区榴岡１丁目６－１　ヤマダイビル" }, "geometry": { "type": "Point", "coordinates": [ 140.884667, 38.258405 ] } },
{ "type": "Feature", "properties": { "ID": 43715067, "正式名称": "やまもと歯科", "機関区分": 3, "都道府県コード": 4, "市区町村コード": 101, "所在地": "宮城県仙台市青葉区台原１丁目２ー５", "緯度": 38.281212, "経度": 140.872681, "url": "https://www.iryou.teikyouseido.mhlw.go.jp/znk-web/juminkanja/S2430/initialize?prefCd=04&kikanCd=715067&kikanKbn=3", "url2": "http://www.yamamoto-dentalclinic.jp", "内容": "やまもと歯科【3:歯科】宮城県仙台市青葉区台原１丁目２ー５" }, "geometry": { "type": "Point", "coordinates": [ 140.872681, 38.281212 ] } },
{ "type": "Feature", "properties": { "ID": 43715068, "正式名称": "小松こども歯科", "機関区分": 3, "都道府県コード": 4, "市区町村コード": 216, "所在地": "宮城県富谷市明石台２丁目２２－１", "緯度": 38.347561, "経度": 140.891556, "url": "https://www.iryou.teikyouseido.mhlw.go.jp/znk-web/juminkanja/S2430/initialize?prefCd=04&kikanCd=715068&kikanKbn=3", "url2": "http://www.komatsu-kodomo-shika.jp/", "内容": "小松こども歯科【3:歯科】宮城県富谷市明石台２丁目２２－１" }, "geometry": { "type": "Point", "coordinates": [ 140.891556, 38.347561 ] } },
{ "type": "Feature", "properties": { "ID": 43715070, "正式名称": "あわの歯科", "機関区分": 3, "都道府県コード": 4, "市区町村コード": 103, "所在地": "宮城県仙台市若林区大和町３－１７－１", "緯度": 38.246883, "経度": 140.91629, "url": "https://www.iryou.teikyouseido.mhlw.go.jp/znk-web/juminkanja/S2430/initialize?prefCd=04&kikanCd=715070&kikanKbn=3", "url2": "http://www.awano-shika.com/", "内容": "あわの歯科【3:歯科】宮城県仙台市若林区大和町３－１７－１" }, "geometry": { "type": "Point", "coordinates": [ 140.91629, 38.246883 ] } },
{ "type": "Feature", "properties": { "ID": 43715072, "正式名称": "二日町歯科クリニック", "機関区分": 3, "都道府県コード": 4, "市区町村コード": 101, "所在地": "宮城県仙台市青葉区二日町８－１", "緯度": 38.269615, "経度": 140.867325, "url": "https://www.iryou.teikyouseido.mhlw.go.jp/znk-web/juminkanja/S2430/initialize?prefCd=04&kikanCd=715072&kikanKbn=3", "url2": "https://www.futsukamachi-shika.com", "内容": "二日町歯科クリニック【3:歯科】宮城県仙台市青葉区二日町８－１" }, "geometry": { "type": "Point", "coordinates": [ 140.867325, 38.269615 ] } },
{ "type": "Feature", "properties": { "ID": 43715073, "正式名称": "あかつき歯科クリニック", "機関区分": 3, "都道府県コード": 4, "市区町村コード": 103, "所在地": "宮城県仙台市若林区若林４丁目１－５", "緯度": 38.230949, "経度": 140.898972, "url": "https://www.iryou.teikyouseido.mhlw.go.jp/znk-web/juminkanja/S2430/initialize?prefCd=04&kikanCd=715073&kikanKbn=3", "url2": "http://www.akatsuki-dc.net/", "内容": "あかつき歯科クリニック【3:歯科】宮城県仙台市若林区若林４丁目１－５" }, "geometry": { "type": "Point", "coordinates": [ 140.898972, 38.230949 ] } },
{ "type": "Feature", "properties": { "ID": 43715074, "正式名称": "榊原デンタルクリニック", "機関区分": 3, "都道府県コード": 4, "市区町村コード": 216, "所在地": "宮城県富谷市成田７丁目２６－１１９", "緯度": 38.359123, "経度": 140.900284, "url": "https://www.iryou.teikyouseido.mhlw.go.jp/znk-web/juminkanja/S2430/initialize?prefCd=04&kikanCd=715074&kikanKbn=3", "url2": "http://www.sakakibara-dc.com", "内容": "榊原デンタルクリニック【3:歯科】宮城県富谷市成田７丁目２６－１１９" }, "geometry": { "type": "Point", "coordinates": [ 140.900284, 38.359123 ] } },
{ "type": "Feature", "properties": { "ID": 43715075, "正式名称": "ゆうデンタル北仙台クリニック", "機関区分": 3, "都道府県コード": 4, "市区町村コード": 101, "所在地": "宮城県仙台市青葉区葉山町１－２６", "緯度": 38.28334, "経度": 140.866562, "url": "https://www.iryou.teikyouseido.mhlw.go.jp/znk-web/juminkanja/S2430/initialize?prefCd=04&kikanCd=715075&kikanKbn=3", "url2": "http://yu-dkc.com", "内容": "ゆうデンタル北仙台クリニック【3:歯科】宮城県仙台市青葉区葉山町１－２６" }, "geometry": { "type": "Point", "coordinates": [ 140.866562, 38.28334 ] } },
{ "type": "Feature", "properties": { "ID": 43715076, "正式名称": "歯科おのでら", "機関区分": 3, "都道府県コード": 4, "市区町村コード": 215, "所在地": "宮城県大崎市古川旭１丁目１４－２４", "緯度": 38.567932, "経度": 140.972748, "url": "https://www.iryou.teikyouseido.mhlw.go.jp/znk-web/juminkanja/S2430/initialize?prefCd=04&kikanCd=715076&kikanKbn=3", "url2": "https://www.shika-onodera.com", "内容": "歯科おのでら【3:歯科】宮城県大崎市古川旭１丁目１４－２４" }, "geometry": { "type": "Point", "coordinates": [ 140.972748, 38.567932 ] } },
{ "type": "Feature", "properties": { "ID": 43715078, "正式名称": "医療法人一期一会　西村矯正歯科クリニック", "機関区分": 3, "都道府県コード": 4, "市区町村コード": 101, "所在地": "宮城県仙台市青葉区国分町２丁目２－５ー１階", "緯度": 38.262375, "経度": 140.869263, "url": "https://www.iryou.teikyouseido.mhlw.go.jp/znk-web/juminkanja/S2430/initialize?prefCd=04&kikanCd=715078&kikanKbn=3", "url2": "http://www.nishimura-ortho.com", "内容": "医療法人一期一会　西村矯正歯科クリニック【3:歯科】宮城県仙台市青葉区国分町２丁目２－５ー１階" }, "geometry": { "type": "Point", "coordinates": [ 140.869263, 38.262375 ] } },
{ "type": "Feature", "properties": { "ID": 43715080, "正式名称": "みなみ歯科クリニック", "機関区分": 3, "都道府県コード": 4, "市区町村コード": 101, "所在地": "宮城県仙台市青葉区中山７丁目２－３１", "緯度": 38.29567, "経度": 140.83667, "url": "https://www.iryou.teikyouseido.mhlw.go.jp/znk-web/juminkanja/S2430/initialize?prefCd=04&kikanCd=715080&kikanKbn=3", "url2": null, "内容": "みなみ歯科クリニック【3:歯科】宮城県仙台市青葉区中山７丁目２－３１" }, "geometry": { "type": "Point", "coordinates": [ 140.83667, 38.29567 ] } },
{ "type": "Feature", "properties": { "ID": 43715081, "正式名称": "あべ歯科", "機関区分": 3, "都道府県コード": 4, "市区町村コード": 105, "所在地": "宮城県仙台市泉区南光台南３丁目２９－９", "緯度": 38.293758, "経度": 140.90332, "url": "https://www.iryou.teikyouseido.mhlw.go.jp/znk-web/juminkanja/S2430/initialize?prefCd=04&kikanCd=715081&kikanKbn=3", "url2": null, "内容": "あべ歯科【3:歯科】宮城県仙台市泉区南光台南３丁目２９－９" }, "geometry": { "type": "Point", "coordinates": [ 140.90332, 38.293758 ] } },
{ "type": "Feature", "properties": { "ID": 43715082, "正式名称": "すぎやま歯科クリニック", "機関区分": 3, "都道府県コード": 4, "市区町村コード": 103, "所在地": "宮城県仙台市若林区中倉２－１－１４", "緯度": 38.243195, "経度": 140.913818, "url": "https://www.iryou.teikyouseido.mhlw.go.jp/znk-web/juminkanja/S2430/initialize?prefCd=04&kikanCd=715082&kikanKbn=3", "url2": "http://www.sugiyama-dc.info", "内容": "すぎやま歯科クリニック【3:歯科】宮城県仙台市若林区中倉２－１－１４" }, "geometry": { "type": "Point", "coordinates": [ 140.913818, 38.243195 ] } },
{ "type": "Feature", "properties": { "ID": 43715083, "正式名称": "ことぶき歯科", "機関区分": 3, "都道府県コード": 4, "市区町村コード": 202, "所在地": "宮城県石巻市わかば３丁目１２－１０", "緯度": 38.456253, "経度": 141.278076, "url": "https://www.iryou.teikyouseido.mhlw.go.jp/znk-web/juminkanja/S2430/initialize?prefCd=04&kikanCd=715083&kikanKbn=3", "url2": null, "内容": "ことぶき歯科【3:歯科】宮城県石巻市わかば３丁目１２－１０" }, "geometry": { "type": "Point", "coordinates": [ 141.278076, 38.456253 ] } },
{ "type": "Feature", "properties": { "ID": 43715084, "正式名称": "北仙台山口デンタルクリニック", "機関区分": 3, "都道府県コード": 4, "市区町村コード": 101, "所在地": "宮城県仙台市青葉区昭和町５−５０", "緯度": 38.280579, "経度": 140.869095, "url": "https://www.iryou.teikyouseido.mhlw.go.jp/znk-web/juminkanja/S2430/initialize?prefCd=04&kikanCd=715084&kikanKbn=3", "url2": "http://kitasendai-dc.com/", "内容": "北仙台山口デンタルクリニック【3:歯科】宮城県仙台市青葉区昭和町５−５０" }, "geometry": { "type": "Point", "coordinates": [ 140.869095, 38.280579 ] } },
{ "type": "Feature", "properties": { "ID": 43715085, "正式名称": "ヤブキデンタルオフィス", "機関区分": 3, "都道府県コード": 4, "市区町村コード": 101, "所在地": "宮城県仙台市青葉区栗生６丁目１１－５アロッジオＳ１階", "緯度": 38.268394, "経度": 140.781967, "url": "https://www.iryou.teikyouseido.mhlw.go.jp/znk-web/juminkanja/S2430/initialize?prefCd=04&kikanCd=715085&kikanKbn=3", "url2": "http://www.yabuki-dental.com", "内容": "ヤブキデンタルオフィス【3:歯科】宮城県仙台市青葉区栗生６丁目１１－５アロッジオＳ１階" }, "geometry": { "type": "Point", "coordinates": [ 140.781967, 38.268394 ] } },
{ "type": "Feature", "properties": { "ID": 43715086, "正式名称": "医療法人社団敬潤会　国際デンタルクリニック仙台インプラント＆矯正", "機関区分": 3, "都道府県コード": 4, "市区町村コード": 101, "所在地": "宮城県仙台市青葉区中央１丁目３－１　ＡＥＲ１６Ｆ", "緯度": 38.2625085, "経度": 140.8815304, "url": "https://www.iryou.teikyouseido.mhlw.go.jp/znk-web/juminkanja/S2430/initialize?prefCd=04&kikanCd=715086&kikanKbn=3", "url2": "http://sendai.dent-ida.co.jp", "内容": "医療法人社団敬潤会　国際デンタルクリニック仙台インプラント＆矯正【3:歯科】宮城県仙台市青葉区中央１丁目３－１　ＡＥＲ１６Ｆ" }, "geometry": { "type": "Point", "coordinates": [ 140.8815304, 38.2625085 ] } },
{ "type": "Feature", "properties": { "ID": 43715087, "正式名称": "杜の都中央歯科クリニック", "機関区分": 3, "都道府県コード": 4, "市区町村コード": 101, "所在地": "宮城県仙台市青葉区木町通１丁目６－３２　晩翠ウイングビル２０１", "緯度": 38.269409, "経度": 140.865021, "url": "https://www.iryou.teikyouseido.mhlw.go.jp/znk-web/juminkanja/S2430/initialize?prefCd=04&kikanCd=715087&kikanKbn=3", "url2": "http://www.mori-cdc.com/", "内容": "杜の都中央歯科クリニック【3:歯科】宮城県仙台市青葉区木町通１丁目６－３２　晩翠ウイングビル２０１" }, "geometry": { "type": "Point", "coordinates": [ 140.865021, 38.269409 ] } },
{ "type": "Feature", "properties": { "ID": 43715088, "正式名称": "武田歯科医院", "機関区分": 3, "都道府県コード": 4, "市区町村コード": 501, "所在地": "宮城県遠田郡涌谷町立町２１", "緯度": 38.542744, "経度": 141.128342, "url": "https://www.iryou.teikyouseido.mhlw.go.jp/znk-web/juminkanja/S2430/initialize?prefCd=04&kikanCd=715088&kikanKbn=3", "url2": null, "内容": "武田歯科医院【3:歯科】宮城県遠田郡涌谷町立町２１" }, "geometry": { "type": "Point", "coordinates": [ 141.128342, 38.542744 ] } },
{ "type": "Feature", "properties": { "ID": 43715091, "正式名称": "医療法人かぜの会　ＡＢＥデンタルオフィス", "機関区分": 3, "都道府県コード": 4, "市区町村コード": 401, "所在地": "宮城県宮城郡松島町高城字町１５１－４", "緯度": 38.383282, "経度": 141.070618, "url": "https://www.iryou.teikyouseido.mhlw.go.jp/znk-web/juminkanja/S2430/initialize?prefCd=04&kikanCd=715091&kikanKbn=3", "url2": "http://www.abe-dental.sakura.ne.jp/", "内容": "医療法人かぜの会　ＡＢＥデンタルオフィス【3:歯科】宮城県宮城郡松島町高城字町１５１－４" }, "geometry": { "type": "Point", "coordinates": [ 141.070618, 38.383282 ] } },
{ "type": "Feature", "properties": { "ID": 43715092, "正式名称": "医療法人社団　はやしデンタルクリニック", "機関区分": 3, "都道府県コード": 4, "市区町村コード": 209, "所在地": "宮城県多賀城市高崎２丁目１５－６", "緯度": 38.296665, "経度": 140.995697, "url": "https://www.iryou.teikyouseido.mhlw.go.jp/znk-web/juminkanja/S2430/initialize?prefCd=04&kikanCd=715092&kikanKbn=3", "url2": "http://hayashidental.info", "内容": "医療法人社団　はやしデンタルクリニック【3:歯科】宮城県多賀城市高崎２丁目１５－６" }, "geometry": { "type": "Point", "coordinates": [ 140.995697, 38.296665 ] } },
{ "type": "Feature", "properties": { "ID": 43715093, "正式名称": "医療法人社団巧望会　あいおい歯科イオンモール名取医院", "機関区分": 3, "都道府県コード": 4, "市区町村コード": 207, "所在地": "宮城県名取市杜せきのした５丁目３－１　イオンモール名取　１階", "緯度": 38.163727, "経度": 140.895813, "url": "https://www.iryou.teikyouseido.mhlw.go.jp/znk-web/juminkanja/S2430/initialize?prefCd=04&kikanCd=715093&kikanKbn=3", "url2": "https://www.aioi-natori.com/", "内容": "医療法人社団巧望会　あいおい歯科イオンモール名取医院【3:歯科】宮城県名取市杜せきのした５丁目３－１　イオンモール名取　１階" }, "geometry": { "type": "Point", "coordinates": [ 140.895813, 38.163727 ] } },
{ "type": "Feature", "properties": { "ID": 43715094, "正式名称": "おぎはら歯科医院", "機関区分": 3, "都道府県コード": 4, "市区町村コード": 207, "所在地": "宮城県名取市堀内字南１７８－６", "緯度": 38.110287, "経度": 140.877869, "url": "https://www.iryou.teikyouseido.mhlw.go.jp/znk-web/juminkanja/S2430/initialize?prefCd=04&kikanCd=715094&kikanKbn=3", "url2": "http://www.ogihara-dc.com", "内容": "おぎはら歯科医院【3:歯科】宮城県名取市堀内字南１７８－６" }, "geometry": { "type": "Point", "coordinates": [ 140.877869, 38.110287 ] } },
{ "type": "Feature", "properties": { "ID": 43715095, "正式名称": "いわぬま矯正歯科クリニック", "機関区分": 3, "都道府県コード": 4, "市区町村コード": 211, "所在地": "宮城県岩沼市中央１－５－１－２１　１Ｆ", "緯度": 38.10725, "経度": 140.866653, "url": "https://www.iryou.teikyouseido.mhlw.go.jp/znk-web/juminkanja/S2430/initialize?prefCd=04&kikanCd=715095&kikanKbn=3", "url2": "http://www.iwanuma-ortho.com", "内容": "いわぬま矯正歯科クリニック【3:歯科】宮城県岩沼市中央１－５－１－２１　１Ｆ" }, "geometry": { "type": "Point", "coordinates": [ 140.866653, 38.10725 ] } },
{ "type": "Feature", "properties": { "ID": 43715096, "正式名称": "いわぬま駅前歯科医院", "機関区分": 3, "都道府県コード": 4, "市区町村コード": 211, "所在地": "宮城県岩沼市館下１丁目５－２０", "緯度": 38.111927, "経度": 140.86499, "url": "https://www.iryou.teikyouseido.mhlw.go.jp/znk-web/juminkanja/S2430/initialize?prefCd=04&kikanCd=715096&kikanKbn=3", "url2": "http://iwanuma-dc.cihp.jp/", "内容": "いわぬま駅前歯科医院【3:歯科】宮城県岩沼市館下１丁目５－２０" }, "geometry": { "type": "Point", "coordinates": [ 140.86499, 38.111927 ] } },
{ "type": "Feature", "properties": { "ID": 43715097, "正式名称": "うねおか歯科クリニック", "機関区分": 3, "都道府県コード": 4, "市区町村コード": 102, "所在地": "宮城県仙台市宮城野区東仙台２丁目１８－５６", "緯度": 38.278313, "経度": 140.917603, "url": "https://www.iryou.teikyouseido.mhlw.go.jp/znk-web/juminkanja/S2430/initialize?prefCd=04&kikanCd=715097&kikanKbn=3", "url2": "https://www.uneoka-dental.com/", "内容": "うねおか歯科クリニック【3:歯科】宮城県仙台市宮城野区東仙台２丁目１８－５６" }, "geometry": { "type": "Point", "coordinates": [ 140.917603, 38.278313 ] } },
{ "type": "Feature", "properties": { "ID": 43715099, "正式名称": "医療法人鳳珠会　みちのく政宗デンタルクリニック古川診療所", "機関区分": 3, "都道府県コード": 4, "市区町村コード": 215, "所在地": "宮城県大崎市古川沢田字筒場浦８２　イオンタウン古川ショッピンクセンター内", "緯度": 38.59905, "経度": 140.974077, "url": "https://www.iryou.teikyouseido.mhlw.go.jp/znk-web/juminkanja/S2430/initialize?prefCd=04&kikanCd=715099&kikanKbn=3", "url2": "http://www.michinoku-masamune-furukawa.com", "内容": "医療法人鳳珠会　みちのく政宗デンタルクリニック古川診療所【3:歯科】宮城県大崎市古川沢田字筒場浦８２　イオンタウン古川ショッピンクセンター内" }, "geometry": { "type": "Point", "coordinates": [ 140.974077, 38.59905 ] } },
{ "type": "Feature", "properties": { "ID": 43715100, "正式名称": "長町のりこ歯科", "機関区分": 3, "都道府県コード": 4, "市区町村コード": 104, "所在地": "宮城県仙台市太白区あすと長町１丁目３－１　ＳＨＩＰ仙台ビル２Ｆ", "緯度": 38.23053, "経度": 140.88916, "url": "https://www.iryou.teikyouseido.mhlw.go.jp/znk-web/juminkanja/S2430/initialize?prefCd=04&kikanCd=715100&kikanKbn=3", "url2": "http://www.64808020.com/", "内容": "長町のりこ歯科【3:歯科】宮城県仙台市太白区あすと長町１丁目３－１　ＳＨＩＰ仙台ビル２Ｆ" }, "geometry": { "type": "Point", "coordinates": [ 140.88916, 38.23053 ] } },
{ "type": "Feature", "properties": { "ID": 43715101, "正式名称": "駅東すみ子歯科", "機関区分": 3, "都道府県コード": 4, "市区町村コード": 215, "所在地": "宮城県大崎市鹿島台平渡字銭神４番地１０", "緯度": 38.475414, "経度": 141.098709, "url": "https://www.iryou.teikyouseido.mhlw.go.jp/znk-web/juminkanja/S2430/initialize?prefCd=04&kikanCd=715101&kikanKbn=3", "url2": null, "内容": "駅東すみ子歯科【3:歯科】宮城県大崎市鹿島台平渡字銭神４番地１０" }, "geometry": { "type": "Point", "coordinates": [ 141.098709, 38.475414 ] } },
{ "type": "Feature", "properties": { "ID": 43715103, "正式名称": "ふわふわキッズ歯科", "機関区分": 3, "都道府県コード": 4, "市区町村コード": 103, "所在地": "宮城県仙台市若林区伊在３ー１０ー５ー１０１", "緯度": 38.246091, "経度": 140.942535, "url": "https://www.iryou.teikyouseido.mhlw.go.jp/znk-web/juminkanja/S2430/initialize?prefCd=04&kikanCd=715103&kikanKbn=3", "url2": "https://fuwafuwakidsdental-sendai.com/", "内容": "ふわふわキッズ歯科【3:歯科】宮城県仙台市若林区伊在３ー１０ー５ー１０１" }, "geometry": { "type": "Point", "coordinates": [ 140.942535, 38.246091 ] } },
{ "type": "Feature", "properties": { "ID": 43715104, "正式名称": "はなももデンタルクリニック", "機関区分": 3, "都道府県コード": 4, "市区町村コード": 104, "所在地": "宮城県仙台市太白区大野田５丁目３０－６　イオンタウン仙台富沢", "緯度": 38.215492, "経度": 140.87209, "url": "https://www.iryou.teikyouseido.mhlw.go.jp/znk-web/juminkanja/S2430/initialize?prefCd=04&kikanCd=715104&kikanKbn=3", "url2": "http://www.hanamomo-dc.net", "内容": "はなももデンタルクリニック【3:歯科】宮城県仙台市太白区大野田５丁目３０－６　イオンタウン仙台富沢" }, "geometry": { "type": "Point", "coordinates": [ 140.87209, 38.215492 ] } },
{ "type": "Feature", "properties": { "ID": 43715105, "正式名称": "医療法人　新瑛会　仙台ファースト歯科", "機関区分": 3, "都道府県コード": 4, "市区町村コード": 102, "所在地": "宮城県仙台市宮城野区二十人町３０６－１７　オリエントエスペランサ１階", "緯度": 38.263233, "経度": 140.89212, "url": "https://www.iryou.teikyouseido.mhlw.go.jp/znk-web/juminkanja/S2430/initialize?prefCd=04&kikanCd=715105&kikanKbn=3", "url2": "http://www.sendai-first-dc.com", "内容": "医療法人　新瑛会　仙台ファースト歯科【3:歯科】宮城県仙台市宮城野区二十人町３０６－１７　オリエントエスペランサ１階" }, "geometry": { "type": "Point", "coordinates": [ 140.89212, 38.263233 ] } },
{ "type": "Feature", "properties": { "ID": 43715106, "正式名称": "榴ヶ岡駅前歯科医院", "機関区分": 3, "都道府県コード": 4, "市区町村コード": 102, "所在地": "宮城県仙台市宮城野区榴岡５丁目１２－３６", "緯度": 38.259018, "経度": 140.894211, "url": "https://www.iryou.teikyouseido.mhlw.go.jp/znk-web/juminkanja/S2430/initialize?prefCd=04&kikanCd=715106&kikanKbn=3", "url2": "http://anjinkai.com/about_tsutsuji/", "内容": "榴ヶ岡駅前歯科医院【3:歯科】宮城県仙台市宮城野区榴岡５丁目１２－３６" }, "geometry": { "type": "Point", "coordinates": [ 140.894211, 38.259018 ] } },
{ "type": "Feature", "properties": { "ID": 43715107, "正式名称": "ノーブルデンタルクリニック仙台", "機関区分": 3, "都道府県コード": 4, "市区町村コード": 102, "所在地": "宮城県仙台市宮城野区榴岡", "緯度": 38.259098, "経度": 140.888016, "url": "https://www.iryou.teikyouseido.mhlw.go.jp/znk-web/juminkanja/S2430/initialize?prefCd=04&kikanCd=715107&kikanKbn=3", "url2": "http://www.noble-dent.jp/", "内容": "ノーブルデンタルクリニック仙台【3:歯科】宮城県仙台市宮城野区榴岡" }, "geometry": { "type": "Point", "coordinates": [ 140.888016, 38.259098 ] } },
{ "type": "Feature", "properties": { "ID": 43715108, "正式名称": "たいら歯科医院", "機関区分": 3, "都道府県コード": 4, "市区町村コード": 101, "所在地": "宮城県仙台市青葉区中江２丁目１－２　２Ｆ", "緯度": 38.273552, "経度": 140.889893, "url": "https://www.iryou.teikyouseido.mhlw.go.jp/znk-web/juminkanja/S2430/initialize?prefCd=04&kikanCd=715108&kikanKbn=3", "url2": null, "内容": "たいら歯科医院【3:歯科】宮城県仙台市青葉区中江２丁目１－２　２Ｆ" }, "geometry": { "type": "Point", "coordinates": [ 140.889893, 38.273552 ] } },
{ "type": "Feature", "properties": { "ID": 43715109, "正式名称": "内海歯科", "機関区分": 3, "都道府県コード": 4, "市区町村コード": 202, "所在地": "宮城県石巻市水明北１丁目１－１", "緯度": 38.442017, "経度": 141.315796, "url": "https://www.iryou.teikyouseido.mhlw.go.jp/znk-web/juminkanja/S2430/initialize?prefCd=04&kikanCd=715109&kikanKbn=3", "url2": null, "内容": "内海歯科【3:歯科】宮城県石巻市水明北１丁目１－１" }, "geometry": { "type": "Point", "coordinates": [ 141.315796, 38.442017 ] } },
{ "type": "Feature", "properties": { "ID": 43715110, "正式名称": "まつむら歯科クリニック", "機関区分": 3, "都道府県コード": 4, "市区町村コード": 215, "所在地": "宮城県大崎市古川字竹ノ内２４３－２", "緯度": 38.574455, "経度": 140.944412, "url": "https://www.iryou.teikyouseido.mhlw.go.jp/znk-web/juminkanja/S2430/initialize?prefCd=04&kikanCd=715110&kikanKbn=3", "url2": "http://matsumura-dental-clinic.com", "内容": "まつむら歯科クリニック【3:歯科】宮城県大崎市古川字竹ノ内２４３－２" }, "geometry": { "type": "Point", "coordinates": [ 140.944412, 38.574455 ] } },
{ "type": "Feature", "properties": { "ID": 43715112, "正式名称": "すずめ歯科", "機関区分": 3, "都道府県コード": 4, "市区町村コード": 104, "所在地": "宮城県仙台市太白区八木山本町１丁目１３−６　動物公園前医療モール２階", "緯度": 38.244286, "経度": 140.846649, "url": "https://www.iryou.teikyouseido.mhlw.go.jp/znk-web/juminkanja/S2430/initialize?prefCd=04&kikanCd=715112&kikanKbn=3", "url2": "https://www.suzumeshika.com/", "内容": "すずめ歯科【3:歯科】宮城県仙台市太白区八木山本町１丁目１３−６　動物公園前医療モール２階" }, "geometry": { "type": "Point", "coordinates": [ 140.846649, 38.244286 ] } },
{ "type": "Feature", "properties": { "ID": 43715113, "正式名称": "佐藤まごころ歯科", "機関区分": 3, "都道府県コード": 4, "市区町村コード": 103, "所在地": "宮城県仙台市若林区荒井６－１２－２　ヤマカビル１階", "緯度": 38.244577, "経度": 140.94752, "url": "https://www.iryou.teikyouseido.mhlw.go.jp/znk-web/juminkanja/S2430/initialize?prefCd=04&kikanCd=715113&kikanKbn=3", "url2": "https://sato-magokoro-shika.jp", "内容": "佐藤まごころ歯科【3:歯科】宮城県仙台市若林区荒井６－１２－２　ヤマカビル１階" }, "geometry": { "type": "Point", "coordinates": [ 140.94752, 38.244577 ] } },
{ "type": "Feature", "properties": { "ID": 43715114, "正式名称": "医療法人徳真会　あすと長町デンタルクリニック", "機関区分": 3, "都道府県コード": 4, "市区町村コード": 104, "所在地": "宮城県仙台市太白区あすと長町１丁目６－３７", "緯度": 38.226589, "経度": 140.887009, "url": "https://www.iryou.teikyouseido.mhlw.go.jp/znk-web/juminkanja/S2430/initialize?prefCd=04&kikanCd=715114&kikanKbn=3", "url2": "http://www.tokushinkai.or.jp", "内容": "医療法人徳真会　あすと長町デンタルクリニック【3:歯科】宮城県仙台市太白区あすと長町１丁目６－３７" }, "geometry": { "type": "Point", "coordinates": [ 140.887009, 38.226589 ] } },
{ "type": "Feature", "properties": { "ID": 43715115, "正式名称": "舘歯科医院", "機関区分": 3, "都道府県コード": 4, "市区町村コード": 101, "所在地": "宮城県仙台市青葉区川平", "緯度": 38.299309, "経度": 140.844971, "url": "https://www.iryou.teikyouseido.mhlw.go.jp/znk-web/juminkanja/S2430/initialize?prefCd=04&kikanCd=715115&kikanKbn=3", "url2": "http://www.tate-dental-office.com", "内容": "舘歯科医院【3:歯科】宮城県仙台市青葉区川平" }, "geometry": { "type": "Point", "coordinates": [ 140.844971, 38.299309 ] } },
{ "type": "Feature", "properties": { "ID": 43715116, "正式名称": "ＢＩＧ　ＤＥＮＴＡＬ　ＯＦＦＩＣＥ", "機関区分": 3, "都道府県コード": 4, "市区町村コード": 102, "所在地": "宮城県仙台市宮城野区福室２丁目６－３５　ザビッグエクスプレス陸前高砂駅前店", "緯度": 38.273052, "経度": 140.967331, "url": "https://www.iryou.teikyouseido.mhlw.go.jp/znk-web/juminkanja/S2430/initialize?prefCd=04&kikanCd=715116&kikanKbn=3", "url2": "https://www.big-dental-office.com", "内容": "ＢＩＧ　ＤＥＮＴＡＬ　ＯＦＦＩＣＥ【3:歯科】宮城県仙台市宮城野区福室２丁目６－３５　ザビッグエクスプレス陸前高砂駅前店" }, "geometry": { "type": "Point", "coordinates": [ 140.967331, 38.273052 ] } },
{ "type": "Feature", "properties": { "ID": 43715117, "正式名称": "勾当台公園歯科", "機関区分": 3, "都道府県コード": 4, "市区町村コード": 101, "所在地": "宮城県仙台市青葉区二日町２－６　丸山ビル２Ｆ", "緯度": 38.268597, "経度": 140.868637, "url": "https://www.iryou.teikyouseido.mhlw.go.jp/znk-web/juminkanja/S2430/initialize?prefCd=04&kikanCd=715117&kikanKbn=3", "url2": "http://www.kotodai.com", "内容": "勾当台公園歯科【3:歯科】宮城県仙台市青葉区二日町２－６　丸山ビル２Ｆ" }, "geometry": { "type": "Point", "coordinates": [ 140.868637, 38.268597 ] } },
{ "type": "Feature", "properties": { "ID": 43715118, "正式名称": "医療法人　明徳会　青葉西デンタルクリニック", "機関区分": 3, "都道府県コード": 4, "市区町村コード": 101, "所在地": "宮城県仙台市青葉区錦ケ丘１丁目１－２", "緯度": 38.264969, "経度": 140.761917, "url": "https://www.iryou.teikyouseido.mhlw.go.jp/znk-web/juminkanja/S2430/initialize?prefCd=04&kikanCd=715118&kikanKbn=3", "url2": "http://www.tokushinkai.or.jp", "内容": "医療法人　明徳会　青葉西デンタルクリニック【3:歯科】宮城県仙台市青葉区錦ケ丘１丁目１－２" }, "geometry": { "type": "Point", "coordinates": [ 140.761917, 38.264969 ] } },
{ "type": "Feature", "properties": { "ID": 43715119, "正式名称": "みどり台ファミリー歯科", "機関区分": 3, "都道府県コード": 4, "市区町村コード": 207, "所在地": "宮城県名取市みどり台２－３－６", "緯度": 38.19902, "経度": 140.834366, "url": "https://www.iryou.teikyouseido.mhlw.go.jp/znk-web/juminkanja/S2430/initialize?prefCd=04&kikanCd=715119&kikanKbn=3", "url2": "http://www.midoridai-dental.com", "内容": "みどり台ファミリー歯科【3:歯科】宮城県名取市みどり台２－３－６" }, "geometry": { "type": "Point", "coordinates": [ 140.834366, 38.19902 ] } },
{ "type": "Feature", "properties": { "ID": 43715120, "正式名称": "たまうらデンタルクリニック", "機関区分": 3, "都道府県コード": 4, "市区町村コード": 211, "所在地": "宮城県岩沼市恵み野１丁目２－１", "緯度": 38.106728, "経度": 140.902359, "url": "https://www.iryou.teikyouseido.mhlw.go.jp/znk-web/juminkanja/S2430/initialize?prefCd=04&kikanCd=715120&kikanKbn=3", "url2": "http://tamaura-dc.com/", "内容": "たまうらデンタルクリニック【3:歯科】宮城県岩沼市恵み野１丁目２－１" }, "geometry": { "type": "Point", "coordinates": [ 140.902359, 38.106728 ] } },
{ "type": "Feature", "properties": { "ID": 43715121, "正式名称": "医療法人青葉会　とみざわ駅前歯科", "機関区分": 3, "都道府県コード": 4, "市区町村コード": 104, "所在地": "宮城県仙台市太白区大野田４丁目２０－１５", "緯度": 38.213161, "経度": 140.872574, "url": "https://www.iryou.teikyouseido.mhlw.go.jp/znk-web/juminkanja/S2430/initialize?prefCd=04&kikanCd=715121&kikanKbn=3", "url2": "https://tomizawa-ekimae.com", "内容": "医療法人青葉会　とみざわ駅前歯科【3:歯科】宮城県仙台市太白区大野田４丁目２０－１５" }, "geometry": { "type": "Point", "coordinates": [ 140.872574, 38.213161 ] } },
{ "type": "Feature", "properties": { "ID": 43715122, "正式名称": "しらさき歯科クリニック", "機関区分": 3, "都道府県コード": 4, "市区町村コード": 104, "所在地": "宮城県仙台市太白区中田町字東５７－１", "緯度": 38.190609, "経度": 140.902802, "url": "https://www.iryou.teikyouseido.mhlw.go.jp/znk-web/juminkanja/S2430/initialize?prefCd=04&kikanCd=715122&kikanKbn=3", "url2": null, "内容": "しらさき歯科クリニック【3:歯科】宮城県仙台市太白区中田町字東５７－１" }, "geometry": { "type": "Point", "coordinates": [ 140.902802, 38.190609 ] } },
{ "type": "Feature", "properties": { "ID": 43715123, "正式名称": "せせらぎ歯科クリニック", "機関区分": 3, "都道府県コード": 4, "市区町村コード": 104, "所在地": "宮城県仙台市太白区西の平２丁目３９－４７", "緯度": 38.230453, "経度": 140.855484, "url": "https://www.iryou.teikyouseido.mhlw.go.jp/znk-web/juminkanja/S2430/initialize?prefCd=04&kikanCd=715123&kikanKbn=3", "url2": "http://sese-den.jp", "内容": "せせらぎ歯科クリニック【3:歯科】宮城県仙台市太白区西の平２丁目３９－４７" }, "geometry": { "type": "Point", "coordinates": [ 140.855484, 38.230453 ] } },
{ "type": "Feature", "properties": { "ID": 43715124, "正式名称": "デンタルクリニックこばやし", "機関区分": 3, "都道府県コード": 4, "市区町村コード": 105, "所在地": "宮城県仙台市泉区松森字陣ヶ原１１－２６　アクロスプラザ南光台東", "緯度": 38.3018, "経度": 140.91246, "url": "https://www.iryou.teikyouseido.mhlw.go.jp/znk-web/juminkanja/S2430/initialize?prefCd=04&kikanCd=715124&kikanKbn=3", "url2": "http://dent-kk.com/", "内容": "デンタルクリニックこばやし【3:歯科】宮城県仙台市泉区松森字陣ヶ原１１－２６　アクロスプラザ南光台東" }, "geometry": { "type": "Point", "coordinates": [ 140.91246, 38.3018 ] } },
{ "type": "Feature", "properties": { "ID": 43715125, "正式名称": "一般社団法人　Ｅｎｒｉｃｈｉｎｇ　Ｌｉｆｅ　Ｐａｒｔｎｅｒｓ　大久保歯科", "機関区分": 3, "都道府県コード": 4, "市区町村コード": 105, "所在地": "宮城県仙台市泉区高森６−８−４", "緯度": 38.344891, "経度": 140.850037, "url": "https://www.iryou.teikyouseido.mhlw.go.jp/znk-web/juminkanja/S2430/initialize?prefCd=04&kikanCd=715125&kikanKbn=3", "url2": "http://okubo-shika.jp", "内容": "一般社団法人　Ｅｎｒｉｃｈｉｎｇ　Ｌｉｆｅ　Ｐａｒｔｎｅｒｓ　大久保歯科【3:歯科】宮城県仙台市泉区高森６−８−４" }, "geometry": { "type": "Point", "coordinates": [ 140.850037, 38.344891 ] } },
{ "type": "Feature", "properties": { "ID": 43715126, "正式名称": "仙台ＨＡＰＰＹ　ＤＥＮＴＡＬ", "機関区分": 3, "都道府県コード": 4, "市区町村コード": 102, "所在地": "宮城県仙台市宮城野区二十人町３０７－４", "緯度": 38.262097, "経度": 140.891341, "url": "https://www.iryou.teikyouseido.mhlw.go.jp/znk-web/juminkanja/S2430/initialize?prefCd=04&kikanCd=715126&kikanKbn=3", "url2": null, "内容": "仙台ＨＡＰＰＹ　ＤＥＮＴＡＬ【3:歯科】宮城県仙台市宮城野区二十人町３０７－４" }, "geometry": { "type": "Point", "coordinates": [ 140.891341, 38.262097 ] } },
{ "type": "Feature", "properties": { "ID": 43715128, "正式名称": "悠の杜歯科診療所", "機関区分": 3, "都道府県コード": 4, "市区町村コード": 101, "所在地": "宮城県仙台市青葉区上杉２－４－２１リバーシティ上杉１０２", "緯度": 38.274246, "経度": 140.868698, "url": "https://www.iryou.teikyouseido.mhlw.go.jp/znk-web/juminkanja/S2430/initialize?prefCd=04&kikanCd=715128&kikanKbn=3", "url2": "http://www17.plala.or.jp/y2d/", "内容": "悠の杜歯科診療所【3:歯科】宮城県仙台市青葉区上杉２－４－２１リバーシティ上杉１０２" }, "geometry": { "type": "Point", "coordinates": [ 140.868698, 38.274246 ] } },
{ "type": "Feature", "properties": { "ID": 43715129, "正式名称": "ラニ　デンタルオフィス", "機関区分": 3, "都道府県コード": 4, "市区町村コード": 209, "所在地": "宮城県多賀城市中央２丁目１３－１１", "緯度": 38.293819, "経度": 141.0065, "url": "https://www.iryou.teikyouseido.mhlw.go.jp/znk-web/juminkanja/S2430/initialize?prefCd=04&kikanCd=715129&kikanKbn=3", "url2": "http://www.suzuki-dc.com", "内容": "ラニ　デンタルオフィス【3:歯科】宮城県多賀城市中央２丁目１３－１１" }, "geometry": { "type": "Point", "coordinates": [ 141.0065, 38.293819 ] } },
{ "type": "Feature", "properties": { "ID": 43715131, "正式名称": "遠藤歯科クリニック", "機関区分": 3, "都道府県コード": 4, "市区町村コード": 215, "所在地": "宮城県大崎市古川中島町１－２８", "緯度": 38.565609, "経度": 140.956356, "url": "https://www.iryou.teikyouseido.mhlw.go.jp/znk-web/juminkanja/S2430/initialize?prefCd=04&kikanCd=715131&kikanKbn=3", "url2": "http://endo-shika-clinic.com", "内容": "遠藤歯科クリニック【3:歯科】宮城県大崎市古川中島町１－２８" }, "geometry": { "type": "Point", "coordinates": [ 140.956356, 38.565609 ] } },
{ "type": "Feature", "properties": { "ID": 43715132, "正式名称": "仙台十七歯科医院", "機関区分": 3, "都道府県コード": 4, "市区町村コード": 103, "所在地": "宮城県仙台市若林区なないろの里３丁目５－６", "緯度": 38.238899, "経度": 140.933296, "url": "https://www.iryou.teikyouseido.mhlw.go.jp/znk-web/juminkanja/S2430/initialize?prefCd=04&kikanCd=715132&kikanKbn=3", "url2": "http://www.sendai17.com", "内容": "仙台十七歯科医院【3:歯科】宮城県仙台市若林区なないろの里３丁目５－６" }, "geometry": { "type": "Point", "coordinates": [ 140.933296, 38.238899 ] } },
{ "type": "Feature", "properties": { "ID": 43715133, "正式名称": "なかじょう矯正歯科クリニック", "機関区分": 3, "都道府県コード": 4, "市区町村コード": 101, "所在地": "宮城県仙台市青葉区落合５丁目１５－４１", "緯度": 38.272767, "経度": 140.788405, "url": "https://www.iryou.teikyouseido.mhlw.go.jp/znk-web/juminkanja/S2430/initialize?prefCd=04&kikanCd=715133&kikanKbn=3", "url2": "https://www.nakajo-ortho.com/", "内容": "なかじょう矯正歯科クリニック【3:歯科】宮城県仙台市青葉区落合５丁目１５－４１" }, "geometry": { "type": "Point", "coordinates": [ 140.788405, 38.272767 ] } },
{ "type": "Feature", "properties": { "ID": 43715134, "正式名称": "ごとう歯科", "機関区分": 3, "都道府県コード": 4, "市区町村コード": 101, "所在地": "宮城県仙台市青葉区五橋１丁目７－１５　ピースビル五橋１Ｆ", "緯度": 38.25301, "経度": 140.879578, "url": "https://www.iryou.teikyouseido.mhlw.go.jp/znk-web/juminkanja/S2430/initialize?prefCd=04&kikanCd=715134&kikanKbn=3", "url2": null, "内容": "ごとう歯科【3:歯科】宮城県仙台市青葉区五橋１丁目７－１５　ピースビル五橋１Ｆ" }, "geometry": { "type": "Point", "coordinates": [ 140.879578, 38.25301 ] } },
{ "type": "Feature", "properties": { "ID": 43715135, "正式名称": "あっぷる歯科ユア　クリニック", "機関区分": 3, "都道府県コード": 4, "市区町村コード": 505, "所在地": "宮城県遠田郡美里町牛飼字八反８６－１", "緯度": 38.552165, "経度": 141.055085, "url": "https://www.iryou.teikyouseido.mhlw.go.jp/znk-web/juminkanja/S2430/initialize?prefCd=04&kikanCd=715135&kikanKbn=3", "url2": "http://www.seepa.jp/u/appledentalyourclinic-misato/", "内容": "あっぷる歯科ユア　クリニック【3:歯科】宮城県遠田郡美里町牛飼字八反８６－１" }, "geometry": { "type": "Point", "coordinates": [ 141.055085, 38.552165 ] } },
{ "type": "Feature", "properties": { "ID": 43715136, "正式名称": "吉岡ホワイト歯科", "機関区分": 3, "都道府県コード": 4, "市区町村コード": 421, "所在地": "宮城県黒川郡大和町吉岡まほろば１丁目６－２", "緯度": 38.437083, "経度": 140.882386, "url": "https://www.iryou.teikyouseido.mhlw.go.jp/znk-web/juminkanja/S2430/initialize?prefCd=04&kikanCd=715136&kikanKbn=3", "url2": "http://yoshioka-white-dental.com/", "内容": "吉岡ホワイト歯科【3:歯科】宮城県黒川郡大和町吉岡まほろば１丁目６－２" }, "geometry": { "type": "Point", "coordinates": [ 140.882386, 38.437083 ] } },
{ "type": "Feature", "properties": { "ID": 43715137, "正式名称": "多賀城ひまわり歯科医院", "機関区分": 3, "都道府県コード": 4, "市区町村コード": 209, "所在地": "宮城県多賀城市留ケ谷１－１８－３４", "緯度": 38.299967, "経度": 141.005795, "url": "https://www.iryou.teikyouseido.mhlw.go.jp/znk-web/juminkanja/S2430/initialize?prefCd=04&kikanCd=715137&kikanKbn=3", "url2": null, "内容": "多賀城ひまわり歯科医院【3:歯科】宮城県多賀城市留ケ谷１－１８－３４" }, "geometry": { "type": "Point", "coordinates": [ 141.005795, 38.299967 ] } },
{ "type": "Feature", "properties": { "ID": 43715138, "正式名称": "フォルテファミリー歯科", "機関区分": 3, "都道府県コード": 4, "市区町村コード": 321, "所在地": "宮城県柴田郡大河原町小島２－１", "緯度": 38.065613, "経度": 140.737396, "url": "https://www.iryou.teikyouseido.mhlw.go.jp/znk-web/juminkanja/S2430/initialize?prefCd=04&kikanCd=715138&kikanKbn=3", "url2": null, "内容": "フォルテファミリー歯科【3:歯科】宮城県柴田郡大河原町小島２－１" }, "geometry": { "type": "Point", "coordinates": [ 140.737396, 38.065613 ] } },
{ "type": "Feature", "properties": { "ID": 43715139, "正式名称": "岸川デンタルオフィス", "機関区分": 3, "都道府県コード": 4, "市区町村コード": 104, "所在地": "宮城県仙台市太白区富沢西３丁目１－１　アクロスプラザ富沢西内", "緯度": 38.212227, "経度": 140.856069, "url": "https://www.iryou.teikyouseido.mhlw.go.jp/znk-web/juminkanja/S2430/initialize?prefCd=04&kikanCd=715139&kikanKbn=3", "url2": "http://www.kishikawa-dental-office.com", "内容": "岸川デンタルオフィス【3:歯科】宮城県仙台市太白区富沢西３丁目１－１　アクロスプラザ富沢西内" }, "geometry": { "type": "Point", "coordinates": [ 140.856069, 38.212227 ] } },
{ "type": "Feature", "properties": { "ID": 43715140, "正式名称": "奥州仙臺Ｐｒｅｍｉｕｍデンタルクリニック", "機関区分": 3, "都道府県コード": 4, "市区町村コード": 103, "所在地": "宮城県仙台市若林区卸町１丁目１－１　イオンスタイル仙台卸町３階", "緯度": 38.252331, "経度": 140.918438, "url": "https://www.iryou.teikyouseido.mhlw.go.jp/znk-web/juminkanja/S2430/initialize?prefCd=04&kikanCd=715140&kikanKbn=3", "url2": "https://sendai-dc.com", "内容": "奥州仙臺Ｐｒｅｍｉｕｍデンタルクリニック【3:歯科】宮城県仙台市若林区卸町１丁目１－１　イオンスタイル仙台卸町３階" }, "geometry": { "type": "Point", "coordinates": [ 140.918438, 38.252331 ] } },
{ "type": "Feature", "properties": { "ID": 43715141, "正式名称": "さいとう歯科クリニック", "機関区分": 3, "都道府県コード": 4, "市区町村コード": 216, "所在地": "宮城県富谷市成田４丁目１９－３　アス－ルコート１０２・１０３号室", "緯度": 38.361126, "経度": 140.893799, "url": "https://www.iryou.teikyouseido.mhlw.go.jp/znk-web/juminkanja/S2430/initialize?prefCd=04&kikanCd=715141&kikanKbn=3", "url2": "http://saito-dental-miyagi.com", "内容": "さいとう歯科クリニック【3:歯科】宮城県富谷市成田４丁目１９－３　アス－ルコート１０２・１０３号室" }, "geometry": { "type": "Point", "coordinates": [ 140.893799, 38.361126 ] } },
{ "type": "Feature", "properties": { "ID": 43715142, "正式名称": "つばめの杜歯科医院", "機関区分": 3, "都道府県コード": 4, "市区町村コード": 362, "所在地": "宮城県亘理郡山元町つばめの杜１丁目５－２", "緯度": 37.965984, "経度": 140.887485, "url": "https://www.iryou.teikyouseido.mhlw.go.jp/znk-web/juminkanja/S2430/initialize?prefCd=04&kikanCd=715142&kikanKbn=3", "url2": null, "内容": "つばめの杜歯科医院【3:歯科】宮城県亘理郡山元町つばめの杜１丁目５－２" }, "geometry": { "type": "Point", "coordinates": [ 140.887485, 37.965984 ] } },
{ "type": "Feature", "properties": { "ID": 43800250, "正式名称": "国家公務員共済組合連合会東北公済病院　仙台合同庁舎診療所", "機関区分": 3, "都道府県コード": 4, "市区町村コード": 101, "所在地": "宮城県仙台市青葉区本町３丁目３－１", "緯度": 38.267693, "経度": 140.873663, "url": "https://www.iryou.teikyouseido.mhlw.go.jp/znk-web/juminkanja/S2430/initialize?prefCd=04&kikanCd=800250&kikanKbn=3", "url2": "https://tohokukosai.kkr.or.jp/sinryouka/sendaigoudou.html", "内容": "国家公務員共済組合連合会東北公済病院　仙台合同庁舎診療所【3:歯科】宮城県仙台市青葉区本町３丁目３－１" }, "geometry": { "type": "Point", "coordinates": [ 140.873663, 38.267693 ] } },
{ "type": "Feature", "properties": { "ID": 43810001, "正式名称": "おおたにデンタルクリニック", "機関区分": 3, "都道府県コード": 4, "市区町村コード": 105, "所在地": "宮城県仙台市泉区泉中央１丁目２３－３　アーバンオフィスビル３Ｆ", "緯度": 38.322182, "経度": 140.878098, "url": "https://www.iryou.teikyouseido.mhlw.go.jp/znk-web/juminkanja/S2430/initialize?prefCd=04&kikanCd=810001&kikanKbn=3", "url2": "https://www.otanidc.jp", "内容": "おおたにデンタルクリニック【3:歯科】宮城県仙台市泉区泉中央１丁目２３－３　アーバンオフィスビル３Ｆ" }, "geometry": { "type": "Point", "coordinates": [ 140.878098, 38.322182 ] } },
{ "type": "Feature", "properties": { "ID": 43810003, "正式名称": "あだち歯科医院", "機関区分": 3, "都道府県コード": 4, "市区町村コード": 101, "所在地": "宮城県仙台市青葉区五橋１丁目１－４５ー１１０", "緯度": 38.255287, "経度": 140.879913, "url": "https://www.iryou.teikyouseido.mhlw.go.jp/znk-web/juminkanja/S2430/initialize?prefCd=04&kikanCd=810003&kikanKbn=3", "url2": "https://www.adachi-dentalclinic.com/", "内容": "あだち歯科医院【3:歯科】宮城県仙台市青葉区五橋１丁目１－４５ー１１０" }, "geometry": { "type": "Point", "coordinates": [ 140.879913, 38.255287 ] } },
{ "type": "Feature", "properties": { "ID": 43810004, "正式名称": "あらいファミリー歯科", "機関区分": 3, "都道府県コード": 4, "市区町村コード": 103, "所在地": "宮城県仙台市若林区荒井東８ー４アライデザインセンター２", "緯度": 38.239293, "経度": 140.950845, "url": "https://www.iryou.teikyouseido.mhlw.go.jp/znk-web/juminkanja/S2430/initialize?prefCd=04&kikanCd=810004&kikanKbn=3", "url2": "http://araifamily-dental.com/", "内容": "あらいファミリー歯科【3:歯科】宮城県仙台市若林区荒井東８ー４アライデザインセンター２" }, "geometry": { "type": "Point", "coordinates": [ 140.950845, 38.239293 ] } },
{ "type": "Feature", "properties": { "ID": 43810005, "正式名称": "阿部歯科診療所", "機関区分": 3, "都道府県コード": 4, "市区町村コード": 101, "所在地": "宮城県仙台市青葉区中央２丁目１１－１９　仙南ビル８Ｆ", "緯度": 38.262672, "経度": 140.877075, "url": "https://www.iryou.teikyouseido.mhlw.go.jp/znk-web/juminkanja/S2430/initialize?prefCd=04&kikanCd=810005&kikanKbn=3", "url2": null, "内容": "阿部歯科診療所【3:歯科】宮城県仙台市青葉区中央２丁目１１－１９　仙南ビル８Ｆ" }, "geometry": { "type": "Point", "coordinates": [ 140.877075, 38.262672 ] } },
{ "type": "Feature", "properties": { "ID": 43810006, "正式名称": "ありま歯科医院", "機関区分": 3, "都道府県コード": 4, "市区町村コード": 209, "所在地": "宮城県多賀城市高橋４丁目２－１", "緯度": 38.290318, "経度": 140.978851, "url": "https://www.iryou.teikyouseido.mhlw.go.jp/znk-web/juminkanja/S2430/initialize?prefCd=04&kikanCd=810006&kikanKbn=3", "url2": "http://www.arima-shika.com/", "内容": "ありま歯科医院【3:歯科】宮城県多賀城市高橋４丁目２－１" }, "geometry": { "type": "Point", "coordinates": [ 140.978851, 38.290318 ] } },
{ "type": "Feature", "properties": { "ID": 43810008, "正式名称": "歯科・アイザワデンタル", "機関区分": 3, "都道府県コード": 4, "市区町村コード": 209, "所在地": "宮城県多賀城市下馬５丁目５－３０", "緯度": 38.301058, "経度": 141.0171, "url": "https://www.iryou.teikyouseido.mhlw.go.jp/znk-web/juminkanja/S2430/initialize?prefCd=04&kikanCd=810008&kikanKbn=3", "url2": null, "内容": "歯科・アイザワデンタル【3:歯科】宮城県多賀城市下馬５丁目５－３０" }, "geometry": { "type": "Point", "coordinates": [ 141.0171, 38.301058 ] } },
{ "type": "Feature", "properties": { "ID": 43810009, "正式名称": "いちろう歯科クリニック", "機関区分": 3, "都道府県コード": 4, "市区町村コード": 207, "所在地": "宮城県名取市飯野坂７丁目３－９", "緯度": 38.155117, "経度": 140.882294, "url": "https://www.iryou.teikyouseido.mhlw.go.jp/znk-web/juminkanja/S2430/initialize?prefCd=04&kikanCd=810009&kikanKbn=3", "url2": null, "内容": "いちろう歯科クリニック【3:歯科】宮城県名取市飯野坂７丁目３－９" }, "geometry": { "type": "Point", "coordinates": [ 140.882294, 38.155117 ] } },
{ "type": "Feature", "properties": { "ID": 43810011, "正式名称": "ライフタウン歯科クリニック", "機関区分": 3, "都道府県コード": 4, "市区町村コード": 207, "所在地": "宮城県名取市相互台１丁目１１－４", "緯度": 38.207043, "経度": 140.808807, "url": "https://www.iryou.teikyouseido.mhlw.go.jp/znk-web/juminkanja/S2430/initialize?prefCd=04&kikanCd=810011&kikanKbn=3", "url2": "http://www.lifetown-dc.com", "内容": "ライフタウン歯科クリニック【3:歯科】宮城県名取市相互台１丁目１１－４" }, "geometry": { "type": "Point", "coordinates": [ 140.808807, 38.207043 ] } },
{ "type": "Feature", "properties": { "ID": 43810012, "正式名称": "福澤歯科医院", "機関区分": 3, "都道府県コード": 4, "市区町村コード": 207, "所在地": "宮城県名取市ゆりが丘２丁目１１－７", "緯度": 38.205986, "経度": 140.833984, "url": "https://www.iryou.teikyouseido.mhlw.go.jp/znk-web/juminkanja/S2430/initialize?prefCd=04&kikanCd=810012&kikanKbn=3", "url2": null, "内容": "福澤歯科医院【3:歯科】宮城県名取市ゆりが丘２丁目１１－７" }, "geometry": { "type": "Point", "coordinates": [ 140.833984, 38.205986 ] } },
{ "type": "Feature", "properties": { "ID": 43810013, "正式名称": "那智が丘歯科医院", "機関区分": 3, "都道府県コード": 4, "市区町村コード": 207, "所在地": "宮城県名取市那智が丘４丁目１９－２", "緯度": 38.195118, "経度": 140.840942, "url": "https://www.iryou.teikyouseido.mhlw.go.jp/znk-web/juminkanja/S2430/initialize?prefCd=04&kikanCd=810013&kikanKbn=3", "url2": null, "内容": "那智が丘歯科医院【3:歯科】宮城県名取市那智が丘４丁目１９－２" }, "geometry": { "type": "Point", "coordinates": [ 140.840942, 38.195118 ] } },
{ "type": "Feature", "properties": { "ID": 43810014, "正式名称": "ささき歯科", "機関区分": 3, "都道府県コード": 4, "市区町村コード": 207, "所在地": "宮城県名取市名取が丘２丁目３－４", "緯度": 38.157207, "経度": 140.878906, "url": "https://www.iryou.teikyouseido.mhlw.go.jp/znk-web/juminkanja/S2430/initialize?prefCd=04&kikanCd=810014&kikanKbn=3", "url2": null, "内容": "ささき歯科【3:歯科】宮城県名取市名取が丘２丁目３－４" }, "geometry": { "type": "Point", "coordinates": [ 140.878906, 38.157207 ] } },
{ "type": "Feature", "properties": { "ID": 43810015, "正式名称": "医療法人徳真会　名取デンタルクリニック", "機関区分": 3, "都道府県コード": 4, "市区町村コード": 207, "所在地": "宮城県名取市田高字神明２７３", "緯度": 38.188492, "経度": 140.872833, "url": "https://www.iryou.teikyouseido.mhlw.go.jp/znk-web/juminkanja/S2430/initialize?prefCd=04&kikanCd=810015&kikanKbn=3", "url2": "http://www.tokushinkai.or.jp", "内容": "医療法人徳真会　名取デンタルクリニック【3:歯科】宮城県名取市田高字神明２７３" }, "geometry": { "type": "Point", "coordinates": [ 140.872833, 38.188492 ] } },
{ "type": "Feature", "properties": { "ID": 43810016, "正式名称": "優歯科医院", "機関区分": 3, "都道府県コード": 4, "市区町村コード": 207, "所在地": "宮城県名取市増田２丁目３－３９　アンソレイユ名取　１Ｆ", "緯度": 38.173077, "経度": 140.885895, "url": "https://www.iryou.teikyouseido.mhlw.go.jp/znk-web/juminkanja/S2430/initialize?prefCd=04&kikanCd=810016&kikanKbn=3", "url2": "http://you-dentalclinic.com", "内容": "優歯科医院【3:歯科】宮城県名取市増田２丁目３－３９　アンソレイユ名取　１Ｆ" }, "geometry": { "type": "Point", "coordinates": [ 140.885895, 38.173077 ] } },
{ "type": "Feature", "properties": { "ID": 43810017, "正式名称": "医療法人　ＳＡＩ皓世会　さくらデンタルクリニック", "機関区分": 3, "都道府県コード": 4, "市区町村コード": 216, "所在地": "宮城県富谷市成田４－１１－５", "緯度": 38.361824, "経度": 140.89769, "url": "https://www.iryou.teikyouseido.mhlw.go.jp/znk-web/juminkanja/S2430/initialize?prefCd=04&kikanCd=810017&kikanKbn=3", "url2": "http://narita-sakuradental.com", "内容": "医療法人　ＳＡＩ皓世会　さくらデンタルクリニック【3:歯科】宮城県富谷市成田４－１１－５" }, "geometry": { "type": "Point", "coordinates": [ 140.89769, 38.361824 ] } },
{ "type": "Feature", "properties": { "ID": 43810018, "正式名称": "医療法人社団青葉会大郷町歯科医院", "機関区分": 3, "都道府県コード": 4, "市区町村コード": 422, "所在地": "宮城県黒川郡大郷町中村字谷地際山５－１２", "緯度": 38.41785, "経度": 141.008041, "url": "https://www.iryou.teikyouseido.mhlw.go.jp/znk-web/juminkanja/S2430/initialize?prefCd=04&kikanCd=810018&kikanKbn=3", "url2": "http://osato.aobakai.com/", "内容": "医療法人社団青葉会大郷町歯科医院【3:歯科】宮城県黒川郡大郷町中村字谷地際山５－１２" }, "geometry": { "type": "Point", "coordinates": [ 141.008041, 38.41785 ] } },
{ "type": "Feature", "properties": { "ID": 43810019, "正式名称": "医療法人報徳会利府デンタルクリニック", "機関区分": 3, "都道府県コード": 4, "市区町村コード": 406, "所在地": "宮城県宮城郡利府町利府字八幡崎前８３", "緯度": 38.326019, "経度": 140.970123, "url": "https://www.iryou.teikyouseido.mhlw.go.jp/znk-web/juminkanja/S2430/initialize?prefCd=04&kikanCd=810019&kikanKbn=3", "url2": "http://www.tokushinkai.or.jp", "内容": "医療法人報徳会利府デンタルクリニック【3:歯科】宮城県宮城郡利府町利府字八幡崎前８３" }, "geometry": { "type": "Point", "coordinates": [ 140.970123, 38.326019 ] } },
{ "type": "Feature", "properties": { "ID": 43810020, "正式名称": "医療法人明徳会　青葉第二歯科", "機関区分": 3, "都道府県コード": 4, "市区町村コード": 216, "所在地": "宮城県富谷市上桜木１丁目４６－３", "緯度": 38.360966, "経度": 140.878952, "url": "https://www.iryou.teikyouseido.mhlw.go.jp/znk-web/juminkanja/S2430/initialize?prefCd=04&kikanCd=810020&kikanKbn=3", "url2": "http://www.tokushinkai.or.jp", "内容": "医療法人明徳会　青葉第二歯科【3:歯科】宮城県富谷市上桜木１丁目４６－３" }, "geometry": { "type": "Point", "coordinates": [ 140.878952, 38.360966 ] } },
{ "type": "Feature", "properties": { "ID": 43810021, "正式名称": "なとり駅前歯科クリニック", "機関区分": 3, "都道府県コード": 4, "市区町村コード": 207, "所在地": "宮城県名取市増田２－３－３６", "緯度": 38.173096, "経度": 140.885605, "url": "https://www.iryou.teikyouseido.mhlw.go.jp/znk-web/juminkanja/S2430/initialize?prefCd=04&kikanCd=810021&kikanKbn=3", "url2": null, "内容": "なとり駅前歯科クリニック【3:歯科】宮城県名取市増田２－３－３６" }, "geometry": { "type": "Point", "coordinates": [ 140.885605, 38.173096 ] } },
{ "type": "Feature", "properties": { "ID": 43810022, "正式名称": "黒田歯科クリニック", "機関区分": 3, "都道府県コード": 4, "市区町村コード": 207, "所在地": "宮城県名取市手倉田字八幡５３２－１", "緯度": 38.175816, "経度": 140.875977, "url": "https://www.iryou.teikyouseido.mhlw.go.jp/znk-web/juminkanja/S2430/initialize?prefCd=04&kikanCd=810022&kikanKbn=3", "url2": "http://kuroda.dentalmall.jp/", "内容": "黒田歯科クリニック【3:歯科】宮城県名取市手倉田字八幡５３２－１" }, "geometry": { "type": "Point", "coordinates": [ 140.875977, 38.175816 ] } },
{ "type": "Feature", "properties": { "ID": 43810023, "正式名称": "フォレスト歯科", "機関区分": 3, "都道府県コード": 4, "市区町村コード": 207, "所在地": "宮城県名取市美田園２－１－５シエロプラザ美田園１階", "緯度": 38.160358, "経度": 140.917694, "url": "https://www.iryou.teikyouseido.mhlw.go.jp/znk-web/juminkanja/S2430/initialize?prefCd=04&kikanCd=810023&kikanKbn=3", "url2": "https://www.forest-dental.net/", "内容": "フォレスト歯科【3:歯科】宮城県名取市美田園２－１－５シエロプラザ美田園１階" }, "geometry": { "type": "Point", "coordinates": [ 140.917694, 38.160358 ] } },
{ "type": "Feature", "properties": { "ID": 43810024, "正式名称": "歯科クリニック守", "機関区分": 3, "都道府県コード": 4, "市区町村コード": 207, "所在地": "宮城県名取市増田３丁目８－６７", "緯度": 38.169216, "経度": 140.888428, "url": "https://www.iryou.teikyouseido.mhlw.go.jp/znk-web/juminkanja/S2430/initialize?prefCd=04&kikanCd=810024&kikanKbn=3", "url2": "http://www.dc-mori.com/", "内容": "歯科クリニック守【3:歯科】宮城県名取市増田３丁目８－６７" }, "geometry": { "type": "Point", "coordinates": [ 140.888428, 38.169216 ] } },
{ "type": "Feature", "properties": { "ID": 43810025, "正式名称": "荘司歯科医院", "機関区分": 3, "都道府県コード": 4, "市区町村コード": 207, "所在地": "宮城県名取市大手町２丁目７－１０", "緯度": 38.167194, "経度": 140.881287, "url": "https://www.iryou.teikyouseido.mhlw.go.jp/znk-web/juminkanja/S2430/initialize?prefCd=04&kikanCd=810025&kikanKbn=3", "url2": "https://shoji-dental-clinic.com/", "内容": "荘司歯科医院【3:歯科】宮城県名取市大手町２丁目７－１０" }, "geometry": { "type": "Point", "coordinates": [ 140.881287, 38.167194 ] } },
{ "type": "Feature", "properties": { "ID": 43810026, "正式名称": "上中デンタルクリニック", "機関区分": 3, "都道府県コード": 4, "市区町村コード": 211, "所在地": "宮城県岩沼市土ケ崎２丁目８－２２", "緯度": 38.112602, "経度": 140.861435, "url": "https://www.iryou.teikyouseido.mhlw.go.jp/znk-web/juminkanja/S2430/initialize?prefCd=04&kikanCd=810026&kikanKbn=3", "url2": null, "内容": "上中デンタルクリニック【3:歯科】宮城県岩沼市土ケ崎２丁目８－２２" }, "geometry": { "type": "Point", "coordinates": [ 140.861435, 38.112602 ] } },
{ "type": "Feature", "properties": { "ID": 43810027, "正式名称": "歯科ノーブルデンタルオフィス", "機関区分": 3, "都道府県コード": 4, "市区町村コード": 406, "所在地": "宮城県宮城郡利府町神谷沢字南沢１－１", "緯度": 38.313168, "経度": 140.950897, "url": "https://www.iryou.teikyouseido.mhlw.go.jp/znk-web/juminkanja/S2430/initialize?prefCd=04&kikanCd=810027&kikanKbn=3", "url2": "https://noble-microendo.jp", "内容": "歯科ノーブルデンタルオフィス【3:歯科】宮城県宮城郡利府町神谷沢字南沢１－１" }, "geometry": { "type": "Point", "coordinates": [ 140.950897, 38.313168 ] } },
{ "type": "Feature", "properties": { "ID": 43810028, "正式名称": "Ｄデンタルクリニック", "機関区分": 3, "都道府県コード": 4, "市区町村コード": 207, "所在地": "宮城県名取市増田６ー２ー３", "緯度": 38.179683, "経度": 140.885549, "url": "https://www.iryou.teikyouseido.mhlw.go.jp/znk-web/juminkanja/S2430/initialize?prefCd=04&kikanCd=810028&kikanKbn=3", "url2": "http://d-dentalclinic.com", "内容": "Ｄデンタルクリニック【3:歯科】宮城県名取市増田６ー２ー３" }, "geometry": { "type": "Point", "coordinates": [ 140.885549, 38.179683 ] } },
{ "type": "Feature", "properties": { "ID": 43810029, "正式名称": "わかば歯科クリニック", "機関区分": 3, "都道府県コード": 4, "市区町村コード": 406, "所在地": "宮城県宮城郡利府町加瀬字石切場１－１", "緯度": 38.317757, "経度": 140.998123, "url": "https://www.iryou.teikyouseido.mhlw.go.jp/znk-web/juminkanja/S2430/initialize?prefCd=04&kikanCd=810029&kikanKbn=3", "url2": null, "内容": "わかば歯科クリニック【3:歯科】宮城県宮城郡利府町加瀬字石切場１－１" }, "geometry": { "type": "Point", "coordinates": [ 140.998123, 38.317757 ] } },
{ "type": "Feature", "properties": { "ID": 43810031, "正式名称": "おおみや歯科", "機関区分": 3, "都道府県コード": 4, "市区町村コード": 207, "所在地": "宮城県名取市大手町３丁目５７５－３", "緯度": 38.165588, "経度": 140.879898, "url": "https://www.iryou.teikyouseido.mhlw.go.jp/znk-web/juminkanja/S2430/initialize?prefCd=04&kikanCd=810031&kikanKbn=3", "url2": "http://www.omiya-shika.com/", "内容": "おおみや歯科【3:歯科】宮城県名取市大手町３丁目５７５－３" }, "geometry": { "type": "Point", "coordinates": [ 140.879898, 38.165588 ] } },
{ "type": "Feature", "properties": { "ID": 43810032, "正式名称": "たかとく歯科医院", "機関区分": 3, "都道府県コード": 4, "市区町村コード": 207, "所在地": "宮城県名取市大手町５丁目１７－１５", "緯度": 38.169632, "経度": 140.876343, "url": "https://www.iryou.teikyouseido.mhlw.go.jp/znk-web/juminkanja/S2430/initialize?prefCd=04&kikanCd=810032&kikanKbn=3", "url2": null, "内容": "たかとく歯科医院【3:歯科】宮城県名取市大手町５丁目１７－１５" }, "geometry": { "type": "Point", "coordinates": [ 140.876343, 38.169632 ] } },
{ "type": "Feature", "properties": { "ID": 43810033, "正式名称": "清水歯科医院", "機関区分": 3, "都道府県コード": 4, "市区町村コード": 207, "所在地": "宮城県名取市増田２丁目６－２４", "緯度": 38.171196, "経度": 140.88385, "url": "https://www.iryou.teikyouseido.mhlw.go.jp/znk-web/juminkanja/S2430/initialize?prefCd=04&kikanCd=810033&kikanKbn=3", "url2": "http://www.shimizudental.net/", "内容": "清水歯科医院【3:歯科】宮城県名取市増田２丁目６－２４" }, "geometry": { "type": "Point", "coordinates": [ 140.88385, 38.171196 ] } },
{ "type": "Feature", "properties": { "ID": 43810034, "正式名称": "島田歯科医院", "機関区分": 3, "都道府県コード": 4, "市区町村コード": 207, "所在地": "宮城県名取市植松４－１８－１３", "緯度": 38.14325, "経度": 140.879547, "url": "https://www.iryou.teikyouseido.mhlw.go.jp/znk-web/juminkanja/S2430/initialize?prefCd=04&kikanCd=810034&kikanKbn=3", "url2": null, "内容": "島田歯科医院【3:歯科】宮城県名取市植松４－１８－１３" }, "geometry": { "type": "Point", "coordinates": [ 140.879547, 38.14325 ] } },
{ "type": "Feature", "properties": { "ID": 43810035, "正式名称": "星歯科医院", "機関区分": 3, "都道府県コード": 4, "市区町村コード": 207, "所在地": "宮城県名取市名取が丘３丁目５－２０", "緯度": 38.155903, "経度": 140.87439, "url": "https://www.iryou.teikyouseido.mhlw.go.jp/znk-web/juminkanja/S2430/initialize?prefCd=04&kikanCd=810035&kikanKbn=3", "url2": null, "内容": "星歯科医院【3:歯科】宮城県名取市名取が丘３丁目５－２０" }, "geometry": { "type": "Point", "coordinates": [ 140.87439, 38.155903 ] } },
{ "type": "Feature", "properties": { "ID": 43810036, "正式名称": "吉岡天皇寺歯科クリニック", "機関区分": 3, "都道府県コード": 4, "市区町村コード": 421, "所在地": "宮城県黒川郡大和町吉岡", "緯度": 38.441734, "経度": 140.884338, "url": "https://www.iryou.teikyouseido.mhlw.go.jp/znk-web/juminkanja/S2430/initialize?prefCd=04&kikanCd=810036&kikanKbn=3", "url2": null, "内容": "吉岡天皇寺歯科クリニック【3:歯科】宮城県黒川郡大和町吉岡" }, "geometry": { "type": "Point", "coordinates": [ 140.884338, 38.441734 ] } },
{ "type": "Feature", "properties": { "ID": 43810038, "正式名称": "永沼歯科クリニック", "機関区分": 3, "都道府県コード": 4, "市区町村コード": 203, "所在地": "宮城県塩竈市梅の宮１４－１０", "緯度": 38.329262, "経度": 141.016525, "url": "https://www.iryou.teikyouseido.mhlw.go.jp/znk-web/juminkanja/S2430/initialize?prefCd=04&kikanCd=810038&kikanKbn=3", "url2": null, "内容": "永沼歯科クリニック【3:歯科】宮城県塩竈市梅の宮１４－１０" }, "geometry": { "type": "Point", "coordinates": [ 141.016525, 38.329262 ] } },
{ "type": "Feature", "properties": { "ID": 43810039, "正式名称": "ホワイト歯科クリニック", "機関区分": 3, "都道府県コード": 4, "市区町村コード": 209, "所在地": "宮城県多賀城市伝上山４丁目８－２０", "緯度": 38.304264, "経度": 141.012375, "url": "https://www.iryou.teikyouseido.mhlw.go.jp/znk-web/juminkanja/S2430/initialize?prefCd=04&kikanCd=810039&kikanKbn=3", "url2": null, "内容": "ホワイト歯科クリニック【3:歯科】宮城県多賀城市伝上山４丁目８－２０" }, "geometry": { "type": "Point", "coordinates": [ 141.012375, 38.304264 ] } },
{ "type": "Feature", "properties": { "ID": 43810040, "正式名称": "医療法人　慈啓会　千葉歯科医院", "機関区分": 3, "都道府県コード": 4, "市区町村コード": 203, "所在地": "宮城県塩竈市東玉川町２－３１", "緯度": 38.308807, "経度": 141.010941, "url": "https://www.iryou.teikyouseido.mhlw.go.jp/znk-web/juminkanja/S2430/initialize?prefCd=04&kikanCd=810040&kikanKbn=3", "url2": "http://www.mjcdc.com", "内容": "医療法人　慈啓会　千葉歯科医院【3:歯科】宮城県塩竈市東玉川町２－３１" }, "geometry": { "type": "Point", "coordinates": [ 141.010941, 38.308807 ] } },
{ "type": "Feature", "properties": { "ID": 43810041, "正式名称": "医療法人光萩会お歯科", "機関区分": 3, "都道府県コード": 4, "市区町村コード": 202, "所在地": "宮城県石巻市流留字七勺１－１　イオンＳＣ石巻東店", "緯度": 38.428617, "経度": 141.3757, "url": "https://www.iryou.teikyouseido.mhlw.go.jp/znk-web/juminkanja/S2430/initialize?prefCd=04&kikanCd=810041&kikanKbn=3", "url2": null, "内容": "医療法人光萩会お歯科【3:歯科】宮城県石巻市流留字七勺１－１　イオンＳＣ石巻東店" }, "geometry": { "type": "Point", "coordinates": [ 141.3757, 38.428617 ] } },
{ "type": "Feature", "properties": { "ID": 43810043, "正式名称": "医療法人　陽気会　網小歯科診療所", "機関区分": 3, "都道府県コード": 4, "市区町村コード": 202, "所在地": "宮城県石巻市長渡浜杉１３－８２", "緯度": 38.267002, "経度": 141.477875, "url": "https://www.iryou.teikyouseido.mhlw.go.jp/znk-web/juminkanja/S2430/initialize?prefCd=04&kikanCd=810043&kikanKbn=3", "url2": null, "内容": "医療法人　陽気会　網小歯科診療所【3:歯科】宮城県石巻市長渡浜杉１３－８２" }, "geometry": { "type": "Point", "coordinates": [ 141.477875, 38.267002 ] } },
{ "type": "Feature", "properties": { "ID": 43810046, "正式名称": "医療法人社団清明会　二宮歯科医院", "機関区分": 3, "都道府県コード": 4, "市区町村コード": 202, "所在地": "宮城県石巻市大街道南１丁目４－１", "緯度": 38.427979, "経度": 141.282913, "url": "https://www.iryou.teikyouseido.mhlw.go.jp/znk-web/juminkanja/S2430/initialize?prefCd=04&kikanCd=810046&kikanKbn=3", "url2": null, "内容": "医療法人社団清明会　二宮歯科医院【3:歯科】宮城県石巻市大街道南１丁目４－１" }, "geometry": { "type": "Point", "coordinates": [ 141.282913, 38.427979 ] } },
{ "type": "Feature", "properties": { "ID": 43810048, "正式名称": "沼倉歯科医院", "機関区分": 3, "都道府県コード": 4, "市区町村コード": 202, "所在地": "宮城県石巻市鋳銭場２－３", "緯度": 38.43372, "経度": 141.304611, "url": "https://www.iryou.teikyouseido.mhlw.go.jp/znk-web/juminkanja/S2430/initialize?prefCd=04&kikanCd=810048&kikanKbn=3", "url2": "http://www7b.biglobe.ne.jp/~numakura-dc/index.html", "内容": "沼倉歯科医院【3:歯科】宮城県石巻市鋳銭場２－３" }, "geometry": { "type": "Point", "coordinates": [ 141.304611, 38.43372 ] } },
{ "type": "Feature", "properties": { "ID": 43810049, "正式名称": "沼崎歯科医院", "機関区分": 3, "都道府県コード": 4, "市区町村コード": 202, "所在地": "宮城県石巻市中央２丁目４－２３　２Ｆ", "緯度": 38.43154, "経度": 141.30852, "url": "https://www.iryou.teikyouseido.mhlw.go.jp/znk-web/juminkanja/S2430/initialize?prefCd=04&kikanCd=810049&kikanKbn=3", "url2": null, "内容": "沼崎歯科医院【3:歯科】宮城県石巻市中央２丁目４－２３　２Ｆ" }, "geometry": { "type": "Point", "coordinates": [ 141.30852, 38.43154 ] } },
{ "type": "Feature", "properties": { "ID": 43810050, "正式名称": "日野歯科医院", "機関区分": 3, "都道府県コード": 4, "市区町村コード": 202, "所在地": "宮城県石巻市錦町４－２４", "緯度": 38.43681, "経度": 141.289825, "url": "https://www.iryou.teikyouseido.mhlw.go.jp/znk-web/juminkanja/S2430/initialize?prefCd=04&kikanCd=810050&kikanKbn=3", "url2": null, "内容": "日野歯科医院【3:歯科】宮城県石巻市錦町４－２４" }, "geometry": { "type": "Point", "coordinates": [ 141.289825, 38.43681 ] } },
{ "type": "Feature", "properties": { "ID": 43810051, "正式名称": "藤江歯科医院", "機関区分": 3, "都道府県コード": 4, "市区町村コード": 202, "所在地": "宮城県石巻市南中里１丁目４－２１", "緯度": 38.439831, "経度": 141.304504, "url": "https://www.iryou.teikyouseido.mhlw.go.jp/znk-web/juminkanja/S2430/initialize?prefCd=04&kikanCd=810051&kikanKbn=3", "url2": null, "内容": "藤江歯科医院【3:歯科】宮城県石巻市南中里１丁目４－２１" }, "geometry": { "type": "Point", "coordinates": [ 141.304504, 38.439831 ] } },
{ "type": "Feature", "properties": { "ID": 43810053, "正式名称": "本郷歯科医院", "機関区分": 3, "都道府県コード": 4, "市区町村コード": 202, "所在地": "宮城県石巻市蛇田字新丸井戸２８－１４", "緯度": 38.445649, "経度": 141.279222, "url": "https://www.iryou.teikyouseido.mhlw.go.jp/znk-web/juminkanja/S2430/initialize?prefCd=04&kikanCd=810053&kikanKbn=3", "url2": null, "内容": "本郷歯科医院【3:歯科】宮城県石巻市蛇田字新丸井戸２８－１４" }, "geometry": { "type": "Point", "coordinates": [ 141.279222, 38.445649 ] } },
{ "type": "Feature", "properties": { "ID": 43810055, "正式名称": "医療法人　宏生会　三宅歯科医院", "機関区分": 3, "都道府県コード": 4, "市区町村コード": 202, "所在地": "宮城県石巻市千石町４－３９", "緯度": 38.434822, "経度": 141.309998, "url": "https://www.iryou.teikyouseido.mhlw.go.jp/znk-web/juminkanja/S2430/initialize?prefCd=04&kikanCd=810055&kikanKbn=3", "url2": "http://www.miyake-do.com", "内容": "医療法人　宏生会　三宅歯科医院【3:歯科】宮城県石巻市千石町４－３９" }, "geometry": { "type": "Point", "coordinates": [ 141.309998, 38.434822 ] } },
{ "type": "Feature", "properties": { "ID": 43810057, "正式名称": "横山歯科医院", "機関区分": 3, "都道府県コード": 4, "市区町村コード": 202, "所在地": "宮城県石巻市大手町８－１０", "緯度": 38.42371, "経度": 141.297073, "url": "https://www.iryou.teikyouseido.mhlw.go.jp/znk-web/juminkanja/S2430/initialize?prefCd=04&kikanCd=810057&kikanKbn=3", "url2": null, "内容": "横山歯科医院【3:歯科】宮城県石巻市大手町８－１０" }, "geometry": { "type": "Point", "coordinates": [ 141.297073, 38.42371 ] } },
{ "type": "Feature", "properties": { "ID": 43810058, "正式名称": "よしだファミリー歯科", "機関区分": 3, "都道府県コード": 4, "市区町村コード": 202, "所在地": "宮城県石巻市渡波字栄田２２－３", "緯度": 38.417843, "経度": 141.347137, "url": "https://www.iryou.teikyouseido.mhlw.go.jp/znk-web/juminkanja/S2430/initialize?prefCd=04&kikanCd=810058&kikanKbn=3", "url2": "http://www.yoshida-family-dental.com/", "内容": "よしだファミリー歯科【3:歯科】宮城県石巻市渡波字栄田２２－３" }, "geometry": { "type": "Point", "coordinates": [ 141.347137, 38.417843 ] } },
{ "type": "Feature", "properties": { "ID": 43810059, "正式名称": "さくら町歯科", "機関区分": 3, "都道府県コード": 4, "市区町村コード": 202, "所在地": "宮城県石巻市さくら町５丁目７－１", "緯度": 38.4226, "経度": 141.3598, "url": "https://www.iryou.teikyouseido.mhlw.go.jp/znk-web/juminkanja/S2430/initialize?prefCd=04&kikanCd=810059&kikanKbn=3", "url2": "http://www.sakuramachi-dc.com", "内容": "さくら町歯科【3:歯科】宮城県石巻市さくら町５丁目７－１" }, "geometry": { "type": "Point", "coordinates": [ 141.3598, 38.4226 ] } },
{ "type": "Feature", "properties": { "ID": 43810060, "正式名称": "おき歯科クリニック", "機関区分": 3, "都道府県コード": 4, "市区町村コード": 202, "所在地": "宮城県石巻市大森字的場４ー５", "緯度": 38.502876, "経度": 141.315857, "url": "https://www.iryou.teikyouseido.mhlw.go.jp/znk-web/juminkanja/S2430/initialize?prefCd=04&kikanCd=810060&kikanKbn=3", "url2": null, "内容": "おき歯科クリニック【3:歯科】宮城県石巻市大森字的場４ー５" }, "geometry": { "type": "Point", "coordinates": [ 141.315857, 38.502876 ] } },
{ "type": "Feature", "properties": { "ID": 43810061, "正式名称": "ちば鷹歯科医院", "機関区分": 3, "都道府県コード": 4, "市区町村コード": 214, "所在地": "宮城県東松島市小松字上砂利田３４－１", "緯度": 38.437865, "経度": 141.208836, "url": "https://www.iryou.teikyouseido.mhlw.go.jp/znk-web/juminkanja/S2430/initialize?prefCd=04&kikanCd=810061&kikanKbn=3", "url2": "https://chibataka-do.com", "内容": "ちば鷹歯科医院【3:歯科】宮城県東松島市小松字上砂利田３４－１" }, "geometry": { "type": "Point", "coordinates": [ 141.208836, 38.437865 ] } },
{ "type": "Feature", "properties": { "ID": 43810062, "正式名称": "医療法人社団博秀会藤野歯科クリニック", "機関区分": 3, "都道府県コード": 4, "市区町村コード": 214, "所在地": "宮城県東松島市矢本字大溜２４ー１", "緯度": 38.428726, "経度": 141.215942, "url": "https://www.iryou.teikyouseido.mhlw.go.jp/znk-web/juminkanja/S2430/initialize?prefCd=04&kikanCd=810062&kikanKbn=3", "url2": null, "内容": "医療法人社団博秀会藤野歯科クリニック【3:歯科】宮城県東松島市矢本字大溜２４ー１" }, "geometry": { "type": "Point", "coordinates": [ 141.215942, 38.428726 ] } },
{ "type": "Feature", "properties": { "ID": 43810063, "正式名称": "村松歯科医院", "機関区分": 3, "都道府県コード": 4, "市区町村コード": 214, "所在地": "宮城県東松島市矢本字新沼１", "緯度": 38.417858, "経度": 141.209335, "url": "https://www.iryou.teikyouseido.mhlw.go.jp/znk-web/juminkanja/S2430/initialize?prefCd=04&kikanCd=810063&kikanKbn=3", "url2": "http://muramatsu-dc.jp", "内容": "村松歯科医院【3:歯科】宮城県東松島市矢本字新沼１" }, "geometry": { "type": "Point", "coordinates": [ 141.209335, 38.417858 ] } },
{ "type": "Feature", "properties": { "ID": 43810064, "正式名称": "森歯科医院", "機関区分": 3, "都道府県コード": 4, "市区町村コード": 214, "所在地": "宮城県東松島市赤井字新川前２３－１６", "緯度": 38.432259, "経度": 141.241379, "url": "https://www.iryou.teikyouseido.mhlw.go.jp/znk-web/juminkanja/S2430/initialize?prefCd=04&kikanCd=810064&kikanKbn=3", "url2": "http://www.mori-dent.net", "内容": "森歯科医院【3:歯科】宮城県東松島市赤井字新川前２３－１６" }, "geometry": { "type": "Point", "coordinates": [ 141.241379, 38.432259 ] } },
{ "type": "Feature", "properties": { "ID": 43810065, "正式名称": "岩渕歯科医院", "機関区分": 3, "都道府県コード": 4, "市区町村コード": 202, "所在地": "宮城県石巻市鹿又字道的前１１５", "緯度": 38.48107, "経度": 141.279674, "url": "https://www.iryou.teikyouseido.mhlw.go.jp/znk-web/juminkanja/S2430/initialize?prefCd=04&kikanCd=810065&kikanKbn=3", "url2": "https://iwabuchi-dentalclinic.com", "内容": "岩渕歯科医院【3:歯科】宮城県石巻市鹿又字道的前１１５" }, "geometry": { "type": "Point", "coordinates": [ 141.279674, 38.48107 ] } },
{ "type": "Feature", "properties": { "ID": 43810066, "正式名称": "中野歯科医院", "機関区分": 3, "都道府県コード": 4, "市区町村コード": 202, "所在地": "宮城県石巻市広渕字町１５５－１", "緯度": 38.470554, "経度": 141.209152, "url": "https://www.iryou.teikyouseido.mhlw.go.jp/znk-web/juminkanja/S2430/initialize?prefCd=04&kikanCd=810066&kikanKbn=3", "url2": null, "内容": "中野歯科医院【3:歯科】宮城県石巻市広渕字町１５５－１" }, "geometry": { "type": "Point", "coordinates": [ 141.209152, 38.470554 ] } },
{ "type": "Feature", "properties": { "ID": 43810067, "正式名称": "前谷地歯科医院", "機関区分": 3, "都道府県コード": 4, "市区町村コード": 202, "所在地": "宮城県石巻市前谷地字黒沢前９４－１", "緯度": 38.51078, "経度": 141.190918, "url": "https://www.iryou.teikyouseido.mhlw.go.jp/znk-web/juminkanja/S2430/initialize?prefCd=04&kikanCd=810067&kikanKbn=3", "url2": null, "内容": "前谷地歯科医院【3:歯科】宮城県石巻市前谷地字黒沢前９４－１" }, "geometry": { "type": "Point", "coordinates": [ 141.190918, 38.51078 ] } },
{ "type": "Feature", "properties": { "ID": 43810069, "正式名称": "桃生歯科医院", "機関区分": 3, "都道府県コード": 4, "市区町村コード": 202, "所在地": "宮城県石巻市桃生町中津山字四軒前１８－１", "緯度": 38.557926, "経度": 141.240631, "url": "https://www.iryou.teikyouseido.mhlw.go.jp/znk-web/juminkanja/S2430/initialize?prefCd=04&kikanCd=810069&kikanKbn=3", "url2": null, "内容": "桃生歯科医院【3:歯科】宮城県石巻市桃生町中津山字四軒前１８－１" }, "geometry": { "type": "Point", "coordinates": [ 141.240631, 38.557926 ] } },
{ "type": "Feature", "properties": { "ID": 43810070, "正式名称": "東松島かどわき歯科クリニック", "機関区分": 3, "都道府県コード": 4, "市区町村コード": 214, "所在地": "宮城県東松島市矢本字穴尻６８－４", "緯度": 38.404145, "経度": 141.187785, "url": "https://www.iryou.teikyouseido.mhlw.go.jp/znk-web/juminkanja/S2430/initialize?prefCd=04&kikanCd=810070&kikanKbn=3", "url2": "https://kadowaki-dental.com", "内容": "東松島かどわき歯科クリニック【3:歯科】宮城県東松島市矢本字穴尻６８－４" }, "geometry": { "type": "Point", "coordinates": [ 141.187785, 38.404145 ] } },
{ "type": "Feature", "properties": { "ID": 43810071, "正式名称": "医療法人社団　東松島市鳴瀬歯科診療所", "機関区分": 3, "都道府県コード": 4, "市区町村コード": 214, "所在地": "宮城県東松島市牛網字駅前１丁目２－１", "緯度": 38.397186, "経度": 141.172562, "url": "https://www.iryou.teikyouseido.mhlw.go.jp/znk-web/juminkanja/S2430/initialize?prefCd=04&kikanCd=810071&kikanKbn=3", "url2": "http://naruse-dentalclinic.com/", "内容": "医療法人社団　東松島市鳴瀬歯科診療所【3:歯科】宮城県東松島市牛網字駅前１丁目２－１" }, "geometry": { "type": "Point", "coordinates": [ 141.172562, 38.397186 ] } },
{ "type": "Feature", "properties": { "ID": 43810076, "正式名称": "町田歯科医院", "機関区分": 3, "都道府県コード": 4, "市区町村コード": 104, "所在地": "宮城県仙台市太白区鹿野本町", "緯度": 38.231258, "経度": 140.87204, "url": "https://www.iryou.teikyouseido.mhlw.go.jp/znk-web/juminkanja/S2430/initialize?prefCd=04&kikanCd=810076&kikanKbn=3", "url2": null, "内容": "町田歯科医院【3:歯科】宮城県仙台市太白区鹿野本町" }, "geometry": { "type": "Point", "coordinates": [ 140.87204, 38.231258 ] } },
{ "type": "Feature", "properties": { "ID": 43810077, "正式名称": "星野歯科クリニック", "機関区分": 3, "都道府県コード": 4, "市区町村コード": 104, "所在地": "宮城県仙台市太白区西中田７ー１２ー５５", "緯度": 38.19217, "経度": 140.873684, "url": "https://www.iryou.teikyouseido.mhlw.go.jp/znk-web/juminkanja/S2430/initialize?prefCd=04&kikanCd=810077&kikanKbn=3", "url2": null, "内容": "星野歯科クリニック【3:歯科】宮城県仙台市太白区西中田７ー１２ー５５" }, "geometry": { "type": "Point", "coordinates": [ 140.873684, 38.19217 ] } },
{ "type": "Feature", "properties": { "ID": 43810078, "正式名称": "ブリアンス歯科", "機関区分": 3, "都道府県コード": 4, "市区町村コード": 104, "所在地": "宮城県仙台市太白区長町南４丁目１９－１１", "緯度": 38.220196, "経度": 140.871964, "url": "https://www.iryou.teikyouseido.mhlw.go.jp/znk-web/juminkanja/S2430/initialize?prefCd=04&kikanCd=810078&kikanKbn=3", "url2": "http://www.brillance.jp", "内容": "ブリアンス歯科【3:歯科】宮城県仙台市太白区長町南４丁目１９－１１" }, "geometry": { "type": "Point", "coordinates": [ 140.871964, 38.220196 ] } },
{ "type": "Feature", "properties": { "ID": 43810079, "正式名称": "藤枝歯科医院", "機関区分": 3, "都道府県コード": 4, "市区町村コード": 104, "所在地": "宮城県仙台市太白区八木山香澄町４－１７", "緯度": 38.244236, "経度": 140.860657, "url": "https://www.iryou.teikyouseido.mhlw.go.jp/znk-web/juminkanja/S2430/initialize?prefCd=04&kikanCd=810079&kikanKbn=3", "url2": null, "内容": "藤枝歯科医院【3:歯科】宮城県仙台市太白区八木山香澄町４－１７" }, "geometry": { "type": "Point", "coordinates": [ 140.860657, 38.244236 ] } },
{ "type": "Feature", "properties": { "ID": 43810080, "正式名称": "やまもり歯科クリニック", "機関区分": 3, "都道府県コード": 4, "市区町村コード": 104, "所在地": "宮城県仙台市太白区西中田４丁目１２－３４", "緯度": 38.195457, "経度": 140.882874, "url": "https://www.iryou.teikyouseido.mhlw.go.jp/znk-web/juminkanja/S2430/initialize?prefCd=04&kikanCd=810080&kikanKbn=3", "url2": null, "内容": "やまもり歯科クリニック【3:歯科】宮城県仙台市太白区西中田４丁目１２－３４" }, "geometry": { "type": "Point", "coordinates": [ 140.882874, 38.195457 ] } },
{ "type": "Feature", "properties": { "ID": 43810081, "正式名称": "浜田歯科医院", "機関区分": 3, "都道府県コード": 4, "市区町村コード": 104, "所在地": "宮城県仙台市太白区西中田６丁目１０－１", "緯度": 38.192284, "経度": 140.881546, "url": "https://www.iryou.teikyouseido.mhlw.go.jp/znk-web/juminkanja/S2430/initialize?prefCd=04&kikanCd=810081&kikanKbn=3", "url2": null, "内容": "浜田歯科医院【3:歯科】宮城県仙台市太白区西中田６丁目１０－１" }, "geometry": { "type": "Point", "coordinates": [ 140.881546, 38.192284 ] } },
{ "type": "Feature", "properties": { "ID": 43810082, "正式名称": "畠山歯科医院", "機関区分": 3, "都道府県コード": 4, "市区町村コード": 104, "所在地": "宮城県仙台市太白区西多賀二丁目６－４１", "緯度": 38.220531, "経度": 140.856979, "url": "https://www.iryou.teikyouseido.mhlw.go.jp/znk-web/juminkanja/S2430/initialize?prefCd=04&kikanCd=810082&kikanKbn=3", "url2": "http://www.hdc-dentcare.com", "内容": "畠山歯科医院【3:歯科】宮城県仙台市太白区西多賀二丁目６－４１" }, "geometry": { "type": "Point", "coordinates": [ 140.856979, 38.220531 ] } },
{ "type": "Feature", "properties": { "ID": 43810083, "正式名称": "なのはな歯科", "機関区分": 3, "都道府県コード": 4, "市区町村コード": 104, "所在地": "宮城県仙台市太白区富沢４－６－１－２０５", "緯度": 38.215317, "経度": 140.870605, "url": "https://www.iryou.teikyouseido.mhlw.go.jp/znk-web/juminkanja/S2430/initialize?prefCd=04&kikanCd=810083&kikanKbn=3", "url2": "http://www.nanohana-do.com", "内容": "なのはな歯科【3:歯科】宮城県仙台市太白区富沢４－６－１－２０５" }, "geometry": { "type": "Point", "coordinates": [ 140.870605, 38.215317 ] } },
{ "type": "Feature", "properties": { "ID": 43810085, "正式名称": "医療法人　藤田会　藤田歯科医院", "機関区分": 3, "都道府県コード": 4, "市区町村コード": 102, "所在地": "宮城県仙台市宮城野区出花２丁目３－３", "緯度": 38.279697, "経度": 140.985916, "url": "https://www.iryou.teikyouseido.mhlw.go.jp/znk-web/juminkanja/S2430/initialize?prefCd=04&kikanCd=810085&kikanKbn=3", "url2": "fujitakai.com", "内容": "医療法人　藤田会　藤田歯科医院【3:歯科】宮城県仙台市宮城野区出花２丁目３－３" }, "geometry": { "type": "Point", "coordinates": [ 140.985916, 38.279697 ] } },
{ "type": "Feature", "properties": { "ID": 43810087, "正式名称": "杜の歯科クリニック", "機関区分": 3, "都道府県コード": 4, "市区町村コード": 102, "所在地": "宮城県仙台市宮城野区幸町５丁目１０－１　イオン仙台幸町ショッピングセンター内２階", "緯度": 38.273415, "経度": 140.903091, "url": "https://www.iryou.teikyouseido.mhlw.go.jp/znk-web/juminkanja/S2430/initialize?prefCd=04&kikanCd=810087&kikanKbn=3", "url2": null, "内容": "杜の歯科クリニック【3:歯科】宮城県仙台市宮城野区幸町５丁目１０－１　イオン仙台幸町ショッピングセンター内２階" }, "geometry": { "type": "Point", "coordinates": [ 140.903091, 38.273415 ] } },
{ "type": "Feature", "properties": { "ID": 43810089, "正式名称": "わくやお歯科", "機関区分": 3, "都道府県コード": 4, "市区町村コード": 501, "所在地": "宮城県遠田郡涌谷町涌谷洞ヶ崎５", "緯度": 38.537005, "経度": 141.147617, "url": "https://www.iryou.teikyouseido.mhlw.go.jp/znk-web/juminkanja/S2430/initialize?prefCd=04&kikanCd=810089&kikanKbn=3", "url2": null, "内容": "わくやお歯科【3:歯科】宮城県遠田郡涌谷町涌谷洞ヶ崎５" }, "geometry": { "type": "Point", "coordinates": [ 141.147617, 38.537005 ] } },
{ "type": "Feature", "properties": { "ID": 43810091, "正式名称": "栗生歯科クリニック", "機関区分": 3, "都道府県コード": 4, "市区町村コード": 215, "所在地": "宮城県大崎市古川福浦１－１１－１６", "緯度": 38.590282, "経度": 140.959152, "url": "https://www.iryou.teikyouseido.mhlw.go.jp/znk-web/juminkanja/S2430/initialize?prefCd=04&kikanCd=810091&kikanKbn=3", "url2": null, "内容": "栗生歯科クリニック【3:歯科】宮城県大崎市古川福浦１－１１－１６" }, "geometry": { "type": "Point", "coordinates": [ 140.959152, 38.590282 ] } },
{ "type": "Feature", "properties": { "ID": 43810093, "正式名称": "目黒歯科クリニック", "機関区分": 3, "都道府県コード": 4, "市区町村コード": 341, "所在地": "宮城県伊具郡丸森町大内字山屋敷９８－１", "緯度": 37.873783, "経度": 140.82579, "url": "https://www.iryou.teikyouseido.mhlw.go.jp/znk-web/juminkanja/S2430/initialize?prefCd=04&kikanCd=810093&kikanKbn=3", "url2": null, "内容": "目黒歯科クリニック【3:歯科】宮城県伊具郡丸森町大内字山屋敷９８－１" }, "geometry": { "type": "Point", "coordinates": [ 140.82579, 37.873783 ] } },
{ "type": "Feature", "properties": { "ID": 43810094, "正式名称": "伊藤歯科クリニック", "機関区分": 3, "都道府県コード": 4, "市区町村コード": 208, "所在地": "宮城県角田市横倉今谷２９０－１", "緯度": 37.987495, "経度": 140.767303, "url": "https://www.iryou.teikyouseido.mhlw.go.jp/znk-web/juminkanja/S2430/initialize?prefCd=04&kikanCd=810094&kikanKbn=3", "url2": null, "内容": "伊藤歯科クリニック【3:歯科】宮城県角田市横倉今谷２９０－１" }, "geometry": { "type": "Point", "coordinates": [ 140.767303, 37.987495 ] } },
{ "type": "Feature", "properties": { "ID": 43810095, "正式名称": "かまた歯科医院", "機関区分": 3, "都道府県コード": 4, "市区町村コード": 208, "所在地": "宮城県角田市角田字幸町７３", "緯度": 37.979691, "経度": 140.778229, "url": "https://www.iryou.teikyouseido.mhlw.go.jp/znk-web/juminkanja/S2430/initialize?prefCd=04&kikanCd=810095&kikanKbn=3", "url2": null, "内容": "かまた歯科医院【3:歯科】宮城県角田市角田字幸町７３" }, "geometry": { "type": "Point", "coordinates": [ 140.778229, 37.979691 ] } },
{ "type": "Feature", "properties": { "ID": 43810096, "正式名称": "松井歯科医院", "機関区分": 3, "都道府県コード": 4, "市区町村コード": 103, "所在地": "宮城県仙台市若林区上飯田４丁目１３－１７", "緯度": 38.217564, "経度": 140.927887, "url": "https://www.iryou.teikyouseido.mhlw.go.jp/znk-web/juminkanja/S2430/initialize?prefCd=04&kikanCd=810096&kikanKbn=3", "url2": null, "内容": "松井歯科医院【3:歯科】宮城県仙台市若林区上飯田４丁目１３－１７" }, "geometry": { "type": "Point", "coordinates": [ 140.927887, 38.217564 ] } },
{ "type": "Feature", "properties": { "ID": 43810097, "正式名称": "おいかわ歯科医院", "機関区分": 3, "都道府県コード": 4, "市区町村コード": 102, "所在地": "宮城県仙台市宮城野区東仙台４丁目３－６　コーラルビル２階", "緯度": 38.273834, "経度": 140.912369, "url": "https://www.iryou.teikyouseido.mhlw.go.jp/znk-web/juminkanja/S2430/initialize?prefCd=04&kikanCd=810097&kikanKbn=3", "url2": null, "内容": "おいかわ歯科医院【3:歯科】宮城県仙台市宮城野区東仙台４丁目３－６　コーラルビル２階" }, "geometry": { "type": "Point", "coordinates": [ 140.912369, 38.273834 ] } },
{ "type": "Feature", "properties": { "ID": 43810099, "正式名称": "岡田歯科医院", "機関区分": 3, "都道府県コード": 4, "市区町村コード": 102, "所在地": "宮城県仙台市宮城野区岡田字南在家９１－３", "緯度": 38.2407, "経度": 140.972, "url": "https://www.iryou.teikyouseido.mhlw.go.jp/znk-web/juminkanja/S2430/initialize?prefCd=04&kikanCd=810099&kikanKbn=3", "url2": null, "内容": "岡田歯科医院【3:歯科】宮城県仙台市宮城野区岡田字南在家９１－３" }, "geometry": { "type": "Point", "coordinates": [ 140.972, 38.2407 ] } },
{ "type": "Feature", "properties": { "ID": 43810100, "正式名称": "小野歯科医院", "機関区分": 3, "都道府県コード": 4, "市区町村コード": 102, "所在地": "宮城県仙台市宮城野区榴岡４丁目１２－５　第１サクラビル３Ｆ", "緯度": 38.259071, "経度": 140.889542, "url": "https://www.iryou.teikyouseido.mhlw.go.jp/znk-web/juminkanja/S2430/initialize?prefCd=04&kikanCd=810100&kikanKbn=3", "url2": "http://onoshika.in", "内容": "小野歯科医院【3:歯科】宮城県仙台市宮城野区榴岡４丁目１２－５　第１サクラビル３Ｆ" }, "geometry": { "type": "Point", "coordinates": [ 140.889542, 38.259071 ] } },
{ "type": "Feature", "properties": { "ID": 43810101, "正式名称": "千葉歯科医院", "機関区分": 3, "都道府県コード": 4, "市区町村コード": 101, "所在地": "宮城県仙台市青葉区昭和町２－１９", "緯度": 38.27924, "経度": 140.868378, "url": "https://www.iryou.teikyouseido.mhlw.go.jp/znk-web/juminkanja/S2430/initialize?prefCd=04&kikanCd=810101&kikanKbn=3", "url2": null, "内容": "千葉歯科医院【3:歯科】宮城県仙台市青葉区昭和町２－１９" }, "geometry": { "type": "Point", "coordinates": [ 140.868378, 38.27924 ] } },
{ "type": "Feature", "properties": { "ID": 43810102, "正式名称": "千葉歯科クリニック", "機関区分": 3, "都道府県コード": 4, "市区町村コード": 101, "所在地": "宮城県仙台市青葉区桜ケ丘３丁目８－７", "緯度": 38.30315, "経度": 140.853394, "url": "https://www.iryou.teikyouseido.mhlw.go.jp/znk-web/juminkanja/S2430/initialize?prefCd=04&kikanCd=810102&kikanKbn=3", "url2": "http://www.chibashika.jp/", "内容": "千葉歯科クリニック【3:歯科】宮城県仙台市青葉区桜ケ丘３丁目８－７" }, "geometry": { "type": "Point", "coordinates": [ 140.853394, 38.30315 ] } },
{ "type": "Feature", "properties": { "ID": 43810104, "正式名称": "医療法人　中條　中條幸一デンタルオフィス", "機関区分": 3, "都道府県コード": 4, "市区町村コード": 101, "所在地": "宮城県仙台市青葉区昭和町５－３６", "緯度": 38.28159, "経度": 140.868637, "url": "https://www.iryou.teikyouseido.mhlw.go.jp/znk-web/juminkanja/S2430/initialize?prefCd=04&kikanCd=810104&kikanKbn=3", "url2": null, "内容": "医療法人　中條　中條幸一デンタルオフィス【3:歯科】宮城県仙台市青葉区昭和町５－３６" }, "geometry": { "type": "Point", "coordinates": [ 140.868637, 38.28159 ] } },
{ "type": "Feature", "properties": { "ID": 43810111, "正式名称": "なごみ歯科仙台", "機関区分": 3, "都道府県コード": 4, "市区町村コード": 101, "所在地": "宮城県仙台市青葉区中央２丁目７－３０　角川ビル１０６", "緯度": 38.262001, "経度": 140.87674, "url": "https://www.iryou.teikyouseido.mhlw.go.jp/znk-web/juminkanja/S2430/initialize?prefCd=04&kikanCd=810111&kikanKbn=3", "url2": "http://nagomishika-sendai.jp", "内容": "なごみ歯科仙台【3:歯科】宮城県仙台市青葉区中央２丁目７－３０　角川ビル１０６" }, "geometry": { "type": "Point", "coordinates": [ 140.87674, 38.262001 ] } },
{ "type": "Feature", "properties": { "ID": 43810112, "正式名称": "桃李園歯科医院", "機関区分": 3, "都道府県コード": 4, "市区町村コード": 101, "所在地": "宮城県仙台市青葉区立町２５－１　桃李園ビル２階", "緯度": 38.264023, "経度": 140.86618, "url": "https://www.iryou.teikyouseido.mhlw.go.jp/znk-web/juminkanja/S2430/initialize?prefCd=04&kikanCd=810112&kikanKbn=3", "url2": null, "内容": "桃李園歯科医院【3:歯科】宮城県仙台市青葉区立町２５－１　桃李園ビル２階" }, "geometry": { "type": "Point", "coordinates": [ 140.86618, 38.264023 ] } },
{ "type": "Feature", "properties": { "ID": 43810114, "正式名称": "ナオキ歯科医院", "機関区分": 3, "都道府県コード": 4, "市区町村コード": 101, "所在地": "宮城県仙台市青葉区本町１－１－１アジュール仙台５階", "緯度": 38.263596, "経度": 140.879913, "url": "https://www.iryou.teikyouseido.mhlw.go.jp/znk-web/juminkanja/S2430/initialize?prefCd=04&kikanCd=810114&kikanKbn=3", "url2": "https://www.naoki-shika.com/", "内容": "ナオキ歯科医院【3:歯科】宮城県仙台市青葉区本町１－１－１アジュール仙台５階" }, "geometry": { "type": "Point", "coordinates": [ 140.879913, 38.263596 ] } },
{ "type": "Feature", "properties": { "ID": 43810115, "正式名称": "中嶋歯科医院", "機関区分": 3, "都道府県コード": 4, "市区町村コード": 101, "所在地": "宮城県仙台市青葉区一番町１丁目１１－２１", "緯度": 38.25671, "経度": 140.873413, "url": "https://www.iryou.teikyouseido.mhlw.go.jp/znk-web/juminkanja/S2430/initialize?prefCd=04&kikanCd=810115&kikanKbn=3", "url2": null, "内容": "中嶋歯科医院【3:歯科】宮城県仙台市青葉区一番町１丁目１１－２１" }, "geometry": { "type": "Point", "coordinates": [ 140.873413, 38.25671 ] } },
{ "type": "Feature", "properties": { "ID": 43810118, "正式名称": "中山歯科", "機関区分": 3, "都道府県コード": 4, "市区町村コード": 101, "所在地": "宮城県仙台市青葉区中山６−６−４５", "緯度": 38.294052, "経度": 140.838837, "url": "https://www.iryou.teikyouseido.mhlw.go.jp/znk-web/juminkanja/S2430/initialize?prefCd=04&kikanCd=810118&kikanKbn=3", "url2": "http://nakayamashika999.com", "内容": "中山歯科【3:歯科】宮城県仙台市青葉区中山６−６−４５" }, "geometry": { "type": "Point", "coordinates": [ 140.838837, 38.294052 ] } },
{ "type": "Feature", "properties": { "ID": 43810119, "正式名称": "錦ヶ丘歯科クリニック", "機関区分": 3, "都道府県コード": 4, "市区町村コード": 101, "所在地": "宮城県仙台市青葉区錦ケ丘１丁目３番地の１", "緯度": 38.257351, "経度": 140.764008, "url": "https://www.iryou.teikyouseido.mhlw.go.jp/znk-web/juminkanja/S2430/initialize?prefCd=04&kikanCd=810119&kikanKbn=3", "url2": null, "内容": "錦ヶ丘歯科クリニック【3:歯科】宮城県仙台市青葉区錦ケ丘１丁目３番地の１" }, "geometry": { "type": "Point", "coordinates": [ 140.764008, 38.257351 ] } },
{ "type": "Feature", "properties": { "ID": 43810122, "正式名称": "西仙台歯科医院", "機関区分": 3, "都道府県コード": 4, "市区町村コード": 101, "所在地": "宮城県仙台市青葉区落合１丁目１８－５", "緯度": 38.270947, "経度": 140.79071, "url": "https://www.iryou.teikyouseido.mhlw.go.jp/znk-web/juminkanja/S2430/initialize?prefCd=04&kikanCd=810122&kikanKbn=3", "url2": "http://www.nishisendai-dental.com/", "内容": "西仙台歯科医院【3:歯科】宮城県仙台市青葉区落合１丁目１８－５" }, "geometry": { "type": "Point", "coordinates": [ 140.79071, 38.270947 ] } },
{ "type": "Feature", "properties": { "ID": 43810128, "正式名称": "はた歯科こども歯科", "機関区分": 3, "都道府県コード": 4, "市区町村コード": 101, "所在地": "宮城県仙台市青葉区落合５丁目２５－５３", "緯度": 38.272457, "経度": 140.784958, "url": "https://www.iryou.teikyouseido.mhlw.go.jp/znk-web/juminkanja/S2430/initialize?prefCd=04&kikanCd=810128&kikanKbn=3", "url2": "http://hatashika.jp/", "内容": "はた歯科こども歯科【3:歯科】宮城県仙台市青葉区落合５丁目２５－５３" }, "geometry": { "type": "Point", "coordinates": [ 140.784958, 38.272457 ] } },
{ "type": "Feature", "properties": { "ID": 43810129, "正式名称": "はちまん歯科医院", "機関区分": 3, "都道府県コード": 4, "市区町村コード": 101, "所在地": "宮城県仙台市青葉区広瀬町４丁目８　ライオンズタワー仙台広瀬２１５号室", "緯度": 38.269844, "経度": 140.856445, "url": "https://www.iryou.teikyouseido.mhlw.go.jp/znk-web/juminkanja/S2430/initialize?prefCd=04&kikanCd=810129&kikanKbn=3", "url2": null, "内容": "はちまん歯科医院【3:歯科】宮城県仙台市青葉区広瀬町４丁目８　ライオンズタワー仙台広瀬２１５号室" }, "geometry": { "type": "Point", "coordinates": [ 140.856445, 38.269844 ] } },
{ "type": "Feature", "properties": { "ID": 43810130, "正式名称": "花岡歯科医院", "機関区分": 3, "都道府県コード": 4, "市区町村コード": 101, "所在地": "宮城県仙台市青葉区熊ヶ根字町一番の五４－１", "緯度": 38.29351, "経度": 140.688934, "url": "https://www.iryou.teikyouseido.mhlw.go.jp/znk-web/juminkanja/S2430/initialize?prefCd=04&kikanCd=810130&kikanKbn=3", "url2": "http://hanaoka-shika.jp/", "内容": "花岡歯科医院【3:歯科】宮城県仙台市青葉区熊ヶ根字町一番の五４－１" }, "geometry": { "type": "Point", "coordinates": [ 140.688934, 38.29351 ] } },
{ "type": "Feature", "properties": { "ID": 43810131, "正式名称": "濱田歯科医院", "機関区分": 3, "都道府県コード": 4, "市区町村コード": 101, "所在地": "宮城県仙台市青葉区国見ケ丘１丁目３３－３", "緯度": 38.292084, "経度": 140.82901, "url": "https://www.iryou.teikyouseido.mhlw.go.jp/znk-web/juminkanja/S2430/initialize?prefCd=04&kikanCd=810131&kikanKbn=3", "url2": null, "内容": "濱田歯科医院【3:歯科】宮城県仙台市青葉区国見ケ丘１丁目３３－３" }, "geometry": { "type": "Point", "coordinates": [ 140.82901, 38.292084 ] } },
{ "type": "Feature", "properties": { "ID": 43810132, "正式名称": "早坂歯科医院", "機関区分": 3, "都道府県コード": 4, "市区町村コード": 101, "所在地": "宮城県仙台市青葉区中央１丁目６－２５", "緯度": 38.262581, "経度": 140.878815, "url": "https://www.iryou.teikyouseido.mhlw.go.jp/znk-web/juminkanja/S2430/initialize?prefCd=04&kikanCd=810132&kikanKbn=3", "url2": null, "内容": "早坂歯科医院【3:歯科】宮城県仙台市青葉区中央１丁目６－２５" }, "geometry": { "type": "Point", "coordinates": [ 140.878815, 38.262581 ] } },
{ "type": "Feature", "properties": { "ID": 43810133, "正式名称": "はやし歯科医院", "機関区分": 3, "都道府県コード": 4, "市区町村コード": 101, "所在地": "宮城県仙台市青葉区子平町", "緯度": 38.277603, "経度": 140.848709, "url": "https://www.iryou.teikyouseido.mhlw.go.jp/znk-web/juminkanja/S2430/initialize?prefCd=04&kikanCd=810133&kikanKbn=3", "url2": null, "内容": "はやし歯科医院【3:歯科】宮城県仙台市青葉区子平町" }, "geometry": { "type": "Point", "coordinates": [ 140.848709, 38.277603 ] } },
{ "type": "Feature", "properties": { "ID": 43810134, "正式名称": "ｐｍｊ木町通デンタルクリニック", "機関区分": 3, "都道府県コード": 4, "市区町村コード": 101, "所在地": "宮城県仙台市青葉区木町通１－８－２８－２Ｆ", "緯度": 38.270979, "経度": 140.862652, "url": "https://www.iryou.teikyouseido.mhlw.go.jp/znk-web/juminkanja/S2430/initialize?prefCd=04&kikanCd=810134&kikanKbn=3", "url2": "http://pmj-sendai.com", "内容": "ｐｍｊ木町通デンタルクリニック【3:歯科】宮城県仙台市青葉区木町通１－８－２８－２Ｆ" }, "geometry": { "type": "Point", "coordinates": [ 140.862652, 38.270979 ] } },
{ "type": "Feature", "properties": { "ID": 43810136, "正式名称": "菱沼歯科", "機関区分": 3, "都道府県コード": 4, "市区町村コード": 101, "所在地": "宮城県仙台市青葉区木町通１丁目２－３０", "緯度": 38.268719, "経度": 140.864548, "url": "https://www.iryou.teikyouseido.mhlw.go.jp/znk-web/juminkanja/S2430/initialize?prefCd=04&kikanCd=810136&kikanKbn=3", "url2": null, "内容": "菱沼歯科【3:歯科】宮城県仙台市青葉区木町通１丁目２－３０" }, "geometry": { "type": "Point", "coordinates": [ 140.864548, 38.268719 ] } },
{ "type": "Feature", "properties": { "ID": 43810137, "正式名称": "歯科ソレイユ", "機関区分": 3, "都道府県コード": 4, "市区町村コード": 101, "所在地": "宮城県仙台市青葉区荒巻本沢２−１１−１１エステート杜２階", "緯度": 38.288853, "経度": 140.855698, "url": "https://www.iryou.teikyouseido.mhlw.go.jp/znk-web/juminkanja/S2430/initialize?prefCd=04&kikanCd=810137&kikanKbn=3", "url2": "http://www.dental-soleil.com/", "内容": "歯科ソレイユ【3:歯科】宮城県仙台市青葉区荒巻本沢２−１１−１１エステート杜２階" }, "geometry": { "type": "Point", "coordinates": [ 140.855698, 38.288853 ] } },
{ "type": "Feature", "properties": { "ID": 43810138, "正式名称": "ひらつか歯科医院", "機関区分": 3, "都道府県コード": 4, "市区町村コード": 101, "所在地": "宮城県仙台市青葉区愛子東６丁目８－１０", "緯度": 38.271385, "経度": 140.76474, "url": "https://www.iryou.teikyouseido.mhlw.go.jp/znk-web/juminkanja/S2430/initialize?prefCd=04&kikanCd=810138&kikanKbn=3", "url2": "http://hiratsuka-dent.com", "内容": "ひらつか歯科医院【3:歯科】宮城県仙台市青葉区愛子東６丁目８－１０" }, "geometry": { "type": "Point", "coordinates": [ 140.76474, 38.271385 ] } },
{ "type": "Feature", "properties": { "ID": 43810139, "正式名称": "ファミリー小児歯科", "機関区分": 3, "都道府県コード": 4, "市区町村コード": 101, "所在地": "宮城県仙台市青葉区川平３丁目４１－１", "緯度": 38.306927, "経度": 140.836319, "url": "https://www.iryou.teikyouseido.mhlw.go.jp/znk-web/juminkanja/S2430/initialize?prefCd=04&kikanCd=810139&kikanKbn=3", "url2": null, "内容": "ファミリー小児歯科【3:歯科】宮城県仙台市青葉区川平３丁目４１－１" }, "geometry": { "type": "Point", "coordinates": [ 140.836319, 38.306927 ] } },
{ "type": "Feature", "properties": { "ID": 43810140, "正式名称": "古内歯科クリニック", "機関区分": 3, "都道府県コード": 4, "市区町村コード": 101, "所在地": "宮城県仙台市青葉区中央２丁目２－１０　仙都会舘３Ｆ", "緯度": 38.260857, "経度": 140.876526, "url": "https://www.iryou.teikyouseido.mhlw.go.jp/znk-web/juminkanja/S2430/initialize?prefCd=04&kikanCd=810140&kikanKbn=3", "url2": null, "内容": "古内歯科クリニック【3:歯科】宮城県仙台市青葉区中央２丁目２－１０　仙都会舘３Ｆ" }, "geometry": { "type": "Point", "coordinates": [ 140.876526, 38.260857 ] } },
{ "type": "Feature", "properties": { "ID": 43810141, "正式名称": "長谷川矯正歯科クリニック", "機関区分": 3, "都道府県コード": 4, "市区町村コード": 101, "所在地": "宮城県仙台市青葉区中央１丁目６－２３　鹿島ビル３Ｆ", "緯度": 38.262775, "経度": 140.878662, "url": "https://www.iryou.teikyouseido.mhlw.go.jp/znk-web/juminkanja/S2430/initialize?prefCd=04&kikanCd=810141&kikanKbn=3", "url2": "http://www.hasegawakyousei.net", "内容": "長谷川矯正歯科クリニック【3:歯科】宮城県仙台市青葉区中央１丁目６－２３　鹿島ビル３Ｆ" }, "geometry": { "type": "Point", "coordinates": [ 140.878662, 38.262775 ] } },
{ "type": "Feature", "properties": { "ID": 43810142, "正式名称": "本町歯科医院", "機関区分": 3, "都道府県コード": 4, "市区町村コード": 101, "所在地": "宮城県仙台市青葉区本町", "緯度": 38.266563, "経度": 140.877945, "url": "https://www.iryou.teikyouseido.mhlw.go.jp/znk-web/juminkanja/S2430/initialize?prefCd=04&kikanCd=810142&kikanKbn=3", "url2": null, "内容": "本町歯科医院【3:歯科】宮城県仙台市青葉区本町" }, "geometry": { "type": "Point", "coordinates": [ 140.877945, 38.266563 ] } },
{ "type": "Feature", "properties": { "ID": 43810143, "正式名称": "医療法人本町たなか歯科医院", "機関区分": 3, "都道府県コード": 4, "市区町村コード": 101, "所在地": "宮城県仙台市青葉区本町", "緯度": 38.264015, "経度": 140.876144, "url": "https://www.iryou.teikyouseido.mhlw.go.jp/znk-web/juminkanja/S2430/initialize?prefCd=04&kikanCd=810143&kikanKbn=3", "url2": "https://www.honchotanaka-dd.com/", "内容": "医療法人本町たなか歯科医院【3:歯科】宮城県仙台市青葉区本町" }, "geometry": { "type": "Point", "coordinates": [ 140.876144, 38.264015 ] } },
{ "type": "Feature", "properties": { "ID": 43810144, "正式名称": "医療法人　まさみ歯科", "機関区分": 3, "都道府県コード": 4, "市区町村コード": 101, "所在地": "宮城県仙台市青葉区南吉成３丁目１－２３", "緯度": 38.286079, "経度": 140.81723, "url": "https://www.iryou.teikyouseido.mhlw.go.jp/znk-web/juminkanja/S2430/initialize?prefCd=04&kikanCd=810144&kikanKbn=3", "url2": "http://www.masami-shika.com", "内容": "医療法人　まさみ歯科【3:歯科】宮城県仙台市青葉区南吉成３丁目１－２３" }, "geometry": { "type": "Point", "coordinates": [ 140.81723, 38.286079 ] } },
{ "type": "Feature", "properties": { "ID": 43810145, "正式名称": "松尾歯科医院", "機関区分": 3, "都道府県コード": 4, "市区町村コード": 101, "所在地": "宮城県仙台市青葉区高松２丁目１１－７４", "緯度": 38.279808, "経度": 140.890006, "url": "https://www.iryou.teikyouseido.mhlw.go.jp/znk-web/juminkanja/S2430/initialize?prefCd=04&kikanCd=810145&kikanKbn=3", "url2": "https://matsuodc.jp", "内容": "松尾歯科医院【3:歯科】宮城県仙台市青葉区高松２丁目１１－７４" }, "geometry": { "type": "Point", "coordinates": [ 140.890006, 38.279808 ] } },
{ "type": "Feature", "properties": { "ID": 43810147, "正式名称": "三浦歯科医院", "機関区分": 3, "都道府県コード": 4, "市区町村コード": 101, "所在地": "宮城県仙台市青葉区広瀬町５－７", "緯度": 38.269379, "経度": 140.856018, "url": "https://www.iryou.teikyouseido.mhlw.go.jp/znk-web/juminkanja/S2430/initialize?prefCd=04&kikanCd=810147&kikanKbn=3", "url2": "http://www.hm-one.com/", "内容": "三浦歯科医院【3:歯科】宮城県仙台市青葉区広瀬町５－７" }, "geometry": { "type": "Point", "coordinates": [ 140.856018, 38.269379 ] } },
{ "type": "Feature", "properties": { "ID": 43810148, "正式名称": "南吉成歯科医院", "機関区分": 3, "都道府県コード": 4, "市区町村コード": 101, "所在地": "宮城県仙台市青葉区南吉成４丁目１４番地", "緯度": 38.289391, "経度": 140.81543, "url": "https://www.iryou.teikyouseido.mhlw.go.jp/znk-web/juminkanja/S2430/initialize?prefCd=04&kikanCd=810148&kikanKbn=3", "url2": null, "内容": "南吉成歯科医院【3:歯科】宮城県仙台市青葉区南吉成４丁目１４番地" }, "geometry": { "type": "Point", "coordinates": [ 140.81543, 38.289391 ] } },
{ "type": "Feature", "properties": { "ID": 43810149, "正式名称": "宮内歯科医院", "機関区分": 3, "都道府県コード": 4, "市区町村コード": 101, "所在地": "宮城県仙台市青葉区落合１丁目１７－４５", "緯度": 38.271809, "経度": 140.790863, "url": "https://www.iryou.teikyouseido.mhlw.go.jp/znk-web/juminkanja/S2430/initialize?prefCd=04&kikanCd=810149&kikanKbn=3", "url2": "http://www.miyauchi-dental.com", "内容": "宮内歯科医院【3:歯科】宮城県仙台市青葉区落合１丁目１７－４５" }, "geometry": { "type": "Point", "coordinates": [ 140.790863, 38.271809 ] } },
{ "type": "Feature", "properties": { "ID": 43810150, "正式名称": "仙台一番町やながわ歯科医院", "機関区分": 3, "都道府県コード": 4, "市区町村コード": 101, "所在地": "宮城県仙台市青葉区一番町１－１６－２１", "緯度": 38.256149, "経度": 140.869888, "url": "https://www.iryou.teikyouseido.mhlw.go.jp/znk-web/juminkanja/S2430/initialize?prefCd=04&kikanCd=810150&kikanKbn=3", "url2": "https://yanagawashika.com", "内容": "仙台一番町やながわ歯科医院【3:歯科】宮城県仙台市青葉区一番町１－１６－２１" }, "geometry": { "type": "Point", "coordinates": [ 140.869888, 38.256149 ] } },
{ "type": "Feature", "properties": { "ID": 43810151, "正式名称": "山崎歯科医院", "機関区分": 3, "都道府県コード": 4, "市区町村コード": 101, "所在地": "宮城県仙台市青葉区上杉２丁目２－３４", "緯度": 38.27367, "経度": 140.871307, "url": "https://www.iryou.teikyouseido.mhlw.go.jp/znk-web/juminkanja/S2430/initialize?prefCd=04&kikanCd=810151&kikanKbn=3", "url2": null, "内容": "山崎歯科医院【3:歯科】宮城県仙台市青葉区上杉２丁目２－３４" }, "geometry": { "type": "Point", "coordinates": [ 140.871307, 38.27367 ] } },
{ "type": "Feature", "properties": { "ID": 43810152, "正式名称": "医療法人社団　山下歯科クリニック", "機関区分": 3, "都道府県コード": 4, "市区町村コード": 101, "所在地": "宮城県仙台市青葉区東勝山２丁目２３－１４", "緯度": 38.294044, "経度": 140.864502, "url": "https://www.iryou.teikyouseido.mhlw.go.jp/znk-web/juminkanja/S2430/initialize?prefCd=04&kikanCd=810152&kikanKbn=3", "url2": "http://www.yamashita-shika.jp/", "内容": "医療法人社団　山下歯科クリニック【3:歯科】宮城県仙台市青葉区東勝山２丁目２３－１４" }, "geometry": { "type": "Point", "coordinates": [ 140.864502, 38.294044 ] } },
{ "type": "Feature", "properties": { "ID": 43810155, "正式名称": "山村歯科医院", "機関区分": 3, "都道府県コード": 4, "市区町村コード": 101, "所在地": "宮城県仙台市青葉区一番町３丁目８－３", "緯度": 38.261257, "経度": 140.872513, "url": "https://www.iryou.teikyouseido.mhlw.go.jp/znk-web/juminkanja/S2430/initialize?prefCd=04&kikanCd=810155&kikanKbn=3", "url2": "http://www.yamamura-shika.com", "内容": "山村歯科医院【3:歯科】宮城県仙台市青葉区一番町３丁目８－３" }, "geometry": { "type": "Point", "coordinates": [ 140.872513, 38.261257 ] } },
{ "type": "Feature", "properties": { "ID": 43810156, "正式名称": "医療法人五葉萌芽会　萌芽の森クリニック・歯科", "機関区分": 3, "都道府県コード": 4, "市区町村コード": 101, "所在地": "宮城県仙台市青葉区八幡３丁目１３番５号", "緯度": 38.268021, "経度": 140.849013, "url": "https://www.iryou.teikyouseido.mhlw.go.jp/znk-web/juminkanja/S2430/initialize?prefCd=04&kikanCd=810156&kikanKbn=3", "url2": "https://houga-mori-dc.com/", "内容": "医療法人五葉萌芽会　萌芽の森クリニック・歯科【3:歯科】宮城県仙台市青葉区八幡３丁目１３番５号" }, "geometry": { "type": "Point", "coordinates": [ 140.849013, 38.268021 ] } },
{ "type": "Feature", "properties": { "ID": 43810157, "正式名称": "阿部晴彦歯科診療所", "機関区分": 3, "都道府県コード": 4, "市区町村コード": 101, "所在地": "宮城県仙台市青葉区一番町１丁目６－２２　シャンボール一番町６０５", "緯度": 38.257225, "経度": 140.873505, "url": "https://www.iryou.teikyouseido.mhlw.go.jp/znk-web/juminkanja/S2430/initialize?prefCd=04&kikanCd=810157&kikanKbn=3", "url2": "https://www.abeharuhiko.com/", "内容": "阿部晴彦歯科診療所【3:歯科】宮城県仙台市青葉区一番町１丁目６－２２　シャンボール一番町６０５" }, "geometry": { "type": "Point", "coordinates": [ 140.873505, 38.257225 ] } },
{ "type": "Feature", "properties": { "ID": 43810158, "正式名称": "あやし小野歯科", "機関区分": 3, "都道府県コード": 4, "市区町村コード": 101, "所在地": "宮城県仙台市青葉区愛子中央２丁目９－１９", "緯度": 38.275574, "経度": 140.764221, "url": "https://www.iryou.teikyouseido.mhlw.go.jp/znk-web/juminkanja/S2430/initialize?prefCd=04&kikanCd=810158&kikanKbn=3", "url2": null, "内容": "あやし小野歯科【3:歯科】宮城県仙台市青葉区愛子中央２丁目９－１９" }, "geometry": { "type": "Point", "coordinates": [ 140.764221, 38.275574 ] } },
{ "type": "Feature", "properties": { "ID": 43810162, "正式名称": "ミント歯科クリニック", "機関区分": 3, "都道府県コード": 4, "市区町村コード": 101, "所在地": "宮城県仙台市青葉区錦ケ丘７−２０−１０", "緯度": 38.25685, "経度": 140.759209, "url": "https://www.iryou.teikyouseido.mhlw.go.jp/znk-web/juminkanja/S2430/initialize?prefCd=04&kikanCd=810162&kikanKbn=3", "url2": "https://mint-dentalclinic.com/", "内容": "ミント歯科クリニック【3:歯科】宮城県仙台市青葉区錦ケ丘７−２０−１０" }, "geometry": { "type": "Point", "coordinates": [ 140.759209, 38.25685 ] } },
{ "type": "Feature", "properties": { "ID": 43810163, "正式名称": "ゆずりは歯科医院", "機関区分": 3, "都道府県コード": 4, "市区町村コード": 101, "所在地": "宮城県仙台市青葉区宮町３－７－４４　グリーンリーフ宮町１０１", "緯度": 38.272542, "経度": 140.883926, "url": "https://www.iryou.teikyouseido.mhlw.go.jp/znk-web/juminkanja/S2430/initialize?prefCd=04&kikanCd=810163&kikanKbn=3", "url2": null, "内容": "ゆずりは歯科医院【3:歯科】宮城県仙台市青葉区宮町３－７－４４　グリーンリーフ宮町１０１" }, "geometry": { "type": "Point", "coordinates": [ 140.883926, 38.272542 ] } },
{ "type": "Feature", "properties": { "ID": 43810164, "正式名称": "いいづか歯科", "機関区分": 3, "都道府県コード": 4, "市区町村コード": 101, "所在地": "宮城県仙台市青葉区八幡３丁目１の５０", "緯度": 38.269276, "経度": 140.849335, "url": "https://www.iryou.teikyouseido.mhlw.go.jp/znk-web/juminkanja/S2430/initialize?prefCd=04&kikanCd=810164&kikanKbn=3", "url2": "http://www.iiduka-sika.com", "内容": "いいづか歯科【3:歯科】宮城県仙台市青葉区八幡３丁目１の５０" }, "geometry": { "type": "Point", "coordinates": [ 140.849335, 38.269276 ] } },
{ "type": "Feature", "properties": { "ID": 43810165, "正式名称": "医療法人いき歯科クリニック", "機関区分": 3, "都道府県コード": 4, "市区町村コード": 101, "所在地": "宮城県仙台市青葉区一番町１－１１－２９　イキビル１階", "緯度": 38.256908, "経度": 140.873886, "url": "https://www.iryou.teikyouseido.mhlw.go.jp/znk-web/juminkanja/S2430/initialize?prefCd=04&kikanCd=810165&kikanKbn=3", "url2": null, "内容": "医療法人いき歯科クリニック【3:歯科】宮城県仙台市青葉区一番町１－１１－２９　イキビル１階" }, "geometry": { "type": "Point", "coordinates": [ 140.873886, 38.256908 ] } },
{ "type": "Feature", "properties": { "ID": 43810166, "正式名称": "いずみ歯科医院", "機関区分": 3, "都道府県コード": 4, "市区町村コード": 101, "所在地": "宮城県仙台市青葉区東勝山３丁目８－１５", "緯度": 38.296871, "経度": 140.862549, "url": "https://www.iryou.teikyouseido.mhlw.go.jp/znk-web/juminkanja/S2430/initialize?prefCd=04&kikanCd=810166&kikanKbn=3", "url2": "https://www.izumi-shika.net", "内容": "いずみ歯科医院【3:歯科】宮城県仙台市青葉区東勝山３丁目８－１５" }, "geometry": { "type": "Point", "coordinates": [ 140.862549, 38.296871 ] } },
{ "type": "Feature", "properties": { "ID": 43810167, "正式名称": "エイコデンタルケア", "機関区分": 3, "都道府県コード": 4, "市区町村コード": 101, "所在地": "宮城県仙台市青葉区木町通１丁目６－２８　ライオンズマンション晩翠通２Ｆ", "緯度": 38.269722, "経度": 140.86496, "url": "https://www.iryou.teikyouseido.mhlw.go.jp/znk-web/juminkanja/S2430/initialize?prefCd=04&kikanCd=810167&kikanKbn=3", "url2": "https://eikodental.com/", "内容": "エイコデンタルケア【3:歯科】宮城県仙台市青葉区木町通１丁目６－２８　ライオンズマンション晩翠通２Ｆ" }, "geometry": { "type": "Point", "coordinates": [ 140.86496, 38.269722 ] } },
{ "type": "Feature", "properties": { "ID": 43810168, "正式名称": "Ｉ．Ｔ．Ｓ．　ＤＥＮＴＡＬ　ＣＬＩＮＩＣ", "機関区分": 3, "都道府県コード": 4, "市区町村コード": 101, "所在地": "宮城県仙台市青葉区北根３丁目２３－２９", "緯度": 38.302582, "経度": 140.878464, "url": "https://www.iryou.teikyouseido.mhlw.go.jp/znk-web/juminkanja/S2430/initialize?prefCd=04&kikanCd=810168&kikanKbn=3", "url2": "http://www7b.biglobe.ne.jp/~its-dental-clinic/", "内容": "Ｉ．Ｔ．Ｓ．　ＤＥＮＴＡＬ　ＣＬＩＮＩＣ【3:歯科】宮城県仙台市青葉区北根３丁目２３－２９" }, "geometry": { "type": "Point", "coordinates": [ 140.878464, 38.302582 ] } },
{ "type": "Feature", "properties": { "ID": 43810169, "正式名称": "あおば歯科クリニック", "機関区分": 3, "都道府県コード": 4, "市区町村コード": 101, "所在地": "宮城県仙台市青葉区花京院１丁目１－３０－２０２", "緯度": 38.265461, "経度": 140.880829, "url": "https://www.iryou.teikyouseido.mhlw.go.jp/znk-web/juminkanja/S2430/initialize?prefCd=04&kikanCd=810169&kikanKbn=3", "url2": "http://www.aobadental.jp", "内容": "あおば歯科クリニック【3:歯科】宮城県仙台市青葉区花京院１丁目１－３０－２０２" }, "geometry": { "type": "Point", "coordinates": [ 140.880829, 38.265461 ] } },
{ "type": "Feature", "properties": { "ID": 43810170, "正式名称": "アイビー歯科クリニック明石台", "機関区分": 3, "都道府県コード": 4, "市区町村コード": 216, "所在地": "宮城県富谷市明石台７丁目１－２２", "緯度": 38.346252, "経度": 140.901184, "url": "https://www.iryou.teikyouseido.mhlw.go.jp/znk-web/juminkanja/S2430/initialize?prefCd=04&kikanCd=810170&kikanKbn=3", "url2": "http://www.ivy-dent.com", "内容": "アイビー歯科クリニック明石台【3:歯科】宮城県富谷市明石台７丁目１－２２" }, "geometry": { "type": "Point", "coordinates": [ 140.901184, 38.346252 ] } },
{ "type": "Feature", "properties": { "ID": 43810172, "正式名称": "Ｒ歯科クリニック", "機関区分": 3, "都道府県コード": 4, "市区町村コード": 101, "所在地": "宮城県仙台市青葉区本町２－１８－２４　丸山本町ビル１Ｆ", "緯度": 38.266262, "経度": 140.872986, "url": "https://www.iryou.teikyouseido.mhlw.go.jp/znk-web/juminkanja/S2430/initialize?prefCd=04&kikanCd=810172&kikanKbn=3", "url2": "http://www.r-dentalclinic.com", "内容": "Ｒ歯科クリニック【3:歯科】宮城県仙台市青葉区本町２－１８－２４　丸山本町ビル１Ｆ" }, "geometry": { "type": "Point", "coordinates": [ 140.872986, 38.266262 ] } },
{ "type": "Feature", "properties": { "ID": 43810173, "正式名称": "すがの歯科医院", "機関区分": 3, "都道府県コード": 4, "市区町村コード": 101, "所在地": "宮城県仙台市青葉区花京院２丁目２－７２", "緯度": 38.265796, "経度": 140.882046, "url": "https://www.iryou.teikyouseido.mhlw.go.jp/znk-web/juminkanja/S2430/initialize?prefCd=04&kikanCd=810173&kikanKbn=3", "url2": null, "内容": "すがの歯科医院【3:歯科】宮城県仙台市青葉区花京院２丁目２－７２" }, "geometry": { "type": "Point", "coordinates": [ 140.882046, 38.265796 ] } },
{ "type": "Feature", "properties": { "ID": 43810174, "正式名称": "すがや歯科医院", "機関区分": 3, "都道府県コード": 4, "市区町村コード": 101, "所在地": "宮城県仙台市青葉区中央３－１－１９タカラヤビル３階", "緯度": 38.260395, "経度": 140.878357, "url": "https://www.iryou.teikyouseido.mhlw.go.jp/znk-web/juminkanja/S2430/initialize?prefCd=04&kikanCd=810174&kikanKbn=3", "url2": "http://www.sugaya-shika.jp/", "内容": "すがや歯科医院【3:歯科】宮城県仙台市青葉区中央３－１－１９タカラヤビル３階" }, "geometry": { "type": "Point", "coordinates": [ 140.878357, 38.260395 ] } },
{ "type": "Feature", "properties": { "ID": 43810175, "正式名称": "スギメ歯科医院", "機関区分": 3, "都道府県コード": 4, "市区町村コード": 101, "所在地": "宮城県仙台市青葉区水の森３－４１－１５", "緯度": 38.296692, "経度": 140.855118, "url": "https://www.iryou.teikyouseido.mhlw.go.jp/znk-web/juminkanja/S2430/initialize?prefCd=04&kikanCd=810175&kikanKbn=3", "url2": null, "内容": "スギメ歯科医院【3:歯科】宮城県仙台市青葉区水の森３－４１－１５" }, "geometry": { "type": "Point", "coordinates": [ 140.855118, 38.296692 ] } },
{ "type": "Feature", "properties": { "ID": 43810176, "正式名称": "医療法人　杉山歯科医院", "機関区分": 3, "都道府県コード": 4, "市区町村コード": 101, "所在地": "宮城県仙台市青葉区上杉４－１－４７", "緯度": 38.270832, "経度": 140.879456, "url": "https://www.iryou.teikyouseido.mhlw.go.jp/znk-web/juminkanja/S2430/initialize?prefCd=04&kikanCd=810176&kikanKbn=3", "url2": "http://sugiyama-dental.jp", "内容": "医療法人　杉山歯科医院【3:歯科】宮城県仙台市青葉区上杉４－１－４７" }, "geometry": { "type": "Point", "coordinates": [ 140.879456, 38.270832 ] } },
{ "type": "Feature", "properties": { "ID": 43810177, "正式名称": "鈴木章歯科医院", "機関区分": 3, "都道府県コード": 4, "市区町村コード": 101, "所在地": "宮城県仙台市青葉区愛子東３丁目１４－４", "緯度": 38.273285, "経度": 140.771454, "url": "https://www.iryou.teikyouseido.mhlw.go.jp/znk-web/juminkanja/S2430/initialize?prefCd=04&kikanCd=810177&kikanKbn=3", "url2": "http://www.suzukiakira-dc.com/", "内容": "鈴木章歯科医院【3:歯科】宮城県仙台市青葉区愛子東３丁目１４－４" }, "geometry": { "type": "Point", "coordinates": [ 140.771454, 38.273285 ] } },
{ "type": "Feature", "properties": { "ID": 43810178, "正式名称": "仙台キュア矯正歯科", "機関区分": 3, "都道府県コード": 4, "市区町村コード": 101, "所在地": "宮城県仙台市青葉区中央２丁目１１－２８　りんくすビル６Ｆ", "緯度": 38.262768, "経度": 140.877914, "url": "https://www.iryou.teikyouseido.mhlw.go.jp/znk-web/juminkanja/S2430/initialize?prefCd=04&kikanCd=810178&kikanKbn=3", "url2": "https://sendai-cure.jp/access/", "内容": "仙台キュア矯正歯科【3:歯科】宮城県仙台市青葉区中央２丁目１１－２８　りんくすビル６Ｆ" }, "geometry": { "type": "Point", "coordinates": [ 140.877914, 38.262768 ] } },
{ "type": "Feature", "properties": { "ID": 43810179, "正式名称": "にこにこ歯科クリニック", "機関区分": 3, "都道府県コード": 4, "市区町村コード": 105, "所在地": "宮城県仙台市泉区南中山１－３５－４０－２階", "緯度": 38.298012, "経度": 140.826813, "url": "https://www.iryou.teikyouseido.mhlw.go.jp/znk-web/juminkanja/S2430/initialize?prefCd=04&kikanCd=810179&kikanKbn=3", "url2": "https://www.niconico-dental.com", "内容": "にこにこ歯科クリニック【3:歯科】宮城県仙台市泉区南中山１－３５－４０－２階" }, "geometry": { "type": "Point", "coordinates": [ 140.826813, 38.298012 ] } },
{ "type": "Feature", "properties": { "ID": 43810185, "正式名称": "星陵歯科クリニック", "機関区分": 3, "都道府県コード": 4, "市区町村コード": 101, "所在地": "宮城県仙台市青葉区支倉町４－３１　田沼ビル２０２", "緯度": 38.270645, "経度": 140.861069, "url": "https://www.iryou.teikyouseido.mhlw.go.jp/znk-web/juminkanja/S2430/initialize?prefCd=04&kikanCd=810185&kikanKbn=3", "url2": null, "内容": "星陵歯科クリニック【3:歯科】宮城県仙台市青葉区支倉町４－３１　田沼ビル２０２" }, "geometry": { "type": "Point", "coordinates": [ 140.861069, 38.270645 ] } },
{ "type": "Feature", "properties": { "ID": 43810188, "正式名称": "曽矢矯正歯科クリニック", "機関区分": 3, "都道府県コード": 4, "市区町村コード": 101, "所在地": "宮城県仙台市青葉区中央３丁目２ー１６", "緯度": 38.260277, "経度": 140.8799, "url": "https://www.iryou.teikyouseido.mhlw.go.jp/znk-web/juminkanja/S2430/initialize?prefCd=04&kikanCd=810188&kikanKbn=3", "url2": "http://www.soya.dr-clinic.jp/", "内容": "曽矢矯正歯科クリニック【3:歯科】宮城県仙台市青葉区中央３丁目２ー１６" }, "geometry": { "type": "Point", "coordinates": [ 140.8799, 38.260277 ] } },
{ "type": "Feature", "properties": { "ID": 43810191, "正式名称": "高の原歯科医院", "機関区分": 3, "都道府県コード": 4, "市区町村コード": 101, "所在地": "宮城県仙台市青葉区高野原４－１０－３", "緯度": 38.29015, "経度": 140.754974, "url": "https://www.iryou.teikyouseido.mhlw.go.jp/znk-web/juminkanja/S2430/initialize?prefCd=04&kikanCd=810191&kikanKbn=3", "url2": null, "内容": "高の原歯科医院【3:歯科】宮城県仙台市青葉区高野原４－１０－３" }, "geometry": { "type": "Point", "coordinates": [ 140.754974, 38.29015 ] } },
{ "type": "Feature", "properties": { "ID": 43810192, "正式名称": "たかはし歯科医院", "機関区分": 3, "都道府県コード": 4, "市区町村コード": 101, "所在地": "宮城県仙台市青葉区中央４丁目９－１５　仙台中央マンション１階", "緯度": 38.256783, "経度": 140.880493, "url": "https://www.iryou.teikyouseido.mhlw.go.jp/znk-web/juminkanja/S2430/initialize?prefCd=04&kikanCd=810192&kikanKbn=3", "url2": "http://www.t-dent.com", "内容": "たかはし歯科医院【3:歯科】宮城県仙台市青葉区中央４丁目９－１５　仙台中央マンション１階" }, "geometry": { "type": "Point", "coordinates": [ 140.880493, 38.256783 ] } },
{ "type": "Feature", "properties": { "ID": 43810193, "正式名称": "高橋歯科矯正クリニック", "機関区分": 3, "都道府県コード": 4, "市区町村コード": 101, "所在地": "宮城県仙台市青葉区中央３丁目１－１３", "緯度": 38.260136, "経度": 140.878372, "url": "https://www.iryou.teikyouseido.mhlw.go.jp/znk-web/juminkanja/S2430/initialize?prefCd=04&kikanCd=810193&kikanKbn=3", "url2": "http://www.takahashi-dental-kyousei.com/", "内容": "高橋歯科矯正クリニック【3:歯科】宮城県仙台市青葉区中央３丁目１－１３" }, "geometry": { "type": "Point", "coordinates": [ 140.878372, 38.260136 ] } },
{ "type": "Feature", "properties": { "ID": 43810194, "正式名称": "高橋歯科小児クリニック", "機関区分": 3, "都道府県コード": 4, "市区町村コード": 101, "所在地": "宮城県仙台市青葉区中央", "緯度": 38.260136, "経度": 140.878372, "url": "https://www.iryou.teikyouseido.mhlw.go.jp/znk-web/juminkanja/S2430/initialize?prefCd=04&kikanCd=810194&kikanKbn=3", "url2": null, "内容": "高橋歯科小児クリニック【3:歯科】宮城県仙台市青葉区中央" }, "geometry": { "type": "Point", "coordinates": [ 140.878372, 38.260136 ] } },
{ "type": "Feature", "properties": { "ID": 43810196, "正式名称": "玉木歯科クリニック", "機関区分": 3, "都道府県コード": 4, "市区町村コード": 101, "所在地": "宮城県仙台市青葉区小松島４丁目１４－５１", "緯度": 38.287437, "経度": 140.888123, "url": "https://www.iryou.teikyouseido.mhlw.go.jp/znk-web/juminkanja/S2430/initialize?prefCd=04&kikanCd=810196&kikanKbn=3", "url2": "https://tamakisika.wixsite.com/sendai", "内容": "玉木歯科クリニック【3:歯科】宮城県仙台市青葉区小松島４丁目１４－５１" }, "geometry": { "type": "Point", "coordinates": [ 140.888123, 38.287437 ] } },
{ "type": "Feature", "properties": { "ID": 43810197, "正式名称": "田村歯科医院", "機関区分": 3, "都道府県コード": 4, "市区町村コード": 101, "所在地": "宮城県仙台市青葉区錦町１丁目１３－１７", "緯度": 38.269508, "経度": 140.877716, "url": "https://www.iryou.teikyouseido.mhlw.go.jp/znk-web/juminkanja/S2430/initialize?prefCd=04&kikanCd=810197&kikanKbn=3", "url2": "http://tamurashika.cihp2.jp/", "内容": "田村歯科医院【3:歯科】宮城県仙台市青葉区錦町１丁目１３－１７" }, "geometry": { "type": "Point", "coordinates": [ 140.877716, 38.269508 ] } },
{ "type": "Feature", "properties": { "ID": 43810198, "正式名称": "医療法人ＳＡＩ晧世会　細川ファミリー歯科クリニック", "機関区分": 3, "都道府県コード": 4, "市区町村コード": 101, "所在地": "宮城県仙台市青葉区木町通１丁目２－１４", "緯度": 38.267845, "経度": 140.864001, "url": "https://www.iryou.teikyouseido.mhlw.go.jp/znk-web/juminkanja/S2430/initialize?prefCd=04&kikanCd=810198&kikanKbn=3", "url2": "http://hosokawafdc.com", "内容": "医療法人ＳＡＩ晧世会　細川ファミリー歯科クリニック【3:歯科】宮城県仙台市青葉区木町通１丁目２－１４" }, "geometry": { "type": "Point", "coordinates": [ 140.864001, 38.267845 ] } },
{ "type": "Feature", "properties": { "ID": 43810200, "正式名称": "ちば歯科医院", "機関区分": 3, "都道府県コード": 4, "市区町村コード": 101, "所在地": "宮城県仙台市青葉区北根３丁目１２－２６　黒松ハイツ２０１", "緯度": 38.299934, "経度": 140.876694, "url": "https://www.iryou.teikyouseido.mhlw.go.jp/znk-web/juminkanja/S2430/initialize?prefCd=04&kikanCd=810200&kikanKbn=3", "url2": null, "内容": "ちば歯科医院【3:歯科】宮城県仙台市青葉区北根３丁目１２－２６　黒松ハイツ２０１" }, "geometry": { "type": "Point", "coordinates": [ 140.876694, 38.299934 ] } },
{ "type": "Feature", "properties": { "ID": 43810201, "正式名称": "さいとう歯科医院", "機関区分": 3, "都道府県コード": 4, "市区町村コード": 103, "所在地": "宮城県仙台市若林区南小泉３丁目１２－１５", "緯度": 38.238782, "経度": 140.900595, "url": "https://www.iryou.teikyouseido.mhlw.go.jp/znk-web/juminkanja/S2430/initialize?prefCd=04&kikanCd=810201&kikanKbn=3", "url2": "http://nttbj.itp.ne.jp/0222865800/index.html", "内容": "さいとう歯科医院【3:歯科】宮城県仙台市若林区南小泉３丁目１２－１５" }, "geometry": { "type": "Point", "coordinates": [ 140.900595, 38.238782 ] } },
{ "type": "Feature", "properties": { "ID": 43810202, "正式名称": "薬師堂歯科", "機関区分": 3, "都道府県コード": 4, "市区町村コード": 103, "所在地": "宮城県仙台市若林区木ノ下４丁目１－１３", "緯度": 38.249267, "経度": 140.897053, "url": "https://www.iryou.teikyouseido.mhlw.go.jp/znk-web/juminkanja/S2430/initialize?prefCd=04&kikanCd=810202&kikanKbn=3", "url2": null, "内容": "薬師堂歯科【3:歯科】宮城県仙台市若林区木ノ下４丁目１－１３" }, "geometry": { "type": "Point", "coordinates": [ 140.897053, 38.249267 ] } },
{ "type": "Feature", "properties": { "ID": 43810204, "正式名称": "沖野歯科", "機関区分": 3, "都道府県コード": 4, "市区町村コード": 103, "所在地": "宮城県仙台市若林区上飯田１丁目６－２５", "緯度": 38.220917, "経度": 140.912964, "url": "https://www.iryou.teikyouseido.mhlw.go.jp/znk-web/juminkanja/S2430/initialize?prefCd=04&kikanCd=810204&kikanKbn=3", "url2": "http://okinoshika.cihp2.jp", "内容": "沖野歯科【3:歯科】宮城県仙台市若林区上飯田１丁目６－２５" }, "geometry": { "type": "Point", "coordinates": [ 140.912964, 38.220917 ] } },
{ "type": "Feature", "properties": { "ID": 43810205, "正式名称": "大岸歯科クリニック", "機関区分": 3, "都道府県コード": 4, "市区町村コード": 103, "所在地": "宮城県仙台市若林区土樋２４４", "緯度": 38.245785, "経度": 140.882767, "url": "https://www.iryou.teikyouseido.mhlw.go.jp/znk-web/juminkanja/S2430/initialize?prefCd=04&kikanCd=810205&kikanKbn=3", "url2": "https://www.ohgishi-dent.com", "内容": "大岸歯科クリニック【3:歯科】宮城県仙台市若林区土樋２４４" }, "geometry": { "type": "Point", "coordinates": [ 140.882767, 38.245785 ] } },
{ "type": "Feature", "properties": { "ID": 43810206, "正式名称": "江刺歯科医院", "機関区分": 3, "都道府県コード": 4, "市区町村コード": 103, "所在地": "宮城県仙台市若林区遠見塚３丁目５－２２", "緯度": 38.24192, "経度": 140.915466, "url": "https://www.iryou.teikyouseido.mhlw.go.jp/znk-web/juminkanja/S2430/initialize?prefCd=04&kikanCd=810206&kikanKbn=3", "url2": null, "内容": "江刺歯科医院【3:歯科】宮城県仙台市若林区遠見塚３丁目５－２２" }, "geometry": { "type": "Point", "coordinates": [ 140.915466, 38.24192 ] } },
{ "type": "Feature", "properties": { "ID": 43810207, "正式名称": "入野田歯科医院", "機関区分": 3, "都道府県コード": 4, "市区町村コード": 103, "所在地": "宮城県仙台市若林区舟丁６２－１１", "緯度": 38.243248, "経度": 140.887543, "url": "https://www.iryou.teikyouseido.mhlw.go.jp/znk-web/juminkanja/S2430/initialize?prefCd=04&kikanCd=810207&kikanKbn=3", "url2": null, "内容": "入野田歯科医院【3:歯科】宮城県仙台市若林区舟丁６２－１１" }, "geometry": { "type": "Point", "coordinates": [ 140.887543, 38.243248 ] } },
{ "type": "Feature", "properties": { "ID": 43810210, "正式名称": "かばの町歯科医院", "機関区分": 3, "都道府県コード": 4, "市区町村コード": 103, "所在地": "宮城県仙台市若林区蒲町東", "緯度": 38.24386, "経度": 140.933168, "url": "https://www.iryou.teikyouseido.mhlw.go.jp/znk-web/juminkanja/S2430/initialize?prefCd=04&kikanCd=810210&kikanKbn=3", "url2": "http://st.cat-v.ne.jp/kaba.dc/", "内容": "かばの町歯科医院【3:歯科】宮城県仙台市若林区蒲町東" }, "geometry": { "type": "Point", "coordinates": [ 140.933168, 38.24386 ] } },
{ "type": "Feature", "properties": { "ID": 43810211, "正式名称": "カネカ歯科医院", "機関区分": 3, "都道府県コード": 4, "市区町村コード": 103, "所在地": "宮城県仙台市若林区大和町３丁目７－１０", "緯度": 38.247734, "経度": 140.918106, "url": "https://www.iryou.teikyouseido.mhlw.go.jp/znk-web/juminkanja/S2430/initialize?prefCd=04&kikanCd=810211&kikanKbn=3", "url2": "http://www.kaneka-shika.com", "内容": "カネカ歯科医院【3:歯科】宮城県仙台市若林区大和町３丁目７－１０" }, "geometry": { "type": "Point", "coordinates": [ 140.918106, 38.247734 ] } },
{ "type": "Feature", "properties": { "ID": 43810212, "正式名称": "卸町中央歯科", "機関区分": 3, "都道府県コード": 4, "市区町村コード": 103, "所在地": "宮城県仙台市若林区卸町４丁目３－１", "緯度": 38.258507, "経度": 140.932892, "url": "https://www.iryou.teikyouseido.mhlw.go.jp/znk-web/juminkanja/S2430/initialize?prefCd=04&kikanCd=810212&kikanKbn=3", "url2": null, "内容": "卸町中央歯科【3:歯科】宮城県仙台市若林区卸町４丁目３－１" }, "geometry": { "type": "Point", "coordinates": [ 140.932892, 38.258507 ] } },
{ "type": "Feature", "properties": { "ID": 43810214, "正式名称": "医療法人社団　愛優会　はるみ歯科", "機関区分": 3, "都道府県コード": 4, "市区町村コード": 103, "所在地": "宮城県仙台市若林区土樋２８７－５シェナンド土樋２Ｆ", "緯度": 38.245438, "経度": 140.884262, "url": "https://www.iryou.teikyouseido.mhlw.go.jp/znk-web/juminkanja/S2430/initialize?prefCd=04&kikanCd=810214&kikanKbn=3", "url2": "https://www.harumi-dc.jp", "内容": "医療法人社団　愛優会　はるみ歯科【3:歯科】宮城県仙台市若林区土樋２８７－５シェナンド土樋２Ｆ" }, "geometry": { "type": "Point", "coordinates": [ 140.884262, 38.245438 ] } },
{ "type": "Feature", "properties": { "ID": 43810216, "正式名称": "ひとみ歯科", "機関区分": 3, "都道府県コード": 4, "市区町村コード": 103, "所在地": "宮城県仙台市若林区六十人町９６－４", "緯度": 38.243771, "経度": 140.89801, "url": "https://www.iryou.teikyouseido.mhlw.go.jp/znk-web/juminkanja/S2430/initialize?prefCd=04&kikanCd=810216&kikanKbn=3", "url2": "https://hitomishika-sendai.com", "内容": "ひとみ歯科【3:歯科】宮城県仙台市若林区六十人町９６－４" }, "geometry": { "type": "Point", "coordinates": [ 140.89801, 38.243771 ] } },
{ "type": "Feature", "properties": { "ID": 43810218, "正式名称": "ひらた歯科クリニック", "機関区分": 3, "都道府県コード": 4, "市区町村コード": 103, "所在地": "宮城県仙台市若林区河原町１丁目１－５　リライアンス河原町３Ｆ", "緯度": 38.240479, "経度": 140.888382, "url": "https://www.iryou.teikyouseido.mhlw.go.jp/znk-web/juminkanja/S2430/initialize?prefCd=04&kikanCd=810218&kikanKbn=3", "url2": "http://www.hirata-dent.com", "内容": "ひらた歯科クリニック【3:歯科】宮城県仙台市若林区河原町１丁目１－５　リライアンス河原町３Ｆ" }, "geometry": { "type": "Point", "coordinates": [ 140.888382, 38.240479 ] } },
{ "type": "Feature", "properties": { "ID": 43810221, "正式名称": "さいとう歯科医院", "機関区分": 3, "都道府県コード": 4, "市区町村コード": 208, "所在地": "宮城県角田市角田字中島下４１９－１", "緯度": 37.974804, "経度": 140.793427, "url": "https://www.iryou.teikyouseido.mhlw.go.jp/znk-web/juminkanja/S2430/initialize?prefCd=04&kikanCd=810221&kikanKbn=3", "url2": null, "内容": "さいとう歯科医院【3:歯科】宮城県角田市角田字中島下４１９－１" }, "geometry": { "type": "Point", "coordinates": [ 140.793427, 37.974804 ] } },
{ "type": "Feature", "properties": { "ID": 43810225, "正式名称": "竹内歯科医院", "機関区分": 3, "都道府県コード": 4, "市区町村コード": 208, "所在地": "宮城県角田市角田", "緯度": 37.974323, "経度": 140.781174, "url": "https://www.iryou.teikyouseido.mhlw.go.jp/znk-web/juminkanja/S2430/initialize?prefCd=04&kikanCd=810225&kikanKbn=3", "url2": null, "内容": "竹内歯科医院【3:歯科】宮城県角田市角田" }, "geometry": { "type": "Point", "coordinates": [ 140.781174, 37.974323 ] } },
{ "type": "Feature", "properties": { "ID": 43810226, "正式名称": "氏家歯科医院", "機関区分": 3, "都道府県コード": 4, "市区町村コード": 208, "所在地": "宮城県角田市角田字南１１８－５", "緯度": 37.969743, "経度": 140.786068, "url": "https://www.iryou.teikyouseido.mhlw.go.jp/znk-web/juminkanja/S2430/initialize?prefCd=04&kikanCd=810226&kikanKbn=3", "url2": null, "内容": "氏家歯科医院【3:歯科】宮城県角田市角田字南１１８－５" }, "geometry": { "type": "Point", "coordinates": [ 140.786068, 37.969743 ] } },
{ "type": "Feature", "properties": { "ID": 43810227, "正式名称": "大久保歯科医院", "機関区分": 3, "都道府県コード": 4, "市区町村コード": 208, "所在地": "宮城県角田市角田字南７８", "緯度": 37.968327, "経度": 140.783722, "url": "https://www.iryou.teikyouseido.mhlw.go.jp/znk-web/juminkanja/S2430/initialize?prefCd=04&kikanCd=810227&kikanKbn=3", "url2": "http://www.citydo.com/prf/miyagi/guide/sg/110000876.html", "内容": "大久保歯科医院【3:歯科】宮城県角田市角田字南７８" }, "geometry": { "type": "Point", "coordinates": [ 140.783722, 37.968327 ] } },
{ "type": "Feature", "properties": { "ID": 43810228, "正式名称": "太田歯科医院", "機関区分": 3, "都道府県コード": 4, "市区町村コード": 208, "所在地": "宮城県角田市梶賀字西１２８－２", "緯度": 37.984608, "経度": 140.787292, "url": "https://www.iryou.teikyouseido.mhlw.go.jp/znk-web/juminkanja/S2430/initialize?prefCd=04&kikanCd=810228&kikanKbn=3", "url2": null, "内容": "太田歯科医院【3:歯科】宮城県角田市梶賀字西１２８－２" }, "geometry": { "type": "Point", "coordinates": [ 140.787292, 37.984608 ] } },
{ "type": "Feature", "properties": { "ID": 43810229, "正式名称": "宍戸歯科医院", "機関区分": 3, "都道府県コード": 4, "市区町村コード": 208, "所在地": "宮城県角田市梶賀字西３２－１", "緯度": 37.988571, "経度": 140.789703, "url": "https://www.iryou.teikyouseido.mhlw.go.jp/znk-web/juminkanja/S2430/initialize?prefCd=04&kikanCd=810229&kikanKbn=3", "url2": null, "内容": "宍戸歯科医院【3:歯科】宮城県角田市梶賀字西３２－１" }, "geometry": { "type": "Point", "coordinates": [ 140.789703, 37.988571 ] } },
{ "type": "Feature", "properties": { "ID": 43810231, "正式名称": "川口歯科医院", "機関区分": 3, "都道府県コード": 4, "市区町村コード": 323, "所在地": "宮城県柴田郡柴田町西船迫１ー８ー６４", "緯度": 38.066046, "経度": 140.766534, "url": "https://www.iryou.teikyouseido.mhlw.go.jp/znk-web/juminkanja/S2430/initialize?prefCd=04&kikanCd=810231&kikanKbn=3", "url2": null, "内容": "川口歯科医院【3:歯科】宮城県柴田郡柴田町西船迫１ー８ー６４" }, "geometry": { "type": "Point", "coordinates": [ 140.766534, 38.066046 ] } },
{ "type": "Feature", "properties": { "ID": 43810232, "正式名称": "チェルトの森歯科診療所", "機関区分": 3, "都道府県コード": 4, "市区町村コード": 301, "所在地": "宮城県刈田郡蔵王町大字円田字中田７４－１", "緯度": 38.088963, "経度": 140.661377, "url": "https://www.iryou.teikyouseido.mhlw.go.jp/znk-web/juminkanja/S2430/initialize?prefCd=04&kikanCd=810232&kikanKbn=3", "url2": "http://www.e-zao.net/cheruto/", "内容": "チェルトの森歯科診療所【3:歯科】宮城県刈田郡蔵王町大字円田字中田７４－１" }, "geometry": { "type": "Point", "coordinates": [ 140.661377, 38.088963 ] } },
{ "type": "Feature", "properties": { "ID": 43810234, "正式名称": "医療法人　社団　真壁歯科医院", "機関区分": 3, "都道府県コード": 4, "市区町村コード": 301, "所在地": "宮城県刈田郡蔵王町宮字井戸井前４２", "緯度": 38.042942, "経度": 140.652084, "url": "https://www.iryou.teikyouseido.mhlw.go.jp/znk-web/juminkanja/S2430/initialize?prefCd=04&kikanCd=810234&kikanKbn=3", "url2": null, "内容": "医療法人　社団　真壁歯科医院【3:歯科】宮城県刈田郡蔵王町宮字井戸井前４２" }, "geometry": { "type": "Point", "coordinates": [ 140.652084, 38.042942 ] } },
{ "type": "Feature", "properties": { "ID": 43810235, "正式名称": "村上歯科医院", "機関区分": 3, "都道府県コード": 4, "市区町村コード": 301, "所在地": "宮城県刈田郡蔵王町大字円田字西浦上２－２", "緯度": 38.097973, "経度": 140.656372, "url": "https://www.iryou.teikyouseido.mhlw.go.jp/znk-web/juminkanja/S2430/initialize?prefCd=04&kikanCd=810235&kikanKbn=3", "url2": null, "内容": "村上歯科医院【3:歯科】宮城県刈田郡蔵王町大字円田字西浦上２－２" }, "geometry": { "type": "Point", "coordinates": [ 140.656372, 38.097973 ] } },
{ "type": "Feature", "properties": { "ID": 43810236, "正式名称": "せきね歯科クリニック", "機関区分": 3, "都道府県コード": 4, "市区町村コード": 208, "所在地": "宮城県角田市角田字大町１－１０", "緯度": 37.976475, "経度": 140.782913, "url": "https://www.iryou.teikyouseido.mhlw.go.jp/znk-web/juminkanja/S2430/initialize?prefCd=04&kikanCd=810236&kikanKbn=3", "url2": null, "内容": "せきね歯科クリニック【3:歯科】宮城県角田市角田字大町１－１０" }, "geometry": { "type": "Point", "coordinates": [ 140.782913, 37.976475 ] } },
{ "type": "Feature", "properties": { "ID": 43810237, "正式名称": "和野歯科医院", "機関区分": 3, "都道府県コード": 4, "市区町村コード": 323, "所在地": "宮城県柴田郡柴田町西船迫２丁目２－３１", "緯度": 38.06448, "経度": 140.762131, "url": "https://www.iryou.teikyouseido.mhlw.go.jp/znk-web/juminkanja/S2430/initialize?prefCd=04&kikanCd=810237&kikanKbn=3", "url2": null, "内容": "和野歯科医院【3:歯科】宮城県柴田郡柴田町西船迫２丁目２－３１" }, "geometry": { "type": "Point", "coordinates": [ 140.762131, 38.06448 ] } },
{ "type": "Feature", "properties": { "ID": 43810238, "正式名称": "玉野井歯科医院", "機関区分": 3, "都道府県コード": 4, "市区町村コード": 323, "所在地": "宮城県柴田郡柴田町船岡上大原２０－６", "緯度": 38.060196, "経度": 140.783733, "url": "https://www.iryou.teikyouseido.mhlw.go.jp/znk-web/juminkanja/S2430/initialize?prefCd=04&kikanCd=810238&kikanKbn=3", "url2": null, "内容": "玉野井歯科医院【3:歯科】宮城県柴田郡柴田町船岡上大原２０－６" }, "geometry": { "type": "Point", "coordinates": [ 140.783733, 38.060196 ] } },
{ "type": "Feature", "properties": { "ID": 43810240, "正式名称": "歯科ヒライ", "機関区分": 3, "都道府県コード": 4, "市区町村コード": 323, "所在地": "宮城県柴田郡柴田町船岡東２丁目８－２２", "緯度": 38.058056, "経度": 140.774246, "url": "https://www.iryou.teikyouseido.mhlw.go.jp/znk-web/juminkanja/S2430/initialize?prefCd=04&kikanCd=810240&kikanKbn=3", "url2": "http://hirai.dental-net.jp/", "内容": "歯科ヒライ【3:歯科】宮城県柴田郡柴田町船岡東２丁目８－２２" }, "geometry": { "type": "Point", "coordinates": [ 140.774246, 38.058056 ] } },
{ "type": "Feature", "properties": { "ID": 43810241, "正式名称": "大友歯科医院", "機関区分": 3, "都道府県コード": 4, "市区町村コード": 323, "所在地": "宮城県柴田郡柴田町船岡東２丁目４－１９", "緯度": 38.05587, "経度": 140.772293, "url": "https://www.iryou.teikyouseido.mhlw.go.jp/znk-web/juminkanja/S2430/initialize?prefCd=04&kikanCd=810241&kikanKbn=3", "url2": null, "内容": "大友歯科医院【3:歯科】宮城県柴田郡柴田町船岡東２丁目４－１９" }, "geometry": { "type": "Point", "coordinates": [ 140.772293, 38.05587 ] } },
{ "type": "Feature", "properties": { "ID": 43810242, "正式名称": "よしだ歯科医院", "機関区分": 3, "都道府県コード": 4, "市区町村コード": 323, "所在地": "宮城県柴田郡柴田町船岡南１－９－１１", "緯度": 38.052052, "経度": 140.769104, "url": "https://www.iryou.teikyouseido.mhlw.go.jp/znk-web/juminkanja/S2430/initialize?prefCd=04&kikanCd=810242&kikanKbn=3", "url2": null, "内容": "よしだ歯科医院【3:歯科】宮城県柴田郡柴田町船岡南１－９－１１" }, "geometry": { "type": "Point", "coordinates": [ 140.769104, 38.052052 ] } },
{ "type": "Feature", "properties": { "ID": 43810243, "正式名称": "菊池歯科医院", "機関区分": 3, "都道府県コード": 4, "市区町村コード": 323, "所在地": "宮城県柴田郡柴田町大字船岡字七作１１－１", "緯度": 38.055115, "経度": 140.776871, "url": "https://www.iryou.teikyouseido.mhlw.go.jp/znk-web/juminkanja/S2430/initialize?prefCd=04&kikanCd=810243&kikanKbn=3", "url2": null, "内容": "菊池歯科医院【3:歯科】宮城県柴田郡柴田町大字船岡字七作１１－１" }, "geometry": { "type": "Point", "coordinates": [ 140.776871, 38.055115 ] } },
{ "type": "Feature", "properties": { "ID": 43810244, "正式名称": "内田歯科医院", "機関区分": 3, "都道府県コード": 4, "市区町村コード": 323, "所在地": "宮城県柴田郡柴田町大字船岡字若葉町１２－１", "緯度": 38.067173, "経度": 140.771011, "url": "https://www.iryou.teikyouseido.mhlw.go.jp/znk-web/juminkanja/S2430/initialize?prefCd=04&kikanCd=810244&kikanKbn=3", "url2": null, "内容": "内田歯科医院【3:歯科】宮城県柴田郡柴田町大字船岡字若葉町１２－１" }, "geometry": { "type": "Point", "coordinates": [ 140.771011, 38.067173 ] } },
{ "type": "Feature", "properties": { "ID": 43810245, "正式名称": "医療法人社団飯淵歯科医院", "機関区分": 3, "都道府県コード": 4, "市区町村コード": 323, "所在地": "宮城県柴田郡柴田町槻木下町１丁目１－６０", "緯度": 38.080002, "経度": 140.813339, "url": "https://www.iryou.teikyouseido.mhlw.go.jp/znk-web/juminkanja/S2430/initialize?prefCd=04&kikanCd=810245&kikanKbn=3", "url2": "http://www.iibuchi-dental.com", "内容": "医療法人社団飯淵歯科医院【3:歯科】宮城県柴田郡柴田町槻木下町１丁目１－６０" }, "geometry": { "type": "Point", "coordinates": [ 140.813339, 38.080002 ] } },
{ "type": "Feature", "properties": { "ID": 43810246, "正式名称": "乾歯科医院", "機関区分": 3, "都道府県コード": 4, "市区町村コード": 323, "所在地": "宮城県柴田郡柴田町槻木下町３丁目１－２０", "緯度": 38.078609, "経度": 140.815872, "url": "https://www.iryou.teikyouseido.mhlw.go.jp/znk-web/juminkanja/S2430/initialize?prefCd=04&kikanCd=810246&kikanKbn=3", "url2": null, "内容": "乾歯科医院【3:歯科】宮城県柴田郡柴田町槻木下町３丁目１－２０" }, "geometry": { "type": "Point", "coordinates": [ 140.815872, 38.078609 ] } },
{ "type": "Feature", "properties": { "ID": 43810247, "正式名称": "あおぞら歯科クリニック", "機関区分": 3, "都道府県コード": 4, "市区町村コード": 103, "所在地": "宮城県仙台市若林区石名坂５５", "緯度": 38.24522, "経度": 140.887131, "url": "https://www.iryou.teikyouseido.mhlw.go.jp/znk-web/juminkanja/S2430/initialize?prefCd=04&kikanCd=810247&kikanKbn=3", "url2": "https://dental-aozora.jp/", "内容": "あおぞら歯科クリニック【3:歯科】宮城県仙台市若林区石名坂５５" }, "geometry": { "type": "Point", "coordinates": [ 140.887131, 38.24522 ] } },
{ "type": "Feature", "properties": { "ID": 43810248, "正式名称": "医療法人社団　青葉会　おろしまち歯科医院", "機関区分": 3, "都道府県コード": 4, "市区町村コード": 103, "所在地": "宮城県仙台市若林区卸町２丁目１５－２　卸町会館２階", "緯度": 38.256485, "経度": 140.921417, "url": "https://www.iryou.teikyouseido.mhlw.go.jp/znk-web/juminkanja/S2430/initialize?prefCd=04&kikanCd=810248&kikanKbn=3", "url2": "http://www.oroshimachi.jp/", "内容": "医療法人社団　青葉会　おろしまち歯科医院【3:歯科】宮城県仙台市若林区卸町２丁目１５－２　卸町会館２階" }, "geometry": { "type": "Point", "coordinates": [ 140.921417, 38.256485 ] } },
{ "type": "Feature", "properties": { "ID": 43810252, "正式名称": "まつお歯科医院", "機関区分": 3, "都道府県コード": 4, "市区町村コード": 212, "所在地": "宮城県登米市迫町新田字山田１７－７", "緯度": 38.706917, "経度": 141.114258, "url": "https://www.iryou.teikyouseido.mhlw.go.jp/znk-web/juminkanja/S2430/initialize?prefCd=04&kikanCd=810252&kikanKbn=3", "url2": null, "内容": "まつお歯科医院【3:歯科】宮城県登米市迫町新田字山田１７－７" }, "geometry": { "type": "Point", "coordinates": [ 141.114258, 38.706917 ] } },
{ "type": "Feature", "properties": { "ID": 43810253, "正式名称": "石越ファミリア歯科医院", "機関区分": 3, "都道府県コード": 4, "市区町村コード": 212, "所在地": "宮城県登米市石越町南郷字矢作１４１ー２", "緯度": 38.758186, "経度": 141.178757, "url": "https://www.iryou.teikyouseido.mhlw.go.jp/znk-web/juminkanja/S2430/initialize?prefCd=04&kikanCd=810253&kikanKbn=3", "url2": "https://www.2ndkasamadentalclinic.com", "内容": "石越ファミリア歯科医院【3:歯科】宮城県登米市石越町南郷字矢作１４１ー２" }, "geometry": { "type": "Point", "coordinates": [ 141.178757, 38.758186 ] } },
{ "type": "Feature", "properties": { "ID": 43810254, "正式名称": "医療法人社団頌和会フジ歯科クリニック", "機関区分": 3, "都道府県コード": 4, "市区町村コード": 212, "所在地": "宮城県登米市迫町佐沼字光ケ丘５３－１", "緯度": 38.685253, "経度": 141.203232, "url": "https://www.iryou.teikyouseido.mhlw.go.jp/znk-web/juminkanja/S2430/initialize?prefCd=04&kikanCd=810254&kikanKbn=3", "url2": null, "内容": "医療法人社団頌和会フジ歯科クリニック【3:歯科】宮城県登米市迫町佐沼字光ケ丘５３－１" }, "geometry": { "type": "Point", "coordinates": [ 141.203232, 38.685253 ] } },
{ "type": "Feature", "properties": { "ID": 43810255, "正式名称": "東和歯科医院", "機関区分": 3, "都道府県コード": 4, "市区町村コード": 212, "所在地": "宮城県登米市東和町錦織字内ノ目５７－１", "緯度": 38.73209, "経度": 141.275726, "url": "https://www.iryou.teikyouseido.mhlw.go.jp/znk-web/juminkanja/S2430/initialize?prefCd=04&kikanCd=810255&kikanKbn=3", "url2": null, "内容": "東和歯科医院【3:歯科】宮城県登米市東和町錦織字内ノ目５７－１" }, "geometry": { "type": "Point", "coordinates": [ 141.275726, 38.73209 ] } },
{ "type": "Feature", "properties": { "ID": 43810256, "正式名称": "みなみかた歯科医院", "機関区分": 3, "都道府県コード": 4, "市区町村コード": 212, "所在地": "宮城県登米市南方町山成２０７－６", "緯度": 38.658638, "経度": 141.163193, "url": "https://www.iryou.teikyouseido.mhlw.go.jp/znk-web/juminkanja/S2430/initialize?prefCd=04&kikanCd=810256&kikanKbn=3", "url2": "http://www.minamikatashika.com/index.html", "内容": "みなみかた歯科医院【3:歯科】宮城県登米市南方町山成２０７－６" }, "geometry": { "type": "Point", "coordinates": [ 141.163193, 38.658638 ] } },
{ "type": "Feature", "properties": { "ID": 43810257, "正式名称": "かがの歯科医院", "機関区分": 3, "都道府県コード": 4, "市区町村コード": 212, "所在地": "宮城県登米市中田町石森字加賀野１丁目５－８", "緯度": 38.704651, "経度": 141.213821, "url": "https://www.iryou.teikyouseido.mhlw.go.jp/znk-web/juminkanja/S2430/initialize?prefCd=04&kikanCd=810257&kikanKbn=3", "url2": "https://www.kagano-dent.com", "内容": "かがの歯科医院【3:歯科】宮城県登米市中田町石森字加賀野１丁目５－８" }, "geometry": { "type": "Point", "coordinates": [ 141.213821, 38.704651 ] } },
{ "type": "Feature", "properties": { "ID": 43810259, "正式名称": "浅野歯科医院", "機関区分": 3, "都道府県コード": 4, "市区町村コード": 212, "所在地": "宮城県登米市南方町中原８３－１", "緯度": 38.663803, "経度": 141.17453, "url": "https://www.iryou.teikyouseido.mhlw.go.jp/znk-web/juminkanja/S2430/initialize?prefCd=04&kikanCd=810259&kikanKbn=3", "url2": null, "内容": "浅野歯科医院【3:歯科】宮城県登米市南方町中原８３－１" }, "geometry": { "type": "Point", "coordinates": [ 141.17453, 38.663803 ] } },
{ "type": "Feature", "properties": { "ID": 43810260, "正式名称": "布施歯科医院", "機関区分": 3, "都道府県コード": 4, "市区町村コード": 212, "所在地": "宮城県登米市迫町佐沼字西佐沼２０２", "緯度": 38.687366, "経度": 141.197632, "url": "https://www.iryou.teikyouseido.mhlw.go.jp/znk-web/juminkanja/S2430/initialize?prefCd=04&kikanCd=810260&kikanKbn=3", "url2": null, "内容": "布施歯科医院【3:歯科】宮城県登米市迫町佐沼字西佐沼２０２" }, "geometry": { "type": "Point", "coordinates": [ 141.197632, 38.687366 ] } },
{ "type": "Feature", "properties": { "ID": 43810261, "正式名称": "津山歯科診療所", "機関区分": 3, "都道府県コード": 4, "市区町村コード": 212, "所在地": "宮城県登米市津山町柳津字形沼１５０ー５５", "緯度": 38.6115, "経度": 141.304794, "url": "https://www.iryou.teikyouseido.mhlw.go.jp/znk-web/juminkanja/S2430/initialize?prefCd=04&kikanCd=810261&kikanKbn=3", "url2": "http://tsuyama-dc.com", "内容": "津山歯科診療所【3:歯科】宮城県登米市津山町柳津字形沼１５０ー５５" }, "geometry": { "type": "Point", "coordinates": [ 141.304794, 38.6115 ] } },
{ "type": "Feature", "properties": { "ID": 43810262, "正式名称": "高橋歯科医院", "機関区分": 3, "都道府県コード": 4, "市区町村コード": 212, "所在地": "宮城県登米市登米町寺池目子待井２５－１", "緯度": 38.656605, "経度": 141.274979, "url": "https://www.iryou.teikyouseido.mhlw.go.jp/znk-web/juminkanja/S2430/initialize?prefCd=04&kikanCd=810262&kikanKbn=3", "url2": null, "内容": "高橋歯科医院【3:歯科】宮城県登米市登米町寺池目子待井２５－１" }, "geometry": { "type": "Point", "coordinates": [ 141.274979, 38.656605 ] } },
{ "type": "Feature", "properties": { "ID": 43810264, "正式名称": "登米中田佐藤歯科クリニック", "機関区分": 3, "都道府県コード": 4, "市区町村コード": 212, "所在地": "宮城県登米市中田町石森字新蓬田１０", "緯度": 38.715416, "経度": 141.218384, "url": "https://www.iryou.teikyouseido.mhlw.go.jp/znk-web/juminkanja/S2430/initialize?prefCd=04&kikanCd=810264&kikanKbn=3", "url2": null, "内容": "登米中田佐藤歯科クリニック【3:歯科】宮城県登米市中田町石森字新蓬田１０" }, "geometry": { "type": "Point", "coordinates": [ 141.218384, 38.715416 ] } },
{ "type": "Feature", "properties": { "ID": 43810265, "正式名称": "梅ノ木・歯科クリニック", "機関区分": 3, "都道府県コード": 4, "市区町村コード": 212, "所在地": "宮城県登米市迫町佐沼字梅ノ木１丁目１－１９", "緯度": 38.694485, "経度": 141.202835, "url": "https://www.iryou.teikyouseido.mhlw.go.jp/znk-web/juminkanja/S2430/initialize?prefCd=04&kikanCd=810265&kikanKbn=3", "url2": "http://www.umenoki-dent.com", "内容": "梅ノ木・歯科クリニック【3:歯科】宮城県登米市迫町佐沼字梅ノ木１丁目１－１９" }, "geometry": { "type": "Point", "coordinates": [ 141.202835, 38.694485 ] } },
{ "type": "Feature", "properties": { "ID": 43810266, "正式名称": "さとう歯科医院", "機関区分": 3, "都道府県コード": 4, "市区町村コード": 212, "所在地": "宮城県登米市迫町佐沼字中江３丁目９－１０", "緯度": 38.688438, "経度": 141.190659, "url": "https://www.iryou.teikyouseido.mhlw.go.jp/znk-web/juminkanja/S2430/initialize?prefCd=04&kikanCd=810266&kikanKbn=3", "url2": null, "内容": "さとう歯科医院【3:歯科】宮城県登米市迫町佐沼字中江３丁目９－１０" }, "geometry": { "type": "Point", "coordinates": [ 141.190659, 38.688438 ] } },
{ "type": "Feature", "properties": { "ID": 43810269, "正式名称": "よねやま歯科", "機関区分": 3, "都道府県コード": 4, "市区町村コード": 212, "所在地": "宮城県登米市米山町西野字西裏３９", "緯度": 38.631676, "経度": 141.188644, "url": "https://www.iryou.teikyouseido.mhlw.go.jp/znk-web/juminkanja/S2430/initialize?prefCd=04&kikanCd=810269&kikanKbn=3", "url2": "https://xn--t9j8aro2156ehbs.jp/", "内容": "よねやま歯科【3:歯科】宮城県登米市米山町西野字西裏３９" }, "geometry": { "type": "Point", "coordinates": [ 141.188644, 38.631676 ] } },
{ "type": "Feature", "properties": { "ID": 43810270, "正式名称": "ゆうじろう歯科クリニック", "機関区分": 3, "都道府県コード": 4, "市区町村コード": 212, "所在地": "宮城県登米市中田町石森字駒牽４０３番５", "緯度": 38.703093, "経度": 141.222965, "url": "https://www.iryou.teikyouseido.mhlw.go.jp/znk-web/juminkanja/S2430/initialize?prefCd=04&kikanCd=810270&kikanKbn=3", "url2": "https://www.yujiro-shika.com", "内容": "ゆうじろう歯科クリニック【3:歯科】宮城県登米市中田町石森字駒牽４０３番５" }, "geometry": { "type": "Point", "coordinates": [ 141.222965, 38.703093 ] } },
{ "type": "Feature", "properties": { "ID": 43810271, "正式名称": "高橋歯科クリニック", "機関区分": 3, "都道府県コード": 4, "市区町村コード": 212, "所在地": "宮城県登米市迫町佐沼字中江４丁目８－３", "緯度": 38.690144, "経度": 141.18869, "url": "https://www.iryou.teikyouseido.mhlw.go.jp/znk-web/juminkanja/S2430/initialize?prefCd=04&kikanCd=810271&kikanKbn=3", "url2": null, "内容": "高橋歯科クリニック【3:歯科】宮城県登米市迫町佐沼字中江４丁目８－３" }, "geometry": { "type": "Point", "coordinates": [ 141.18869, 38.690144 ] } },
{ "type": "Feature", "properties": { "ID": 43810275, "正式名称": "おおさか歯科医院", "機関区分": 3, "都道府県コード": 4, "市区町村コード": 212, "所在地": "宮城県登米市中田町宝江黒沼字浦７０－１", "緯度": 38.69739, "経度": 141.242095, "url": "https://www.iryou.teikyouseido.mhlw.go.jp/znk-web/juminkanja/S2430/initialize?prefCd=04&kikanCd=810275&kikanKbn=3", "url2": null, "内容": "おおさか歯科医院【3:歯科】宮城県登米市中田町宝江黒沼字浦７０－１" }, "geometry": { "type": "Point", "coordinates": [ 141.242095, 38.69739 ] } },
{ "type": "Feature", "properties": { "ID": 43810278, "正式名称": "菅野歯科医院", "機関区分": 3, "都道府県コード": 4, "市区町村コード": 205, "所在地": "宮城県気仙沼市赤岩杉ノ沢４７－３７", "緯度": 38.888829, "経度": 141.568581, "url": "https://www.iryou.teikyouseido.mhlw.go.jp/znk-web/juminkanja/S2430/initialize?prefCd=04&kikanCd=810278&kikanKbn=3", "url2": null, "内容": "菅野歯科医院【3:歯科】宮城県気仙沼市赤岩杉ノ沢４７－３７" }, "geometry": { "type": "Point", "coordinates": [ 141.568581, 38.888829 ] } },
{ "type": "Feature", "properties": { "ID": 43810282, "正式名称": "条南歯科医院", "機関区分": 3, "都道府県コード": 4, "市区町村コード": 205, "所在地": "宮城県気仙沼市田中前１丁目４－１５", "緯度": 38.89315, "経度": 141.564362, "url": "https://www.iryou.teikyouseido.mhlw.go.jp/znk-web/juminkanja/S2430/initialize?prefCd=04&kikanCd=810282&kikanKbn=3", "url2": null, "内容": "条南歯科医院【3:歯科】宮城県気仙沼市田中前１丁目４－１５" }, "geometry": { "type": "Point", "coordinates": [ 141.564362, 38.89315 ] } },
{ "type": "Feature", "properties": { "ID": 43810283, "正式名称": "田中前加藤歯科医院", "機関区分": 3, "都道府県コード": 4, "市区町村コード": 205, "所在地": "宮城県気仙沼市田中前一丁目４－７", "緯度": 38.893753, "経度": 141.565536, "url": "https://www.iryou.teikyouseido.mhlw.go.jp/znk-web/juminkanja/S2430/initialize?prefCd=04&kikanCd=810283&kikanKbn=3", "url2": null, "内容": "田中前加藤歯科医院【3:歯科】宮城県気仙沼市田中前一丁目４－７" }, "geometry": { "type": "Point", "coordinates": [ 141.565536, 38.893753 ] } },
{ "type": "Feature", "properties": { "ID": 43810284, "正式名称": "ファミリー歯科医院", "機関区分": 3, "都道府県コード": 4, "市区町村コード": 205, "所在地": "宮城県気仙沼市田中前２丁目６－８", "緯度": 38.891197, "経度": 141.566513, "url": "https://www.iryou.teikyouseido.mhlw.go.jp/znk-web/juminkanja/S2430/initialize?prefCd=04&kikanCd=810284&kikanKbn=3", "url2": null, "内容": "ファミリー歯科医院【3:歯科】宮城県気仙沼市田中前２丁目６－８" }, "geometry": { "type": "Point", "coordinates": [ 141.566513, 38.891197 ] } },
{ "type": "Feature", "properties": { "ID": 43810285, "正式名称": "医療法人社団康仁会　米倉歯科クリニック", "機関区分": 3, "都道府県コード": 4, "市区町村コード": 205, "所在地": "宮城県気仙沼市南郷１－３", "緯度": 38.893215, "経度": 141.568771, "url": "https://www.iryou.teikyouseido.mhlw.go.jp/znk-web/juminkanja/S2430/initialize?prefCd=04&kikanCd=810285&kikanKbn=3", "url2": null, "内容": "医療法人社団康仁会　米倉歯科クリニック【3:歯科】宮城県気仙沼市南郷１－３" }, "geometry": { "type": "Point", "coordinates": [ 141.568771, 38.893215 ] } },
{ "type": "Feature", "properties": { "ID": 43810286, "正式名称": "菅原歯科医院", "機関区分": 3, "都道府県コード": 4, "市区町村コード": 205, "所在地": "宮城県気仙沼市南郷５－３", "緯度": 38.892487, "経度": 141.569763, "url": "https://www.iryou.teikyouseido.mhlw.go.jp/znk-web/juminkanja/S2430/initialize?prefCd=04&kikanCd=810286&kikanKbn=3", "url2": null, "内容": "菅原歯科医院【3:歯科】宮城県気仙沼市南郷５－３" }, "geometry": { "type": "Point", "coordinates": [ 141.569763, 38.892487 ] } },
{ "type": "Feature", "properties": { "ID": 43810287, "正式名称": "さいとう矯正歯科クリニック", "機関区分": 3, "都道府県コード": 4, "市区町村コード": 205, "所在地": "宮城県気仙沼市田中前３丁目１－１１", "緯度": 38.892918, "経度": 141.561646, "url": "https://www.iryou.teikyouseido.mhlw.go.jp/znk-web/juminkanja/S2430/initialize?prefCd=04&kikanCd=810287&kikanKbn=3", "url2": "http://saito20150115.life.coocan.jp/", "内容": "さいとう矯正歯科クリニック【3:歯科】宮城県気仙沼市田中前３丁目１－１１" }, "geometry": { "type": "Point", "coordinates": [ 141.561646, 38.892918 ] } },
{ "type": "Feature", "properties": { "ID": 43810290, "正式名称": "医療法人社団　万仁堂　三浦歯科醫院", "機関区分": 3, "都道府県コード": 4, "市区町村コード": 205, "所在地": "宮城県気仙沼市本吉町津谷明戸２４－２", "緯度": 38.793365, "経度": 141.50351, "url": "https://www.iryou.teikyouseido.mhlw.go.jp/znk-web/juminkanja/S2430/initialize?prefCd=04&kikanCd=810290&kikanKbn=3", "url2": null, "内容": "医療法人社団　万仁堂　三浦歯科醫院【3:歯科】宮城県気仙沼市本吉町津谷明戸２４－２" }, "geometry": { "type": "Point", "coordinates": [ 141.50351, 38.793365 ] } },
{ "type": "Feature", "properties": { "ID": 43810291, "正式名称": "佐藤歯科医院", "機関区分": 3, "都道府県コード": 4, "市区町村コード": 205, "所在地": "宮城県気仙沼市唐桑町馬場２０９－１", "緯度": 38.901218, "経度": 141.646347, "url": "https://www.iryou.teikyouseido.mhlw.go.jp/znk-web/juminkanja/S2430/initialize?prefCd=04&kikanCd=810291&kikanKbn=3", "url2": null, "内容": "佐藤歯科医院【3:歯科】宮城県気仙沼市唐桑町馬場２０９－１" }, "geometry": { "type": "Point", "coordinates": [ 141.646347, 38.901218 ] } },
{ "type": "Feature", "properties": { "ID": 43810295, "正式名称": "志津川歯科クリニック", "機関区分": 3, "都道府県コード": 4, "市区町村コード": 606, "所在地": "宮城県本吉郡南三陸町志津川南町", "緯度": 38.676151, "経度": 141.450699, "url": "https://www.iryou.teikyouseido.mhlw.go.jp/znk-web/juminkanja/S2430/initialize?prefCd=04&kikanCd=810295&kikanKbn=3", "url2": null, "内容": "志津川歯科クリニック【3:歯科】宮城県本吉郡南三陸町志津川南町" }, "geometry": { "type": "Point", "coordinates": [ 141.450699, 38.676151 ] } },
{ "type": "Feature", "properties": { "ID": 43810298, "正式名称": "みうら歯科クリニック", "機関区分": 3, "都道府県コード": 4, "市区町村コード": 205, "所在地": "宮城県気仙沼市長磯船原１－１", "緯度": 38.838284, "経度": 141.579391, "url": "https://www.iryou.teikyouseido.mhlw.go.jp/znk-web/juminkanja/S2430/initialize?prefCd=04&kikanCd=810298&kikanKbn=3", "url2": null, "内容": "みうら歯科クリニック【3:歯科】宮城県気仙沼市長磯船原１－１" }, "geometry": { "type": "Point", "coordinates": [ 141.579391, 38.838284 ] } },
{ "type": "Feature", "properties": { "ID": 43810301, "正式名称": "園部歯科医院", "機関区分": 3, "都道府県コード": 4, "市区町村コード": 105, "所在地": "宮城県仙台市泉区長命ケ丘４丁目１５番１９号", "緯度": 38.312271, "経度": 140.835281, "url": "https://www.iryou.teikyouseido.mhlw.go.jp/znk-web/juminkanja/S2430/initialize?prefCd=04&kikanCd=810301&kikanKbn=3", "url2": null, "内容": "園部歯科医院【3:歯科】宮城県仙台市泉区長命ケ丘４丁目１５番１９号" }, "geometry": { "type": "Point", "coordinates": [ 140.835281, 38.312271 ] } },
{ "type": "Feature", "properties": { "ID": 43810302, "正式名称": "医療法人明徳会青葉デンタルクリニック", "機関区分": 3, "都道府県コード": 4, "市区町村コード": 105, "所在地": "宮城県仙台市泉区南中山１丁目２７－２８", "緯度": 38.300125, "経度": 140.82753, "url": "https://www.iryou.teikyouseido.mhlw.go.jp/znk-web/juminkanja/S2430/initialize?prefCd=04&kikanCd=810302&kikanKbn=3", "url2": "http://www.tokushinkai.or.jp", "内容": "医療法人明徳会青葉デンタルクリニック【3:歯科】宮城県仙台市泉区南中山１丁目２７－２８" }, "geometry": { "type": "Point", "coordinates": [ 140.82753, 38.300125 ] } },
{ "type": "Feature", "properties": { "ID": 43810303, "正式名称": "曽根歯科医院", "機関区分": 3, "都道府県コード": 4, "市区町村コード": 105, "所在地": "宮城県仙台市泉区七北田９６－２　エトワールＳＴビル１０３", "緯度": 38.324757, "経度": 140.889862, "url": "https://www.iryou.teikyouseido.mhlw.go.jp/znk-web/juminkanja/S2430/initialize?prefCd=04&kikanCd=810303&kikanKbn=3", "url2": "http://www.soneshika.com/", "内容": "曽根歯科医院【3:歯科】宮城県仙台市泉区七北田９６－２　エトワールＳＴビル１０３" }, "geometry": { "type": "Point", "coordinates": [ 140.889862, 38.324757 ] } },
{ "type": "Feature", "properties": { "ID": 43810305, "正式名称": "佐伯デンタルオフィス矯正歯科医院", "機関区分": 3, "都道府県コード": 4, "市区町村コード": 105, "所在地": "宮城県仙台市泉区泉中央２丁目１１－２", "緯度": 38.327698, "経度": 140.88092, "url": "https://www.iryou.teikyouseido.mhlw.go.jp/znk-web/juminkanja/S2430/initialize?prefCd=04&kikanCd=810305&kikanKbn=3", "url2": "http://www.saeki-dental.net", "内容": "佐伯デンタルオフィス矯正歯科医院【3:歯科】宮城県仙台市泉区泉中央２丁目１１－２" }, "geometry": { "type": "Point", "coordinates": [ 140.88092, 38.327698 ] } },
{ "type": "Feature", "properties": { "ID": 43810307, "正式名称": "吉村矯正歯科クリニック", "機関区分": 3, "都道府県コード": 4, "市区町村コード": 105, "所在地": "宮城県仙台市泉区泉中央１丁目１４－１　インテレクト２１ビル　２Ｆ", "緯度": 38.323097, "経度": 140.879272, "url": "https://www.iryou.teikyouseido.mhlw.go.jp/znk-web/juminkanja/S2430/initialize?prefCd=04&kikanCd=810307&kikanKbn=3", "url2": "http://yoshimura-ortho.com/", "内容": "吉村矯正歯科クリニック【3:歯科】宮城県仙台市泉区泉中央１丁目１４－１　インテレクト２１ビル　２Ｆ" }, "geometry": { "type": "Point", "coordinates": [ 140.879272, 38.323097 ] } },
{ "type": "Feature", "properties": { "ID": 43810308, "正式名称": "高橋歯科", "機関区分": 3, "都道府県コード": 4, "市区町村コード": 105, "所在地": "宮城県仙台市泉区将監１０丁目６－１", "緯度": 38.337517, "経度": 140.87204, "url": "https://www.iryou.teikyouseido.mhlw.go.jp/znk-web/juminkanja/S2430/initialize?prefCd=04&kikanCd=810308&kikanKbn=3", "url2": null, "内容": "高橋歯科【3:歯科】宮城県仙台市泉区将監１０丁目６－１" }, "geometry": { "type": "Point", "coordinates": [ 140.87204, 38.337517 ] } },
{ "type": "Feature", "properties": { "ID": 43810309, "正式名称": "髙橋デンタルクリニック", "機関区分": 3, "都道府県コード": 4, "市区町村コード": 105, "所在地": "宮城県仙台市泉区泉中央４丁目２６－１１", "緯度": 38.320419, "経度": 140.886368, "url": "https://www.iryou.teikyouseido.mhlw.go.jp/znk-web/juminkanja/S2430/initialize?prefCd=04&kikanCd=810309&kikanKbn=3", "url2": "http://www5f.biglobe.ne.jp/~takahashisika_izumityuuou/", "内容": "髙橋デンタルクリニック【3:歯科】宮城県仙台市泉区泉中央４丁目２６－１１" }, "geometry": { "type": "Point", "coordinates": [ 140.886368, 38.320419 ] } },
{ "type": "Feature", "properties": { "ID": 43810310, "正式名称": "たがみ歯科クリニック", "機関区分": 3, "都道府県コード": 4, "市区町村コード": 105, "所在地": "宮城県仙台市泉区八乙女中央１丁目４－２０　プレジュール八乙女１Ｆ", "緯度": 38.312683, "経度": 140.885178, "url": "https://www.iryou.teikyouseido.mhlw.go.jp/znk-web/juminkanja/S2430/initialize?prefCd=04&kikanCd=810310&kikanKbn=3", "url2": "http://www.tagami-shika.com", "内容": "たがみ歯科クリニック【3:歯科】宮城県仙台市泉区八乙女中央１丁目４－２０　プレジュール八乙女１Ｆ" }, "geometry": { "type": "Point", "coordinates": [ 140.885178, 38.312683 ] } },
{ "type": "Feature", "properties": { "ID": 43810311, "正式名称": "高森歯科クリニック", "機関区分": 3, "都道府県コード": 4, "市区町村コード": 105, "所在地": "宮城県仙台市泉区高森８‐１‐１", "緯度": 38.338421, "経度": 140.853989, "url": "https://www.iryou.teikyouseido.mhlw.go.jp/znk-web/juminkanja/S2430/initialize?prefCd=04&kikanCd=810311&kikanKbn=3", "url2": null, "内容": "高森歯科クリニック【3:歯科】宮城県仙台市泉区高森８‐１‐１" }, "geometry": { "type": "Point", "coordinates": [ 140.853989, 38.338421 ] } },
{ "type": "Feature", "properties": { "ID": 43810313, "正式名称": "たけうち歯科", "機関区分": 3, "都道府県コード": 4, "市区町村コード": 105, "所在地": "宮城県仙台市泉区上谷刈１－７－２８", "緯度": 38.316334, "経度": 140.872574, "url": "https://www.iryou.teikyouseido.mhlw.go.jp/znk-web/juminkanja/S2430/initialize?prefCd=04&kikanCd=810313&kikanKbn=3", "url2": "http://www.takeuchi-4618.jp/index.html", "内容": "たけうち歯科【3:歯科】宮城県仙台市泉区上谷刈１－７－２８" }, "geometry": { "type": "Point", "coordinates": [ 140.872574, 38.316334 ] } },
{ "type": "Feature", "properties": { "ID": 43810314, "正式名称": "ため歯科クリニック", "機関区分": 3, "都道府県コード": 4, "市区町村コード": 105, "所在地": "宮城県仙台市泉区北高森３－１", "緯度": 38.346447, "経度": 140.858261, "url": "https://www.iryou.teikyouseido.mhlw.go.jp/znk-web/juminkanja/S2430/initialize?prefCd=04&kikanCd=810314&kikanKbn=3", "url2": "http://www.tada-dentalclinic.jp", "内容": "ため歯科クリニック【3:歯科】宮城県仙台市泉区北高森３－１" }, "geometry": { "type": "Point", "coordinates": [ 140.858261, 38.346447 ] } },
{ "type": "Feature", "properties": { "ID": 43810315, "正式名称": "たなか歯科医院", "機関区分": 3, "都道府県コード": 4, "市区町村コード": 105, "所在地": "宮城県仙台市泉区南中山１－３９－１　３Ｆ", "緯度": 38.296944, "経度": 140.828232, "url": "https://www.iryou.teikyouseido.mhlw.go.jp/znk-web/juminkanja/S2430/initialize?prefCd=04&kikanCd=810315&kikanKbn=3", "url2": "http://www.tanaka8020.com/", "内容": "たなか歯科医院【3:歯科】宮城県仙台市泉区南中山１－３９－１　３Ｆ" }, "geometry": { "type": "Point", "coordinates": [ 140.828232, 38.296944 ] } },
{ "type": "Feature", "properties": { "ID": 43810317, "正式名称": "長命あべ歯科", "機関区分": 3, "都道府県コード": 4, "市区町村コード": 105, "所在地": "宮城県仙台市泉区長命ケ丘２－３－１７", "緯度": 38.316422, "経度": 140.840134, "url": "https://www.iryou.teikyouseido.mhlw.go.jp/znk-web/juminkanja/S2430/initialize?prefCd=04&kikanCd=810317&kikanKbn=3", "url2": "https://choumeiabe-dc.com", "内容": "長命あべ歯科【3:歯科】宮城県仙台市泉区長命ケ丘２－３－１７" }, "geometry": { "type": "Point", "coordinates": [ 140.840134, 38.316422 ] } },
{ "type": "Feature", "properties": { "ID": 43810318, "正式名称": "長命ヶ丘　グリーン歯科クリニック", "機関区分": 3, "都道府県コード": 4, "市区町村コード": 105, "所在地": "宮城県仙台市泉区長命ヶ丘３丁目２－７", "緯度": 38.310734, "経度": 140.840088, "url": "https://www.iryou.teikyouseido.mhlw.go.jp/znk-web/juminkanja/S2430/initialize?prefCd=04&kikanCd=810318&kikanKbn=3", "url2": null, "内容": "長命ヶ丘　グリーン歯科クリニック【3:歯科】宮城県仙台市泉区長命ヶ丘３丁目２－７" }, "geometry": { "type": "Point", "coordinates": [ 140.840088, 38.310734 ] } },
{ "type": "Feature", "properties": { "ID": 43810319, "正式名称": "にこっと仙台矯正歯科", "機関区分": 3, "都道府県コード": 4, "市区町村コード": 104, "所在地": "宮城県仙台市太白区富沢西１－１８－１５", "緯度": 38.217209, "経度": 140.862701, "url": "https://www.iryou.teikyouseido.mhlw.go.jp/znk-web/juminkanja/S2430/initialize?prefCd=04&kikanCd=810319&kikanKbn=3", "url2": "https://nicot.jp", "内容": "にこっと仙台矯正歯科【3:歯科】宮城県仙台市太白区富沢西１－１８－１５" }, "geometry": { "type": "Point", "coordinates": [ 140.862701, 38.217209 ] } },
{ "type": "Feature", "properties": { "ID": 43810320, "正式名称": "東北第一歯科クリニック", "機関区分": 3, "都道府県コード": 4, "市区町村コード": 105, "所在地": "宮城県仙台市泉区市名坂字中道１００−９　ヨークタウン市名坂内", "緯度": 38.315805, "経度": 140.904531, "url": "https://www.iryou.teikyouseido.mhlw.go.jp/znk-web/juminkanja/S2430/initialize?prefCd=04&kikanCd=810320&kikanKbn=3", "url2": "https://www.tohoku-daiichi-dental.com/", "内容": "東北第一歯科クリニック【3:歯科】宮城県仙台市泉区市名坂字中道１００−９　ヨークタウン市名坂内" }, "geometry": { "type": "Point", "coordinates": [ 140.904531, 38.315805 ] } },
{ "type": "Feature", "properties": { "ID": 43810321, "正式名称": "トキデンタルクリニック", "機関区分": 3, "都道府県コード": 4, "市区町村コード": 105, "所在地": "宮城県仙台市泉区将監１３－７－５", "緯度": 38.339081, "経度": 140.869339, "url": "https://www.iryou.teikyouseido.mhlw.go.jp/znk-web/juminkanja/S2430/initialize?prefCd=04&kikanCd=810321&kikanKbn=3", "url2": "http://ninjahp.com/hp/181_toki_dental/index.html", "内容": "トキデンタルクリニック【3:歯科】宮城県仙台市泉区将監１３－７－５" }, "geometry": { "type": "Point", "coordinates": [ 140.869339, 38.339081 ] } },
{ "type": "Feature", "properties": { "ID": 43810322, "正式名称": "どんぐり歯科", "機関区分": 3, "都道府県コード": 4, "市区町村コード": 105, "所在地": "宮城県仙台市泉区将監殿２丁目１－１", "緯度": 38.343501, "経度": 140.877912, "url": "https://www.iryou.teikyouseido.mhlw.go.jp/znk-web/juminkanja/S2430/initialize?prefCd=04&kikanCd=810322&kikanKbn=3", "url2": null, "内容": "どんぐり歯科【3:歯科】宮城県仙台市泉区将監殿２丁目１－１" }, "geometry": { "type": "Point", "coordinates": [ 140.877912, 38.343501 ] } },
{ "type": "Feature", "properties": { "ID": 43810323, "正式名称": "長尾歯科医院", "機関区分": 3, "都道府県コード": 4, "市区町村コード": 105, "所在地": "宮城県仙台市泉区泉ケ丘", "緯度": 38.359409, "経度": 140.863815, "url": "https://www.iryou.teikyouseido.mhlw.go.jp/znk-web/juminkanja/S2430/initialize?prefCd=04&kikanCd=810323&kikanKbn=3", "url2": null, "内容": "長尾歯科医院【3:歯科】宮城県仙台市泉区泉ケ丘" }, "geometry": { "type": "Point", "coordinates": [ 140.863815, 38.359409 ] } },
{ "type": "Feature", "properties": { "ID": 43810325, "正式名称": "那須歯科医院", "機関区分": 3, "都道府県コード": 4, "市区町村コード": 105, "所在地": "宮城県仙台市泉区南光台５－１３－１２", "緯度": 38.303516, "経度": 140.894791, "url": "https://www.iryou.teikyouseido.mhlw.go.jp/znk-web/juminkanja/S2430/initialize?prefCd=04&kikanCd=810325&kikanKbn=3", "url2": null, "内容": "那須歯科医院【3:歯科】宮城県仙台市泉区南光台５－１３－１２" }, "geometry": { "type": "Point", "coordinates": [ 140.894791, 38.303516 ] } },
{ "type": "Feature", "properties": { "ID": 43810329, "正式名称": "医療法人社団　拓心会　ふるた歯科クリニック", "機関区分": 3, "都道府県コード": 4, "市区町村コード": 105, "所在地": "宮城県仙台市泉区南光台２丁目８－２３", "緯度": 38.292488, "経度": 140.891663, "url": "https://www.iryou.teikyouseido.mhlw.go.jp/znk-web/juminkanja/S2430/initialize?prefCd=04&kikanCd=810329&kikanKbn=3", "url2": null, "内容": "医療法人社団　拓心会　ふるた歯科クリニック【3:歯科】宮城県仙台市泉区南光台２丁目８－２３" }, "geometry": { "type": "Point", "coordinates": [ 140.891663, 38.292488 ] } },
{ "type": "Feature", "properties": { "ID": 43810330, "正式名称": "みうら歯科クリニック", "機関区分": 3, "都道府県コード": 4, "市区町村コード": 105, "所在地": "宮城県仙台市泉区市名坂字御釜田１４２－５　サンロードビル２０３", "緯度": 38.320229, "経度": 140.897797, "url": "https://www.iryou.teikyouseido.mhlw.go.jp/znk-web/juminkanja/S2430/initialize?prefCd=04&kikanCd=810330&kikanKbn=3", "url2": "https://itp.ne.jp/info/049032094000000899/", "内容": "みうら歯科クリニック【3:歯科】宮城県仙台市泉区市名坂字御釜田１４２－５　サンロードビル２０３" }, "geometry": { "type": "Point", "coordinates": [ 140.897797, 38.320229 ] } },
{ "type": "Feature", "properties": { "ID": 43810333, "正式名称": "紫山歯科医院", "機関区分": 3, "都道府県コード": 4, "市区町村コード": 105, "所在地": "宮城県仙台市泉区紫山２ー３２ー９", "緯度": 38.348175, "経度": 140.829544, "url": "https://www.iryou.teikyouseido.mhlw.go.jp/znk-web/juminkanja/S2430/initialize?prefCd=04&kikanCd=810333&kikanKbn=3", "url2": "http://murasakiyamashika.jp", "内容": "紫山歯科医院【3:歯科】宮城県仙台市泉区紫山２ー３２ー９" }, "geometry": { "type": "Point", "coordinates": [ 140.829544, 38.348175 ] } },
{ "type": "Feature", "properties": { "ID": 43810335, "正式名称": "八乙女スマイル歯科", "機関区分": 3, "都道府県コード": 4, "市区町村コード": 105, "所在地": "宮城県仙台市泉区八乙女４丁目１－１６", "緯度": 38.310593, "経度": 140.893494, "url": "https://www.iryou.teikyouseido.mhlw.go.jp/znk-web/juminkanja/S2430/initialize?prefCd=04&kikanCd=810335&kikanKbn=3", "url2": null, "内容": "八乙女スマイル歯科【3:歯科】宮城県仙台市泉区八乙女４丁目１－１６" }, "geometry": { "type": "Point", "coordinates": [ 140.893494, 38.310593 ] } },
{ "type": "Feature", "properties": { "ID": 43810336, "正式名称": "八乙女歯科", "機関区分": 3, "都道府県コード": 4, "市区町村コード": 105, "所在地": "宮城県仙台市泉区八乙女中央１－６－１５　３階", "緯度": 38.314075, "経度": 140.883514, "url": "https://www.iryou.teikyouseido.mhlw.go.jp/znk-web/juminkanja/S2430/initialize?prefCd=04&kikanCd=810336&kikanKbn=3", "url2": null, "内容": "八乙女歯科【3:歯科】宮城県仙台市泉区八乙女中央１－６－１５　３階" }, "geometry": { "type": "Point", "coordinates": [ 140.883514, 38.314075 ] } },
{ "type": "Feature", "properties": { "ID": 43810337, "正式名称": "医療法人社団矢野歯科医院", "機関区分": 3, "都道府県コード": 4, "市区町村コード": 105, "所在地": "宮城県仙台市泉区鶴が丘１丁目２９－６", "緯度": 38.317692, "経度": 140.92366, "url": "https://www.iryou.teikyouseido.mhlw.go.jp/znk-web/juminkanja/S2430/initialize?prefCd=04&kikanCd=810337&kikanKbn=3", "url2": null, "内容": "医療法人社団矢野歯科医院【3:歯科】宮城県仙台市泉区鶴が丘１丁目２９－６" }, "geometry": { "type": "Point", "coordinates": [ 140.92366, 38.317692 ] } },
{ "type": "Feature", "properties": { "ID": 43810338, "正式名称": "山崎歯科医院", "機関区分": 3, "都道府県コード": 4, "市区町村コード": 105, "所在地": "宮城県仙台市泉区上谷刈３－８－４１", "緯度": 38.318165, "経度": 140.869186, "url": "https://www.iryou.teikyouseido.mhlw.go.jp/znk-web/juminkanja/S2430/initialize?prefCd=04&kikanCd=810338&kikanKbn=3", "url2": null, "内容": "山崎歯科医院【3:歯科】宮城県仙台市泉区上谷刈３－８－４１" }, "geometry": { "type": "Point", "coordinates": [ 140.869186, 38.318165 ] } },
{ "type": "Feature", "properties": { "ID": 43810339, "正式名称": "マリエ歯科クリニック", "機関区分": 3, "都道府県コード": 4, "市区町村コード": 105, "所在地": "宮城県仙台市泉区加茂４丁目１３－７", "緯度": 38.313824, "経度": 140.852509, "url": "https://www.iryou.teikyouseido.mhlw.go.jp/znk-web/juminkanja/S2430/initialize?prefCd=04&kikanCd=810339&kikanKbn=3", "url2": "http://yamada-keiko.jp", "内容": "マリエ歯科クリニック【3:歯科】宮城県仙台市泉区加茂４丁目１３－７" }, "geometry": { "type": "Point", "coordinates": [ 140.852509, 38.313824 ] } },
{ "type": "Feature", "properties": { "ID": 43810340, "正式名称": "わかな歯科", "機関区分": 3, "都道府県コード": 4, "市区町村コード": 105, "所在地": "宮城県仙台市泉区鶴が丘３丁目１－８８", "緯度": 38.319706, "経度": 140.922699, "url": "https://www.iryou.teikyouseido.mhlw.go.jp/znk-web/juminkanja/S2430/initialize?prefCd=04&kikanCd=810340&kikanKbn=3", "url2": "http://wakana-dental.jp/", "内容": "わかな歯科【3:歯科】宮城県仙台市泉区鶴が丘３丁目１－８８" }, "geometry": { "type": "Point", "coordinates": [ 140.922699, 38.319706 ] } },
{ "type": "Feature", "properties": { "ID": 43810341, "正式名称": "ともこキッズ歯科医院", "機関区分": 3, "都道府県コード": 4, "市区町村コード": 105, "所在地": "宮城県仙台市泉区桂３丁目２－７", "緯度": 38.337936, "経度": 140.862671, "url": "https://www.iryou.teikyouseido.mhlw.go.jp/znk-web/juminkanja/S2430/initialize?prefCd=04&kikanCd=810341&kikanKbn=3", "url2": "http://tomokokids.com", "内容": "ともこキッズ歯科医院【3:歯科】宮城県仙台市泉区桂３丁目２－７" }, "geometry": { "type": "Point", "coordinates": [ 140.862671, 38.337936 ] } },
{ "type": "Feature", "properties": { "ID": 43810342, "正式名称": "色川歯科医院", "機関区分": 3, "都道府県コード": 4, "市区町村コード": 102, "所在地": "宮城県仙台市宮城野区福田町１丁目１０－３７", "緯度": 38.272823, "経度": 140.959427, "url": "https://www.iryou.teikyouseido.mhlw.go.jp/znk-web/juminkanja/S2430/initialize?prefCd=04&kikanCd=810342&kikanKbn=3", "url2": "https://irokawashika.com", "内容": "色川歯科医院【3:歯科】宮城県仙台市宮城野区福田町１丁目１０－３７" }, "geometry": { "type": "Point", "coordinates": [ 140.959427, 38.272823 ] } },
{ "type": "Feature", "properties": { "ID": 43810343, "正式名称": "ひだまりデンタルクリニック", "機関区分": 3, "都道府県コード": 4, "市区町村コード": 102, "所在地": "宮城県仙台市宮城野区岩切字三所南１０７−１", "緯度": 38.301407, "経度": 140.946655, "url": "https://www.iryou.teikyouseido.mhlw.go.jp/znk-web/juminkanja/S2430/initialize?prefCd=04&kikanCd=810343&kikanKbn=3", "url2": "https://www.sendai-hidamari-dental.com/", "内容": "ひだまりデンタルクリニック【3:歯科】宮城県仙台市宮城野区岩切字三所南１０７−１" }, "geometry": { "type": "Point", "coordinates": [ 140.946655, 38.301407 ] } },
{ "type": "Feature", "properties": { "ID": 43810344, "正式名称": "岩谷歯科医院", "機関区分": 3, "都道府県コード": 4, "市区町村コード": 102, "所在地": "宮城県仙台市宮城野区高砂１－１－１５高砂関弐番館３０７号", "緯度": 38.274189, "経度": 140.972305, "url": "https://www.iryou.teikyouseido.mhlw.go.jp/znk-web/juminkanja/S2430/initialize?prefCd=04&kikanCd=810344&kikanKbn=3", "url2": null, "内容": "岩谷歯科医院【3:歯科】宮城県仙台市宮城野区高砂１－１－１５高砂関弐番館３０７号" }, "geometry": { "type": "Point", "coordinates": [ 140.972305, 38.274189 ] } },
{ "type": "Feature", "properties": { "ID": 43810347, "正式名称": "メイプル歯科", "機関区分": 3, "都道府県コード": 4, "市区町村コード": 104, "所在地": "宮城県仙台市太白区中田４丁目１５－１４　ユーナ・コピア１Ｆ", "緯度": 38.197674, "経度": 140.888763, "url": "https://www.iryou.teikyouseido.mhlw.go.jp/znk-web/juminkanja/S2430/initialize?prefCd=04&kikanCd=810347&kikanKbn=3", "url2": "http://meipurusika.bitter.jp", "内容": "メイプル歯科【3:歯科】宮城県仙台市太白区中田４丁目１５－１４　ユーナ・コピア１Ｆ" }, "geometry": { "type": "Point", "coordinates": [ 140.888763, 38.197674 ] } },
{ "type": "Feature", "properties": { "ID": 43810348, "正式名称": "むつみ歯科医院", "機関区分": 3, "都道府県コード": 4, "市区町村コード": 104, "所在地": "宮城県仙台市太白区中田６丁目６－１５－６", "緯度": 38.192207, "経度": 140.885162, "url": "https://www.iryou.teikyouseido.mhlw.go.jp/znk-web/juminkanja/S2430/initialize?prefCd=04&kikanCd=810348&kikanKbn=3", "url2": null, "内容": "むつみ歯科医院【3:歯科】宮城県仙台市太白区中田６丁目６－１５－６" }, "geometry": { "type": "Point", "coordinates": [ 140.885162, 38.192207 ] } },
{ "type": "Feature", "properties": { "ID": 43810349, "正式名称": "宮田歯科クリニック", "機関区分": 3, "都道府県コード": 4, "市区町村コード": 104, "所在地": "宮城県仙台市太白区袋原字台２５－６", "緯度": 38.196651, "経度": 140.907974, "url": "https://www.iryou.teikyouseido.mhlw.go.jp/znk-web/juminkanja/S2430/initialize?prefCd=04&kikanCd=810349&kikanKbn=3", "url2": null, "内容": "宮田歯科クリニック【3:歯科】宮城県仙台市太白区袋原字台２５－６" }, "geometry": { "type": "Point", "coordinates": [ 140.907974, 38.196651 ] } },
{ "type": "Feature", "properties": { "ID": 43810350, "正式名称": "医療法人　拓伸会　向山ファミリー歯科", "機関区分": 3, "都道府県コード": 4, "市区町村コード": 104, "所在地": "宮城県仙台市太白区向山３－１０－１", "緯度": 38.244362, "経度": 140.870026, "url": "https://www.iryou.teikyouseido.mhlw.go.jp/znk-web/juminkanja/S2430/initialize?prefCd=04&kikanCd=810350&kikanKbn=3", "url2": "http://ve.cat-v.ne.jp/kano/", "内容": "医療法人　拓伸会　向山ファミリー歯科【3:歯科】宮城県仙台市太白区向山３－１０－１" }, "geometry": { "type": "Point", "coordinates": [ 140.870026, 38.244362 ] } },
{ "type": "Feature", "properties": { "ID": 43810351, "正式名称": "医療法人社団　アイデンタルクリニック", "機関区分": 3, "都道府県コード": 4, "市区町村コード": 105, "所在地": "宮城県仙台市泉区南中山１－２７－３５７", "緯度": 38.300137, "経度": 140.826324, "url": "https://www.iryou.teikyouseido.mhlw.go.jp/znk-web/juminkanja/S2430/initialize?prefCd=04&kikanCd=810351&kikanKbn=3", "url2": "http://www.sendai-idental.com", "内容": "医療法人社団　アイデンタルクリニック【3:歯科】宮城県仙台市泉区南中山１－２７－３５７" }, "geometry": { "type": "Point", "coordinates": [ 140.826324, 38.300137 ] } },
{ "type": "Feature", "properties": { "ID": 43810352, "正式名称": "ひとしファミリー歯科", "機関区分": 3, "都道府県コード": 4, "市区町村コード": 105, "所在地": "宮城県仙台市泉区南光台７丁目１－４９", "緯度": 38.301273, "経度": 140.899353, "url": "https://www.iryou.teikyouseido.mhlw.go.jp/znk-web/juminkanja/S2430/initialize?prefCd=04&kikanCd=810352&kikanKbn=3", "url2": "http://1182525.com", "内容": "ひとしファミリー歯科【3:歯科】宮城県仙台市泉区南光台７丁目１－４９" }, "geometry": { "type": "Point", "coordinates": [ 140.899353, 38.301273 ] } },
{ "type": "Feature", "properties": { "ID": 43810353, "正式名称": "Ｍ’ｓデンタルクリニック", "機関区分": 3, "都道府県コード": 4, "市区町村コード": 105, "所在地": "宮城県仙台市泉区高玉町３－６　Ｓｏｌｅ高玉１０５", "緯度": 38.31847, "経度": 140.893448, "url": "https://www.iryou.teikyouseido.mhlw.go.jp/znk-web/juminkanja/S2430/initialize?prefCd=04&kikanCd=810353&kikanKbn=3", "url2": "http://www.ms-dental.net", "内容": "Ｍ’ｓデンタルクリニック【3:歯科】宮城県仙台市泉区高玉町３－６　Ｓｏｌｅ高玉１０５" }, "geometry": { "type": "Point", "coordinates": [ 140.893448, 38.31847 ] } },
{ "type": "Feature", "properties": { "ID": 43810354, "正式名称": "おおさか歯科医院", "機関区分": 3, "都道府県コード": 4, "市区町村コード": 105, "所在地": "宮城県仙台市泉区泉中央３丁目１－９", "緯度": 38.324097, "経度": 140.883377, "url": "https://www.iryou.teikyouseido.mhlw.go.jp/znk-web/juminkanja/S2430/initialize?prefCd=04&kikanCd=810354&kikanKbn=3", "url2": "https://www.osaka-dent.com/", "内容": "おおさか歯科医院【3:歯科】宮城県仙台市泉区泉中央３丁目１－９" }, "geometry": { "type": "Point", "coordinates": [ 140.883377, 38.324097 ] } },
{ "type": "Feature", "properties": { "ID": 43810355, "正式名称": "大屋歯科クリニック", "機関区分": 3, "都道府県コード": 4, "市区町村コード": 105, "所在地": "宮城県仙台市泉区野村字筒岫屋敷７－１", "緯度": 38.333569, "経度": 140.854126, "url": "https://www.iryou.teikyouseido.mhlw.go.jp/znk-web/juminkanja/S2430/initialize?prefCd=04&kikanCd=810355&kikanKbn=3", "url2": "http://www.ohya-dc.jp", "内容": "大屋歯科クリニック【3:歯科】宮城県仙台市泉区野村字筒岫屋敷７－１" }, "geometry": { "type": "Point", "coordinates": [ 140.854126, 38.333569 ] } },
{ "type": "Feature", "properties": { "ID": 43810356, "正式名称": "おのだ歯科医院", "機関区分": 3, "都道府県コード": 4, "市区町村コード": 105, "所在地": "宮城県仙台市泉区北中山３丁目２－６", "緯度": 38.31612, "経度": 140.812256, "url": "https://www.iryou.teikyouseido.mhlw.go.jp/znk-web/juminkanja/S2430/initialize?prefCd=04&kikanCd=810356&kikanKbn=3", "url2": "http://www.onoda-dc.com", "内容": "おのだ歯科医院【3:歯科】宮城県仙台市泉区北中山３丁目２－６" }, "geometry": { "type": "Point", "coordinates": [ 140.812256, 38.31612 ] } },
{ "type": "Feature", "properties": { "ID": 43810357, "正式名称": "たくひとデンタルクリニック", "機関区分": 3, "都道府県コード": 4, "市区町村コード": 105, "所在地": "宮城県仙台市泉区泉ケ丘３丁目５－１７", "緯度": 38.357052, "経度": 140.869095, "url": "https://www.iryou.teikyouseido.mhlw.go.jp/znk-web/juminkanja/S2430/initialize?prefCd=04&kikanCd=810357&kikanKbn=3", "url2": "http://takuhito-dc.com", "内容": "たくひとデンタルクリニック【3:歯科】宮城県仙台市泉区泉ケ丘３丁目５－１７" }, "geometry": { "type": "Point", "coordinates": [ 140.869095, 38.357052 ] } },
{ "type": "Feature", "properties": { "ID": 43810358, "正式名称": "桂歯科クリニック", "機関区分": 3, "都道府県コード": 4, "市区町村コード": 105, "所在地": "宮城県仙台市泉区桂３丁目３５－１", "緯度": 38.343079, "経度": 140.864975, "url": "https://www.iryou.teikyouseido.mhlw.go.jp/znk-web/juminkanja/S2430/initialize?prefCd=04&kikanCd=810358&kikanKbn=3", "url2": "http://www.katsura-shika.com/", "内容": "桂歯科クリニック【3:歯科】宮城県仙台市泉区桂３丁目３５－１" }, "geometry": { "type": "Point", "coordinates": [ 140.864975, 38.343079 ] } },
{ "type": "Feature", "properties": { "ID": 43810360, "正式名称": "あいすデンタルクリニック", "機関区分": 3, "都道府県コード": 4, "市区町村コード": 105, "所在地": "宮城県仙台市泉区泉中央南６番地", "緯度": 38.320427, "経度": 140.871429, "url": "https://www.iryou.teikyouseido.mhlw.go.jp/znk-web/juminkanja/S2430/initialize?prefCd=04&kikanCd=810360&kikanKbn=3", "url2": "http://www.aisu-dc.com/", "内容": "あいすデンタルクリニック【3:歯科】宮城県仙台市泉区泉中央南６番地" }, "geometry": { "type": "Point", "coordinates": [ 140.871429, 38.320427 ] } },
{ "type": "Feature", "properties": { "ID": 43810361, "正式名称": "菊田歯科医院", "機関区分": 3, "都道府県コード": 4, "市区町村コード": 105, "所在地": "宮城県仙台市泉区加茂４丁目４－１", "緯度": 38.31297, "経度": 140.855318, "url": "https://www.iryou.teikyouseido.mhlw.go.jp/znk-web/juminkanja/S2430/initialize?prefCd=04&kikanCd=810361&kikanKbn=3", "url2": "http://kikuta-dc.com/", "内容": "菊田歯科医院【3:歯科】宮城県仙台市泉区加茂４丁目４－１" }, "geometry": { "type": "Point", "coordinates": [ 140.855318, 38.31297 ] } },
{ "type": "Feature", "properties": { "ID": 43810363, "正式名称": "北中山歯科クリニック", "機関区分": 3, "都道府県コード": 4, "市区町村コード": 105, "所在地": "宮城県仙台市泉区北中山２丁目３３－１０", "緯度": 38.316944, "経度": 140.818665, "url": "https://www.iryou.teikyouseido.mhlw.go.jp/znk-web/juminkanja/S2430/initialize?prefCd=04&kikanCd=810363&kikanKbn=3", "url2": "http://www18.ocn.ne.jp/~kndental/", "内容": "北中山歯科クリニック【3:歯科】宮城県仙台市泉区北中山２丁目３３－１０" }, "geometry": { "type": "Point", "coordinates": [ 140.818665, 38.316944 ] } },
{ "type": "Feature", "properties": { "ID": 43810364, "正式名称": "クニデンタルクリニック", "機関区分": 3, "都道府県コード": 4, "市区町村コード": 105, "所在地": "宮城県仙台市泉区松森字新田１８２", "緯度": 38.302471, "経度": 140.906235, "url": "https://www.iryou.teikyouseido.mhlw.go.jp/znk-web/juminkanja/S2430/initialize?prefCd=04&kikanCd=810364&kikanKbn=3", "url2": null, "内容": "クニデンタルクリニック【3:歯科】宮城県仙台市泉区松森字新田１８２" }, "geometry": { "type": "Point", "coordinates": [ 140.906235, 38.302471 ] } },
{ "type": "Feature", "properties": { "ID": 43810366, "正式名称": "長谷歯科クリニック", "機関区分": 3, "都道府県コード": 4, "市区町村コード": 102, "所在地": "宮城県仙台市宮城野区枡江１０－２３", "緯度": 38.278328, "経度": 140.903885, "url": "https://www.iryou.teikyouseido.mhlw.go.jp/znk-web/juminkanja/S2430/initialize?prefCd=04&kikanCd=810366&kikanKbn=3", "url2": null, "内容": "長谷歯科クリニック【3:歯科】宮城県仙台市宮城野区枡江１０－２３" }, "geometry": { "type": "Point", "coordinates": [ 140.903885, 38.278328 ] } },
{ "type": "Feature", "properties": { "ID": 43810368, "正式名称": "原町歯科医院", "機関区分": 3, "都道府県コード": 4, "市区町村コード": 102, "所在地": "宮城県仙台市宮城野区原町２ー３ー５８", "緯度": 38.264668, "経度": 140.902603, "url": "https://www.iryou.teikyouseido.mhlw.go.jp/znk-web/juminkanja/S2430/initialize?prefCd=04&kikanCd=810368&kikanKbn=3", "url2": "https://www.haranomachi-dental.com", "内容": "原町歯科医院【3:歯科】宮城県仙台市宮城野区原町２ー３ー５８" }, "geometry": { "type": "Point", "coordinates": [ 140.902603, 38.264668 ] } },
{ "type": "Feature", "properties": { "ID": 43810370, "正式名称": "医療法人社団　青葉会　パーク歯科クリニック", "機関区分": 3, "都道府県コード": 4, "市区町村コード": 102, "所在地": "宮城県仙台市宮城野区新田東５丁目１３－１　グランウィング１Ｆ", "緯度": 38.280075, "経度": 140.932922, "url": "https://www.iryou.teikyouseido.mhlw.go.jp/znk-web/juminkanja/S2430/initialize?prefCd=04&kikanCd=810370&kikanKbn=3", "url2": "http://www.park-dental.jp/", "内容": "医療法人社団　青葉会　パーク歯科クリニック【3:歯科】宮城県仙台市宮城野区新田東５丁目１３－１　グランウィング１Ｆ" }, "geometry": { "type": "Point", "coordinates": [ 140.932922, 38.280075 ] } },
{ "type": "Feature", "properties": { "ID": 43810372, "正式名称": "くぼた矯正歯科クリニック", "機関区分": 3, "都道府県コード": 4, "市区町村コード": 102, "所在地": "宮城県仙台市宮城野区新田東２丁目１４－６", "緯度": 38.276535, "経度": 140.934418, "url": "https://www.iryou.teikyouseido.mhlw.go.jp/znk-web/juminkanja/S2430/initialize?prefCd=04&kikanCd=810372&kikanKbn=3", "url2": "http://kubota5888.com", "内容": "くぼた矯正歯科クリニック【3:歯科】宮城県仙台市宮城野区新田東２丁目１４－６" }, "geometry": { "type": "Point", "coordinates": [ 140.934418, 38.276535 ] } },
{ "type": "Feature", "properties": { "ID": 43810373, "正式名称": "岩切歯科医院", "機関区分": 3, "都道府県コード": 4, "市区町村コード": 102, "所在地": "宮城県仙台市宮城野区岩切字洞ノ口１０８－７", "緯度": 38.30299, "経度": 140.95137, "url": "https://www.iryou.teikyouseido.mhlw.go.jp/znk-web/juminkanja/S2430/initialize?prefCd=04&kikanCd=810373&kikanKbn=3", "url2": null, "内容": "岩切歯科医院【3:歯科】宮城県仙台市宮城野区岩切字洞ノ口１０８－７" }, "geometry": { "type": "Point", "coordinates": [ 140.95137, 38.30299 ] } },
{ "type": "Feature", "properties": { "ID": 43810375, "正式名称": "山内歯科医院", "機関区分": 3, "都道府県コード": 4, "市区町村コード": 102, "所在地": "宮城県仙台市宮城野区新田２丁目１－２３", "緯度": 38.274174, "経度": 140.922729, "url": "https://www.iryou.teikyouseido.mhlw.go.jp/znk-web/juminkanja/S2430/initialize?prefCd=04&kikanCd=810375&kikanKbn=3", "url2": "https://yamauchi-dentalclinic.jimdofree.com/", "内容": "山内歯科医院【3:歯科】宮城県仙台市宮城野区新田２丁目１－２３" }, "geometry": { "type": "Point", "coordinates": [ 140.922729, 38.274174 ] } },
{ "type": "Feature", "properties": { "ID": 43810378, "正式名称": "吉中歯科医院", "機関区分": 3, "都道府県コード": 4, "市区町村コード": 102, "所在地": "宮城県仙台市宮城野区田子１丁目２４－５３", "緯度": 38.27721, "経度": 140.959, "url": "https://www.iryou.teikyouseido.mhlw.go.jp/znk-web/juminkanja/S2430/initialize?prefCd=04&kikanCd=810378&kikanKbn=3", "url2": null, "内容": "吉中歯科医院【3:歯科】宮城県仙台市宮城野区田子１丁目２４－５３" }, "geometry": { "type": "Point", "coordinates": [ 140.959, 38.27721 ] } },
{ "type": "Feature", "properties": { "ID": 43810380, "正式名称": "相沢歯科医院", "機関区分": 3, "都道府県コード": 4, "市区町村コード": 102, "所在地": "宮城県仙台市宮城野区宮千代１丁目１９－１０", "緯度": 38.253555, "経度": 140.90831, "url": "https://www.iryou.teikyouseido.mhlw.go.jp/znk-web/juminkanja/S2430/initialize?prefCd=04&kikanCd=810380&kikanKbn=3", "url2": null, "内容": "相沢歯科医院【3:歯科】宮城県仙台市宮城野区宮千代１丁目１９－１０" }, "geometry": { "type": "Point", "coordinates": [ 140.90831, 38.253555 ] } },
{ "type": "Feature", "properties": { "ID": 43810381, "正式名称": "青い空の歯科クリニック", "機関区分": 3, "都道府県コード": 4, "市区町村コード": 105, "所在地": "宮城県仙台市泉区西中山２丁目１８－１", "緯度": 38.31768, "経度": 140.81395, "url": "https://www.iryou.teikyouseido.mhlw.go.jp/znk-web/juminkanja/S2430/initialize?prefCd=04&kikanCd=810381&kikanKbn=3", "url2": null, "内容": "青い空の歯科クリニック【3:歯科】宮城県仙台市泉区西中山２丁目１８－１" }, "geometry": { "type": "Point", "coordinates": [ 140.81395, 38.31768 ] } },
{ "type": "Feature", "properties": { "ID": 43810382, "正式名称": "青葉こどもと親の歯科医院", "機関区分": 3, "都道府県コード": 4, "市区町村コード": 105, "所在地": "宮城県仙台市泉区八乙女中央３丁目２－２０", "緯度": 38.314735, "経度": 140.884338, "url": "https://www.iryou.teikyouseido.mhlw.go.jp/znk-web/juminkanja/S2430/initialize?prefCd=04&kikanCd=810382&kikanKbn=3", "url2": "https://www.haisha.gr.jp", "内容": "青葉こどもと親の歯科医院【3:歯科】宮城県仙台市泉区八乙女中央３丁目２－２０" }, "geometry": { "type": "Point", "coordinates": [ 140.884338, 38.314735 ] } },
{ "type": "Feature", "properties": { "ID": 43810383, "正式名称": "青柳歯科医院", "機関区分": 3, "都道府県コード": 4, "市区町村コード": 105, "所在地": "宮城県仙台市泉区八乙女２丁目１２－４", "緯度": 38.30904, "経度": 140.891479, "url": "https://www.iryou.teikyouseido.mhlw.go.jp/znk-web/juminkanja/S2430/initialize?prefCd=04&kikanCd=810383&kikanKbn=3", "url2": "http://aoyagisika.exblog.jp/", "内容": "青柳歯科医院【3:歯科】宮城県仙台市泉区八乙女２丁目１２－４" }, "geometry": { "type": "Point", "coordinates": [ 140.891479, 38.30904 ] } },
{ "type": "Feature", "properties": { "ID": 43810384, "正式名称": "医療法人社団ハピタル　明石台歯科医院", "機関区分": 3, "都道府県コード": 4, "市区町村コード": 105, "所在地": "宮城県仙台市泉区明石南５－１", "緯度": 38.340503, "経度": 140.885512, "url": "https://www.iryou.teikyouseido.mhlw.go.jp/znk-web/juminkanja/S2430/initialize?prefCd=04&kikanCd=810384&kikanKbn=3", "url2": "http://akaishidai-dental-office.com", "内容": "医療法人社団ハピタル　明石台歯科医院【3:歯科】宮城県仙台市泉区明石南５－１" }, "geometry": { "type": "Point", "coordinates": [ 140.885512, 38.340503 ] } },
{ "type": "Feature", "properties": { "ID": 43810386, "正式名称": "医療法人白楊会　泉中央さいとう歯科", "機関区分": 3, "都道府県コード": 4, "市区町村コード": 105, "所在地": "宮城県仙台市泉区泉中央４丁目２－２　１０１", "緯度": 38.322163, "経度": 140.883224, "url": "https://www.iryou.teikyouseido.mhlw.go.jp/znk-web/juminkanja/S2430/initialize?prefCd=04&kikanCd=810386&kikanKbn=3", "url2": null, "内容": "医療法人白楊会　泉中央さいとう歯科【3:歯科】宮城県仙台市泉区泉中央４丁目２－２　１０１" }, "geometry": { "type": "Point", "coordinates": [ 140.883224, 38.322163 ] } },
{ "type": "Feature", "properties": { "ID": 43810387, "正式名称": "いずみ中央歯科クリニック", "機関区分": 3, "都道府県コード": 4, "市区町村コード": 105, "所在地": "宮城県仙台市泉区泉中央２丁目１２－４", "緯度": 38.328163, "経度": 140.880188, "url": "https://www.iryou.teikyouseido.mhlw.go.jp/znk-web/juminkanja/S2430/initialize?prefCd=04&kikanCd=810387&kikanKbn=3", "url2": "https://izuchu.wixsite.com/izumichuo", "内容": "いずみ中央歯科クリニック【3:歯科】宮城県仙台市泉区泉中央２丁目１２－４" }, "geometry": { "type": "Point", "coordinates": [ 140.880188, 38.328163 ] } },
{ "type": "Feature", "properties": { "ID": 43810390, "正式名称": "いけだ歯科クリニック", "機関区分": 3, "都道府県コード": 4, "市区町村コード": 105, "所在地": "宮城県仙台市泉区市名坂字鹿島１－１", "緯度": 38.314228, "経度": 140.909119, "url": "https://www.iryou.teikyouseido.mhlw.go.jp/znk-web/juminkanja/S2430/initialize?prefCd=04&kikanCd=810390&kikanKbn=3", "url2": null, "内容": "いけだ歯科クリニック【3:歯科】宮城県仙台市泉区市名坂字鹿島１－１" }, "geometry": { "type": "Point", "coordinates": [ 140.909119, 38.314228 ] } },
{ "type": "Feature", "properties": { "ID": 43810391, "正式名称": "泉中央さかた歯科クリニック", "機関区分": 3, "都道府県コード": 4, "市区町村コード": 105, "所在地": "宮城県仙台市泉区泉中央１丁目３８－１１－１", "緯度": 38.323524, "経度": 140.876358, "url": "https://www.iryou.teikyouseido.mhlw.go.jp/znk-web/juminkanja/S2430/initialize?prefCd=04&kikanCd=810391&kikanKbn=3", "url2": null, "内容": "泉中央さかた歯科クリニック【3:歯科】宮城県仙台市泉区泉中央１丁目３８－１１－１" }, "geometry": { "type": "Point", "coordinates": [ 140.876358, 38.323524 ] } },
{ "type": "Feature", "properties": { "ID": 43810392, "正式名称": "加茂谷矯正歯科", "機関区分": 3, "都道府県コード": 4, "市区町村コード": 105, "所在地": "宮城県仙台市泉区泉中央４丁目４－２　３Ｆ", "緯度": 38.323093, "経度": 140.883347, "url": "https://www.iryou.teikyouseido.mhlw.go.jp/znk-web/juminkanja/S2430/initialize?prefCd=04&kikanCd=810392&kikanKbn=3", "url2": "https://kamoya-orthodontics.com", "内容": "加茂谷矯正歯科【3:歯科】宮城県仙台市泉区泉中央４丁目４－２　３Ｆ" }, "geometry": { "type": "Point", "coordinates": [ 140.883347, 38.323093 ] } },
{ "type": "Feature", "properties": { "ID": 43810393, "正式名称": "医療法人徳真会いずみデンタルクリニック", "機関区分": 3, "都道府県コード": 4, "市区町村コード": 105, "所在地": "宮城県仙台市泉区南光台東２丁目１１－２６", "緯度": 38.297955, "経度": 140.910675, "url": "https://www.iryou.teikyouseido.mhlw.go.jp/znk-web/juminkanja/S2430/initialize?prefCd=04&kikanCd=810393&kikanKbn=3", "url2": "http://www.tokushinkai.or.jp", "内容": "医療法人徳真会いずみデンタルクリニック【3:歯科】宮城県仙台市泉区南光台東２丁目１１－２６" }, "geometry": { "type": "Point", "coordinates": [ 140.910675, 38.297955 ] } },
{ "type": "Feature", "properties": { "ID": 43810394, "正式名称": "いずみ中山歯科", "機関区分": 3, "都道府県コード": 4, "市区町村コード": 105, "所在地": "宮城県仙台市泉区南中山２丁目１２－７", "緯度": 38.310009, "経度": 140.82695, "url": "https://www.iryou.teikyouseido.mhlw.go.jp/znk-web/juminkanja/S2430/initialize?prefCd=04&kikanCd=810394&kikanKbn=3", "url2": "https://www.izumi-nakayama-do.com/", "内容": "いずみ中山歯科【3:歯科】宮城県仙台市泉区南中山２丁目１２－７" }, "geometry": { "type": "Point", "coordinates": [ 140.82695, 38.310009 ] } },
{ "type": "Feature", "properties": { "ID": 43810395, "正式名称": "泉パークタウン寺岡デンタルクリニック", "機関区分": 3, "都道府県コード": 4, "市区町村コード": 105, "所在地": "宮城県仙台市泉区寺岡１丁目２－１４", "緯度": 38.335598, "経度": 140.836533, "url": "https://www.iryou.teikyouseido.mhlw.go.jp/znk-web/juminkanja/S2430/initialize?prefCd=04&kikanCd=810395&kikanKbn=3", "url2": null, "内容": "泉パークタウン寺岡デンタルクリニック【3:歯科】宮城県仙台市泉区寺岡１丁目２－１４" }, "geometry": { "type": "Point", "coordinates": [ 140.836533, 38.335598 ] } },
{ "type": "Feature", "properties": { "ID": 43810396, "正式名称": "泉ビレジ歯科医院", "機関区分": 3, "都道府県コード": 4, "市区町村コード": 105, "所在地": "宮城県仙台市泉区館６丁目１４－５", "緯度": 38.318745, "経度": 140.799591, "url": "https://www.iryou.teikyouseido.mhlw.go.jp/znk-web/juminkanja/S2430/initialize?prefCd=04&kikanCd=810396&kikanKbn=3", "url2": null, "内容": "泉ビレジ歯科医院【3:歯科】宮城県仙台市泉区館６丁目１４－５" }, "geometry": { "type": "Point", "coordinates": [ 140.799591, 38.318745 ] } },
{ "type": "Feature", "properties": { "ID": 43810397, "正式名称": "市名坂歯科医院", "機関区分": 3, "都道府県コード": 4, "市区町村コード": 105, "所在地": "宮城県仙台市泉区市名坂字原田２０−１１", "緯度": 38.315598, "経度": 140.901764, "url": "https://www.iryou.teikyouseido.mhlw.go.jp/znk-web/juminkanja/S2430/initialize?prefCd=04&kikanCd=810397&kikanKbn=3", "url2": "http://www.ichinazaka-dc.com/", "内容": "市名坂歯科医院【3:歯科】宮城県仙台市泉区市名坂字原田２０−１１" }, "geometry": { "type": "Point", "coordinates": [ 140.901764, 38.315598 ] } },
{ "type": "Feature", "properties": { "ID": 43810398, "正式名称": "医療法人社団　香佑会　こえだ歯科医院", "機関区分": 3, "都道府県コード": 4, "市区町村コード": 105, "所在地": "宮城県仙台市泉区松陵３丁目２７－４", "緯度": 38.330811, "経度": 140.90976, "url": "https://www.iryou.teikyouseido.mhlw.go.jp/znk-web/juminkanja/S2430/initialize?prefCd=04&kikanCd=810398&kikanKbn=3", "url2": "http://www.koeda-dc.com/", "内容": "医療法人社団　香佑会　こえだ歯科医院【3:歯科】宮城県仙台市泉区松陵３丁目２７－４" }, "geometry": { "type": "Point", "coordinates": [ 140.90976, 38.330811 ] } },
{ "type": "Feature", "properties": { "ID": 43810399, "正式名称": "みずほ台歯科クリニック", "機関区分": 3, "都道府県コード": 4, "市区町村コード": 105, "所在地": "宮城県仙台市泉区みずほ台２２－１１", "緯度": 38.310387, "経度": 140.872665, "url": "https://www.iryou.teikyouseido.mhlw.go.jp/znk-web/juminkanja/S2430/initialize?prefCd=04&kikanCd=810399&kikanKbn=3", "url2": null, "内容": "みずほ台歯科クリニック【3:歯科】宮城県仙台市泉区みずほ台２２－１１" }, "geometry": { "type": "Point", "coordinates": [ 140.872665, 38.310387 ] } },
{ "type": "Feature", "properties": { "ID": 43810402, "正式名称": "黒松駅前歯科クリニック", "機関区分": 3, "都道府県コード": 4, "市区町村コード": 105, "所在地": "宮城県仙台市泉区旭丘堤２－２１－１Ａ２０１", "緯度": 38.303883, "経度": 140.887192, "url": "https://www.iryou.teikyouseido.mhlw.go.jp/znk-web/juminkanja/S2430/initialize?prefCd=04&kikanCd=810402&kikanKbn=3", "url2": "http://www.kuromatsu-dental.com/", "内容": "黒松駅前歯科クリニック【3:歯科】宮城県仙台市泉区旭丘堤２－２１－１Ａ２０１" }, "geometry": { "type": "Point", "coordinates": [ 140.887192, 38.303883 ] } },
{ "type": "Feature", "properties": { "ID": 43810404, "正式名称": "後藤吉平歯科", "機関区分": 3, "都道府県コード": 4, "市区町村コード": 105, "所在地": "宮城県仙台市泉区七北田字町２０－１", "緯度": 38.323067, "経度": 140.888641, "url": "https://www.iryou.teikyouseido.mhlw.go.jp/znk-web/juminkanja/S2430/initialize?prefCd=04&kikanCd=810404&kikanKbn=3", "url2": "http://www.kippeichan.com", "内容": "後藤吉平歯科【3:歯科】宮城県仙台市泉区七北田字町２０－１" }, "geometry": { "type": "Point", "coordinates": [ 140.888641, 38.323067 ] } },
{ "type": "Feature", "properties": { "ID": 43810405, "正式名称": "こわだ歯科医院", "機関区分": 3, "都道府県コード": 4, "市区町村コード": 105, "所在地": "宮城県仙台市泉区泉ヶ丘１丁目２１－２２", "緯度": 38.352985, "経度": 140.869659, "url": "https://www.iryou.teikyouseido.mhlw.go.jp/znk-web/juminkanja/S2430/initialize?prefCd=04&kikanCd=810405&kikanKbn=3", "url2": null, "内容": "こわだ歯科医院【3:歯科】宮城県仙台市泉区泉ヶ丘１丁目２１－２２" }, "geometry": { "type": "Point", "coordinates": [ 140.869659, 38.352985 ] } },
{ "type": "Feature", "properties": { "ID": 43810406, "正式名称": "さいとう歯科クリニック", "機関区分": 3, "都道府県コード": 4, "市区町村コード": 105, "所在地": "宮城県仙台市泉区南光台東１丁目１１－１０", "緯度": 38.298653, "経度": 140.906189, "url": "https://www.iryou.teikyouseido.mhlw.go.jp/znk-web/juminkanja/S2430/initialize?prefCd=04&kikanCd=810406&kikanKbn=3", "url2": null, "内容": "さいとう歯科クリニック【3:歯科】宮城県仙台市泉区南光台東１丁目１１－１０" }, "geometry": { "type": "Point", "coordinates": [ 140.906189, 38.298653 ] } },
{ "type": "Feature", "properties": { "ID": 43810408, "正式名称": "笹原歯科クリニック", "機関区分": 3, "都道府県コード": 4, "市区町村コード": 105, "所在地": "宮城県仙台市泉区長命ケ丘３ー２６ー４０", "緯度": 38.309891, "経度": 140.830368, "url": "https://www.iryou.teikyouseido.mhlw.go.jp/znk-web/juminkanja/S2430/initialize?prefCd=04&kikanCd=810408&kikanKbn=3", "url2": null, "内容": "笹原歯科クリニック【3:歯科】宮城県仙台市泉区長命ケ丘３ー２６ー４０" }, "geometry": { "type": "Point", "coordinates": [ 140.830368, 38.309891 ] } },
{ "type": "Feature", "properties": { "ID": 43810409, "正式名称": "しぶい歯科医院", "機関区分": 3, "都道府県コード": 4, "市区町村コード": 105, "所在地": "宮城県仙台市泉区黒松２丁目１７－１６", "緯度": 38.30827, "経度": 140.883194, "url": "https://www.iryou.teikyouseido.mhlw.go.jp/znk-web/juminkanja/S2430/initialize?prefCd=04&kikanCd=810409&kikanKbn=3", "url2": null, "内容": "しぶい歯科医院【3:歯科】宮城県仙台市泉区黒松２丁目１７－１６" }, "geometry": { "type": "Point", "coordinates": [ 140.883194, 38.30827 ] } },
{ "type": "Feature", "properties": { "ID": 43810412, "正式名称": "菅原歯科医院", "機関区分": 3, "都道府県コード": 4, "市区町村コード": 105, "所在地": "宮城県仙台市泉区鶴が丘１丁目５６－２６", "緯度": 38.314629, "経度": 140.923462, "url": "https://www.iryou.teikyouseido.mhlw.go.jp/znk-web/juminkanja/S2430/initialize?prefCd=04&kikanCd=810412&kikanKbn=3", "url2": null, "内容": "菅原歯科医院【3:歯科】宮城県仙台市泉区鶴が丘１丁目５６－２６" }, "geometry": { "type": "Point", "coordinates": [ 140.923462, 38.314629 ] } },
{ "type": "Feature", "properties": { "ID": 43810414, "正式名称": "住吉台歯科医院", "機関区分": 3, "都道府県コード": 4, "市区町村コード": 105, "所在地": "宮城県仙台市泉区住吉台東", "緯度": 38.326763, "経度": 140.784256, "url": "https://www.iryou.teikyouseido.mhlw.go.jp/znk-web/juminkanja/S2430/initialize?prefCd=04&kikanCd=810414&kikanKbn=3", "url2": "http://www.sumiyoshidai-dc.com", "内容": "住吉台歯科医院【3:歯科】宮城県仙台市泉区住吉台東" }, "geometry": { "type": "Point", "coordinates": [ 140.784256, 38.326763 ] } },
{ "type": "Feature", "properties": { "ID": 43810416, "正式名称": "南光台ささき歯科医院", "機関区分": 3, "都道府県コード": 4, "市区町村コード": 105, "所在地": "宮城県仙台市泉区南光台７丁目３４－３０", "緯度": 38.300293, "経度": 140.903137, "url": "https://www.iryou.teikyouseido.mhlw.go.jp/znk-web/juminkanja/S2430/initialize?prefCd=04&kikanCd=810416&kikanKbn=3", "url2": null, "内容": "南光台ささき歯科医院【3:歯科】宮城県仙台市泉区南光台７丁目３４－３０" }, "geometry": { "type": "Point", "coordinates": [ 140.903137, 38.300293 ] } },
{ "type": "Feature", "properties": { "ID": 43810417, "正式名称": "南光台歯科医院", "機関区分": 3, "都道府県コード": 4, "市区町村コード": 105, "所在地": "宮城県仙台市泉区南光台２丁目１５－２４", "緯度": 38.29493, "経度": 140.893707, "url": "https://www.iryou.teikyouseido.mhlw.go.jp/znk-web/juminkanja/S2430/initialize?prefCd=04&kikanCd=810417&kikanKbn=3", "url2": "https://www.sendai-endo.com", "内容": "南光台歯科医院【3:歯科】宮城県仙台市泉区南光台２丁目１５－２４" }, "geometry": { "type": "Point", "coordinates": [ 140.893707, 38.29493 ] } },
{ "type": "Feature", "properties": { "ID": 43810418, "正式名称": "虹の丘デンタルクリニック", "機関区分": 3, "都道府県コード": 4, "市区町村コード": 105, "所在地": "宮城県仙台市泉区虹の丘２ー３ー１５", "緯度": 38.304649, "経度": 140.866913, "url": "https://www.iryou.teikyouseido.mhlw.go.jp/znk-web/juminkanja/S2430/initialize?prefCd=04&kikanCd=810418&kikanKbn=3", "url2": null, "内容": "虹の丘デンタルクリニック【3:歯科】宮城県仙台市泉区虹の丘２ー３ー１５" }, "geometry": { "type": "Point", "coordinates": [ 140.866913, 38.304649 ] } },
{ "type": "Feature", "properties": { "ID": 43810419, "正式名称": "根白石歯科医院", "機関区分": 3, "都道府県コード": 4, "市区町村コード": 105, "所在地": "宮城県仙台市泉区根白石字町東３８", "緯度": 38.344364, "経度": 140.797485, "url": "https://www.iryou.teikyouseido.mhlw.go.jp/znk-web/juminkanja/S2430/initialize?prefCd=04&kikanCd=810419&kikanKbn=3", "url2": null, "内容": "根白石歯科医院【3:歯科】宮城県仙台市泉区根白石字町東３８" }, "geometry": { "type": "Point", "coordinates": [ 140.797485, 38.344364 ] } },
{ "type": "Feature", "properties": { "ID": 43810420, "正式名称": "ふたば歯科医院", "機関区分": 3, "都道府県コード": 4, "市区町村コード": 105, "所在地": "宮城県仙台市泉区寺岡３丁目４－２９", "緯度": 38.339264, "経度": 140.824463, "url": "https://www.iryou.teikyouseido.mhlw.go.jp/znk-web/juminkanja/S2430/initialize?prefCd=04&kikanCd=810420&kikanKbn=3", "url2": "http://teraoka0345.g1.xrea.com/", "内容": "ふたば歯科医院【3:歯科】宮城県仙台市泉区寺岡３丁目４－２９" }, "geometry": { "type": "Point", "coordinates": [ 140.824463, 38.339264 ] } },
{ "type": "Feature", "properties": { "ID": 43810421, "正式名称": "畑岡歯科医院", "機関区分": 3, "都道府県コード": 4, "市区町村コード": 105, "所在地": "宮城県仙台市泉区南光台", "緯度": 38.294834, "経度": 140.894928, "url": "https://www.iryou.teikyouseido.mhlw.go.jp/znk-web/juminkanja/S2430/initialize?prefCd=04&kikanCd=810421&kikanKbn=3", "url2": "http://hataoka.net/", "内容": "畑岡歯科医院【3:歯科】宮城県仙台市泉区南光台" }, "geometry": { "type": "Point", "coordinates": [ 140.894928, 38.294834 ] } },
{ "type": "Feature", "properties": { "ID": 43810422, "正式名称": "はぎ歯科クリニック", "機関区分": 3, "都道府県コード": 4, "市区町村コード": 105, "所在地": "宮城県仙台市泉区将監", "緯度": 38.332069, "経度": 140.871597, "url": "https://www.iryou.teikyouseido.mhlw.go.jp/znk-web/juminkanja/S2430/initialize?prefCd=04&kikanCd=810422&kikanKbn=3", "url2": "https://hagi-shika.com/index.html", "内容": "はぎ歯科クリニック【3:歯科】宮城県仙台市泉区将監" }, "geometry": { "type": "Point", "coordinates": [ 140.871597, 38.332069 ] } },
{ "type": "Feature", "properties": { "ID": 43810425, "正式名称": "医療法人　まつざき歯科医院", "機関区分": 3, "都道府県コード": 4, "市区町村コード": 105, "所在地": "宮城県仙台市泉区八乙女４丁目１２－５", "緯度": 38.310951, "経度": 140.897064, "url": "https://www.iryou.teikyouseido.mhlw.go.jp/znk-web/juminkanja/S2430/initialize?prefCd=04&kikanCd=810425&kikanKbn=3", "url2": "http://www.matsuzaki-dent.com", "内容": "医療法人　まつざき歯科医院【3:歯科】宮城県仙台市泉区八乙女４丁目１２－５" }, "geometry": { "type": "Point", "coordinates": [ 140.897064, 38.310951 ] } },
{ "type": "Feature", "properties": { "ID": 43810427, "正式名称": "医療法人コスモス会　まりぶ歯科・小児歯科・矯正歯科クリニック", "機関区分": 3, "都道府県コード": 4, "市区町村コード": 105, "所在地": "宮城県仙台市泉区松森字後田７－１　ザ・ビッグ仙台八乙女店内", "緯度": 38.309259, "経度": 140.900419, "url": "https://www.iryou.teikyouseido.mhlw.go.jp/znk-web/juminkanja/S2430/initialize?prefCd=04&kikanCd=810427&kikanKbn=3", "url2": "http://riribu.jp", "内容": "医療法人コスモス会　まりぶ歯科・小児歯科・矯正歯科クリニック【3:歯科】宮城県仙台市泉区松森字後田７－１　ザ・ビッグ仙台八乙女店内" }, "geometry": { "type": "Point", "coordinates": [ 140.900419, 38.309259 ] } },
{ "type": "Feature", "properties": { "ID": 43810428, "正式名称": "小野寺歯科クリニック", "機関区分": 3, "都道府県コード": 4, "市区町村コード": 102, "所在地": "宮城県仙台市宮城野区福室６丁目１２－３９", "緯度": 38.282635, "経度": 140.96936, "url": "https://www.iryou.teikyouseido.mhlw.go.jp/znk-web/juminkanja/S2430/initialize?prefCd=04&kikanCd=810428&kikanKbn=3", "url2": null, "内容": "小野寺歯科クリニック【3:歯科】宮城県仙台市宮城野区福室６丁目１２－３９" }, "geometry": { "type": "Point", "coordinates": [ 140.96936, 38.282635 ] } },
{ "type": "Feature", "properties": { "ID": 43810429, "正式名称": "川村歯科医院", "機関区分": 3, "都道府県コード": 4, "市区町村コード": 102, "所在地": "宮城県仙台市宮城野区福田町１丁目２－３", "緯度": 38.271526, "経度": 140.959732, "url": "https://www.iryou.teikyouseido.mhlw.go.jp/znk-web/juminkanja/S2430/initialize?prefCd=04&kikanCd=810429&kikanKbn=3", "url2": "http://keepsmil31.deci.jp", "内容": "川村歯科医院【3:歯科】宮城県仙台市宮城野区福田町１丁目２－３" }, "geometry": { "type": "Point", "coordinates": [ 140.959732, 38.271526 ] } },
{ "type": "Feature", "properties": { "ID": 43810430, "正式名称": "カワムラ歯科クリニック", "機関区分": 3, "都道府県コード": 4, "市区町村コード": 102, "所在地": "宮城県仙台市宮城野区幸町２−２２−２７", "緯度": 38.275608, "経度": 140.898773, "url": "https://www.iryou.teikyouseido.mhlw.go.jp/znk-web/juminkanja/S2430/initialize?prefCd=04&kikanCd=810430&kikanKbn=3", "url2": null, "内容": "カワムラ歯科クリニック【3:歯科】宮城県仙台市宮城野区幸町２−２２−２７" }, "geometry": { "type": "Point", "coordinates": [ 140.898773, 38.275608 ] } },
{ "type": "Feature", "properties": { "ID": 43810431, "正式名称": "医療法人社団歯科育英会　仙台おとなこども歯科・矯正歯科", "機関区分": 3, "都道府県コード": 4, "市区町村コード": 102, "所在地": "宮城県仙台市宮城野区小田原２丁目２－５２", "緯度": 38.264309, "経度": 140.894592, "url": "https://www.iryou.teikyouseido.mhlw.go.jp/znk-web/juminkanja/S2430/initialize?prefCd=04&kikanCd=810431&kikanKbn=3", "url2": "http://www.sendaiotonakadomo-dental.com/", "内容": "医療法人社団歯科育英会　仙台おとなこども歯科・矯正歯科【3:歯科】宮城県仙台市宮城野区小田原２丁目２－５２" }, "geometry": { "type": "Point", "coordinates": [ 140.894592, 38.264309 ] } },
{ "type": "Feature", "properties": { "ID": 43810432, "正式名称": "きぼう園重度心身障害者歯科診療所", "機関区分": 3, "都道府県コード": 4, "市区町村コード": 102, "所在地": "宮城県仙台市宮城野区二の森１４－３", "緯度": 38.279867, "経度": 140.902694, "url": "https://www.iryou.teikyouseido.mhlw.go.jp/znk-web/juminkanja/S2430/initialize?prefCd=04&kikanCd=810432&kikanKbn=3", "url2": null, "内容": "きぼう園重度心身障害者歯科診療所【3:歯科】宮城県仙台市宮城野区二の森１４－３" }, "geometry": { "type": "Point", "coordinates": [ 140.902694, 38.279867 ] } },
{ "type": "Feature", "properties": { "ID": 43810436, "正式名称": "クレア歯科クリニック", "機関区分": 3, "都道府県コード": 4, "市区町村コード": 102, "所在地": "宮城県仙台市宮城野区東仙台４丁目１４－８", "緯度": 38.276331, "経度": 140.909965, "url": "https://www.iryou.teikyouseido.mhlw.go.jp/znk-web/juminkanja/S2430/initialize?prefCd=04&kikanCd=810436&kikanKbn=3", "url2": "http://clair-dental.jp", "内容": "クレア歯科クリニック【3:歯科】宮城県仙台市宮城野区東仙台４丁目１４－８" }, "geometry": { "type": "Point", "coordinates": [ 140.909965, 38.276331 ] } },
{ "type": "Feature", "properties": { "ID": 43810437, "正式名称": "ぬかつか矯正歯科クリニック", "機関区分": 3, "都道府県コード": 4, "市区町村コード": 102, "所在地": "宮城県仙台市宮城野区榴岡４丁目５－５　ＫＴビル", "緯度": 38.258778, "経度": 140.886627, "url": "https://www.iryou.teikyouseido.mhlw.go.jp/znk-web/juminkanja/S2430/initialize?prefCd=04&kikanCd=810437&kikanKbn=3", "url2": "https://www.nukatsuka-kyousei.com/", "内容": "ぬかつか矯正歯科クリニック【3:歯科】宮城県仙台市宮城野区榴岡４丁目５－５　ＫＴビル" }, "geometry": { "type": "Point", "coordinates": [ 140.886627, 38.258778 ] } },
{ "type": "Feature", "properties": { "ID": 43810439, "正式名称": "エンゼル歯科", "機関区分": 3, "都道府県コード": 4, "市区町村コード": 104, "所在地": "宮城県仙台市太白区長町１丁目５－１　プラージュ長町１階", "緯度": 38.233418, "経度": 140.886627, "url": "https://www.iryou.teikyouseido.mhlw.go.jp/znk-web/juminkanja/S2430/initialize?prefCd=04&kikanCd=810439&kikanKbn=3", "url2": "http://angel-shika.com/", "内容": "エンゼル歯科【3:歯科】宮城県仙台市太白区長町１丁目５－１　プラージュ長町１階" }, "geometry": { "type": "Point", "coordinates": [ 140.886627, 38.233418 ] } },
{ "type": "Feature", "properties": { "ID": 43810440, "正式名称": "古沢歯科医院", "機関区分": 3, "都道府県コード": 4, "市区町村コード": 104, "所在地": "宮城県仙台市太白区八本松１丁目７－４２", "緯度": 38.231342, "経度": 140.890549, "url": "https://www.iryou.teikyouseido.mhlw.go.jp/znk-web/juminkanja/S2430/initialize?prefCd=04&kikanCd=810440&kikanKbn=3", "url2": null, "内容": "古沢歯科医院【3:歯科】宮城県仙台市太白区八本松１丁目７－４２" }, "geometry": { "type": "Point", "coordinates": [ 140.890549, 38.231342 ] } },
{ "type": "Feature", "properties": { "ID": 43810441, "正式名称": "太白歯科医院", "機関区分": 3, "都道府県コード": 4, "市区町村コード": 104, "所在地": "宮城県仙台市太白区太白", "緯度": 38.23106, "経度": 140.81897, "url": "https://www.iryou.teikyouseido.mhlw.go.jp/znk-web/juminkanja/S2430/initialize?prefCd=04&kikanCd=810441&kikanKbn=3", "url2": null, "内容": "太白歯科医院【3:歯科】宮城県仙台市太白区太白" }, "geometry": { "type": "Point", "coordinates": [ 140.81897, 38.23106 ] } },
{ "type": "Feature", "properties": { "ID": 43810442, "正式名称": "医療法人社団　八啓会　長町南歯科医院", "機関区分": 3, "都道府県コード": 4, "市区町村コード": 104, "所在地": "宮城県仙台市太白区長町南３丁目１－１　オバタビル２Ｆ", "緯度": 38.224602, "経度": 140.877975, "url": "https://www.iryou.teikyouseido.mhlw.go.jp/znk-web/juminkanja/S2430/initialize?prefCd=04&kikanCd=810442&kikanKbn=3", "url2": null, "内容": "医療法人社団　八啓会　長町南歯科医院【3:歯科】宮城県仙台市太白区長町南３丁目１－１　オバタビル２Ｆ" }, "geometry": { "type": "Point", "coordinates": [ 140.877975, 38.224602 ] } },
{ "type": "Feature", "properties": { "ID": 43810444, "正式名称": "えまた歯科医院", "機関区分": 3, "都道府県コード": 4, "市区町村コード": 104, "所在地": "宮城県仙台市太白区茂庭台１丁目１１－２３", "緯度": 38.231094, "経度": 140.781677, "url": "https://www.iryou.teikyouseido.mhlw.go.jp/znk-web/juminkanja/S2430/initialize?prefCd=04&kikanCd=810444&kikanKbn=3", "url2": null, "内容": "えまた歯科医院【3:歯科】宮城県仙台市太白区茂庭台１丁目１１－２３" }, "geometry": { "type": "Point", "coordinates": [ 140.781677, 38.231094 ] } },
{ "type": "Feature", "properties": { "ID": 43810445, "正式名称": "医療法人社団　歯科育英会　長町ららら歯科・矯正歯科", "機関区分": 3, "都道府県コード": 4, "市区町村コード": 104, "所在地": "宮城県仙台市太白区長町５丁目３－１　たいはっくる２階", "緯度": 38.228371, "経度": 140.884308, "url": "https://www.iryou.teikyouseido.mhlw.go.jp/znk-web/juminkanja/S2430/initialize?prefCd=04&kikanCd=810445&kikanKbn=3", "url2": null, "内容": "医療法人社団　歯科育英会　長町ららら歯科・矯正歯科【3:歯科】宮城県仙台市太白区長町５丁目３－１　たいはっくる２階" }, "geometry": { "type": "Point", "coordinates": [ 140.884308, 38.228371 ] } },
{ "type": "Feature", "properties": { "ID": 43810447, "正式名称": "あいざわ歯科クリニック富沢西", "機関区分": 3, "都道府県コード": 4, "市区町村コード": 104, "所在地": "宮城県仙台市太白区富沢西１丁目６－１", "緯度": 38.217209, "経度": 140.862701, "url": "https://www.iryou.teikyouseido.mhlw.go.jp/znk-web/juminkanja/S2430/initialize?prefCd=04&kikanCd=810447&kikanKbn=3", "url2": null, "内容": "あいざわ歯科クリニック富沢西【3:歯科】宮城県仙台市太白区富沢西１丁目６－１" }, "geometry": { "type": "Point", "coordinates": [ 140.862701, 38.217209 ] } },
{ "type": "Feature", "properties": { "ID": 43810448, "正式名称": "いのうえ歯科クリニック", "機関区分": 3, "都道府県コード": 4, "市区町村コード": 104, "所在地": "宮城県仙台市太白区山田本町１１－１３", "緯度": 38.21841, "経度": 140.828049, "url": "https://www.iryou.teikyouseido.mhlw.go.jp/znk-web/juminkanja/S2430/initialize?prefCd=04&kikanCd=810448&kikanKbn=3", "url2": null, "内容": "いのうえ歯科クリニック【3:歯科】宮城県仙台市太白区山田本町１１－１３" }, "geometry": { "type": "Point", "coordinates": [ 140.828049, 38.21841 ] } },
{ "type": "Feature", "properties": { "ID": 43810449, "正式名称": "いずみざき歯科医院", "機関区分": 3, "都道府県コード": 4, "市区町村コード": 104, "所在地": "宮城県仙台市太白区泉崎１丁目１９－１　１９１ビル１０２号", "緯度": 38.220871, "経度": 140.870972, "url": "https://www.iryou.teikyouseido.mhlw.go.jp/znk-web/juminkanja/S2430/initialize?prefCd=04&kikanCd=810449&kikanKbn=3", "url2": "http://www.izumizaki-shika.com", "内容": "いずみざき歯科医院【3:歯科】宮城県仙台市太白区泉崎１丁目１９－１　１９１ビル１０２号" }, "geometry": { "type": "Point", "coordinates": [ 140.870972, 38.220871 ] } },
{ "type": "Feature", "properties": { "ID": 43810450, "正式名称": "千葉歯科医院", "機関区分": 3, "都道府県コード": 4, "市区町村コード": 104, "所在地": "宮城県仙台市太白区長町１丁目１２－１", "緯度": 38.233677, "経度": 140.885956, "url": "https://www.iryou.teikyouseido.mhlw.go.jp/znk-web/juminkanja/S2430/initialize?prefCd=04&kikanCd=810450&kikanKbn=3", "url2": null, "内容": "千葉歯科医院【3:歯科】宮城県仙台市太白区長町１丁目１２－１" }, "geometry": { "type": "Point", "coordinates": [ 140.885956, 38.233677 ] } },
{ "type": "Feature", "properties": { "ID": 43810451, "正式名称": "アンデンタルクリニック", "機関区分": 3, "都道府県コード": 4, "市区町村コード": 104, "所在地": "宮城県仙台市太白区八木山緑町", "緯度": 38.243973, "経度": 140.862183, "url": "https://www.iryou.teikyouseido.mhlw.go.jp/znk-web/juminkanja/S2430/initialize?prefCd=04&kikanCd=810451&kikanKbn=3", "url2": null, "内容": "アンデンタルクリニック【3:歯科】宮城県仙台市太白区八木山緑町" }, "geometry": { "type": "Point", "coordinates": [ 140.862183, 38.243973 ] } },
{ "type": "Feature", "properties": { "ID": 43810452, "正式名称": "あべ長歯科医院", "機関区分": 3, "都道府県コード": 4, "市区町村コード": 104, "所在地": "宮城県仙台市太白区長町５ー２－４０", "緯度": 38.22657, "経度": 140.884171, "url": "https://www.iryou.teikyouseido.mhlw.go.jp/znk-web/juminkanja/S2430/initialize?prefCd=04&kikanCd=810452&kikanKbn=3", "url2": null, "内容": "あべ長歯科医院【3:歯科】宮城県仙台市太白区長町５ー２－４０" }, "geometry": { "type": "Point", "coordinates": [ 140.884171, 38.22657 ] } },
{ "type": "Feature", "properties": { "ID": 43810453, "正式名称": "浅沼歯科医院", "機関区分": 3, "都道府県コード": 4, "市区町村コード": 104, "所在地": "宮城県仙台市太白区中田４丁目１２－７", "緯度": 38.198994, "経度": 140.887833, "url": "https://www.iryou.teikyouseido.mhlw.go.jp/znk-web/juminkanja/S2430/initialize?prefCd=04&kikanCd=810453&kikanKbn=3", "url2": null, "内容": "浅沼歯科医院【3:歯科】宮城県仙台市太白区中田４丁目１２－７" }, "geometry": { "type": "Point", "coordinates": [ 140.887833, 38.198994 ] } },
{ "type": "Feature", "properties": { "ID": 43810454, "正式名称": "よしだ歯科医院", "機関区分": 3, "都道府県コード": 4, "市区町村コード": 104, "所在地": "宮城県仙台市太白区長町一丁目７－３８パシフィック２０５", "緯度": 38.234703, "経度": 140.8871, "url": "https://www.iryou.teikyouseido.mhlw.go.jp/znk-web/juminkanja/S2430/initialize?prefCd=04&kikanCd=810454&kikanKbn=3", "url2": null, "内容": "よしだ歯科医院【3:歯科】宮城県仙台市太白区長町一丁目７－３８パシフィック２０５" }, "geometry": { "type": "Point", "coordinates": [ 140.8871, 38.234703 ] } },
{ "type": "Feature", "properties": { "ID": 43810457, "正式名称": "沼田歯科医院", "機関区分": 3, "都道府県コード": 4, "市区町村コード": 104, "所在地": "宮城県仙台市太白区八本松１丁目１３－１３", "緯度": 38.22805, "経度": 140.895004, "url": "https://www.iryou.teikyouseido.mhlw.go.jp/znk-web/juminkanja/S2430/initialize?prefCd=04&kikanCd=810457&kikanKbn=3", "url2": null, "内容": "沼田歯科医院【3:歯科】宮城県仙台市太白区八本松１丁目１３－１３" }, "geometry": { "type": "Point", "coordinates": [ 140.895004, 38.22805 ] } },
{ "type": "Feature", "properties": { "ID": 43810459, "正式名称": "日本平歯科医院", "機関区分": 3, "都道府県コード": 4, "市区町村コード": 104, "所在地": "宮城県仙台市太白区日本平２０－２０", "緯度": 38.222317, "経度": 140.810593, "url": "https://www.iryou.teikyouseido.mhlw.go.jp/znk-web/juminkanja/S2430/initialize?prefCd=04&kikanCd=810459&kikanKbn=3", "url2": null, "内容": "日本平歯科医院【3:歯科】宮城県仙台市太白区日本平２０－２０" }, "geometry": { "type": "Point", "coordinates": [ 140.810593, 38.222317 ] } },
{ "type": "Feature", "properties": { "ID": 43810460, "正式名称": "西の平歯科クリニック", "機関区分": 3, "都道府県コード": 4, "市区町村コード": 104, "所在地": "宮城県仙台市太白区金剛沢１丁目３－１３", "緯度": 38.229919, "経度": 140.849915, "url": "https://www.iryou.teikyouseido.mhlw.go.jp/znk-web/juminkanja/S2430/initialize?prefCd=04&kikanCd=810460&kikanKbn=3", "url2": null, "内容": "西の平歯科クリニック【3:歯科】宮城県仙台市太白区金剛沢１丁目３－１３" }, "geometry": { "type": "Point", "coordinates": [ 140.849915, 38.229919 ] } },
{ "type": "Feature", "properties": { "ID": 43810462, "正式名称": "新沼歯科医院", "機関区分": 3, "都道府県コード": 4, "市区町村コード": 104, "所在地": "宮城県仙台市太白区長町６丁目１２－２０", "緯度": 38.219986, "経度": 140.881805, "url": "https://www.iryou.teikyouseido.mhlw.go.jp/znk-web/juminkanja/S2430/initialize?prefCd=04&kikanCd=810462&kikanKbn=3", "url2": null, "内容": "新沼歯科医院【3:歯科】宮城県仙台市太白区長町６丁目１２－２０" }, "geometry": { "type": "Point", "coordinates": [ 140.881805, 38.219986 ] } },
{ "type": "Feature", "properties": { "ID": 43810464, "正式名称": "スリープ歯科　仙台院", "機関区分": 3, "都道府県コード": 4, "市区町村コード": 104, "所在地": "宮城県仙台市太白区東中田２丁目４－５４", "緯度": 38.200871, "経度": 140.892136, "url": "https://www.iryou.teikyouseido.mhlw.go.jp/znk-web/juminkanja/S2430/initialize?prefCd=04&kikanCd=810464&kikanKbn=3", "url2": "http://www.sleep-dc.net", "内容": "スリープ歯科　仙台院【3:歯科】宮城県仙台市太白区東中田２丁目４－５４" }, "geometry": { "type": "Point", "coordinates": [ 140.892136, 38.200871 ] } },
{ "type": "Feature", "properties": { "ID": 43810465, "正式名称": "わたなべ歯科医院", "機関区分": 3, "都道府県コード": 4, "市区町村コード": 104, "所在地": "宮城県仙台市太白区袋原６丁目１１－５１", "緯度": 38.19664, "経度": 140.910843, "url": "https://www.iryou.teikyouseido.mhlw.go.jp/znk-web/juminkanja/S2430/initialize?prefCd=04&kikanCd=810465&kikanKbn=3", "url2": null, "内容": "わたなべ歯科医院【3:歯科】宮城県仙台市太白区袋原６丁目１１－５１" }, "geometry": { "type": "Point", "coordinates": [ 140.910843, 38.19664 ] } },
{ "type": "Feature", "properties": { "ID": 43810468, "正式名称": "八木山歯科", "機関区分": 3, "都道府県コード": 4, "市区町村コード": 104, "所在地": "宮城県仙台市太白区八木山本町１丁目３５－１", "緯度": 38.24012, "経度": 140.846832, "url": "https://www.iryou.teikyouseido.mhlw.go.jp/znk-web/juminkanja/S2430/initialize?prefCd=04&kikanCd=810468&kikanKbn=3", "url2": "http://yagiyamasika.jp", "内容": "八木山歯科【3:歯科】宮城県仙台市太白区八木山本町１丁目３５－１" }, "geometry": { "type": "Point", "coordinates": [ 140.846832, 38.24012 ] } },
{ "type": "Feature", "properties": { "ID": 43810469, "正式名称": "やぎた歯科医院", "機関区分": 3, "都道府県コード": 4, "市区町村コード": 104, "所在地": "宮城県仙台市太白区鈎取本町１－２１－１", "緯度": 38.219666, "経度": 140.837524, "url": "https://www.iryou.teikyouseido.mhlw.go.jp/znk-web/juminkanja/S2430/initialize?prefCd=04&kikanCd=810469&kikanKbn=3", "url2": "https://www.yagita-dc.com/", "内容": "やぎた歯科医院【3:歯科】宮城県仙台市太白区鈎取本町１－２１－１" }, "geometry": { "type": "Point", "coordinates": [ 140.837524, 38.219666 ] } },
{ "type": "Feature", "properties": { "ID": 43810470, "正式名称": "茂庭台歯科", "機関区分": 3, "都道府県コード": 4, "市区町村コード": 104, "所在地": "宮城県仙台市太白区茂庭台３丁目２９－２６", "緯度": 38.238838, "経度": 140.787552, "url": "https://www.iryou.teikyouseido.mhlw.go.jp/znk-web/juminkanja/S2430/initialize?prefCd=04&kikanCd=810470&kikanKbn=3", "url2": null, "内容": "茂庭台歯科【3:歯科】宮城県仙台市太白区茂庭台３丁目２９－２６" }, "geometry": { "type": "Point", "coordinates": [ 140.787552, 38.238838 ] } },
{ "type": "Feature", "properties": { "ID": 43810471, "正式名称": "鹿野デンタルクリニック", "機関区分": 3, "都道府県コード": 4, "市区町村コード": 104, "所在地": "宮城県仙台市太白区鹿野３丁目２０－１４", "緯度": 38.223793, "経度": 140.870026, "url": "https://www.iryou.teikyouseido.mhlw.go.jp/znk-web/juminkanja/S2430/initialize?prefCd=04&kikanCd=810471&kikanKbn=3", "url2": null, "内容": "鹿野デンタルクリニック【3:歯科】宮城県仙台市太白区鹿野３丁目２０－１４" }, "geometry": { "type": "Point", "coordinates": [ 140.870026, 38.223793 ] } },
{ "type": "Feature", "properties": { "ID": 43810472, "正式名称": "アイボリー歯科クリニック", "機関区分": 3, "都道府県コード": 4, "市区町村コード": 104, "所在地": "宮城県仙台市太白区大野田５丁目５－１０", "緯度": 38.218048, "経度": 140.877197, "url": "https://www.iryou.teikyouseido.mhlw.go.jp/znk-web/juminkanja/S2430/initialize?prefCd=04&kikanCd=810472&kikanKbn=3", "url2": null, "内容": "アイボリー歯科クリニック【3:歯科】宮城県仙台市太白区大野田５丁目５－１０" }, "geometry": { "type": "Point", "coordinates": [ 140.877197, 38.218048 ] } },
{ "type": "Feature", "properties": { "ID": 43810473, "正式名称": "おかざき歯科クリニック", "機関区分": 3, "都道府県コード": 4, "市区町村コード": 104, "所在地": "宮城県仙台市太白区長町南４丁目５－３　プラザＴＢ棟", "緯度": 38.223465, "経度": 140.874191, "url": "https://www.iryou.teikyouseido.mhlw.go.jp/znk-web/juminkanja/S2430/initialize?prefCd=04&kikanCd=810473&kikanKbn=3", "url2": null, "内容": "おかざき歯科クリニック【3:歯科】宮城県仙台市太白区長町南４丁目５－３　プラザＴＢ棟" }, "geometry": { "type": "Point", "coordinates": [ 140.874191, 38.223465 ] } },
{ "type": "Feature", "properties": { "ID": 43810476, "正式名称": "長町歯科診療室　ブラン", "機関区分": 3, "都道府県コード": 4, "市区町村コード": 104, "所在地": "宮城県仙台市太白区長町７丁目２０－３", "緯度": 38.225228, "経度": 140.877071, "url": "https://www.iryou.teikyouseido.mhlw.go.jp/znk-web/juminkanja/S2430/initialize?prefCd=04&kikanCd=810476&kikanKbn=3", "url2": "http://www.themallsendai.com/shop/floor/h3/17.html", "内容": "長町歯科診療室　ブラン【3:歯科】宮城県仙台市太白区長町７丁目２０－３" }, "geometry": { "type": "Point", "coordinates": [ 140.877071, 38.225228 ] } },
{ "type": "Feature", "properties": { "ID": 43810478, "正式名称": "ナカノ歯科医院", "機関区分": 3, "都道府県コード": 4, "市区町村コード": 104, "所在地": "宮城県仙台市太白区茂庭１丁目６－２", "緯度": 38.213661, "経度": 140.799301, "url": "https://www.iryou.teikyouseido.mhlw.go.jp/znk-web/juminkanja/S2430/initialize?prefCd=04&kikanCd=810478&kikanKbn=3", "url2": "http://sendai-nakanodc.com", "内容": "ナカノ歯科医院【3:歯科】宮城県仙台市太白区茂庭１丁目６－２" }, "geometry": { "type": "Point", "coordinates": [ 140.799301, 38.213661 ] } },
{ "type": "Feature", "properties": { "ID": 43810479, "正式名称": "医療法人社団仙長会　てくて長町歯科", "機関区分": 3, "都道府県コード": 4, "市区町村コード": 104, "所在地": "宮城県仙台市太白区あすと長町１丁目５－５　ｔｅｋｕｔｅ２－６", "緯度": 38.22794, "経度": 140.887009, "url": "https://www.iryou.teikyouseido.mhlw.go.jp/znk-web/juminkanja/S2430/initialize?prefCd=04&kikanCd=810479&kikanKbn=3", "url2": "https://tekute-sika.com", "内容": "医療法人社団仙長会　てくて長町歯科【3:歯科】宮城県仙台市太白区あすと長町１丁目５－５　ｔｅｋｕｔｅ２－６" }, "geometry": { "type": "Point", "coordinates": [ 140.887009, 38.22794 ] } },
{ "type": "Feature", "properties": { "ID": 43810480, "正式名称": "医療法人康志会富澤歯科医院", "機関区分": 3, "都道府県コード": 4, "市区町村コード": 104, "所在地": "宮城県仙台市太白区西中田５丁目１１－５", "緯度": 38.196938, "経度": 140.876083, "url": "https://www.iryou.teikyouseido.mhlw.go.jp/znk-web/juminkanja/S2430/initialize?prefCd=04&kikanCd=810480&kikanKbn=3", "url2": "http://www.tomizawa-dental.com/index.html", "内容": "医療法人康志会富澤歯科医院【3:歯科】宮城県仙台市太白区西中田５丁目１１－５" }, "geometry": { "type": "Point", "coordinates": [ 140.876083, 38.196938 ] } },
{ "type": "Feature", "properties": { "ID": 43810482, "正式名称": "今野歯科医院", "機関区分": 3, "都道府県コード": 4, "市区町村コード": 104, "所在地": "宮城県仙台市太白区長町３丁目１－７　コーラス長町２階", "緯度": 38.231895, "経度": 140.886398, "url": "https://www.iryou.teikyouseido.mhlw.go.jp/znk-web/juminkanja/S2430/initialize?prefCd=04&kikanCd=810482&kikanKbn=3", "url2": null, "内容": "今野歯科医院【3:歯科】宮城県仙台市太白区長町３丁目１－７　コーラス長町２階" }, "geometry": { "type": "Point", "coordinates": [ 140.886398, 38.231895 ] } },
{ "type": "Feature", "properties": { "ID": 43810483, "正式名称": "大山歯科医院", "機関区分": 3, "都道府県コード": 4, "市区町村コード": 104, "所在地": "宮城県仙台市太白区柳生４ー１６ー１", "緯度": 38.194302, "経度": 140.86647, "url": "https://www.iryou.teikyouseido.mhlw.go.jp/znk-web/juminkanja/S2430/initialize?prefCd=04&kikanCd=810483&kikanKbn=3", "url2": null, "内容": "大山歯科医院【3:歯科】宮城県仙台市太白区柳生４ー１６ー１" }, "geometry": { "type": "Point", "coordinates": [ 140.86647, 38.194302 ] } },
{ "type": "Feature", "properties": { "ID": 43810484, "正式名称": "鹿野クレメント歯科", "機関区分": 3, "都道府県コード": 4, "市区町村コード": 104, "所在地": "宮城県仙台市太白区鹿野２丁目４－２５ネオハイツ鹿野１０２号", "緯度": 38.229893, "経度": 140.871414, "url": "https://www.iryou.teikyouseido.mhlw.go.jp/znk-web/juminkanja/S2430/initialize?prefCd=04&kikanCd=810484&kikanKbn=3", "url2": "https://clement-dental.jp/", "内容": "鹿野クレメント歯科【3:歯科】宮城県仙台市太白区鹿野２丁目４－２５ネオハイツ鹿野１０２号" }, "geometry": { "type": "Point", "coordinates": [ 140.871414, 38.229893 ] } },
{ "type": "Feature", "properties": { "ID": 43810486, "正式名称": "なっちゃんデンタル", "機関区分": 3, "都道府県コード": 4, "市区町村コード": 104, "所在地": "宮城県仙台市太白区長町７丁目９－１２", "緯度": 38.227333, "経度": 140.881514, "url": "https://www.iryou.teikyouseido.mhlw.go.jp/znk-web/juminkanja/S2430/initialize?prefCd=04&kikanCd=810486&kikanKbn=3", "url2": "https://www.natchan-dental.com", "内容": "なっちゃんデンタル【3:歯科】宮城県仙台市太白区長町７丁目９－１２" }, "geometry": { "type": "Point", "coordinates": [ 140.881514, 38.227333 ] } },
{ "type": "Feature", "properties": { "ID": 43810487, "正式名称": "郡山歯科クリニック", "機関区分": 3, "都道府県コード": 4, "市区町村コード": 104, "所在地": "宮城県仙台市太白区郡山３－１８－３", "緯度": 38.223003, "経度": 140.891586, "url": "https://www.iryou.teikyouseido.mhlw.go.jp/znk-web/juminkanja/S2430/initialize?prefCd=04&kikanCd=810487&kikanKbn=3", "url2": null, "内容": "郡山歯科クリニック【3:歯科】宮城県仙台市太白区郡山３－１８－３" }, "geometry": { "type": "Point", "coordinates": [ 140.891586, 38.223003 ] } },
{ "type": "Feature", "properties": { "ID": 43810488, "正式名称": "Ｓｅｋｉ　Ｄｅｎｔａｌ　Ｏｆｆｉｃｅ", "機関区分": 3, "都道府県コード": 4, "市区町村コード": 104, "所在地": "宮城県仙台市太白区長町７丁目１９－２６　リーブスメディカルビル３階", "緯度": 38.226017, "経度": 140.878265, "url": "https://www.iryou.teikyouseido.mhlw.go.jp/znk-web/juminkanja/S2430/initialize?prefCd=04&kikanCd=810488&kikanKbn=3", "url2": "https://sekidentaloffice-nagamachi7.com/", "内容": "Ｓｅｋｉ　Ｄｅｎｔａｌ　Ｏｆｆｉｃｅ【3:歯科】宮城県仙台市太白区長町７丁目１９－２６　リーブスメディカルビル３階" }, "geometry": { "type": "Point", "coordinates": [ 140.878265, 38.226017 ] } },
{ "type": "Feature", "properties": { "ID": 43810489, "正式名称": "八木山南おおだいら歯科", "機関区分": 3, "都道府県コード": 4, "市区町村コード": 104, "所在地": "宮城県仙台市太白区八木山南３丁目３－１", "緯度": 38.235741, "経度": 140.835556, "url": "https://www.iryou.teikyouseido.mhlw.go.jp/znk-web/juminkanja/S2430/initialize?prefCd=04&kikanCd=810489&kikanKbn=3", "url2": "http://y-odaira-dc.com", "内容": "八木山南おおだいら歯科【3:歯科】宮城県仙台市太白区八木山南３丁目３－１" }, "geometry": { "type": "Point", "coordinates": [ 140.835556, 38.235741 ] } },
{ "type": "Feature", "properties": { "ID": 43810491, "正式名称": "医療法人　拓伸会　加納ファミリー歯科", "機関区分": 3, "都道府県コード": 4, "市区町村コード": 104, "所在地": "宮城県仙台市太白区富沢南２－１２－３", "緯度": 38.210491, "経度": 140.864441, "url": "https://www.iryou.teikyouseido.mhlw.go.jp/znk-web/juminkanja/S2430/initialize?prefCd=04&kikanCd=810491&kikanKbn=3", "url2": "http://ve.cat-v.ne.jp/haishasan/", "内容": "医療法人　拓伸会　加納ファミリー歯科【3:歯科】宮城県仙台市太白区富沢南２－１２－３" }, "geometry": { "type": "Point", "coordinates": [ 140.864441, 38.210491 ] } },
{ "type": "Feature", "properties": { "ID": 43810492, "正式名称": "かなふく歯科クリニック", "機関区分": 3, "都道府県コード": 4, "市区町村コード": 104, "所在地": "宮城県仙台市太白区中田町字清水１５－６", "緯度": 38.193939, "経度": 140.891708, "url": "https://www.iryou.teikyouseido.mhlw.go.jp/znk-web/juminkanja/S2430/initialize?prefCd=04&kikanCd=810492&kikanKbn=3", "url2": null, "内容": "かなふく歯科クリニック【3:歯科】宮城県仙台市太白区中田町字清水１５－６" }, "geometry": { "type": "Point", "coordinates": [ 140.891708, 38.193939 ] } },
{ "type": "Feature", "properties": { "ID": 43810493, "正式名称": "つのだ歯科医院", "機関区分": 3, "都道府県コード": 4, "市区町村コード": 104, "所在地": "宮城県仙台市太白区茂庭台４－２３－５", "緯度": 38.239033, "経度": 140.783157, "url": "https://www.iryou.teikyouseido.mhlw.go.jp/znk-web/juminkanja/S2430/initialize?prefCd=04&kikanCd=810493&kikanKbn=3", "url2": "https://tsunodashikaiin.webnode.jp", "内容": "つのだ歯科医院【3:歯科】宮城県仙台市太白区茂庭台４－２３－５" }, "geometry": { "type": "Point", "coordinates": [ 140.783157, 38.239033 ] } },
{ "type": "Feature", "properties": { "ID": 43810494, "正式名称": "ＡＫＡＳＡＫＡ　Ｄｅｎｔａｌ　Ｏｆｆｉｃｅ　赤坂歯科", "機関区分": 3, "都道府県コード": 4, "市区町村コード": 104, "所在地": "宮城県仙台市太白区山田字田中前１８４　ヨークタウン山田鈎取店内", "緯度": 38.216267, "経度": 140.836487, "url": "https://www.iryou.teikyouseido.mhlw.go.jp/znk-web/juminkanja/S2430/initialize?prefCd=04&kikanCd=810494&kikanKbn=3", "url2": "https://www.akasaka-shika.com", "内容": "ＡＫＡＳＡＫＡ　Ｄｅｎｔａｌ　Ｏｆｆｉｃｅ　赤坂歯科【3:歯科】宮城県仙台市太白区山田字田中前１８４　ヨークタウン山田鈎取店内" }, "geometry": { "type": "Point", "coordinates": [ 140.836487, 38.216267 ] } },
{ "type": "Feature", "properties": { "ID": 43810497, "正式名称": "玉沢歯科医院", "機関区分": 3, "都道府県コード": 4, "市区町村コード": 104, "所在地": "宮城県仙台市太白区長町南３丁目３－３８", "緯度": 38.223747, "経度": 140.876862, "url": "https://www.iryou.teikyouseido.mhlw.go.jp/znk-web/juminkanja/S2430/initialize?prefCd=04&kikanCd=810497&kikanKbn=3", "url2": "http://www.tamazawa-dental.com/", "内容": "玉沢歯科医院【3:歯科】宮城県仙台市太白区長町南３丁目３－３８" }, "geometry": { "type": "Point", "coordinates": [ 140.876862, 38.223747 ] } },
{ "type": "Feature", "properties": { "ID": 43810499, "正式名称": "須和部歯科医院", "機関区分": 3, "都道府県コード": 4, "市区町村コード": 104, "所在地": "宮城県仙台市太白区八木山本町１－５－１　ライオンズマンション八木山１０９－２号", "緯度": 38.245396, "経度": 140.849274, "url": "https://www.iryou.teikyouseido.mhlw.go.jp/znk-web/juminkanja/S2430/initialize?prefCd=04&kikanCd=810499&kikanKbn=3", "url2": "http://www.suwabe-dental.com", "内容": "須和部歯科医院【3:歯科】宮城県仙台市太白区八木山本町１－５－１　ライオンズマンション八木山１０９－２号" }, "geometry": { "type": "Point", "coordinates": [ 140.849274, 38.245396 ] } },
{ "type": "Feature", "properties": { "ID": 43810500, "正式名称": "鈴木歯科医院", "機関区分": 3, "都道府県コード": 4, "市区町村コード": 104, "所在地": "宮城県仙台市太白区緑ケ丘２－２－１０", "緯度": 38.2327, "経度": 140.863617, "url": "https://www.iryou.teikyouseido.mhlw.go.jp/znk-web/juminkanja/S2430/initialize?prefCd=04&kikanCd=810500&kikanKbn=3", "url2": null, "内容": "鈴木歯科医院【3:歯科】宮城県仙台市太白区緑ケ丘２－２－１０" }, "geometry": { "type": "Point", "coordinates": [ 140.863617, 38.2327 ] } },
{ "type": "Feature", "properties": { "ID": 43810501, "正式名称": "大手町歯科クリニック", "機関区分": 3, "都道府県コード": 4, "市区町村コード": 211, "所在地": "宮城県岩沼市大手町３－１５", "緯度": 38.105423, "経度": 140.864975, "url": "https://www.iryou.teikyouseido.mhlw.go.jp/znk-web/juminkanja/S2430/initialize?prefCd=04&kikanCd=810501&kikanKbn=3", "url2": "http://ootemachi-dental.com", "内容": "大手町歯科クリニック【3:歯科】宮城県岩沼市大手町３－１５" }, "geometry": { "type": "Point", "coordinates": [ 140.864975, 38.105423 ] } },
{ "type": "Feature", "properties": { "ID": 43810503, "正式名称": "やのめ歯科医院", "機関区分": 3, "都道府県コード": 4, "市区町村コード": 211, "所在地": "宮城県岩沼市下野郷舘外２－１８", "緯度": 38.126534, "経度": 140.903183, "url": "https://www.iryou.teikyouseido.mhlw.go.jp/znk-web/juminkanja/S2430/initialize?prefCd=04&kikanCd=810503&kikanKbn=3", "url2": null, "内容": "やのめ歯科医院【3:歯科】宮城県岩沼市下野郷舘外２－１８" }, "geometry": { "type": "Point", "coordinates": [ 140.903183, 38.126534 ] } },
{ "type": "Feature", "properties": { "ID": 43810504, "正式名称": "竹の里歯科・矯正科クリニック", "機関区分": 3, "都道府県コード": 4, "市区町村コード": 211, "所在地": "宮城県岩沼市竹の里１丁目１２－１２", "緯度": 38.117489, "経度": 140.845734, "url": "https://www.iryou.teikyouseido.mhlw.go.jp/znk-web/juminkanja/S2430/initialize?prefCd=04&kikanCd=810504&kikanKbn=3", "url2": null, "内容": "竹の里歯科・矯正科クリニック【3:歯科】宮城県岩沼市竹の里１丁目１２－１２" }, "geometry": { "type": "Point", "coordinates": [ 140.845734, 38.117489 ] } },
{ "type": "Feature", "properties": { "ID": 43810507, "正式名称": "高藤歯科医院", "機関区分": 3, "都道府県コード": 4, "市区町村コード": 211, "所在地": "宮城県岩沼市中央２丁目４－１１", "緯度": 38.109921, "経度": 140.867264, "url": "https://www.iryou.teikyouseido.mhlw.go.jp/znk-web/juminkanja/S2430/initialize?prefCd=04&kikanCd=810507&kikanKbn=3", "url2": "https://takafujidc.jp", "内容": "高藤歯科医院【3:歯科】宮城県岩沼市中央２丁目４－１１" }, "geometry": { "type": "Point", "coordinates": [ 140.867264, 38.109921 ] } },
{ "type": "Feature", "properties": { "ID": 43810508, "正式名称": "心友歯科医院", "機関区分": 3, "都道府県コード": 4, "市区町村コード": 211, "所在地": "宮城県岩沼市館下１丁目３－８　岩沼マンション１Ｆ", "緯度": 38.110931, "経度": 140.8647, "url": "https://www.iryou.teikyouseido.mhlw.go.jp/znk-web/juminkanja/S2430/initialize?prefCd=04&kikanCd=810508&kikanKbn=3", "url2": null, "内容": "心友歯科医院【3:歯科】宮城県岩沼市館下１丁目３－８　岩沼マンション１Ｆ" }, "geometry": { "type": "Point", "coordinates": [ 140.8647, 38.110931 ] } },
{ "type": "Feature", "properties": { "ID": 43810509, "正式名称": "南舘歯科・矯正歯科", "機関区分": 3, "都道府県コード": 4, "市区町村コード": 211, "所在地": "宮城県岩沼市桑原１丁目６－８", "緯度": 38.102486, "経度": 140.862671, "url": "https://www.iryou.teikyouseido.mhlw.go.jp/znk-web/juminkanja/S2430/initialize?prefCd=04&kikanCd=810509&kikanKbn=3", "url2": "https://www.minamidate-dc.com/", "内容": "南舘歯科・矯正歯科【3:歯科】宮城県岩沼市桑原１丁目６－８" }, "geometry": { "type": "Point", "coordinates": [ 140.862671, 38.102486 ] } },
{ "type": "Feature", "properties": { "ID": 43810510, "正式名称": "大友歯科医院", "機関区分": 3, "都道府県コード": 4, "市区町村コード": 211, "所在地": "宮城県岩沼市中央３丁目５－２２", "緯度": 38.113762, "経度": 140.867538, "url": "https://www.iryou.teikyouseido.mhlw.go.jp/znk-web/juminkanja/S2430/initialize?prefCd=04&kikanCd=810510&kikanKbn=3", "url2": null, "内容": "大友歯科医院【3:歯科】宮城県岩沼市中央３丁目５－２２" }, "geometry": { "type": "Point", "coordinates": [ 140.867538, 38.113762 ] } },
{ "type": "Feature", "properties": { "ID": 43810512, "正式名称": "清水歯科医院", "機関区分": 3, "都道府県コード": 4, "市区町村コード": 211, "所在地": "宮城県岩沼市中央１丁目３－１６", "緯度": 38.104797, "経度": 140.866394, "url": "https://www.iryou.teikyouseido.mhlw.go.jp/znk-web/juminkanja/S2430/initialize?prefCd=04&kikanCd=810512&kikanKbn=3", "url2": "http://www.shimizu-shikaiin.com", "内容": "清水歯科医院【3:歯科】宮城県岩沼市中央１丁目３－１６" }, "geometry": { "type": "Point", "coordinates": [ 140.866394, 38.104797 ] } },
{ "type": "Feature", "properties": { "ID": 43810513, "正式名称": "いけだ歯科クリニック", "機関区分": 3, "都道府県コード": 4, "市区町村コード": 207, "所在地": "宮城県名取市杜せきのした１丁目２－２２", "緯度": 38.168163, "経度": 140.893906, "url": "https://www.iryou.teikyouseido.mhlw.go.jp/znk-web/juminkanja/S2430/initialize?prefCd=04&kikanCd=810513&kikanKbn=3", "url2": "http://www.ikedadental.com", "内容": "いけだ歯科クリニック【3:歯科】宮城県名取市杜せきのした１丁目２－２２" }, "geometry": { "type": "Point", "coordinates": [ 140.893906, 38.168163 ] } },
{ "type": "Feature", "properties": { "ID": 43810514, "正式名称": "内田歯科", "機関区分": 3, "都道府県コード": 4, "市区町村コード": 216, "所在地": "宮城県富谷市太子堂一丁目９－２１", "緯度": 38.411369, "経度": 140.890121, "url": "https://www.iryou.teikyouseido.mhlw.go.jp/znk-web/juminkanja/S2430/initialize?prefCd=04&kikanCd=810514&kikanKbn=3", "url2": null, "内容": "内田歯科【3:歯科】宮城県富谷市太子堂一丁目９－２１" }, "geometry": { "type": "Point", "coordinates": [ 140.890121, 38.411369 ] } },
{ "type": "Feature", "properties": { "ID": 43810515, "正式名称": "みやび歯科医院", "機関区分": 3, "都道府県コード": 4, "市区町村コード": 421, "所在地": "宮城県黒川郡大和町吉岡字上柴崎９３－１", "緯度": 38.441471, "経度": 140.899155, "url": "https://www.iryou.teikyouseido.mhlw.go.jp/znk-web/juminkanja/S2430/initialize?prefCd=04&kikanCd=810515&kikanKbn=3", "url2": null, "内容": "みやび歯科医院【3:歯科】宮城県黒川郡大和町吉岡字上柴崎９３－１" }, "geometry": { "type": "Point", "coordinates": [ 140.899155, 38.441471 ] } },
{ "type": "Feature", "properties": { "ID": 43810516, "正式名称": "泉ヶ丘歯科医院", "機関区分": 3, "都道府県コード": 4, "市区町村コード": 216, "所在地": "宮城県富谷市富ヶ丘２丁目４－７", "緯度": 38.361633, "経度": 140.868088, "url": "https://www.iryou.teikyouseido.mhlw.go.jp/znk-web/juminkanja/S2430/initialize?prefCd=04&kikanCd=810516&kikanKbn=3", "url2": null, "内容": "泉ヶ丘歯科医院【3:歯科】宮城県富谷市富ヶ丘２丁目４－７" }, "geometry": { "type": "Point", "coordinates": [ 140.868088, 38.361633 ] } },
{ "type": "Feature", "properties": { "ID": 43810517, "正式名称": "にのみや歯科医院", "機関区分": 3, "都道府県コード": 4, "市区町村コード": 421, "所在地": "宮城県黒川郡大和町吉岡南２丁目１５－１０", "緯度": 38.44426, "経度": 140.876053, "url": "https://www.iryou.teikyouseido.mhlw.go.jp/znk-web/juminkanja/S2430/initialize?prefCd=04&kikanCd=810517&kikanKbn=3", "url2": null, "内容": "にのみや歯科医院【3:歯科】宮城県黒川郡大和町吉岡南２丁目１５－１０" }, "geometry": { "type": "Point", "coordinates": [ 140.876053, 38.44426 ] } },
{ "type": "Feature", "properties": { "ID": 43810518, "正式名称": "舘歯科医院", "機関区分": 3, "都道府県コード": 4, "市区町村コード": 216, "所在地": "宮城県富谷市富谷西沢１０８－７", "緯度": 38.403717, "経度": 140.892365, "url": "https://www.iryou.teikyouseido.mhlw.go.jp/znk-web/juminkanja/S2430/initialize?prefCd=04&kikanCd=810518&kikanKbn=3", "url2": null, "内容": "舘歯科医院【3:歯科】宮城県富谷市富谷西沢１０８－７" }, "geometry": { "type": "Point", "coordinates": [ 140.892365, 38.403717 ] } },
{ "type": "Feature", "properties": { "ID": 43810520, "正式名称": "おのでら歯科医院", "機関区分": 3, "都道府県コード": 4, "市区町村コード": 424, "所在地": "宮城県黒川郡大衡村大衡字鍛治屋沢３－１", "緯度": 38.451024, "経度": 140.884125, "url": "https://www.iryou.teikyouseido.mhlw.go.jp/znk-web/juminkanja/S2430/initialize?prefCd=04&kikanCd=810520&kikanKbn=3", "url2": null, "内容": "おのでら歯科医院【3:歯科】宮城県黒川郡大衡村大衡字鍛治屋沢３－１" }, "geometry": { "type": "Point", "coordinates": [ 140.884125, 38.451024 ] } },
{ "type": "Feature", "properties": { "ID": 43810521, "正式名称": "医療法人かぜの会あべ歯科医院・丘の上の歯科医院", "機関区分": 3, "都道府県コード": 4, "市区町村コード": 406, "所在地": "宮城県宮城郡利府町加瀬字野中沢１２５－１", "緯度": 38.324154, "経度": 141.002258, "url": "https://www.iryou.teikyouseido.mhlw.go.jp/znk-web/juminkanja/S2430/initialize?prefCd=04&kikanCd=810521&kikanKbn=3", "url2": "https://www.okanoue-shika.com/", "内容": "医療法人かぜの会あべ歯科医院・丘の上の歯科医院【3:歯科】宮城県宮城郡利府町加瀬字野中沢１２５－１" }, "geometry": { "type": "Point", "coordinates": [ 141.002258, 38.324154 ] } },
{ "type": "Feature", "properties": { "ID": 43810522, "正式名称": "医療法人　社団　刀根歯科医院", "機関区分": 3, "都道府県コード": 4, "市区町村コード": 406, "所在地": "宮城県宮城郡利府町青葉台３丁目１－８５", "緯度": 38.34021, "経度": 140.963715, "url": "https://www.iryou.teikyouseido.mhlw.go.jp/znk-web/juminkanja/S2430/initialize?prefCd=04&kikanCd=810522&kikanKbn=3", "url2": "http://www.tonedental.com", "内容": "医療法人　社団　刀根歯科医院【3:歯科】宮城県宮城郡利府町青葉台３丁目１－８５" }, "geometry": { "type": "Point", "coordinates": [ 140.963715, 38.34021 ] } },
{ "type": "Feature", "properties": { "ID": 43810523, "正式名称": "広沢歯科", "機関区分": 3, "都道府県コード": 4, "市区町村コード": 406, "所在地": "宮城県宮城郡利府町しらかし台", "緯度": 38.346432, "経度": 140.960648, "url": "https://www.iryou.teikyouseido.mhlw.go.jp/znk-web/juminkanja/S2430/initialize?prefCd=04&kikanCd=810523&kikanKbn=3", "url2": null, "内容": "広沢歯科【3:歯科】宮城県宮城郡利府町しらかし台" }, "geometry": { "type": "Point", "coordinates": [ 140.960648, 38.346432 ] } },
{ "type": "Feature", "properties": { "ID": 43810524, "正式名称": "鈴木歯科医院", "機関区分": 3, "都道府県コード": 4, "市区町村コード": 406, "所在地": "宮城県宮城郡利府町加瀬字十三塚１０７－１", "緯度": 38.321281, "経度": 140.994644, "url": "https://www.iryou.teikyouseido.mhlw.go.jp/znk-web/juminkanja/S2430/initialize?prefCd=04&kikanCd=810524&kikanKbn=3", "url2": null, "内容": "鈴木歯科医院【3:歯科】宮城県宮城郡利府町加瀬字十三塚１０７－１" }, "geometry": { "type": "Point", "coordinates": [ 140.994644, 38.321281 ] } },
{ "type": "Feature", "properties": { "ID": 43810525, "正式名称": "吉田歯科医院", "機関区分": 3, "都道府県コード": 4, "市区町村コード": 406, "所在地": "宮城県宮城郡利府町中央３丁目２ー２", "緯度": 38.328266, "経度": 140.982773, "url": "https://www.iryou.teikyouseido.mhlw.go.jp/znk-web/juminkanja/S2430/initialize?prefCd=04&kikanCd=810525&kikanKbn=3", "url2": null, "内容": "吉田歯科医院【3:歯科】宮城県宮城郡利府町中央３丁目２ー２" }, "geometry": { "type": "Point", "coordinates": [ 140.982773, 38.328266 ] } },
{ "type": "Feature", "properties": { "ID": 43810527, "正式名称": "うじいえ歯科医院", "機関区分": 3, "都道府県コード": 4, "市区町村コード": 404, "所在地": "宮城県宮城郡七ヶ浜町湊浜字入生田９０－４", "緯度": 38.290337, "経度": 141.044525, "url": "https://www.iryou.teikyouseido.mhlw.go.jp/znk-web/juminkanja/S2430/initialize?prefCd=04&kikanCd=810527&kikanKbn=3", "url2": "http://ujiieshika.com", "内容": "うじいえ歯科医院【3:歯科】宮城県宮城郡七ヶ浜町湊浜字入生田９０－４" }, "geometry": { "type": "Point", "coordinates": [ 141.044525, 38.290337 ] } },
{ "type": "Feature", "properties": { "ID": 43810528, "正式名称": "かわぐち歯科医院", "機関区分": 3, "都道府県コード": 4, "市区町村コード": 404, "所在地": "宮城県宮城郡七ヶ浜町汐見台６丁目２－１１", "緯度": 38.297489, "経度": 141.056458, "url": "https://www.iryou.teikyouseido.mhlw.go.jp/znk-web/juminkanja/S2430/initialize?prefCd=04&kikanCd=810528&kikanKbn=3", "url2": null, "内容": "かわぐち歯科医院【3:歯科】宮城県宮城郡七ヶ浜町汐見台６丁目２－１１" }, "geometry": { "type": "Point", "coordinates": [ 141.056458, 38.297489 ] } },
{ "type": "Feature", "properties": { "ID": 43810530, "正式名称": "医療法人社団巽会　松島中央歯科医院", "機関区分": 3, "都道府県コード": 4, "市区町村コード": 401, "所在地": "宮城県宮城郡松島町松島字陰ノ浜７－７", "緯度": 38.374523, "経度": 141.067505, "url": "https://www.iryou.teikyouseido.mhlw.go.jp/znk-web/juminkanja/S2430/initialize?prefCd=04&kikanCd=810530&kikanKbn=3", "url2": null, "内容": "医療法人社団巽会　松島中央歯科医院【3:歯科】宮城県宮城郡松島町松島字陰ノ浜７－７" }, "geometry": { "type": "Point", "coordinates": [ 141.067505, 38.374523 ] } },
{ "type": "Feature", "properties": { "ID": 43810531, "正式名称": "萩原歯科医院", "機関区分": 3, "都道府県コード": 4, "市区町村コード": 209, "所在地": "宮城県多賀城市町前３丁目１－１７", "緯度": 38.287605, "経度": 141.007965, "url": "https://www.iryou.teikyouseido.mhlw.go.jp/znk-web/juminkanja/S2430/initialize?prefCd=04&kikanCd=810531&kikanKbn=3", "url2": null, "内容": "萩原歯科医院【3:歯科】宮城県多賀城市町前３丁目１－１７" }, "geometry": { "type": "Point", "coordinates": [ 141.007965, 38.287605 ] } },
{ "type": "Feature", "properties": { "ID": 43810532, "正式名称": "医療法人社団　西村歯科医院", "機関区分": 3, "都道府県コード": 4, "市区町村コード": 401, "所在地": "宮城県宮城郡松島町磯崎字磯崎１０５－３", "緯度": 38.378758, "経度": 141.077416, "url": "https://www.iryou.teikyouseido.mhlw.go.jp/znk-web/juminkanja/S2430/initialize?prefCd=04&kikanCd=810532&kikanKbn=3", "url2": "http://nishidc.jp", "内容": "医療法人社団　西村歯科医院【3:歯科】宮城県宮城郡松島町磯崎字磯崎１０５－３" }, "geometry": { "type": "Point", "coordinates": [ 141.077416, 38.378758 ] } },
{ "type": "Feature", "properties": { "ID": 43810533, "正式名称": "玉川歯科医院", "機関区分": 3, "都道府県コード": 4, "市区町村コード": 203, "所在地": "宮城県塩竈市玉川２丁目６－９", "緯度": 38.309174, "経度": 141.005936, "url": "https://www.iryou.teikyouseido.mhlw.go.jp/znk-web/juminkanja/S2430/initialize?prefCd=04&kikanCd=810533&kikanKbn=3", "url2": null, "内容": "玉川歯科医院【3:歯科】宮城県塩竈市玉川２丁目６－９" }, "geometry": { "type": "Point", "coordinates": [ 141.005936, 38.309174 ] } },
{ "type": "Feature", "properties": { "ID": 43810534, "正式名称": "杉の入歯科医院", "機関区分": 3, "都道府県コード": 4, "市区町村コード": 203, "所在地": "宮城県塩竈市杉の入３丁目２－１", "緯度": 38.331387, "経度": 141.037689, "url": "https://www.iryou.teikyouseido.mhlw.go.jp/znk-web/juminkanja/S2430/initialize?prefCd=04&kikanCd=810534&kikanKbn=3", "url2": null, "内容": "杉の入歯科医院【3:歯科】宮城県塩竈市杉の入３丁目２－１" }, "geometry": { "type": "Point", "coordinates": [ 141.037689, 38.331387 ] } },
{ "type": "Feature", "properties": { "ID": 43810535, "正式名称": "皆川歯科医院", "機関区分": 3, "都道府県コード": 4, "市区町村コード": 203, "所在地": "宮城県塩竈市本町８－２", "緯度": 38.315853, "経度": 141.017502, "url": "https://www.iryou.teikyouseido.mhlw.go.jp/znk-web/juminkanja/S2430/initialize?prefCd=04&kikanCd=810535&kikanKbn=3", "url2": "http://minakawa-dental-clinic.com", "内容": "皆川歯科医院【3:歯科】宮城県塩竈市本町８－２" }, "geometry": { "type": "Point", "coordinates": [ 141.017502, 38.315853 ] } },
{ "type": "Feature", "properties": { "ID": 43810536, "正式名称": "医療法人　いつきの会　ササキ歯科クリニック", "機関区分": 3, "都道府県コード": 4, "市区町村コード": 203, "所在地": "宮城県塩竈市錦町７番地６号", "緯度": 38.309135, "経度": 141.019211, "url": "https://www.iryou.teikyouseido.mhlw.go.jp/znk-web/juminkanja/S2430/initialize?prefCd=04&kikanCd=810536&kikanKbn=3", "url2": "http://www.sasaki-dental.or.jp", "内容": "医療法人　いつきの会　ササキ歯科クリニック【3:歯科】宮城県塩竈市錦町７番地６号" }, "geometry": { "type": "Point", "coordinates": [ 141.019211, 38.309135 ] } },
{ "type": "Feature", "properties": { "ID": 43810538, "正式名称": "泉沢歯科医院", "機関区分": 3, "都道府県コード": 4, "市区町村コード": 203, "所在地": "宮城県塩竈市泉沢町１７－１５", "緯度": 38.3241, "経度": 141.005417, "url": "https://www.iryou.teikyouseido.mhlw.go.jp/znk-web/juminkanja/S2430/initialize?prefCd=04&kikanCd=810538&kikanKbn=3", "url2": null, "内容": "泉沢歯科医院【3:歯科】宮城県塩竈市泉沢町１７－１５" }, "geometry": { "type": "Point", "coordinates": [ 141.005417, 38.3241 ] } },
{ "type": "Feature", "properties": { "ID": 43810539, "正式名称": "医療法人社団　引地歯科医院", "機関区分": 3, "都道府県コード": 4, "市区町村コード": 203, "所在地": "宮城県塩竈市藤倉２丁目３－１１", "緯度": 38.325336, "経度": 141.029251, "url": "https://www.iryou.teikyouseido.mhlw.go.jp/znk-web/juminkanja/S2430/initialize?prefCd=04&kikanCd=810539&kikanKbn=3", "url2": null, "内容": "医療法人社団　引地歯科医院【3:歯科】宮城県塩竈市藤倉２丁目３－１１" }, "geometry": { "type": "Point", "coordinates": [ 141.029251, 38.325336 ] } },
{ "type": "Feature", "properties": { "ID": 43810540, "正式名称": "渋井歯科医院", "機関区分": 3, "都道府県コード": 4, "市区町村コード": 203, "所在地": "宮城県塩竈市宮町４－９", "緯度": 38.31731, "経度": 141.017426, "url": "https://www.iryou.teikyouseido.mhlw.go.jp/znk-web/juminkanja/S2430/initialize?prefCd=04&kikanCd=810540&kikanKbn=3", "url2": null, "内容": "渋井歯科医院【3:歯科】宮城県塩竈市宮町４－９" }, "geometry": { "type": "Point", "coordinates": [ 141.017426, 38.31731 ] } },
{ "type": "Feature", "properties": { "ID": 43810541, "正式名称": "大平デンタルクリニック", "機関区分": 3, "都道府県コード": 4, "市区町村コード": 203, "所在地": "宮城県塩竈市宮町３－１９", "緯度": 38.317627, "経度": 141.018738, "url": "https://www.iryou.teikyouseido.mhlw.go.jp/znk-web/juminkanja/S2430/initialize?prefCd=04&kikanCd=810541&kikanKbn=3", "url2": "http://www.odaira-dental.com", "内容": "大平デンタルクリニック【3:歯科】宮城県塩竈市宮町３－１９" }, "geometry": { "type": "Point", "coordinates": [ 141.018738, 38.317627 ] } },
{ "type": "Feature", "properties": { "ID": 43810542, "正式名称": "みや歯科クリニック", "機関区分": 3, "都道府県コード": 4, "市区町村コード": 203, "所在地": "宮城県塩竈市海岸通１０－１　三晴ビル２Ｆ", "緯度": 38.318569, "経度": 141.022125, "url": "https://www.iryou.teikyouseido.mhlw.go.jp/znk-web/juminkanja/S2430/initialize?prefCd=04&kikanCd=810542&kikanKbn=3", "url2": null, "内容": "みや歯科クリニック【3:歯科】宮城県塩竈市海岸通１０－１　三晴ビル２Ｆ" }, "geometry": { "type": "Point", "coordinates": [ 141.022125, 38.318569 ] } },
{ "type": "Feature", "properties": { "ID": 43810544, "正式名称": "熊谷歯科口腔外科クリニック", "機関区分": 3, "都道府県コード": 4, "市区町村コード": 203, "所在地": "宮城県塩竈市佐浦町１３－２２", "緯度": 38.311321, "経度": 141.0159, "url": "https://www.iryou.teikyouseido.mhlw.go.jp/znk-web/juminkanja/S2430/initialize?prefCd=04&kikanCd=810544&kikanKbn=3", "url2": "https://kumadc.cm", "内容": "熊谷歯科口腔外科クリニック【3:歯科】宮城県塩竈市佐浦町１３－２２" }, "geometry": { "type": "Point", "coordinates": [ 141.0159, 38.311321 ] } },
{ "type": "Feature", "properties": { "ID": 43810546, "正式名称": "いまいずみ歯科クリニック", "機関区分": 3, "都道府県コード": 4, "市区町村コード": 203, "所在地": "宮城県塩竈市清水沢１丁目３２－１", "緯度": 38.328953, "経度": 141.007126, "url": "https://www.iryou.teikyouseido.mhlw.go.jp/znk-web/juminkanja/S2430/initialize?prefCd=04&kikanCd=810546&kikanKbn=3", "url2": "http://www.imaizumi-dental.com/", "内容": "いまいずみ歯科クリニック【3:歯科】宮城県塩竈市清水沢１丁目３２－１" }, "geometry": { "type": "Point", "coordinates": [ 141.007126, 38.328953 ] } },
{ "type": "Feature", "properties": { "ID": 43810548, "正式名称": "杉村歯科医院", "機関区分": 3, "都道府県コード": 4, "市区町村コード": 581, "所在地": "宮城県牡鹿郡女川町鷲神浜字堀切山１０７－１７", "緯度": 38.442711, "経度": 141.444656, "url": "https://www.iryou.teikyouseido.mhlw.go.jp/znk-web/juminkanja/S2430/initialize?prefCd=04&kikanCd=810548&kikanKbn=3", "url2": null, "内容": "杉村歯科医院【3:歯科】宮城県牡鹿郡女川町鷲神浜字堀切山１０７－１７" }, "geometry": { "type": "Point", "coordinates": [ 141.444656, 38.442711 ] } },
{ "type": "Feature", "properties": { "ID": 43810549, "正式名称": "やなぎさわ歯科医院", "機関区分": 3, "都道府県コード": 4, "市区町村コード": 214, "所在地": "宮城県東松島市赤井字川前三番１５９ー１３", "緯度": 38.435692, "経度": 141.237045, "url": "https://www.iryou.teikyouseido.mhlw.go.jp/znk-web/juminkanja/S2430/initialize?prefCd=04&kikanCd=810549&kikanKbn=3", "url2": "http://www.yanagisawashika.com", "内容": "やなぎさわ歯科医院【3:歯科】宮城県東松島市赤井字川前三番１５９ー１３" }, "geometry": { "type": "Point", "coordinates": [ 141.237045, 38.435692 ] } },
{ "type": "Feature", "properties": { "ID": 43810551, "正式名称": "阿部歯科医院", "機関区分": 3, "都道府県コード": 4, "市区町村コード": 202, "所在地": "宮城県石巻市末広町２－４８", "緯度": 38.433538, "経度": 141.288786, "url": "https://www.iryou.teikyouseido.mhlw.go.jp/znk-web/juminkanja/S2430/initialize?prefCd=04&kikanCd=810551&kikanKbn=3", "url2": "https://abedent.com", "内容": "阿部歯科医院【3:歯科】宮城県石巻市末広町２－４８" }, "geometry": { "type": "Point", "coordinates": [ 141.288786, 38.433538 ] } },
{ "type": "Feature", "properties": { "ID": 43810552, "正式名称": "石巻歯科医師会休日歯科診療所、障がい児・者歯科診療所", "機関区分": 3, "都道府県コード": 4, "市区町村コード": 202, "所在地": "宮城県石巻市中里３丁目１０－１２", "緯度": 38.442974, "経度": 141.297577, "url": "https://www.iryou.teikyouseido.mhlw.go.jp/znk-web/juminkanja/S2430/initialize?prefCd=04&kikanCd=810552&kikanKbn=3", "url2": null, "内容": "石巻歯科医師会休日歯科診療所、障がい児・者歯科診療所【3:歯科】宮城県石巻市中里３丁目１０－１２" }, "geometry": { "type": "Point", "coordinates": [ 141.297577, 38.442974 ] } },
{ "type": "Feature", "properties": { "ID": 43810553, "正式名称": "泉谷歯科医院", "機関区分": 3, "都道府県コード": 4, "市区町村コード": 202, "所在地": "宮城県石巻市南中里２丁目５－３３", "緯度": 38.439369, "経度": 141.302673, "url": "https://www.iryou.teikyouseido.mhlw.go.jp/znk-web/juminkanja/S2430/initialize?prefCd=04&kikanCd=810553&kikanKbn=3", "url2": null, "内容": "泉谷歯科医院【3:歯科】宮城県石巻市南中里２丁目５－３３" }, "geometry": { "type": "Point", "coordinates": [ 141.302673, 38.439369 ] } },
{ "type": "Feature", "properties": { "ID": 43810555, "正式名称": "植木歯科クリニック", "機関区分": 3, "都道府県コード": 4, "市区町村コード": 202, "所在地": "宮城県石巻市中里６丁目１０－２８", "緯度": 38.442913, "経度": 141.292618, "url": "https://www.iryou.teikyouseido.mhlw.go.jp/znk-web/juminkanja/S2430/initialize?prefCd=04&kikanCd=810555&kikanKbn=3", "url2": null, "内容": "植木歯科クリニック【3:歯科】宮城県石巻市中里６丁目１０－２８" }, "geometry": { "type": "Point", "coordinates": [ 141.292618, 38.442913 ] } },
{ "type": "Feature", "properties": { "ID": 43810557, "正式名称": "駅前もりたデンタルクリニック", "機関区分": 3, "都道府県コード": 4, "市区町村コード": 202, "所在地": "宮城県石巻市穀町１２－１８　石巻駅前ビル３Ｆ", "緯度": 38.434593, "経度": 141.303452, "url": "https://www.iryou.teikyouseido.mhlw.go.jp/znk-web/juminkanja/S2430/initialize?prefCd=04&kikanCd=810557&kikanKbn=3", "url2": null, "内容": "駅前もりたデンタルクリニック【3:歯科】宮城県石巻市穀町１２－１８　石巻駅前ビル３Ｆ" }, "geometry": { "type": "Point", "coordinates": [ 141.303452, 38.434593 ] } },
{ "type": "Feature", "properties": { "ID": 43810558, "正式名称": "及川歯科クリニック", "機関区分": 3, "都道府県コード": 4, "市区町村コード": 202, "所在地": "宮城県石巻市中央１丁目１２−２", "緯度": 38.428421, "経度": 141.307175, "url": "https://www.iryou.teikyouseido.mhlw.go.jp/znk-web/juminkanja/S2430/initialize?prefCd=04&kikanCd=810558&kikanKbn=3", "url2": null, "内容": "及川歯科クリニック【3:歯科】宮城県石巻市中央１丁目１２−２" }, "geometry": { "type": "Point", "coordinates": [ 141.307175, 38.428421 ] } },
{ "type": "Feature", "properties": { "ID": 43810559, "正式名称": "いしのまき訪問歯科クリニック", "機関区分": 3, "都道府県コード": 4, "市区町村コード": 202, "所在地": "宮城県石巻市山下町１丁目７－２６　シティハイムアークヒルズシェモア１Ｆ", "緯度": 38.433018, "経度": 141.29364, "url": "https://www.iryou.teikyouseido.mhlw.go.jp/znk-web/juminkanja/S2430/initialize?prefCd=04&kikanCd=810559&kikanKbn=3", "url2": null, "内容": "いしのまき訪問歯科クリニック【3:歯科】宮城県石巻市山下町１丁目７－２６　シティハイムアークヒルズシェモア１Ｆ" }, "geometry": { "type": "Point", "coordinates": [ 141.29364, 38.433018 ] } },
{ "type": "Feature", "properties": { "ID": 43810560, "正式名称": "大街道鈴木歯科医院", "機関区分": 3, "都道府県コード": 4, "市区町村コード": 202, "所在地": "宮城県石巻市大街道南５丁目１－１７", "緯度": 38.428978, "経度": 141.279938, "url": "https://www.iryou.teikyouseido.mhlw.go.jp/znk-web/juminkanja/S2430/initialize?prefCd=04&kikanCd=810560&kikanKbn=3", "url2": null, "内容": "大街道鈴木歯科医院【3:歯科】宮城県石巻市大街道南５丁目１－１７" }, "geometry": { "type": "Point", "coordinates": [ 141.279938, 38.428978 ] } },
{ "type": "Feature", "properties": { "ID": 43810562, "正式名称": "かいほく歯科クリニック", "機関区分": 3, "都道府県コード": 4, "市区町村コード": 202, "所在地": "宮城県石巻市開北１丁目２－４１", "緯度": 38.443382, "経度": 141.305435, "url": "https://www.iryou.teikyouseido.mhlw.go.jp/znk-web/juminkanja/S2430/initialize?prefCd=04&kikanCd=810562&kikanKbn=3", "url2": null, "内容": "かいほく歯科クリニック【3:歯科】宮城県石巻市開北１丁目２－４１" }, "geometry": { "type": "Point", "coordinates": [ 141.305435, 38.443382 ] } },
{ "type": "Feature", "properties": { "ID": 43810563, "正式名称": "かづま歯科クリニック", "機関区分": 3, "都道府県コード": 4, "市区町村コード": 202, "所在地": "宮城県石巻市鹿妻南１丁目１３－１６", "緯度": 38.421192, "経度": 141.341385, "url": "https://www.iryou.teikyouseido.mhlw.go.jp/znk-web/juminkanja/S2430/initialize?prefCd=04&kikanCd=810563&kikanKbn=3", "url2": null, "内容": "かづま歯科クリニック【3:歯科】宮城県石巻市鹿妻南１丁目１３－１６" }, "geometry": { "type": "Point", "coordinates": [ 141.341385, 38.421192 ] } },
{ "type": "Feature", "properties": { "ID": 43810564, "正式名称": "かとうデンタルクリニック", "機関区分": 3, "都道府県コード": 4, "市区町村コード": 202, "所在地": "宮城県石巻市向陽町４丁目５－２", "緯度": 38.450912, "経度": 141.27916, "url": "https://www.iryou.teikyouseido.mhlw.go.jp/znk-web/juminkanja/S2430/initialize?prefCd=04&kikanCd=810564&kikanKbn=3", "url2": "http://katoh-dc.net", "内容": "かとうデンタルクリニック【3:歯科】宮城県石巻市向陽町４丁目５－２" }, "geometry": { "type": "Point", "coordinates": [ 141.27916, 38.450912 ] } },
{ "type": "Feature", "properties": { "ID": 43810565, "正式名称": "清流矯正歯科クリニック", "機関区分": 3, "都道府県コード": 4, "市区町村コード": 101, "所在地": "宮城県仙台市青葉区春日町７－１　ＭＦＰＲコート晩翠通り１Ｆ", "緯度": 38.266674, "経度": 140.865936, "url": "https://www.iryou.teikyouseido.mhlw.go.jp/znk-web/juminkanja/S2430/initialize?prefCd=04&kikanCd=810565&kikanKbn=3", "url2": "http://seiryu-kyousei.jp", "内容": "清流矯正歯科クリニック【3:歯科】宮城県仙台市青葉区春日町７－１　ＭＦＰＲコート晩翠通り１Ｆ" }, "geometry": { "type": "Point", "coordinates": [ 140.865936, 38.266674 ] } },
{ "type": "Feature", "properties": { "ID": 43810568, "正式名称": "郷家歯科医院", "機関区分": 3, "都道府県コード": 4, "市区町村コード": 203, "所在地": "宮城県塩竈市本町１０－３", "緯度": 38.316624, "経度": 141.017471, "url": "https://www.iryou.teikyouseido.mhlw.go.jp/znk-web/juminkanja/S2430/initialize?prefCd=04&kikanCd=810568&kikanKbn=3", "url2": null, "内容": "郷家歯科医院【3:歯科】宮城県塩竈市本町１０－３" }, "geometry": { "type": "Point", "coordinates": [ 141.017471, 38.316624 ] } },
{ "type": "Feature", "properties": { "ID": 43810571, "正式名称": "郷家第三歯科医院", "機関区分": 3, "都道府県コード": 4, "市区町村コード": 203, "所在地": "宮城県塩竈市南町５－１０", "緯度": 38.312832, "経度": 141.018005, "url": "https://www.iryou.teikyouseido.mhlw.go.jp/znk-web/juminkanja/S2430/initialize?prefCd=04&kikanCd=810571&kikanKbn=3", "url2": null, "内容": "郷家第三歯科医院【3:歯科】宮城県塩竈市南町５－１０" }, "geometry": { "type": "Point", "coordinates": [ 141.018005, 38.312832 ] } },
{ "type": "Feature", "properties": { "ID": 43810572, "正式名称": "目黒歯科医院", "機関区分": 3, "都道府県コード": 4, "市区町村コード": 203, "所在地": "宮城県塩竈市宮町", "緯度": 38.318657, "経度": 141.02002, "url": "https://www.iryou.teikyouseido.mhlw.go.jp/znk-web/juminkanja/S2430/initialize?prefCd=04&kikanCd=810572&kikanKbn=3", "url2": "https://www.bing.com/ck/a?!&&p=c9a59d29f1f744604dc1e46252bc80a64e32cfc71493231dc8c2d06e7fde9b35JmltdHM9MTc2OTk5MDQwMA&ptn=3&ver=2&hsh=4&fclid=184a385b-baf5-65b6-3215-2dffbb076443&psq=%e7%9b%ae%e9%bb%92%e6%ad%af%e7%a7%91%e5%8c%bb%e9%99%a2+%e3%83%9b%e3%83%bc%e3%83%a0%e3%83%9a%e3%83%bc%e3%82%b8&u=a1aHR", "内容": "目黒歯科医院【3:歯科】宮城県塩竈市宮町" }, "geometry": { "type": "Point", "coordinates": [ 141.02002, 38.318657 ] } },
{ "type": "Feature", "properties": { "ID": 43810573, "正式名称": "川村　歯科医院", "機関区分": 3, "都道府県コード": 4, "市区町村コード": 203, "所在地": "宮城県塩竈市港町２丁目５－１２", "緯度": 38.318005, "経度": 141.027756, "url": "https://www.iryou.teikyouseido.mhlw.go.jp/znk-web/juminkanja/S2430/initialize?prefCd=04&kikanCd=810573&kikanKbn=3", "url2": null, "内容": "川村　歯科医院【3:歯科】宮城県塩竈市港町２丁目５－１２" }, "geometry": { "type": "Point", "coordinates": [ 141.027756, 38.318005 ] } },
{ "type": "Feature", "properties": { "ID": 43810574, "正式名称": "おかだ歯科医院", "機関区分": 3, "都道府県コード": 4, "市区町村コード": 209, "所在地": "宮城県多賀城市東田中２丁目３０－１", "緯度": 38.291477, "経度": 140.996918, "url": "https://www.iryou.teikyouseido.mhlw.go.jp/znk-web/juminkanja/S2430/initialize?prefCd=04&kikanCd=810574&kikanKbn=3", "url2": "https://www.okadadc-tagajo.com/", "内容": "おかだ歯科医院【3:歯科】宮城県多賀城市東田中２丁目３０－１" }, "geometry": { "type": "Point", "coordinates": [ 140.996918, 38.291477 ] } },
{ "type": "Feature", "properties": { "ID": 43810576, "正式名称": "すがや台歯科医院", "機関区分": 3, "都道府県コード": 4, "市区町村コード": 406, "所在地": "宮城県宮城郡利府町菅谷台３丁目７－１", "緯度": 38.330589, "経度": 140.952911, "url": "https://www.iryou.teikyouseido.mhlw.go.jp/znk-web/juminkanja/S2430/initialize?prefCd=04&kikanCd=810576&kikanKbn=3", "url2": "http://www.sugayadai.com", "内容": "すがや台歯科医院【3:歯科】宮城県宮城郡利府町菅谷台３丁目７－１" }, "geometry": { "type": "Point", "coordinates": [ 140.952911, 38.330589 ] } },
{ "type": "Feature", "properties": { "ID": 43810577, "正式名称": "医療法人　優和会　おひさまにこにこ歯科医院", "機関区分": 3, "都道府県コード": 4, "市区町村コード": 406, "所在地": "宮城県宮城郡利府町利府字新館２－７", "緯度": 38.331902, "経度": 140.976898, "url": "https://www.iryou.teikyouseido.mhlw.go.jp/znk-web/juminkanja/S2430/initialize?prefCd=04&kikanCd=810577&kikanKbn=3", "url2": "https://www.ohisama-nikoniko.com", "内容": "医療法人　優和会　おひさまにこにこ歯科医院【3:歯科】宮城県宮城郡利府町利府字新館２－７" }, "geometry": { "type": "Point", "coordinates": [ 140.976898, 38.331902 ] } },
{ "type": "Feature", "properties": { "ID": 43810578, "正式名称": "そうま歯科医院", "機関区分": 3, "都道府県コード": 4, "市区町村コード": 406, "所在地": "宮城県宮城郡利府町青山３丁目４０－３", "緯度": 38.344727, "経度": 140.971817, "url": "https://www.iryou.teikyouseido.mhlw.go.jp/znk-web/juminkanja/S2430/initialize?prefCd=04&kikanCd=810578&kikanKbn=3", "url2": null, "内容": "そうま歯科医院【3:歯科】宮城県宮城郡利府町青山３丁目４０－３" }, "geometry": { "type": "Point", "coordinates": [ 140.971817, 38.344727 ] } },
{ "type": "Feature", "properties": { "ID": 43810580, "正式名称": "えんどう歯科医院", "機関区分": 3, "都道府県コード": 4, "市区町村コード": 216, "所在地": "宮城県富谷市日吉台２丁目３９－５", "緯度": 38.379723, "経度": 140.864075, "url": "https://www.iryou.teikyouseido.mhlw.go.jp/znk-web/juminkanja/S2430/initialize?prefCd=04&kikanCd=810580&kikanKbn=3", "url2": "http://www.endo-shika.jp", "内容": "えんどう歯科医院【3:歯科】宮城県富谷市日吉台２丁目３９－５" }, "geometry": { "type": "Point", "coordinates": [ 140.864075, 38.379723 ] } },
{ "type": "Feature", "properties": { "ID": 43810581, "正式名称": "たかはし歯科・矯正歯科クリニック", "機関区分": 3, "都道府県コード": 4, "市区町村コード": 216, "所在地": "宮城県富谷市成田４丁目１－３", "緯度": 38.363853, "経度": 140.896439, "url": "https://www.iryou.teikyouseido.mhlw.go.jp/znk-web/juminkanja/S2430/initialize?prefCd=04&kikanCd=810581&kikanKbn=3", "url2": "http://www.takahashi-doc.net", "内容": "たかはし歯科・矯正歯科クリニック【3:歯科】宮城県富谷市成田４丁目１－３" }, "geometry": { "type": "Point", "coordinates": [ 140.896439, 38.363853 ] } },
{ "type": "Feature", "properties": { "ID": 43810582, "正式名称": "うちがさき歯科医院", "機関区分": 3, "都道府県コード": 4, "市区町村コード": 216, "所在地": "宮城県富谷市富谷新町７０番地", "緯度": 38.400921, "経度": 140.889954, "url": "https://www.iryou.teikyouseido.mhlw.go.jp/znk-web/juminkanja/S2430/initialize?prefCd=04&kikanCd=810582&kikanKbn=3", "url2": "http://www.uchigasaki.jp", "内容": "うちがさき歯科医院【3:歯科】宮城県富谷市富谷新町７０番地" }, "geometry": { "type": "Point", "coordinates": [ 140.889954, 38.400921 ] } },
{ "type": "Feature", "properties": { "ID": 43810583, "正式名称": "橘高第三歯科", "機関区分": 3, "都道府県コード": 4, "市区町村コード": 216, "所在地": "宮城県富谷市あけの平２丁目４－４", "緯度": 38.37841, "経度": 140.874725, "url": "https://www.iryou.teikyouseido.mhlw.go.jp/znk-web/juminkanja/S2430/initialize?prefCd=04&kikanCd=810583&kikanKbn=3", "url2": null, "内容": "橘高第三歯科【3:歯科】宮城県富谷市あけの平２丁目４－４" }, "geometry": { "type": "Point", "coordinates": [ 140.874725, 38.37841 ] } },
{ "type": "Feature", "properties": { "ID": 43810584, "正式名称": "医療法人コスモス会　りりぶ歯科クリニック", "機関区分": 3, "都道府県コード": 4, "市区町村コード": 216, "所在地": "宮城県富谷市大清水１丁目３３－１　イオンモール富谷　２階", "緯度": 38.364876, "経度": 140.875229, "url": "https://www.iryou.teikyouseido.mhlw.go.jp/znk-web/juminkanja/S2430/initialize?prefCd=04&kikanCd=810584&kikanKbn=3", "url2": "http://riribu.jp", "内容": "医療法人コスモス会　りりぶ歯科クリニック【3:歯科】宮城県富谷市大清水１丁目３３－１　イオンモール富谷　２階" }, "geometry": { "type": "Point", "coordinates": [ 140.875229, 38.364876 ] } },
{ "type": "Feature", "properties": { "ID": 43810588, "正式名称": "橘高第二歯科", "機関区分": 3, "都道府県コード": 4, "市区町村コード": 421, "所在地": "宮城県黒川郡大和町吉岡字上町８９", "緯度": 38.444443, "経度": 140.887894, "url": "https://www.iryou.teikyouseido.mhlw.go.jp/znk-web/juminkanja/S2430/initialize?prefCd=04&kikanCd=810588&kikanKbn=3", "url2": "http://kittaka2-dent.com/", "内容": "橘高第二歯科【3:歯科】宮城県黒川郡大和町吉岡字上町８９" }, "geometry": { "type": "Point", "coordinates": [ 140.887894, 38.444443 ] } },
{ "type": "Feature", "properties": { "ID": 43810589, "正式名称": "あおうだ矯正歯科クリニック", "機関区分": 3, "都道府県コード": 4, "市区町村コード": 203, "所在地": "宮城県塩竈市本町２ー９　２階", "緯度": 38.31673, "経度": 141.019714, "url": "https://www.iryou.teikyouseido.mhlw.go.jp/znk-web/juminkanja/S2430/initialize?prefCd=04&kikanCd=810589&kikanKbn=3", "url2": null, "内容": "あおうだ矯正歯科クリニック【3:歯科】宮城県塩竈市本町２ー９　２階" }, "geometry": { "type": "Point", "coordinates": [ 141.019714, 38.31673 ] } },
{ "type": "Feature", "properties": { "ID": 43810590, "正式名称": "めでしま歯科医院", "機関区分": 3, "都道府県コード": 4, "市区町村コード": 207, "所在地": "宮城県名取市愛の杜１－３－１１", "緯度": 38.157646, "経度": 140.865265, "url": "https://www.iryou.teikyouseido.mhlw.go.jp/znk-web/juminkanja/S2430/initialize?prefCd=04&kikanCd=810590&kikanKbn=3", "url2": null, "内容": "めでしま歯科医院【3:歯科】宮城県名取市愛の杜１－３－１１" }, "geometry": { "type": "Point", "coordinates": [ 140.865265, 38.157646 ] } },
{ "type": "Feature", "properties": { "ID": 43810591, "正式名称": "美田園歯科", "機関区分": 3, "都道府県コード": 4, "市区町村コード": 207, "所在地": "宮城県名取市美田園８丁目１８－６", "緯度": 38.159, "経度": 140.906784, "url": "https://www.iryou.teikyouseido.mhlw.go.jp/znk-web/juminkanja/S2430/initialize?prefCd=04&kikanCd=810591&kikanKbn=3", "url2": "https://www.mitazonoshika.com", "内容": "美田園歯科【3:歯科】宮城県名取市美田園８丁目１８－６" }, "geometry": { "type": "Point", "coordinates": [ 140.906784, 38.159 ] } },
{ "type": "Feature", "properties": { "ID": 43810592, "正式名称": "ささき歯科クリニック", "機関区分": 3, "都道府県コード": 4, "市区町村コード": 209, "所在地": "宮城県多賀城市中央１丁目１６－１７", "緯度": 38.298275, "経度": 141.004684, "url": "https://www.iryou.teikyouseido.mhlw.go.jp/znk-web/juminkanja/S2430/initialize?prefCd=04&kikanCd=810592&kikanKbn=3", "url2": null, "内容": "ささき歯科クリニック【3:歯科】宮城県多賀城市中央１丁目１６－１７" }, "geometry": { "type": "Point", "coordinates": [ 141.004684, 38.298275 ] } },
{ "type": "Feature", "properties": { "ID": 43810596, "正式名称": "千葉歯科クリニック", "機関区分": 3, "都道府県コード": 4, "市区町村コード": 202, "所在地": "宮城県石巻市蛇田字新埣寺２０６－１", "緯度": 38.445446, "経度": 141.273788, "url": "https://www.iryou.teikyouseido.mhlw.go.jp/znk-web/juminkanja/S2430/initialize?prefCd=04&kikanCd=810596&kikanKbn=3", "url2": null, "内容": "千葉歯科クリニック【3:歯科】宮城県石巻市蛇田字新埣寺２０６－１" }, "geometry": { "type": "Point", "coordinates": [ 141.273788, 38.445446 ] } },
{ "type": "Feature", "properties": { "ID": 43810599, "正式名称": "医療法人コスモス会　ちゃっと歯科クリニック", "機関区分": 3, "都道府県コード": 4, "市区町村コード": 202, "所在地": "宮城県石巻市茜平４丁目１０４番地　イオンモール石巻内", "緯度": 38.447475, "経度": 141.26503, "url": "https://www.iryou.teikyouseido.mhlw.go.jp/znk-web/juminkanja/S2430/initialize?prefCd=04&kikanCd=810599&kikanKbn=3", "url2": "http://riribu.jp", "内容": "医療法人コスモス会　ちゃっと歯科クリニック【3:歯科】宮城県石巻市茜平４丁目１０４番地　イオンモール石巻内" }, "geometry": { "type": "Point", "coordinates": [ 141.26503, 38.447475 ] } },
{ "type": "Feature", "properties": { "ID": 43810603, "正式名称": "医療法人社団　誠歯会　ホワイトブライトデンタルオフィス", "機関区分": 3, "都道府県コード": 4, "市区町村コード": 101, "所在地": "宮城県仙台市青葉区中央１丁目１０－１　ヒューモス５ビル４階", "緯度": 38.260555, "経度": 140.880798, "url": "https://www.iryou.teikyouseido.mhlw.go.jp/znk-web/juminkanja/S2430/initialize?prefCd=04&kikanCd=810603&kikanKbn=3", "url2": "http://www.whitebright-do.com/", "内容": "医療法人社団　誠歯会　ホワイトブライトデンタルオフィス【3:歯科】宮城県仙台市青葉区中央１丁目１０－１　ヒューモス５ビル４階" }, "geometry": { "type": "Point", "coordinates": [ 140.880798, 38.260555 ] } },
{ "type": "Feature", "properties": { "ID": 43810608, "正式名称": "吉田歯科医院", "機関区分": 3, "都道府県コード": 4, "市区町村コード": 208, "所在地": "宮城県角田市角田字町２５", "緯度": 37.971729, "経度": 140.784653, "url": "https://www.iryou.teikyouseido.mhlw.go.jp/znk-web/juminkanja/S2430/initialize?prefCd=04&kikanCd=810608&kikanKbn=3", "url2": null, "内容": "吉田歯科医院【3:歯科】宮城県角田市角田字町２５" }, "geometry": { "type": "Point", "coordinates": [ 140.784653, 37.971729 ] } },
{ "type": "Feature", "properties": { "ID": 43810616, "正式名称": "穂波の郷　弓歯科医院", "機関区分": 3, "都道府県コード": 4, "市区町村コード": 215, "所在地": "宮城県大崎市古川穂波７－１４－１８", "緯度": 38.567131, "経度": 140.939575, "url": "https://www.iryou.teikyouseido.mhlw.go.jp/znk-web/juminkanja/S2430/initialize?prefCd=04&kikanCd=810616&kikanKbn=3", "url2": "https://yumishika.com/access.html", "内容": "穂波の郷　弓歯科医院【3:歯科】宮城県大崎市古川穂波７－１４－１８" }, "geometry": { "type": "Point", "coordinates": [ 140.939575, 38.567131 ] } },
{ "type": "Feature", "properties": { "ID": 43810617, "正式名称": "大崎口腔保健センター", "機関区分": 3, "都道府県コード": 4, "市区町村コード": 215, "所在地": "宮城県大崎市古川南町１丁目６－２", "緯度": 38.572262, "経度": 140.957291, "url": "https://www.iryou.teikyouseido.mhlw.go.jp/znk-web/juminkanja/S2430/initialize?prefCd=04&kikanCd=810617&kikanKbn=3", "url2": "https://www.osaki-dent.or.jp", "内容": "大崎口腔保健センター【3:歯科】宮城県大崎市古川南町１丁目６－２" }, "geometry": { "type": "Point", "coordinates": [ 140.957291, 38.572262 ] } },
{ "type": "Feature", "properties": { "ID": 43810618, "正式名称": "大原歯科医院", "機関区分": 3, "都道府県コード": 4, "市区町村コード": 215, "所在地": "宮城県大崎市鹿島台平渡字新屋敷下５８－２", "緯度": 38.480713, "経度": 141.098282, "url": "https://www.iryou.teikyouseido.mhlw.go.jp/znk-web/juminkanja/S2430/initialize?prefCd=04&kikanCd=810618&kikanKbn=3", "url2": "http://www.ohara-shika.com/", "内容": "大原歯科医院【3:歯科】宮城県大崎市鹿島台平渡字新屋敷下５８－２" }, "geometry": { "type": "Point", "coordinates": [ 141.098282, 38.480713 ] } },
{ "type": "Feature", "properties": { "ID": 43810626, "正式名称": "まさと歯科医院", "機関区分": 3, "都道府県コード": 4, "市区町村コード": 213, "所在地": "宮城県栗原市瀬峰下田１９８－１", "緯度": 38.650467, "経度": 141.077393, "url": "https://www.iryou.teikyouseido.mhlw.go.jp/znk-web/juminkanja/S2430/initialize?prefCd=04&kikanCd=810626&kikanKbn=3", "url2": "http://www.masato-dentalclinic.com", "内容": "まさと歯科医院【3:歯科】宮城県栗原市瀬峰下田１９８－１" }, "geometry": { "type": "Point", "coordinates": [ 141.077393, 38.650467 ] } },
{ "type": "Feature", "properties": { "ID": 43810636, "正式名称": "プレミア歯科", "機関区分": 3, "都道府県コード": 4, "市区町村コード": 212, "所在地": "宮城県登米市南方町新島前４６－１　イオンタウン佐沼ショッピングセンター内", "緯度": 38.68338, "経度": 141.183563, "url": "https://www.iryou.teikyouseido.mhlw.go.jp/znk-web/juminkanja/S2430/initialize?prefCd=04&kikanCd=810636&kikanKbn=3", "url2": "http://www.premier-dental.jp", "内容": "プレミア歯科【3:歯科】宮城県登米市南方町新島前４６－１　イオンタウン佐沼ショッピングセンター内" }, "geometry": { "type": "Point", "coordinates": [ 141.183563, 38.68338 ] } },
{ "type": "Feature", "properties": { "ID": 43810646, "正式名称": "イオンタウン矢本歯科診療室ミューズ", "機関区分": 3, "都道府県コード": 4, "市区町村コード": 214, "所在地": "宮城県東松島市小松字上浮足４３", "緯度": 38.425621, "経度": 141.202728, "url": "https://www.iryou.teikyouseido.mhlw.go.jp/znk-web/juminkanja/S2430/initialize?prefCd=04&kikanCd=810646&kikanKbn=3", "url2": null, "内容": "イオンタウン矢本歯科診療室ミューズ【3:歯科】宮城県東松島市小松字上浮足４３" }, "geometry": { "type": "Point", "coordinates": [ 141.202728, 38.425621 ] } },
{ "type": "Feature", "properties": { "ID": 43810647, "正式名称": "デンタルクリニック齋藤", "機関区分": 3, "都道府県コード": 4, "市区町村コード": 202, "所在地": "宮城県石巻市穀町５番２１号", "緯度": 38.433598, "経度": 141.301712, "url": "https://www.iryou.teikyouseido.mhlw.go.jp/znk-web/juminkanja/S2430/initialize?prefCd=04&kikanCd=810647&kikanKbn=3", "url2": "http://dcsaito.love/", "内容": "デンタルクリニック齋藤【3:歯科】宮城県石巻市穀町５番２１号" }, "geometry": { "type": "Point", "coordinates": [ 141.301712, 38.433598 ] } },
{ "type": "Feature", "properties": { "ID": 43810648, "正式名称": "青葉歯科医院", "機関区分": 3, "都道府県コード": 4, "市区町村コード": 202, "所在地": "宮城県石巻市門脇字青葉西３３番地１", "緯度": 38.43486, "経度": 141.26445, "url": "https://www.iryou.teikyouseido.mhlw.go.jp/znk-web/juminkanja/S2430/initialize?prefCd=04&kikanCd=810648&kikanKbn=3", "url2": null, "内容": "青葉歯科医院【3:歯科】宮城県石巻市門脇字青葉西３３番地１" }, "geometry": { "type": "Point", "coordinates": [ 141.26445, 38.43486 ] } },
{ "type": "Feature", "properties": { "ID": 43810649, "正式名称": "杉村歯科医院", "機関区分": 3, "都道府県コード": 4, "市区町村コード": 202, "所在地": "宮城県石巻市中央２丁目１０－１", "緯度": 38.43174, "経度": 141.309219, "url": "https://www.iryou.teikyouseido.mhlw.go.jp/znk-web/juminkanja/S2430/initialize?prefCd=04&kikanCd=810649&kikanKbn=3", "url2": null, "内容": "杉村歯科医院【3:歯科】宮城県石巻市中央２丁目１０－１" }, "geometry": { "type": "Point", "coordinates": [ 141.309219, 38.43174 ] } },
{ "type": "Feature", "properties": { "ID": 43810650, "正式名称": "坂井おとなこども歯科", "機関区分": 3, "都道府県コード": 4, "市区町村コード": 202, "所在地": "宮城県石巻市中里３丁目１－１１", "緯度": 38.441025, "経度": 141.298492, "url": "https://www.iryou.teikyouseido.mhlw.go.jp/znk-web/juminkanja/S2430/initialize?prefCd=04&kikanCd=810650&kikanKbn=3", "url2": "http://sakaiclinic.or.jp/", "内容": "坂井おとなこども歯科【3:歯科】宮城県石巻市中里３丁目１－１１" }, "geometry": { "type": "Point", "coordinates": [ 141.298492, 38.441025 ] } },
{ "type": "Feature", "properties": { "ID": 43810655, "正式名称": "医療法人社団　ひかる会　あかね歯科", "機関区分": 3, "都道府県コード": 4, "市区町村コード": 216, "所在地": "宮城県富谷市日吉台２－２４－３", "緯度": 38.377075, "経度": 140.862839, "url": "https://www.iryou.teikyouseido.mhlw.go.jp/znk-web/juminkanja/S2430/initialize?prefCd=04&kikanCd=810655&kikanKbn=3", "url2": "https://www.akaneshika-hikarukai.com/", "内容": "医療法人社団　ひかる会　あかね歯科【3:歯科】宮城県富谷市日吉台２－２４－３" }, "geometry": { "type": "Point", "coordinates": [ 140.862839, 38.377075 ] } },
{ "type": "Feature", "properties": { "ID": 43810660, "正式名称": "医療法人憲仁会　山谷歯科医院", "機関区分": 3, "都道府県コード": 4, "市区町村コード": 205, "所在地": "宮城県気仙沼市本吉町津谷新明戸２１０", "緯度": 38.793972, "経度": 141.500549, "url": "https://www.iryou.teikyouseido.mhlw.go.jp/znk-web/juminkanja/S2430/initialize?prefCd=04&kikanCd=810660&kikanKbn=3", "url2": "http://www.yamayashika.com/", "内容": "医療法人憲仁会　山谷歯科医院【3:歯科】宮城県気仙沼市本吉町津谷新明戸２１０" }, "geometry": { "type": "Point", "coordinates": [ 141.500549, 38.793972 ] } },
{ "type": "Feature", "properties": { "ID": 43810665, "正式名称": "佐藤歯科医院", "機関区分": 3, "都道府県コード": 4, "市区町村コード": 421, "所在地": "宮城県黒川郡大和町吉岡字館下３０", "緯度": 38.445599, "経度": 140.881638, "url": "https://www.iryou.teikyouseido.mhlw.go.jp/znk-web/juminkanja/S2430/initialize?prefCd=04&kikanCd=810665&kikanKbn=3", "url2": "http://www.dente-sato.com", "内容": "佐藤歯科医院【3:歯科】宮城県黒川郡大和町吉岡字館下３０" }, "geometry": { "type": "Point", "coordinates": [ 140.881638, 38.445599 ] } },
{ "type": "Feature", "properties": { "ID": 43810666, "正式名称": "たきた歯科", "機関区分": 3, "都道府県コード": 4, "市区町村コード": 207, "所在地": "宮城県名取市杜せきのした５丁目４－１", "緯度": 38.163925, "経度": 140.899323, "url": "https://www.iryou.teikyouseido.mhlw.go.jp/znk-web/juminkanja/S2430/initialize?prefCd=04&kikanCd=810666&kikanKbn=3", "url2": null, "内容": "たきた歯科【3:歯科】宮城県名取市杜せきのした５丁目４－１" }, "geometry": { "type": "Point", "coordinates": [ 140.899323, 38.163925 ] } },
{ "type": "Feature", "properties": { "ID": 43810667, "正式名称": "なかよしデンタルクリニック", "機関区分": 3, "都道府県コード": 4, "市区町村コード": 209, "所在地": "宮城県多賀城市八幡一丁目２－１８", "緯度": 38.284668, "経度": 140.993423, "url": "https://www.iryou.teikyouseido.mhlw.go.jp/znk-web/juminkanja/S2430/initialize?prefCd=04&kikanCd=810667&kikanKbn=3", "url2": null, "内容": "なかよしデンタルクリニック【3:歯科】宮城県多賀城市八幡一丁目２－１８" }, "geometry": { "type": "Point", "coordinates": [ 140.993423, 38.284668 ] } },
{ "type": "Feature", "properties": { "ID": 43810668, "正式名称": "医療法人　雅仁会　大宮歯科クリニック", "機関区分": 3, "都道府県コード": 4, "市区町村コード": 203, "所在地": "宮城県塩竈市尾島町６－８", "緯度": 38.314514, "経度": 141.023438, "url": "https://www.iryou.teikyouseido.mhlw.go.jp/znk-web/juminkanja/S2430/initialize?prefCd=04&kikanCd=810668&kikanKbn=3", "url2": null, "内容": "医療法人　雅仁会　大宮歯科クリニック【3:歯科】宮城県塩竈市尾島町６－８" }, "geometry": { "type": "Point", "coordinates": [ 141.023438, 38.314514 ] } },
{ "type": "Feature", "properties": { "ID": 43810677, "正式名称": "おおえ歯科クリニック", "機関区分": 3, "都道府県コード": 4, "市区町村コード": 216, "所在地": "宮城県富谷市明石台６丁目１－２０", "緯度": 38.34918, "経度": 140.893337, "url": "https://www.iryou.teikyouseido.mhlw.go.jp/znk-web/juminkanja/S2430/initialize?prefCd=04&kikanCd=810677&kikanKbn=3", "url2": null, "内容": "おおえ歯科クリニック【3:歯科】宮城県富谷市明石台６丁目１－２０" }, "geometry": { "type": "Point", "coordinates": [ 140.893337, 38.34918 ] } },
{ "type": "Feature", "properties": { "ID": 43810692, "正式名称": "とみづか矯正歯科", "機関区分": 3, "都道府県コード": 4, "市区町村コード": 104, "所在地": "宮城県仙台市太白区長町５丁目１－１５ＡＮステーションビル４Ｆ", "緯度": 38.227859, "経度": 140.885178, "url": "https://www.iryou.teikyouseido.mhlw.go.jp/znk-web/juminkanja/S2430/initialize?prefCd=04&kikanCd=810692&kikanKbn=3", "url2": "http://www.tomizukakyousei.com", "内容": "とみづか矯正歯科【3:歯科】宮城県仙台市太白区長町５丁目１－１５ＡＮステーションビル４Ｆ" }, "geometry": { "type": "Point", "coordinates": [ 140.885178, 38.227859 ] } },
{ "type": "Feature", "properties": { "ID": 43810701, "正式名称": "にいの歯科", "機関区分": 3, "都道府県コード": 4, "市区町村コード": 362, "所在地": "宮城県亘理郡山元町坂元字道合３９－１", "緯度": 37.925949, "経度": 140.897705, "url": "https://www.iryou.teikyouseido.mhlw.go.jp/znk-web/juminkanja/S2430/initialize?prefCd=04&kikanCd=810701&kikanKbn=3", "url2": null, "内容": "にいの歯科【3:歯科】宮城県亘理郡山元町坂元字道合３９－１" }, "geometry": { "type": "Point", "coordinates": [ 140.897705, 37.925949 ] } },
{ "type": "Feature", "properties": { "ID": 43810704, "正式名称": "うさぎ歯科", "機関区分": 3, "都道府県コード": 4, "市区町村コード": 361, "所在地": "宮城県亘理郡亘理町逢隈高屋字柴北１００", "緯度": 38.042522, "経度": 140.877014, "url": "https://www.iryou.teikyouseido.mhlw.go.jp/znk-web/juminkanja/S2430/initialize?prefCd=04&kikanCd=810704&kikanKbn=3", "url2": null, "内容": "うさぎ歯科【3:歯科】宮城県亘理郡亘理町逢隈高屋字柴北１００" }, "geometry": { "type": "Point", "coordinates": [ 140.877014, 38.042522 ] } },
{ "type": "Feature", "properties": { "ID": 43810705, "正式名称": "佐藤歯科・矯正歯科医院", "機関区分": 3, "都道府県コード": 4, "市区町村コード": 361, "所在地": "宮城県亘理郡亘理町字中町東１９２－１", "緯度": 38.034458, "経度": 140.858597, "url": "https://www.iryou.teikyouseido.mhlw.go.jp/znk-web/juminkanja/S2430/initialize?prefCd=04&kikanCd=810705&kikanKbn=3", "url2": "http://satoshika.biz/", "内容": "佐藤歯科・矯正歯科医院【3:歯科】宮城県亘理郡亘理町字中町東１９２－１" }, "geometry": { "type": "Point", "coordinates": [ 140.858597, 38.034458 ] } },
{ "type": "Feature", "properties": { "ID": 43810706, "正式名称": "郷家歯科クリニック", "機関区分": 3, "都道府県コード": 4, "市区町村コード": 422, "所在地": "宮城県黒川郡大郷町粕川字東長崎４２", "緯度": 38.424843, "経度": 141.005203, "url": "https://www.iryou.teikyouseido.mhlw.go.jp/znk-web/juminkanja/S2430/initialize?prefCd=04&kikanCd=810706&kikanKbn=3", "url2": "http://gouke-dc.com/", "内容": "郷家歯科クリニック【3:歯科】宮城県黒川郡大郷町粕川字東長崎４２" }, "geometry": { "type": "Point", "coordinates": [ 141.005203, 38.424843 ] } },
{ "type": "Feature", "properties": { "ID": 43810707, "正式名称": "若生歯科医院", "機関区分": 3, "都道府県コード": 4, "市区町村コード": 421, "所在地": "宮城県黒川郡大和町吉岡字館下６３－４", "緯度": 38.446949, "経度": 140.881851, "url": "https://www.iryou.teikyouseido.mhlw.go.jp/znk-web/juminkanja/S2430/initialize?prefCd=04&kikanCd=810707&kikanKbn=3", "url2": null, "内容": "若生歯科医院【3:歯科】宮城県黒川郡大和町吉岡字館下６３－４" }, "geometry": { "type": "Point", "coordinates": [ 140.881851, 38.446949 ] } },
{ "type": "Feature", "properties": { "ID": 43810710, "正式名称": "きくち歯科", "機関区分": 3, "都道府県コード": 4, "市区町村コード": 361, "所在地": "宮城県亘理郡亘理町字東郷１９３－３", "緯度": 38.040489, "経度": 140.869781, "url": "https://www.iryou.teikyouseido.mhlw.go.jp/znk-web/juminkanja/S2430/initialize?prefCd=04&kikanCd=810710&kikanKbn=3", "url2": null, "内容": "きくち歯科【3:歯科】宮城県亘理郡亘理町字東郷１９３－３" }, "geometry": { "type": "Point", "coordinates": [ 140.869781, 38.040489 ] } },
{ "type": "Feature", "properties": { "ID": 43810711, "正式名称": "医療法人社団斉藤歯科医院", "機関区分": 3, "都道府県コード": 4, "市区町村コード": 361, "所在地": "宮城県亘理郡亘理町逢隈田沢字遠原２５－６", "緯度": 38.067863, "経度": 140.862564, "url": "https://www.iryou.teikyouseido.mhlw.go.jp/znk-web/juminkanja/S2430/initialize?prefCd=04&kikanCd=810711&kikanKbn=3", "url2": null, "内容": "医療法人社団斉藤歯科医院【3:歯科】宮城県亘理郡亘理町逢隈田沢字遠原２５－６" }, "geometry": { "type": "Point", "coordinates": [ 140.862564, 38.067863 ] } },
{ "type": "Feature", "properties": { "ID": 43810712, "正式名称": "津川歯科医院", "機関区分": 3, "都道府県コード": 4, "市区町村コード": 361, "所在地": "宮城県亘理郡亘理町字中町東２３０－２", "緯度": 38.033375, "経度": 140.860596, "url": "https://www.iryou.teikyouseido.mhlw.go.jp/znk-web/juminkanja/S2430/initialize?prefCd=04&kikanCd=810712&kikanKbn=3", "url2": null, "内容": "津川歯科医院【3:歯科】宮城県亘理郡亘理町字中町東２３０－２" }, "geometry": { "type": "Point", "coordinates": [ 140.860596, 38.033375 ] } },
{ "type": "Feature", "properties": { "ID": 43810713, "正式名称": "山形歯科クリニック", "機関区分": 3, "都道府県コード": 4, "市区町村コード": 361, "所在地": "宮城県亘理郡亘理町字上茨田１５－１", "緯度": 38.035633, "経度": 140.860367, "url": "https://www.iryou.teikyouseido.mhlw.go.jp/znk-web/juminkanja/S2430/initialize?prefCd=04&kikanCd=810713&kikanKbn=3", "url2": "http://www.yamagata-dc.net", "内容": "山形歯科クリニック【3:歯科】宮城県亘理郡亘理町字上茨田１５－１" }, "geometry": { "type": "Point", "coordinates": [ 140.860367, 38.035633 ] } },
{ "type": "Feature", "properties": { "ID": 43810714, "正式名称": "鳥の海歯科医院", "機関区分": 3, "都道府県コード": 4, "市区町村コード": 361, "所在地": "宮城県亘理郡亘理町荒浜字御狩屋１０３－４", "緯度": 38.042965, "経度": 140.907608, "url": "https://www.iryou.teikyouseido.mhlw.go.jp/znk-web/juminkanja/S2430/initialize?prefCd=04&kikanCd=810714&kikanKbn=3", "url2": "http://www.torinoumi-dc.com/", "内容": "鳥の海歯科医院【3:歯科】宮城県亘理郡亘理町荒浜字御狩屋１０３－４" }, "geometry": { "type": "Point", "coordinates": [ 140.907608, 38.042965 ] } },
{ "type": "Feature", "properties": { "ID": 43810719, "正式名称": "小島歯科医院", "機関区分": 3, "都道府県コード": 4, "市区町村コード": 211, "所在地": "宮城県岩沼市押分", "緯度": 38.102474, "経度": 140.877594, "url": "https://www.iryou.teikyouseido.mhlw.go.jp/znk-web/juminkanja/S2430/initialize?prefCd=04&kikanCd=810719&kikanKbn=3", "url2": "https://ojimashikaiin.com/", "内容": "小島歯科医院【3:歯科】宮城県岩沼市押分" }, "geometry": { "type": "Point", "coordinates": [ 140.877594, 38.102474 ] } },
{ "type": "Feature", "properties": { "ID": 43810722, "正式名称": "浮島歯科クリニック", "機関区分": 3, "都道府県コード": 4, "市区町村コード": 209, "所在地": "宮城県多賀城市浮島１丁目１２番１０号", "緯度": 38.302834, "経度": 140.996735, "url": "https://www.iryou.teikyouseido.mhlw.go.jp/znk-web/juminkanja/S2430/initialize?prefCd=04&kikanCd=810722&kikanKbn=3", "url2": null, "内容": "浮島歯科クリニック【3:歯科】宮城県多賀城市浮島１丁目１２番１０号" }, "geometry": { "type": "Point", "coordinates": [ 140.996735, 38.302834 ] } },
{ "type": "Feature", "properties": { "ID": 43810723, "正式名称": "杉山歯科医院", "機関区分": 3, "都道府県コード": 4, "市区町村コード": 209, "所在地": "宮城県多賀城市大代５－２－１", "緯度": 38.292759, "経度": 141.038025, "url": "https://www.iryou.teikyouseido.mhlw.go.jp/znk-web/juminkanja/S2430/initialize?prefCd=04&kikanCd=810723&kikanKbn=3", "url2": null, "内容": "杉山歯科医院【3:歯科】宮城県多賀城市大代５－２－１" }, "geometry": { "type": "Point", "coordinates": [ 141.038025, 38.292759 ] } },
{ "type": "Feature", "properties": { "ID": 43810725, "正式名称": "医療法人　えがおの会　城南歯科クリニック", "機関区分": 3, "都道府県コード": 4, "市区町村コード": 209, "所在地": "宮城県多賀城市城南１丁目１９－２２", "緯度": 38.298416, "経度": 140.992691, "url": "https://www.iryou.teikyouseido.mhlw.go.jp/znk-web/juminkanja/S2430/initialize?prefCd=04&kikanCd=810725&kikanKbn=3", "url2": "https://itp.ne.jp/info/046685639048631140/", "内容": "医療法人　えがおの会　城南歯科クリニック【3:歯科】宮城県多賀城市城南１丁目１９－２２" }, "geometry": { "type": "Point", "coordinates": [ 140.992691, 38.298416 ] } },
{ "type": "Feature", "properties": { "ID": 43810726, "正式名称": "こう歯科クリニック", "機関区分": 3, "都道府県コード": 4, "市区町村コード": 209, "所在地": "宮城県多賀城市下馬２－８－５", "緯度": 38.305698, "経度": 141.015961, "url": "https://www.iryou.teikyouseido.mhlw.go.jp/znk-web/juminkanja/S2430/initialize?prefCd=04&kikanCd=810726&kikanKbn=3", "url2": null, "内容": "こう歯科クリニック【3:歯科】宮城県多賀城市下馬２－８－５" }, "geometry": { "type": "Point", "coordinates": [ 141.015961, 38.305698 ] } },
{ "type": "Feature", "properties": { "ID": 43810727, "正式名称": "森の風歯科クリニック", "機関区分": 3, "都道府県コード": 4, "市区町村コード": 209, "所在地": "宮城県多賀城市高崎３丁目１１－２２", "緯度": 38.299156, "経度": 141.000153, "url": "https://www.iryou.teikyouseido.mhlw.go.jp/znk-web/juminkanja/S2430/initialize?prefCd=04&kikanCd=810727&kikanKbn=3", "url2": "http://www.morinokaze-dental.com/", "内容": "森の風歯科クリニック【3:歯科】宮城県多賀城市高崎３丁目１１－２２" }, "geometry": { "type": "Point", "coordinates": [ 141.000153, 38.299156 ] } },
{ "type": "Feature", "properties": { "ID": 43810728, "正式名称": "じん歯科医院", "機関区分": 3, "都道府県コード": 4, "市区町村コード": 209, "所在地": "宮城県多賀城市明月１丁目４－１２", "緯度": 38.285881, "経度": 141.012527, "url": "https://www.iryou.teikyouseido.mhlw.go.jp/znk-web/juminkanja/S2430/initialize?prefCd=04&kikanCd=810728&kikanKbn=3", "url2": null, "内容": "じん歯科医院【3:歯科】宮城県多賀城市明月１丁目４－１２" }, "geometry": { "type": "Point", "coordinates": [ 141.012527, 38.285881 ] } },
{ "type": "Feature", "properties": { "ID": 43810730, "正式名称": "きくちデンタルクリニック", "機関区分": 3, "都道府県コード": 4, "市区町村コード": 203, "所在地": "宮城県塩竈市庚塚３０－８２", "緯度": 38.333717, "経度": 141.017258, "url": "https://www.iryou.teikyouseido.mhlw.go.jp/znk-web/juminkanja/S2430/initialize?prefCd=04&kikanCd=810730&kikanKbn=3", "url2": null, "内容": "きくちデンタルクリニック【3:歯科】宮城県塩竈市庚塚３０－８２" }, "geometry": { "type": "Point", "coordinates": [ 141.017258, 38.333717 ] } },
{ "type": "Feature", "properties": { "ID": 43810731, "正式名称": "医療法人社団秀和会誠寿歯科医院", "機関区分": 3, "都道府県コード": 4, "市区町村コード": 209, "所在地": "宮城県多賀城市高橋２丁目１９－２０", "緯度": 38.284634, "経度": 140.977461, "url": "https://www.iryou.teikyouseido.mhlw.go.jp/znk-web/juminkanja/S2430/initialize?prefCd=04&kikanCd=810731&kikanKbn=3", "url2": "http://www.syuwakai.com", "内容": "医療法人社団秀和会誠寿歯科医院【3:歯科】宮城県多賀城市高橋２丁目１９－２０" }, "geometry": { "type": "Point", "coordinates": [ 140.977461, 38.284634 ] } },
{ "type": "Feature", "properties": { "ID": 43810733, "正式名称": "せいの歯科医院", "機関区分": 3, "都道府県コード": 4, "市区町村コード": 209, "所在地": "宮城県多賀城市東田中２丁目４０－３２　多賀城ロジュマンＧ棟１０２", "緯度": 38.29076, "経度": 141.001846, "url": "https://www.iryou.teikyouseido.mhlw.go.jp/znk-web/juminkanja/S2430/initialize?prefCd=04&kikanCd=810733&kikanKbn=3", "url2": null, "内容": "せいの歯科医院【3:歯科】宮城県多賀城市東田中２丁目４０－３２　多賀城ロジュマンＧ棟１０２" }, "geometry": { "type": "Point", "coordinates": [ 141.001846, 38.29076 ] } },
{ "type": "Feature", "properties": { "ID": 43810734, "正式名称": "藤原歯科", "機関区分": 3, "都道府県コード": 4, "市区町村コード": 209, "所在地": "宮城県多賀城市伝上山２丁目３１－４５", "緯度": 38.301277, "経度": 141.01149, "url": "https://www.iryou.teikyouseido.mhlw.go.jp/znk-web/juminkanja/S2430/initialize?prefCd=04&kikanCd=810734&kikanKbn=3", "url2": null, "内容": "藤原歯科【3:歯科】宮城県多賀城市伝上山２丁目３１－４５" }, "geometry": { "type": "Point", "coordinates": [ 141.01149, 38.301277 ] } },
{ "type": "Feature", "properties": { "ID": 43810736, "正式名称": "多賀城駅北口歯科", "機関区分": 3, "都道府県コード": 4, "市区町村コード": 209, "所在地": "宮城県多賀城市中央２－８－１　１階", "緯度": 38.292259, "経度": 141.006424, "url": "https://www.iryou.teikyouseido.mhlw.go.jp/znk-web/juminkanja/S2430/initialize?prefCd=04&kikanCd=810736&kikanKbn=3", "url2": "https://www.tagajo-shika.com/", "内容": "多賀城駅北口歯科【3:歯科】宮城県多賀城市中央２－８－１　１階" }, "geometry": { "type": "Point", "coordinates": [ 141.006424, 38.292259 ] } },
{ "type": "Feature", "properties": { "ID": 43810737, "正式名称": "おおのファミリー歯科", "機関区分": 3, "都道府県コード": 4, "市区町村コード": 209, "所在地": "宮城県多賀城市大代１丁目１－３８", "緯度": 38.291664, "経度": 141.030121, "url": "https://www.iryou.teikyouseido.mhlw.go.jp/znk-web/juminkanja/S2430/initialize?prefCd=04&kikanCd=810737&kikanKbn=3", "url2": "http://www.ohno-family-shika.com/", "内容": "おおのファミリー歯科【3:歯科】宮城県多賀城市大代１丁目１－３８" }, "geometry": { "type": "Point", "coordinates": [ 141.030121, 38.291664 ] } },
{ "type": "Feature", "properties": { "ID": 43810740, "正式名称": "あいタウン歯科クリニック", "機関区分": 3, "都道府県コード": 4, "市区町村コード": 211, "所在地": "宮城県岩沼市たけくま２丁目３－６６", "緯度": 38.107201, "経度": 140.85611, "url": "https://www.iryou.teikyouseido.mhlw.go.jp/znk-web/juminkanja/S2430/initialize?prefCd=04&kikanCd=810740&kikanKbn=3", "url2": null, "内容": "あいタウン歯科クリニック【3:歯科】宮城県岩沼市たけくま２丁目３－６６" }, "geometry": { "type": "Point", "coordinates": [ 140.85611, 38.107201 ] } },
{ "type": "Feature", "properties": { "ID": 43810741, "正式名称": "鳥羽歯科医院", "機関区分": 3, "都道府県コード": 4, "市区町村コード": 211, "所在地": "宮城県岩沼市中央４丁目８－７２", "緯度": 38.116585, "経度": 140.869308, "url": "https://www.iryou.teikyouseido.mhlw.go.jp/znk-web/juminkanja/S2430/initialize?prefCd=04&kikanCd=810741&kikanKbn=3", "url2": null, "内容": "鳥羽歯科医院【3:歯科】宮城県岩沼市中央４丁目８－７２" }, "geometry": { "type": "Point", "coordinates": [ 140.869308, 38.116585 ] } },
{ "type": "Feature", "properties": { "ID": 43810742, "正式名称": "山田歯科医院", "機関区分": 3, "都道府県コード": 4, "市区町村コード": 211, "所在地": "宮城県岩沼市館下３丁目２－２７", "緯度": 38.112347, "経度": 140.866104, "url": "https://www.iryou.teikyouseido.mhlw.go.jp/znk-web/juminkanja/S2430/initialize?prefCd=04&kikanCd=810742&kikanKbn=3", "url2": null, "内容": "山田歯科医院【3:歯科】宮城県岩沼市館下３丁目２－２７" }, "geometry": { "type": "Point", "coordinates": [ 140.866104, 38.112347 ] } },
{ "type": "Feature", "properties": { "ID": 43810744, "正式名称": "スズカンデンタルオフィス", "機関区分": 3, "都道府県コード": 4, "市区町村コード": 104, "所在地": "宮城県仙台市太白区郡山６丁目４－１", "緯度": 38.2202, "経度": 140.888245, "url": "https://www.iryou.teikyouseido.mhlw.go.jp/znk-web/juminkanja/S2430/initialize?prefCd=04&kikanCd=810744&kikanKbn=3", "url2": "https://www.suzukan-dental.com", "内容": "スズカンデンタルオフィス【3:歯科】宮城県仙台市太白区郡山６丁目４－１" }, "geometry": { "type": "Point", "coordinates": [ 140.888245, 38.2202 ] } },
{ "type": "Feature", "properties": { "ID": 43810745, "正式名称": "医療法人社団　桑島歯科クリニック", "機関区分": 3, "都道府県コード": 4, "市区町村コード": 202, "所在地": "宮城県石巻市向陽町２－３－３", "緯度": 38.448795, "経度": 141.281738, "url": "https://www.iryou.teikyouseido.mhlw.go.jp/znk-web/juminkanja/S2430/initialize?prefCd=04&kikanCd=810745&kikanKbn=3", "url2": "http://www.ic-net.or.jp/home/kuwasima/", "内容": "医療法人社団　桑島歯科クリニック【3:歯科】宮城県石巻市向陽町２－３－３" }, "geometry": { "type": "Point", "coordinates": [ 141.281738, 38.448795 ] } },
{ "type": "Feature", "properties": { "ID": 43810746, "正式名称": "きらら歯科クリニック", "機関区分": 3, "都道府県コード": 4, "市区町村コード": 202, "所在地": "宮城県石巻市蛇田埣寺１－３０", "緯度": 38.440109, "経度": 141.276718, "url": "https://www.iryou.teikyouseido.mhlw.go.jp/znk-web/juminkanja/S2430/initialize?prefCd=04&kikanCd=810746&kikanKbn=3", "url2": null, "内容": "きらら歯科クリニック【3:歯科】宮城県石巻市蛇田埣寺１－３０" }, "geometry": { "type": "Point", "coordinates": [ 141.276718, 38.440109 ] } },
{ "type": "Feature", "properties": { "ID": 43810748, "正式名称": "門脇歯科クリニック", "機関区分": 3, "都道府県コード": 4, "市区町村コード": 202, "所在地": "宮城県石巻市清水町１丁目１０－１", "緯度": 38.437458, "経度": 141.295227, "url": "https://www.iryou.teikyouseido.mhlw.go.jp/znk-web/juminkanja/S2430/initialize?prefCd=04&kikanCd=810748&kikanKbn=3", "url2": null, "内容": "門脇歯科クリニック【3:歯科】宮城県石巻市清水町１丁目１０－１" }, "geometry": { "type": "Point", "coordinates": [ 141.295227, 38.437458 ] } },
{ "type": "Feature", "properties": { "ID": 43810749, "正式名称": "さくらんぼ歯科クリニック", "機関区分": 3, "都道府県コード": 4, "市区町村コード": 202, "所在地": "宮城県石巻市あゆみ野１－７－７", "緯度": 38.43911, "経度": 141.262512, "url": "https://www.iryou.teikyouseido.mhlw.go.jp/znk-web/juminkanja/S2430/initialize?prefCd=04&kikanCd=810749&kikanKbn=3", "url2": null, "内容": "さくらんぼ歯科クリニック【3:歯科】宮城県石巻市あゆみ野１－７－７" }, "geometry": { "type": "Point", "coordinates": [ 141.262512, 38.43911 ] } },
{ "type": "Feature", "properties": { "ID": 43810750, "正式名称": "医療法人　社団　ササキ歯科クリニック", "機関区分": 3, "都道府県コード": 4, "市区町村コード": 202, "所在地": "宮城県石巻市大街道北４丁目６－１８", "緯度": 38.433128, "経度": 141.278641, "url": "https://www.iryou.teikyouseido.mhlw.go.jp/znk-web/juminkanja/S2430/initialize?prefCd=04&kikanCd=810750&kikanKbn=3", "url2": "https://sasaki-dentalclinic.jp", "内容": "医療法人　社団　ササキ歯科クリニック【3:歯科】宮城県石巻市大街道北４丁目６－１８" }, "geometry": { "type": "Point", "coordinates": [ 141.278641, 38.433128 ] } },
{ "type": "Feature", "properties": { "ID": 43810752, "正式名称": "医療法人社団　佐藤歯科医院", "機関区分": 3, "都道府県コード": 4, "市区町村コード": 202, "所在地": "宮城県石巻市東中里２丁目３－３", "緯度": 38.440384, "経度": 141.307755, "url": "https://www.iryou.teikyouseido.mhlw.go.jp/znk-web/juminkanja/S2430/initialize?prefCd=04&kikanCd=810752&kikanKbn=3", "url2": "http://www.satoudental.com/", "内容": "医療法人社団　佐藤歯科医院【3:歯科】宮城県石巻市東中里２丁目３－３" }, "geometry": { "type": "Point", "coordinates": [ 141.307755, 38.440384 ] } },
{ "type": "Feature", "properties": { "ID": 43810754, "正式名称": "医療法人　ｉ＆Ａ会　いしのまきグリーン歯科", "機関区分": 3, "都道府県コード": 4, "市区町村コード": 202, "所在地": "宮城県石巻市南中里３丁目１６－３０", "緯度": 38.440468, "経度": 141.297852, "url": "https://www.iryou.teikyouseido.mhlw.go.jp/znk-web/juminkanja/S2430/initialize?prefCd=04&kikanCd=810754&kikanKbn=3", "url2": "https://www.ishinomakigreen.jp", "内容": "医療法人　ｉ＆Ａ会　いしのまきグリーン歯科【3:歯科】宮城県石巻市南中里３丁目１６－３０" }, "geometry": { "type": "Point", "coordinates": [ 141.297852, 38.440468 ] } },
{ "type": "Feature", "properties": { "ID": 43810755, "正式名称": "鈴木歯科", "機関区分": 3, "都道府県コード": 4, "市区町村コード": 202, "所在地": "宮城県石巻市駅前北通り１丁目１４－２９　ダルセーニョ壱番館２階", "緯度": 38.438332, "経度": 141.307327, "url": "https://www.iryou.teikyouseido.mhlw.go.jp/znk-web/juminkanja/S2430/initialize?prefCd=04&kikanCd=810755&kikanKbn=3", "url2": null, "内容": "鈴木歯科【3:歯科】宮城県石巻市駅前北通り１丁目１４－２９　ダルセーニョ壱番館２階" }, "geometry": { "type": "Point", "coordinates": [ 141.307327, 38.438332 ] } },
{ "type": "Feature", "properties": { "ID": 43810756, "正式名称": "鈴木歯科クリニック", "機関区分": 3, "都道府県コード": 4, "市区町村コード": 202, "所在地": "宮城県石巻市大街道北３丁目３－４５", "緯度": 38.430252, "経度": 141.27858, "url": "https://www.iryou.teikyouseido.mhlw.go.jp/znk-web/juminkanja/S2430/initialize?prefCd=04&kikanCd=810756&kikanKbn=3", "url2": null, "内容": "鈴木歯科クリニック【3:歯科】宮城県石巻市大街道北３丁目３－４５" }, "geometry": { "type": "Point", "coordinates": [ 141.27858, 38.430252 ] } },
{ "type": "Feature", "properties": { "ID": 43810757, "正式名称": "須田第二歯科医院", "機関区分": 3, "都道府県コード": 4, "市区町村コード": 202, "所在地": "宮城県石巻市中央２丁目７－６", "緯度": 38.430477, "経度": 141.307983, "url": "https://www.iryou.teikyouseido.mhlw.go.jp/znk-web/juminkanja/S2430/initialize?prefCd=04&kikanCd=810757&kikanKbn=3", "url2": null, "内容": "須田第二歯科医院【3:歯科】宮城県石巻市中央２丁目７－６" }, "geometry": { "type": "Point", "coordinates": [ 141.307983, 38.430477 ] } },
{ "type": "Feature", "properties": { "ID": 43810760, "正式名称": "髙砂本家歯科医院", "機関区分": 3, "都道府県コード": 4, "市区町村コード": 202, "所在地": "宮城県石巻市三和町７－５", "緯度": 38.418148, "経度": 141.369095, "url": "https://www.iryou.teikyouseido.mhlw.go.jp/znk-web/juminkanja/S2430/initialize?prefCd=04&kikanCd=810760&kikanKbn=3", "url2": null, "内容": "髙砂本家歯科医院【3:歯科】宮城県石巻市三和町７－５" }, "geometry": { "type": "Point", "coordinates": [ 141.369095, 38.418148 ] } },
{ "type": "Feature", "properties": { "ID": 43810762, "正式名称": "たかはし矯正歯科", "機関区分": 3, "都道府県コード": 4, "市区町村コード": 202, "所在地": "宮城県石巻市蛇田字閘門１６－４　たまほてる　１階", "緯度": 38.442135, "経度": 141.28714, "url": "https://www.iryou.teikyouseido.mhlw.go.jp/znk-web/juminkanja/S2430/initialize?prefCd=04&kikanCd=810762&kikanKbn=3", "url2": null, "内容": "たかはし矯正歯科【3:歯科】宮城県石巻市蛇田字閘門１６－４　たまほてる　１階" }, "geometry": { "type": "Point", "coordinates": [ 141.28714, 38.442135 ] } },
{ "type": "Feature", "properties": { "ID": 43810763, "正式名称": "たんの歯科クリニック", "機関区分": 3, "都道府県コード": 4, "市区町村コード": 202, "所在地": "宮城県石巻市三ツ股２丁目１－８", "緯度": 38.427761, "経度": 141.272598, "url": "https://www.iryou.teikyouseido.mhlw.go.jp/znk-web/juminkanja/S2430/initialize?prefCd=04&kikanCd=810763&kikanKbn=3", "url2": null, "内容": "たんの歯科クリニック【3:歯科】宮城県石巻市三ツ股２丁目１－８" }, "geometry": { "type": "Point", "coordinates": [ 141.272598, 38.427761 ] } },
{ "type": "Feature", "properties": { "ID": 43810764, "正式名称": "医療法人　郁風会　ヤモト歯科医院", "機関区分": 3, "都道府県コード": 4, "市区町村コード": 214, "所在地": "宮城県東松島市矢本字新沼２０３－２", "緯度": 38.418137, "経度": 141.214951, "url": "https://www.iryou.teikyouseido.mhlw.go.jp/znk-web/juminkanja/S2430/initialize?prefCd=04&kikanCd=810764&kikanKbn=3", "url2": null, "内容": "医療法人　郁風会　ヤモト歯科医院【3:歯科】宮城県東松島市矢本字新沼２０３－２" }, "geometry": { "type": "Point", "coordinates": [ 141.214951, 38.418137 ] } },
{ "type": "Feature", "properties": { "ID": 43810767, "正式名称": "こんの歯科クリニック", "機関区分": 3, "都道府県コード": 4, "市区町村コード": 202, "所在地": "宮城県石巻市相野谷旧屋敷１６７", "緯度": 38.516228, "経度": 141.31572, "url": "https://www.iryou.teikyouseido.mhlw.go.jp/znk-web/juminkanja/S2430/initialize?prefCd=04&kikanCd=810767&kikanKbn=3", "url2": "http://konno-dc.jimdo.com", "内容": "こんの歯科クリニック【3:歯科】宮城県石巻市相野谷旧屋敷１６７" }, "geometry": { "type": "Point", "coordinates": [ 141.31572, 38.516228 ] } },
{ "type": "Feature", "properties": { "ID": 43810768, "正式名称": "赤間歯科医院", "機関区分": 3, "都道府県コード": 4, "市区町村コード": 214, "所在地": "宮城県東松島市矢本字上河戸７０‐１０", "緯度": 38.425602, "経度": 141.209244, "url": "https://www.iryou.teikyouseido.mhlw.go.jp/znk-web/juminkanja/S2430/initialize?prefCd=04&kikanCd=810768&kikanKbn=3", "url2": "http://www.akama-dc.com/", "内容": "赤間歯科医院【3:歯科】宮城県東松島市矢本字上河戸７０‐１０" }, "geometry": { "type": "Point", "coordinates": [ 141.209244, 38.425602 ] } },
{ "type": "Feature", "properties": { "ID": 43810769, "正式名称": "奥松島歯科クリニック", "機関区分": 3, "都道府県コード": 4, "市区町村コード": 214, "所在地": "宮城県東松島市牛網字新下西９５－１", "緯度": 38.396461, "経度": 141.169983, "url": "https://www.iryou.teikyouseido.mhlw.go.jp/znk-web/juminkanja/S2430/initialize?prefCd=04&kikanCd=810769&kikanKbn=3", "url2": null, "内容": "奥松島歯科クリニック【3:歯科】宮城県東松島市牛網字新下西９５－１" }, "geometry": { "type": "Point", "coordinates": [ 141.169983, 38.396461 ] } },
{ "type": "Feature", "properties": { "ID": 43810770, "正式名称": "かわしま歯科医院", "機関区分": 3, "都道府県コード": 4, "市区町村コード": 214, "所在地": "宮城県東松島市大曲字寺前３６ー４", "緯度": 38.424126, "経度": 141.236313, "url": "https://www.iryou.teikyouseido.mhlw.go.jp/znk-web/juminkanja/S2430/initialize?prefCd=04&kikanCd=810770&kikanKbn=3", "url2": null, "内容": "かわしま歯科医院【3:歯科】宮城県東松島市大曲字寺前３６ー４" }, "geometry": { "type": "Point", "coordinates": [ 141.236313, 38.424126 ] } },
{ "type": "Feature", "properties": { "ID": 43810771, "正式名称": "松尾歯科医院", "機関区分": 3, "都道府県コード": 4, "市区町村コード": 202, "所在地": "宮城県石巻市清水町２丁目１１－１", "緯度": 38.440205, "経度": 141.293106, "url": "https://www.iryou.teikyouseido.mhlw.go.jp/znk-web/juminkanja/S2430/initialize?prefCd=04&kikanCd=810771&kikanKbn=3", "url2": null, "内容": "松尾歯科医院【3:歯科】宮城県石巻市清水町２丁目１１－１" }, "geometry": { "type": "Point", "coordinates": [ 141.293106, 38.440205 ] } },
{ "type": "Feature", "properties": { "ID": 43810774, "正式名称": "医療法人社団青葉会　かさはら歯科医院", "機関区分": 3, "都道府県コード": 4, "市区町村コード": 102, "所在地": "宮城県仙台市宮城野区新田１丁目１９－５４", "緯度": 38.274639, "経度": 140.920013, "url": "https://www.iryou.teikyouseido.mhlw.go.jp/znk-web/juminkanja/S2430/initialize?prefCd=04&kikanCd=810774&kikanKbn=3", "url2": "https://aobakai.com/", "内容": "医療法人社団青葉会　かさはら歯科医院【3:歯科】宮城県仙台市宮城野区新田１丁目１９－５４" }, "geometry": { "type": "Point", "coordinates": [ 140.920013, 38.274639 ] } },
{ "type": "Feature", "properties": { "ID": 43810776, "正式名称": "あやこ歯科クリニック", "機関区分": 3, "都道府県コード": 4, "市区町村コード": 102, "所在地": "宮城県仙台市宮城野区岩切字今市東２９５－２", "緯度": 38.296139, "経度": 140.938889, "url": "https://www.iryou.teikyouseido.mhlw.go.jp/znk-web/juminkanja/S2430/initialize?prefCd=04&kikanCd=810776&kikanKbn=3", "url2": "http://www.ayakoshika.com", "内容": "あやこ歯科クリニック【3:歯科】宮城県仙台市宮城野区岩切字今市東２９５－２" }, "geometry": { "type": "Point", "coordinates": [ 140.938889, 38.296139 ] } },
{ "type": "Feature", "properties": { "ID": 43810777, "正式名称": "こもれび歯科医院", "機関区分": 3, "都道府県コード": 4, "市区町村コード": 103, "所在地": "宮城県仙台市若林区新寺２‐１‐１‐２階", "緯度": 38.256401, "経度": 140.885986, "url": "https://www.iryou.teikyouseido.mhlw.go.jp/znk-web/juminkanja/S2430/initialize?prefCd=04&kikanCd=810777&kikanKbn=3", "url2": null, "内容": "こもれび歯科医院【3:歯科】宮城県仙台市若林区新寺２‐１‐１‐２階" }, "geometry": { "type": "Point", "coordinates": [ 140.885986, 38.256401 ] } },
{ "type": "Feature", "properties": { "ID": 43810779, "正式名称": "医療法人社団　飛翔会　Ａｖｅｎｕｅ　Ｄｅｎｔａｌ　Ｃｌｉｎｉｃ", "機関区分": 3, "都道府県コード": 4, "市区町村コード": 102, "所在地": "宮城県仙台市宮城野区榴岡１丁目２－１０　エンドウビル６Ｆ", "緯度": 38.259495, "経度": 140.885788, "url": "https://www.iryou.teikyouseido.mhlw.go.jp/znk-web/juminkanja/S2430/initialize?prefCd=04&kikanCd=810779&kikanKbn=3", "url2": "http://www.avenue-dental.jp/", "内容": "医療法人社団　飛翔会　Ａｖｅｎｕｅ　Ｄｅｎｔａｌ　Ｃｌｉｎｉｃ【3:歯科】宮城県仙台市宮城野区榴岡１丁目２－１０　エンドウビル６Ｆ" }, "geometry": { "type": "Point", "coordinates": [ 140.885788, 38.259495 ] } },
{ "type": "Feature", "properties": { "ID": 43810780, "正式名称": "医療法人征輪会　バセロンデンタルオフィス", "機関区分": 3, "都道府県コード": 4, "市区町村コード": 101, "所在地": "宮城県仙台市青葉区国分町３丁目１－１１　定禅寺通スクエアビル３Ｆ", "緯度": 38.266289, "経度": 140.869522, "url": "https://www.iryou.teikyouseido.mhlw.go.jp/znk-web/juminkanja/S2430/initialize?prefCd=04&kikanCd=810780&kikanKbn=3", "url2": null, "内容": "医療法人征輪会　バセロンデンタルオフィス【3:歯科】宮城県仙台市青葉区国分町３丁目１－１１　定禅寺通スクエアビル３Ｆ" }, "geometry": { "type": "Point", "coordinates": [ 140.869522, 38.266289 ] } },
{ "type": "Feature", "properties": { "ID": 43810781, "正式名称": "医療法人　クリエイティングスマイルズ　五橋デンタルクリニック", "機関区分": 3, "都道府県コード": 4, "市区町村コード": 101, "所在地": "宮城県仙台市青葉区五橋２丁目１１－１ショーケー本館ビル１階", "緯度": 38.249943, "経度": 140.880341, "url": "https://www.iryou.teikyouseido.mhlw.go.jp/znk-web/juminkanja/S2430/initialize?prefCd=04&kikanCd=810781&kikanKbn=3", "url2": "http://itsutsubashi-dental.com", "内容": "医療法人　クリエイティングスマイルズ　五橋デンタルクリニック【3:歯科】宮城県仙台市青葉区五橋２丁目１１－１ショーケー本館ビル１階" }, "geometry": { "type": "Point", "coordinates": [ 140.880341, 38.249943 ] } },
{ "type": "Feature", "properties": { "ID": 43810782, "正式名称": "伊藤矯正歯科クリニック", "機関区分": 3, "都道府県コード": 4, "市区町村コード": 101, "所在地": "宮城県仙台市青葉区上杉１丁目７－２５", "緯度": 38.271294, "経度": 140.870682, "url": "https://www.iryou.teikyouseido.mhlw.go.jp/znk-web/juminkanja/S2430/initialize?prefCd=04&kikanCd=810782&kikanKbn=3", "url2": null, "内容": "伊藤矯正歯科クリニック【3:歯科】宮城県仙台市青葉区上杉１丁目７－２５" }, "geometry": { "type": "Point", "coordinates": [ 140.870682, 38.271294 ] } },
{ "type": "Feature", "properties": { "ID": 43810783, "正式名称": "医療法人　緑友会　猪苗代歯科", "機関区分": 3, "都道府県コード": 4, "市区町村コード": 101, "所在地": "宮城県仙台市青葉区一番町３丁目３－１　Ｋｕｒａｘビル６Ｆ", "緯度": 38.259937, "経度": 140.871902, "url": "https://www.iryou.teikyouseido.mhlw.go.jp/znk-web/juminkanja/S2430/initialize?prefCd=04&kikanCd=810783&kikanKbn=3", "url2": null, "内容": "医療法人　緑友会　猪苗代歯科【3:歯科】宮城県仙台市青葉区一番町３丁目３－１　Ｋｕｒａｘビル６Ｆ" }, "geometry": { "type": "Point", "coordinates": [ 140.871902, 38.259937 ] } },
{ "type": "Feature", "properties": { "ID": 43810785, "正式名称": "医療法人　仙愛会　高橋歯科医院", "機関区分": 3, "都道府県コード": 4, "市区町村コード": 101, "所在地": "宮城県仙台市青葉区中央３丁目１－１３", "緯度": 38.260136, "経度": 140.878372, "url": "https://www.iryou.teikyouseido.mhlw.go.jp/znk-web/juminkanja/S2430/initialize?prefCd=04&kikanCd=810785&kikanKbn=3", "url2": "http://www.takahashi-dental-kyousei.com/", "内容": "医療法人　仙愛会　高橋歯科医院【3:歯科】宮城県仙台市青葉区中央３丁目１－１３" }, "geometry": { "type": "Point", "coordinates": [ 140.878372, 38.260136 ] } },
{ "type": "Feature", "properties": { "ID": 43810787, "正式名称": "牛渡歯科医院", "機関区分": 3, "都道府県コード": 4, "市区町村コード": 101, "所在地": "宮城県仙台市青葉区中央４丁目７－２５　ライオンズマンション中央２Ｆ", "緯度": 38.257023, "経度": 140.878906, "url": "https://www.iryou.teikyouseido.mhlw.go.jp/znk-web/juminkanja/S2430/initialize?prefCd=04&kikanCd=810787&kikanKbn=3", "url2": "http://ushiwata-shika.cihp2.jp", "内容": "牛渡歯科医院【3:歯科】宮城県仙台市青葉区中央４丁目７－２５　ライオンズマンション中央２Ｆ" }, "geometry": { "type": "Point", "coordinates": [ 140.878906, 38.257023 ] } },
{ "type": "Feature", "properties": { "ID": 43810788, "正式名称": "梅津歯科医院", "機関区分": 3, "都道府県コード": 4, "市区町村コード": 101, "所在地": "宮城県仙台市青葉区中山４丁目２０－１２", "緯度": 38.292149, "経度": 140.837448, "url": "https://www.iryou.teikyouseido.mhlw.go.jp/znk-web/juminkanja/S2430/initialize?prefCd=04&kikanCd=810788&kikanKbn=3", "url2": null, "内容": "梅津歯科医院【3:歯科】宮城県仙台市青葉区中山４丁目２０－１２" }, "geometry": { "type": "Point", "coordinates": [ 140.837448, 38.292149 ] } },
{ "type": "Feature", "properties": { "ID": 43810789, "正式名称": "英士デンタルクリニック", "機関区分": 3, "都道府県コード": 4, "市区町村コード": 101, "所在地": "宮城県仙台市青葉区旭ヶ丘１丁目４２－４５　１０１", "緯度": 38.289337, "経度": 140.880432, "url": "https://www.iryou.teikyouseido.mhlw.go.jp/znk-web/juminkanja/S2430/initialize?prefCd=04&kikanCd=810789&kikanKbn=3", "url2": null, "内容": "英士デンタルクリニック【3:歯科】宮城県仙台市青葉区旭ヶ丘１丁目４２－４５　１０１" }, "geometry": { "type": "Point", "coordinates": [ 140.880432, 38.289337 ] } },
{ "type": "Feature", "properties": { "ID": 43810790, "正式名称": "枝松歯科クリニック", "機関区分": 3, "都道府県コード": 4, "市区町村コード": 101, "所在地": "宮城県仙台市青葉区北目町３－５　一楽グランドハイツ２Ｆ", "緯度": 38.255283, "経度": 140.875183, "url": "https://www.iryou.teikyouseido.mhlw.go.jp/znk-web/juminkanja/S2430/initialize?prefCd=04&kikanCd=810790&kikanKbn=3", "url2": null, "内容": "枝松歯科クリニック【3:歯科】宮城県仙台市青葉区北目町３－５　一楽グランドハイツ２Ｆ" }, "geometry": { "type": "Point", "coordinates": [ 140.875183, 38.255283 ] } },
{ "type": "Feature", "properties": { "ID": 43810792, "正式名称": "ラージデンタルクリニック", "機関区分": 3, "都道府県コード": 4, "市区町村コード": 101, "所在地": "宮城県仙台市青葉区大町", "緯度": 38.260067, "経度": 140.868622, "url": "https://www.iryou.teikyouseido.mhlw.go.jp/znk-web/juminkanja/S2430/initialize?prefCd=04&kikanCd=810792&kikanKbn=3", "url2": "https://www.large-dental.com", "内容": "ラージデンタルクリニック【3:歯科】宮城県仙台市青葉区大町" }, "geometry": { "type": "Point", "coordinates": [ 140.868622, 38.260067 ] } },
{ "type": "Feature", "properties": { "ID": 43810793, "正式名称": "医療法人　経悠会　青葉ＭＫ歯科", "機関区分": 3, "都道府県コード": 4, "市区町村コード": 101, "所在地": "宮城県仙台市青葉区小田原５ー３－４２", "緯度": 38.269321, "経度": 140.886276, "url": "https://www.iryou.teikyouseido.mhlw.go.jp/znk-web/juminkanja/S2430/initialize?prefCd=04&kikanCd=810793&kikanKbn=3", "url2": "http://www.elmdc.jp", "内容": "医療法人　経悠会　青葉ＭＫ歯科【3:歯科】宮城県仙台市青葉区小田原５ー３－４２" }, "geometry": { "type": "Point", "coordinates": [ 140.886276, 38.269321 ] } },
{ "type": "Feature", "properties": { "ID": 43810794, "正式名称": "医療法人宏仁会大内歯科医院", "機関区分": 3, "都道府県コード": 4, "市区町村コード": 101, "所在地": "宮城県仙台市青葉区八幡３丁目４－５", "緯度": 38.269295, "経度": 140.844284, "url": "https://www.iryou.teikyouseido.mhlw.go.jp/znk-web/juminkanja/S2430/initialize?prefCd=04&kikanCd=810794&kikanKbn=3", "url2": null, "内容": "医療法人宏仁会大内歯科医院【3:歯科】宮城県仙台市青葉区八幡３丁目４－５" }, "geometry": { "type": "Point", "coordinates": [ 140.844284, 38.269295 ] } },
{ "type": "Feature", "properties": { "ID": 43810795, "正式名称": "おおうち歯科クリニック", "機関区分": 3, "都道府県コード": 4, "市区町村コード": 101, "所在地": "宮城県仙台市青葉区栗生７－１１－１", "緯度": 38.268986, "経度": 140.777328, "url": "https://www.iryou.teikyouseido.mhlw.go.jp/znk-web/juminkanja/S2430/initialize?prefCd=04&kikanCd=810795&kikanKbn=3", "url2": null, "内容": "おおうち歯科クリニック【3:歯科】宮城県仙台市青葉区栗生７－１１－１" }, "geometry": { "type": "Point", "coordinates": [ 140.777328, 38.268986 ] } },
{ "type": "Feature", "properties": { "ID": 43810796, "正式名称": "旭ヶ丘歯科クリニック", "機関区分": 3, "都道府県コード": 4, "市区町村コード": 101, "所在地": "宮城県仙台市青葉区旭ケ丘３−３４−６", "緯度": 38.294903, "経度": 140.884796, "url": "https://www.iryou.teikyouseido.mhlw.go.jp/znk-web/juminkanja/S2430/initialize?prefCd=04&kikanCd=810796&kikanKbn=3", "url2": "https://www.a-dc.jp", "内容": "旭ヶ丘歯科クリニック【3:歯科】宮城県仙台市青葉区旭ケ丘３−３４−６" }, "geometry": { "type": "Point", "coordinates": [ 140.884796, 38.294903 ] } },
{ "type": "Feature", "properties": { "ID": 43810803, "正式名称": "コスモス歯科クリニック", "機関区分": 3, "都道府県コード": 4, "市区町村コード": 102, "所在地": "宮城県仙台市宮城野区東仙台１丁目７－２８", "緯度": 38.277306, "経度": 140.921066, "url": "https://www.iryou.teikyouseido.mhlw.go.jp/znk-web/juminkanja/S2430/initialize?prefCd=04&kikanCd=810803&kikanKbn=3", "url2": null, "内容": "コスモス歯科クリニック【3:歯科】宮城県仙台市宮城野区東仙台１丁目７－２８" }, "geometry": { "type": "Point", "coordinates": [ 140.921066, 38.277306 ] } },
{ "type": "Feature", "properties": { "ID": 43810805, "正式名称": "光倫歯科医院", "機関区分": 3, "都道府県コード": 4, "市区町村コード": 102, "所在地": "宮城県仙台市宮城野区宮城野２丁目１０－３０", "緯度": 38.261719, "経度": 140.910461, "url": "https://www.iryou.teikyouseido.mhlw.go.jp/znk-web/juminkanja/S2430/initialize?prefCd=04&kikanCd=810805&kikanKbn=3", "url2": "http://www.kourin-d.jp", "内容": "光倫歯科医院【3:歯科】宮城県仙台市宮城野区宮城野２丁目１０－３０" }, "geometry": { "type": "Point", "coordinates": [ 140.910461, 38.261719 ] } },
{ "type": "Feature", "properties": { "ID": 43810806, "正式名称": "五輪歯科医院", "機関区分": 3, "都道府県コード": 4, "市区町村コード": 102, "所在地": "宮城県仙台市宮城野区五輪２丁目１０－７　ハイブリッジマンション１Ｆ", "緯度": 38.26561, "経度": 140.907471, "url": "https://www.iryou.teikyouseido.mhlw.go.jp/znk-web/juminkanja/S2430/initialize?prefCd=04&kikanCd=810806&kikanKbn=3", "url2": "http://www.gorin-shika.com", "内容": "五輪歯科医院【3:歯科】宮城県仙台市宮城野区五輪２丁目１０－７　ハイブリッジマンション１Ｆ" }, "geometry": { "type": "Point", "coordinates": [ 140.907471, 38.26561 ] } },
{ "type": "Feature", "properties": { "ID": 43810807, "正式名称": "斎藤歯科医院", "機関区分": 3, "都道府県コード": 4, "市区町村コード": 102, "所在地": "宮城県仙台市宮城野区岩切字今市６７", "緯度": 38.302071, "経度": 140.941315, "url": "https://www.iryou.teikyouseido.mhlw.go.jp/znk-web/juminkanja/S2430/initialize?prefCd=04&kikanCd=810807&kikanKbn=3", "url2": "http://m-saito-dental.com/", "内容": "斎藤歯科医院【3:歯科】宮城県仙台市宮城野区岩切字今市６７" }, "geometry": { "type": "Point", "coordinates": [ 140.941315, 38.302071 ] } },
{ "type": "Feature", "properties": { "ID": 43810808, "正式名称": "さくらい歯科医院", "機関区分": 3, "都道府県コード": 4, "市区町村コード": 102, "所在地": "宮城県仙台市宮城野区鶴ケ谷東４丁目７－２", "緯度": 38.293777, "経度": 140.92308, "url": "https://www.iryou.teikyouseido.mhlw.go.jp/znk-web/juminkanja/S2430/initialize?prefCd=04&kikanCd=810808&kikanKbn=3", "url2": "http://www.sakuraishikaiin.jp", "内容": "さくらい歯科医院【3:歯科】宮城県仙台市宮城野区鶴ケ谷東４丁目７－２" }, "geometry": { "type": "Point", "coordinates": [ 140.92308, 38.293777 ] } },
{ "type": "Feature", "properties": { "ID": 43810810, "正式名称": "佐々木歯科医院", "機関区分": 3, "都道府県コード": 4, "市区町村コード": 102, "所在地": "宮城県仙台市宮城野区鶴ケ谷三丁目八－一", "緯度": 38.288902, "経度": 140.908936, "url": "https://www.iryou.teikyouseido.mhlw.go.jp/znk-web/juminkanja/S2430/initialize?prefCd=04&kikanCd=810810&kikanKbn=3", "url2": null, "内容": "佐々木歯科医院【3:歯科】宮城県仙台市宮城野区鶴ケ谷三丁目八－一" }, "geometry": { "type": "Point", "coordinates": [ 140.908936, 38.288902 ] } },
{ "type": "Feature", "properties": { "ID": 43810816, "正式名称": "新田東歯科クリニック", "機関区分": 3, "都道府県コード": 4, "市区町村コード": 102, "所在地": "宮城県仙台市宮城野区新田東３丁目１－５", "緯度": 38.276399, "経度": 140.936929, "url": "https://www.iryou.teikyouseido.mhlw.go.jp/znk-web/juminkanja/S2430/initialize?prefCd=04&kikanCd=810816&kikanKbn=3", "url2": null, "内容": "新田東歯科クリニック【3:歯科】宮城県仙台市宮城野区新田東３丁目１－５" }, "geometry": { "type": "Point", "coordinates": [ 140.936929, 38.276399 ] } },
{ "type": "Feature", "properties": { "ID": 43810818, "正式名称": "スガワラ歯科クリニック", "機関区分": 3, "都道府県コード": 4, "市区町村コード": 102, "所在地": "宮城県仙台市宮城野区高砂１－３０７－３", "緯度": 38.273636, "経度": 140.971054, "url": "https://www.iryou.teikyouseido.mhlw.go.jp/znk-web/juminkanja/S2430/initialize?prefCd=04&kikanCd=810818&kikanKbn=3", "url2": "http://www.sdc01.com/", "内容": "スガワラ歯科クリニック【3:歯科】宮城県仙台市宮城野区高砂１－３０７－３" }, "geometry": { "type": "Point", "coordinates": [ 140.971054, 38.273636 ] } },
{ "type": "Feature", "properties": { "ID": 43810819, "正式名称": "杉山歯科クリニック", "機関区分": 3, "都道府県コード": 4, "市区町村コード": 102, "所在地": "宮城県仙台市宮城野区岩切字洞ノ口２２９－１", "緯度": 38.304348, "経度": 140.951614, "url": "https://www.iryou.teikyouseido.mhlw.go.jp/znk-web/juminkanja/S2430/initialize?prefCd=04&kikanCd=810819&kikanKbn=3", "url2": null, "内容": "杉山歯科クリニック【3:歯科】宮城県仙台市宮城野区岩切字洞ノ口２２９－１" }, "geometry": { "type": "Point", "coordinates": [ 140.951614, 38.304348 ] } },
{ "type": "Feature", "properties": { "ID": 43810821, "正式名称": "仙台第一歯科医院", "機関区分": 3, "都道府県コード": 4, "市区町村コード": 102, "所在地": "宮城県仙台市宮城野区萩野町２丁目５－４　１０２", "緯度": 38.255329, "経度": 140.913635, "url": "https://www.iryou.teikyouseido.mhlw.go.jp/znk-web/juminkanja/S2430/initialize?prefCd=04&kikanCd=810821&kikanKbn=3", "url2": "http://www.myclinic.ne.jp/sendaifirstd/", "内容": "仙台第一歯科医院【3:歯科】宮城県仙台市宮城野区萩野町２丁目５－４　１０２" }, "geometry": { "type": "Point", "coordinates": [ 140.913635, 38.255329 ] } },
{ "type": "Feature", "properties": { "ID": 43810822, "正式名称": "仙台中央歯科医院", "機関区分": 3, "都道府県コード": 4, "市区町村コード": 102, "所在地": "宮城県仙台市宮城野区榴岡１丁目７－１５サニービル２Ｆ", "緯度": 38.257526, "経度": 140.885147, "url": "https://www.iryou.teikyouseido.mhlw.go.jp/znk-web/juminkanja/S2430/initialize?prefCd=04&kikanCd=810822&kikanKbn=3", "url2": "http://sendai-cdc.com", "内容": "仙台中央歯科医院【3:歯科】宮城県仙台市宮城野区榴岡１丁目７－１５サニービル２Ｆ" }, "geometry": { "type": "Point", "coordinates": [ 140.885147, 38.257526 ] } },
{ "type": "Feature", "properties": { "ID": 43810824, "正式名称": "たかはし歯科", "機関区分": 3, "都道府県コード": 4, "市区町村コード": 102, "所在地": "宮城県仙台市宮城野区福室５丁目１－１２", "緯度": 38.27914, "経度": 140.969757, "url": "https://www.iryou.teikyouseido.mhlw.go.jp/znk-web/juminkanja/S2430/initialize?prefCd=04&kikanCd=810824&kikanKbn=3", "url2": "http://tkhs-shika8241.cihp.jp/", "内容": "たかはし歯科【3:歯科】宮城県仙台市宮城野区福室５丁目１－１２" }, "geometry": { "type": "Point", "coordinates": [ 140.969757, 38.27914 ] } },
{ "type": "Feature", "properties": { "ID": 43810826, "正式名称": "田子歯科医院", "機関区分": 3, "都道府県コード": 4, "市区町村コード": 102, "所在地": "宮城県仙台市宮城野区田子３丁目３－７", "緯度": 38.281567, "経度": 140.962936, "url": "https://www.iryou.teikyouseido.mhlw.go.jp/znk-web/juminkanja/S2430/initialize?prefCd=04&kikanCd=810826&kikanKbn=3", "url2": null, "内容": "田子歯科医院【3:歯科】宮城県仙台市宮城野区田子３丁目３－７" }, "geometry": { "type": "Point", "coordinates": [ 140.962936, 38.281567 ] } },
{ "type": "Feature", "properties": { "ID": 43810827, "正式名称": "田村隆歯科医院", "機関区分": 3, "都道府県コード": 4, "市区町村コード": 102, "所在地": "宮城県仙台市宮城野区田子２−４２−１４　伊藤ビル１Ｆ", "緯度": 38.282749, "経度": 140.957077, "url": "https://www.iryou.teikyouseido.mhlw.go.jp/znk-web/juminkanja/S2430/initialize?prefCd=04&kikanCd=810827&kikanKbn=3", "url2": null, "内容": "田村隆歯科医院【3:歯科】宮城県仙台市宮城野区田子２−４２−１４　伊藤ビル１Ｆ" }, "geometry": { "type": "Point", "coordinates": [ 140.957077, 38.282749 ] } },
{ "type": "Feature", "properties": { "ID": 43810828, "正式名称": "太郎丸歯科医院", "機関区分": 3, "都道府県コード": 4, "市区町村コード": 102, "所在地": "宮城県仙台市宮城野区名掛丁２０３ー２", "緯度": 38.262085, "経度": 140.883514, "url": "https://www.iryou.teikyouseido.mhlw.go.jp/znk-web/juminkanja/S2430/initialize?prefCd=04&kikanCd=810828&kikanKbn=3", "url2": "https://www.taroumaru.com", "内容": "太郎丸歯科医院【3:歯科】宮城県仙台市宮城野区名掛丁２０３ー２" }, "geometry": { "type": "Point", "coordinates": [ 140.883514, 38.262085 ] } },
{ "type": "Feature", "properties": { "ID": 43810830, "正式名称": "千葉歯科医院", "機関区分": 3, "都道府県コード": 4, "市区町村コード": 102, "所在地": "宮城県仙台市宮城野区原町３丁目７－２", "緯度": 38.267212, "経度": 140.910553, "url": "https://www.iryou.teikyouseido.mhlw.go.jp/znk-web/juminkanja/S2430/initialize?prefCd=04&kikanCd=810830&kikanKbn=3", "url2": null, "内容": "千葉歯科医院【3:歯科】宮城県仙台市宮城野区原町３丁目７－２" }, "geometry": { "type": "Point", "coordinates": [ 140.910553, 38.267212 ] } },
{ "type": "Feature", "properties": { "ID": 43810831, "正式名称": "つつじがおか歯科・矯正歯科", "機関区分": 3, "都道府県コード": 4, "市区町村コード": 102, "所在地": "宮城県仙台市宮城野区榴岡３丁目１１－１３", "緯度": 38.260571, "経度": 140.891388, "url": "https://www.iryou.teikyouseido.mhlw.go.jp/znk-web/juminkanja/S2430/initialize?prefCd=04&kikanCd=810831&kikanKbn=3", "url2": "http://www.tsutsujigaoka-dent.com/", "内容": "つつじがおか歯科・矯正歯科【3:歯科】宮城県仙台市宮城野区榴岡３丁目１１－１３" }, "geometry": { "type": "Point", "coordinates": [ 140.891388, 38.260571 ] } },
{ "type": "Feature", "properties": { "ID": 43810832, "正式名称": "歯科ナチュール", "機関区分": 3, "都道府県コード": 4, "市区町村コード": 102, "所在地": "宮城県仙台市宮城野区宮城野１丁目１－２　２Ｆ", "緯度": 38.258511, "経度": 140.894958, "url": "https://www.iryou.teikyouseido.mhlw.go.jp/znk-web/juminkanja/S2430/initialize?prefCd=04&kikanCd=810832&kikanKbn=3", "url2": null, "内容": "歯科ナチュール【3:歯科】宮城県仙台市宮城野区宮城野１丁目１－２　２Ｆ" }, "geometry": { "type": "Point", "coordinates": [ 140.894958, 38.258511 ] } },
{ "type": "Feature", "properties": { "ID": 43810833, "正式名称": "鶴ケ谷歯科医院", "機関区分": 3, "都道府県コード": 4, "市区町村コード": 102, "所在地": "宮城県仙台市宮城野区燕沢２丁目１７－３７", "緯度": 38.284241, "経度": 140.915085, "url": "https://www.iryou.teikyouseido.mhlw.go.jp/znk-web/juminkanja/S2430/initialize?prefCd=04&kikanCd=810833&kikanKbn=3", "url2": "http://www.turugaya.com", "内容": "鶴ケ谷歯科医院【3:歯科】宮城県仙台市宮城野区燕沢２丁目１７－３７" }, "geometry": { "type": "Point", "coordinates": [ 140.915085, 38.284241 ] } },
{ "type": "Feature", "properties": { "ID": 43810835, "正式名称": "にがたけホワイト歯科", "機関区分": 3, "都道府県コード": 4, "市区町村コード": 102, "所在地": "宮城県仙台市宮城野区苦竹１丁目４－４５", "緯度": 38.268307, "経度": 140.916687, "url": "https://www.iryou.teikyouseido.mhlw.go.jp/znk-web/juminkanja/S2430/initialize?prefCd=04&kikanCd=810835&kikanKbn=3", "url2": "https://www.nigatake-white.com", "内容": "にがたけホワイト歯科【3:歯科】宮城県仙台市宮城野区苦竹１丁目４－４５" }, "geometry": { "type": "Point", "coordinates": [ 140.916687, 38.268307 ] } },
{ "type": "Feature", "properties": { "ID": 43810836, "正式名称": "ぽぷら歯科クリニック", "機関区分": 3, "都道府県コード": 4, "市区町村コード": 102, "所在地": "宮城県仙台市宮城野区燕沢東１丁目６－１９", "緯度": 38.288513, "経度": 140.934753, "url": "https://www.iryou.teikyouseido.mhlw.go.jp/znk-web/juminkanja/S2430/initialize?prefCd=04&kikanCd=810836&kikanKbn=3", "url2": "https://www.popurashika.com", "内容": "ぽぷら歯科クリニック【3:歯科】宮城県仙台市宮城野区燕沢東１丁目６－１９" }, "geometry": { "type": "Point", "coordinates": [ 140.934753, 38.288513 ] } },
{ "type": "Feature", "properties": { "ID": 43810837, "正式名称": "まさこ歯科クリニック", "機関区分": 3, "都道府県コード": 4, "市区町村コード": 102, "所在地": "宮城県仙台市宮城野区新田東１丁目１０－１　１０１", "緯度": 38.278027, "経度": 140.934326, "url": "https://www.iryou.teikyouseido.mhlw.go.jp/znk-web/juminkanja/S2430/initialize?prefCd=04&kikanCd=810837&kikanKbn=3", "url2": "http://www.masakoshika.com/", "内容": "まさこ歯科クリニック【3:歯科】宮城県仙台市宮城野区新田東１丁目１０－１　１０１" }, "geometry": { "type": "Point", "coordinates": [ 140.934326, 38.278027 ] } },
{ "type": "Feature", "properties": { "ID": 43810840, "正式名称": "医療法人　宮城野歯科医院", "機関区分": 3, "都道府県コード": 4, "市区町村コード": 102, "所在地": "宮城県仙台市宮城野区銀杏町１８－１０", "緯度": 38.26532, "経度": 140.912491, "url": "https://www.iryou.teikyouseido.mhlw.go.jp/znk-web/juminkanja/S2430/initialize?prefCd=04&kikanCd=810840&kikanKbn=3", "url2": "http://www.miyagino-dc.net", "内容": "医療法人　宮城野歯科医院【3:歯科】宮城県仙台市宮城野区銀杏町１８－１０" }, "geometry": { "type": "Point", "coordinates": [ 140.912491, 38.26532 ] } },
{ "type": "Feature", "properties": { "ID": 43810841, "正式名称": "村上歯科医院", "機関区分": 3, "都道府県コード": 4, "市区町村コード": 102, "所在地": "宮城県仙台市宮城野区栄２丁目２３－８", "緯度": 38.281937, "経度": 140.980637, "url": "https://www.iryou.teikyouseido.mhlw.go.jp/znk-web/juminkanja/S2430/initialize?prefCd=04&kikanCd=810841&kikanKbn=3", "url2": "http://mura-shika.net", "内容": "村上歯科医院【3:歯科】宮城県仙台市宮城野区栄２丁目２３－８" }, "geometry": { "type": "Point", "coordinates": [ 140.980637, 38.281937 ] } },
{ "type": "Feature", "properties": { "ID": 43810843, "正式名称": "もりや歯科", "機関区分": 3, "都道府県コード": 4, "市区町村コード": 102, "所在地": "宮城県仙台市宮城野区鶴ケ谷２丁目８－７", "緯度": 38.290997, "経度": 140.913544, "url": "https://www.iryou.teikyouseido.mhlw.go.jp/znk-web/juminkanja/S2430/initialize?prefCd=04&kikanCd=810843&kikanKbn=3", "url2": null, "内容": "もりや歯科【3:歯科】宮城県仙台市宮城野区鶴ケ谷２丁目８－７" }, "geometry": { "type": "Point", "coordinates": [ 140.913544, 38.290997 ] } },
{ "type": "Feature", "properties": { "ID": 43810847, "正式名称": "医療法人社団藤", "機関区分": 3, "都道府県コード": 4, "市区町村コード": 445, "所在地": "宮城県加美郡加美町字西田二番７－１", "緯度": 38.574066, "経度": 140.853714, "url": "https://www.iryou.teikyouseido.mhlw.go.jp/znk-web/juminkanja/S2430/initialize?prefCd=04&kikanCd=810847&kikanKbn=3", "url2": null, "内容": "医療法人社団藤【3:歯科】宮城県加美郡加美町字西田二番７－１" }, "geometry": { "type": "Point", "coordinates": [ 140.853714, 38.574066 ] } },
{ "type": "Feature", "properties": { "ID": 43810848, "正式名称": "かんとう歯科クリニック", "機関区分": 3, "都道府県コード": 4, "市区町村コード": 445, "所在地": "宮城県加美郡加美町南町１１１－３", "緯度": 38.570633, "経度": 140.856705, "url": "https://www.iryou.teikyouseido.mhlw.go.jp/znk-web/juminkanja/S2430/initialize?prefCd=04&kikanCd=810848&kikanKbn=3", "url2": "http://blog.livedoor.jp/kantou_dc/", "内容": "かんとう歯科クリニック【3:歯科】宮城県加美郡加美町南町１１１－３" }, "geometry": { "type": "Point", "coordinates": [ 140.856705, 38.570633 ] } },
{ "type": "Feature", "properties": { "ID": 43810849, "正式名称": "秋元歯科医院", "機関区分": 3, "都道府県コード": 4, "市区町村コード": 445, "所在地": "宮城県加美郡加美町字町屋敷二番２７－２", "緯度": 38.575684, "経度": 140.77887, "url": "https://www.iryou.teikyouseido.mhlw.go.jp/znk-web/juminkanja/S2430/initialize?prefCd=04&kikanCd=810849&kikanKbn=3", "url2": null, "内容": "秋元歯科医院【3:歯科】宮城県加美郡加美町字町屋敷二番２７－２" }, "geometry": { "type": "Point", "coordinates": [ 140.77887, 38.575684 ] } },
{ "type": "Feature", "properties": { "ID": 43810851, "正式名称": "おがわ歯科", "機関区分": 3, "都道府県コード": 4, "市区町村コード": 445, "所在地": "宮城県加美郡加美町下野目", "緯度": 38.577427, "経度": 140.826614, "url": "https://www.iryou.teikyouseido.mhlw.go.jp/znk-web/juminkanja/S2430/initialize?prefCd=04&kikanCd=810851&kikanKbn=3", "url2": null, "内容": "おがわ歯科【3:歯科】宮城県加美郡加美町下野目" }, "geometry": { "type": "Point", "coordinates": [ 140.826614, 38.577427 ] } },
{ "type": "Feature", "properties": { "ID": 43810853, "正式名称": "みちのく歯科診療所", "機関区分": 3, "都道府県コード": 4, "市区町村コード": 445, "所在地": "宮城県加美郡加美町宮崎字屋敷５番２１－３", "緯度": 38.611633, "経度": 140.755753, "url": "https://www.iryou.teikyouseido.mhlw.go.jp/znk-web/juminkanja/S2430/initialize?prefCd=04&kikanCd=810853&kikanKbn=3", "url2": null, "内容": "みちのく歯科診療所【3:歯科】宮城県加美郡加美町宮崎字屋敷５番２１－３" }, "geometry": { "type": "Point", "coordinates": [ 140.755753, 38.611633 ] } },
{ "type": "Feature", "properties": { "ID": 43810854, "正式名称": "つばさ歯科医院", "機関区分": 3, "都道府県コード": 4, "市区町村コード": 445, "所在地": "宮城県加美郡加美町字一本杉３３２－３", "緯度": 38.566383, "経度": 140.864746, "url": "https://www.iryou.teikyouseido.mhlw.go.jp/znk-web/juminkanja/S2430/initialize?prefCd=04&kikanCd=810854&kikanKbn=3", "url2": null, "内容": "つばさ歯科医院【3:歯科】宮城県加美郡加美町字一本杉３３２－３" }, "geometry": { "type": "Point", "coordinates": [ 140.864746, 38.566383 ] } },
{ "type": "Feature", "properties": { "ID": 43810855, "正式名称": "野田歯科医院", "機関区分": 3, "都道府県コード": 4, "市区町村コード": 505, "所在地": "宮城県遠田郡美里町大柳字明神１－８", "緯度": 38.49979, "経度": 141.121384, "url": "https://www.iryou.teikyouseido.mhlw.go.jp/znk-web/juminkanja/S2430/initialize?prefCd=04&kikanCd=810855&kikanKbn=3", "url2": null, "内容": "野田歯科医院【3:歯科】宮城県遠田郡美里町大柳字明神１－８" }, "geometry": { "type": "Point", "coordinates": [ 141.121384, 38.49979 ] } },
{ "type": "Feature", "properties": { "ID": 43810856, "正式名称": "曽根歯科医院", "機関区分": 3, "都道府県コード": 4, "市区町村コード": 505, "所在地": "宮城県遠田郡美里町藤ヶ崎１丁目４５", "緯度": 38.541916, "経度": 141.062424, "url": "https://www.iryou.teikyouseido.mhlw.go.jp/znk-web/juminkanja/S2430/initialize?prefCd=04&kikanCd=810856&kikanKbn=3", "url2": null, "内容": "曽根歯科医院【3:歯科】宮城県遠田郡美里町藤ヶ崎１丁目４５" }, "geometry": { "type": "Point", "coordinates": [ 141.062424, 38.541916 ] } },
{ "type": "Feature", "properties": { "ID": 43810857, "正式名称": "ごとう歯科医院", "機関区分": 3, "都道府県コード": 4, "市区町村コード": 206, "所在地": "宮城県白石市堂場前１２８", "緯度": 38.005096, "経度": 140.628922, "url": "https://www.iryou.teikyouseido.mhlw.go.jp/znk-web/juminkanja/S2430/initialize?prefCd=04&kikanCd=810857&kikanKbn=3", "url2": null, "内容": "ごとう歯科医院【3:歯科】宮城県白石市堂場前１２８" }, "geometry": { "type": "Point", "coordinates": [ 140.628922, 38.005096 ] } },
{ "type": "Feature", "properties": { "ID": 43810858, "正式名称": "吉村歯科医院", "機関区分": 3, "都道府県コード": 4, "市区町村コード": 206, "所在地": "宮城県白石市八幡町", "緯度": 37.997265, "経度": 140.612976, "url": "https://www.iryou.teikyouseido.mhlw.go.jp/znk-web/juminkanja/S2430/initialize?prefCd=04&kikanCd=810858&kikanKbn=3", "url2": null, "内容": "吉村歯科医院【3:歯科】宮城県白石市八幡町" }, "geometry": { "type": "Point", "coordinates": [ 140.612976, 37.997265 ] } },
{ "type": "Feature", "properties": { "ID": 43810860, "正式名称": "スマイル歯科", "機関区分": 3, "都道府県コード": 4, "市区町村コード": 212, "所在地": "宮城県登米市南方町畑岡下６－２", "緯度": 38.65411, "経度": 141.118286, "url": "https://www.iryou.teikyouseido.mhlw.go.jp/znk-web/juminkanja/S2430/initialize?prefCd=04&kikanCd=810860&kikanKbn=3", "url2": null, "内容": "スマイル歯科【3:歯科】宮城県登米市南方町畑岡下６－２" }, "geometry": { "type": "Point", "coordinates": [ 141.118286, 38.65411 ] } },
{ "type": "Feature", "properties": { "ID": 43810861, "正式名称": "中江歯科クリニック", "機関区分": 3, "都道府県コード": 4, "市区町村コード": 212, "所在地": "宮城県登米市迫町佐沼字中江４丁目６－２", "緯度": 38.688591, "経度": 141.189056, "url": "https://www.iryou.teikyouseido.mhlw.go.jp/znk-web/juminkanja/S2430/initialize?prefCd=04&kikanCd=810861&kikanKbn=3", "url2": "http://nakae-dc.com/", "内容": "中江歯科クリニック【3:歯科】宮城県登米市迫町佐沼字中江４丁目６－２" }, "geometry": { "type": "Point", "coordinates": [ 141.189056, 38.688591 ] } },
{ "type": "Feature", "properties": { "ID": 43810862, "正式名称": "ちば歯科クリニック", "機関区分": 3, "都道府県コード": 4, "市区町村コード": 212, "所在地": "宮城県登米市迫町佐沼字中江１丁目５－１１", "緯度": 38.692009, "経度": 141.19101, "url": "https://www.iryou.teikyouseido.mhlw.go.jp/znk-web/juminkanja/S2430/initialize?prefCd=04&kikanCd=810862&kikanKbn=3", "url2": "https://www.chiba-dental.jp", "内容": "ちば歯科クリニック【3:歯科】宮城県登米市迫町佐沼字中江１丁目５－１１" }, "geometry": { "type": "Point", "coordinates": [ 141.19101, 38.692009 ] } },
{ "type": "Feature", "properties": { "ID": 43810863, "正式名称": "安藤歯科医院", "機関区分": 3, "都道府県コード": 4, "市区町村コード": 212, "所在地": "宮城県登米市迫町佐沼字小金丁２３", "緯度": 38.687447, "経度": 141.195145, "url": "https://www.iryou.teikyouseido.mhlw.go.jp/znk-web/juminkanja/S2430/initialize?prefCd=04&kikanCd=810863&kikanKbn=3", "url2": null, "内容": "安藤歯科医院【3:歯科】宮城県登米市迫町佐沼字小金丁２３" }, "geometry": { "type": "Point", "coordinates": [ 141.195145, 38.687447 ] } },
{ "type": "Feature", "properties": { "ID": 43810864, "正式名称": "かれい歯科", "機関区分": 3, "都道府県コード": 4, "市区町村コード": 215, "所在地": "宮城県大崎市古川南新町７－６０", "緯度": 38.567108, "経度": 140.958481, "url": "https://www.iryou.teikyouseido.mhlw.go.jp/znk-web/juminkanja/S2430/initialize?prefCd=04&kikanCd=810864&kikanKbn=3", "url2": null, "内容": "かれい歯科【3:歯科】宮城県大崎市古川南新町７－６０" }, "geometry": { "type": "Point", "coordinates": [ 140.958481, 38.567108 ] } },
{ "type": "Feature", "properties": { "ID": 43810865, "正式名称": "つのだ歯科クリニック", "機関区分": 3, "都道府県コード": 4, "市区町村コード": 215, "所在地": "宮城県大崎市三本木字北町７８－１", "緯度": 38.527618, "経度": 140.945343, "url": "https://www.iryou.teikyouseido.mhlw.go.jp/znk-web/juminkanja/S2430/initialize?prefCd=04&kikanCd=810865&kikanKbn=3", "url2": null, "内容": "つのだ歯科クリニック【3:歯科】宮城県大崎市三本木字北町７８－１" }, "geometry": { "type": "Point", "coordinates": [ 140.945343, 38.527618 ] } },
{ "type": "Feature", "properties": { "ID": 43810867, "正式名称": "本宮歯科医院", "機関区分": 3, "都道府県コード": 4, "市区町村コード": 215, "所在地": "宮城県大崎市三本木新町１丁目１１－６", "緯度": 38.518906, "経度": 140.933105, "url": "https://www.iryou.teikyouseido.mhlw.go.jp/znk-web/juminkanja/S2430/initialize?prefCd=04&kikanCd=810867&kikanKbn=3", "url2": null, "内容": "本宮歯科医院【3:歯科】宮城県大崎市三本木新町１丁目１１－６" }, "geometry": { "type": "Point", "coordinates": [ 140.933105, 38.518906 ] } },
{ "type": "Feature", "properties": { "ID": 43810868, "正式名称": "医療法人　泰永会　宮崎歯科", "機関区分": 3, "都道府県コード": 4, "市区町村コード": 215, "所在地": "宮城県大崎市古川旭４丁目３－１０", "緯度": 38.565453, "経度": 140.974792, "url": "https://www.iryou.teikyouseido.mhlw.go.jp/znk-web/juminkanja/S2430/initialize?prefCd=04&kikanCd=810868&kikanKbn=3", "url2": null, "内容": "医療法人　泰永会　宮崎歯科【3:歯科】宮城県大崎市古川旭４丁目３－１０" }, "geometry": { "type": "Point", "coordinates": [ 140.974792, 38.565453 ] } },
{ "type": "Feature", "properties": { "ID": 43810870, "正式名称": "山崎歯科医院", "機関区分": 3, "都道府県コード": 4, "市区町村コード": 505, "所在地": "宮城県遠田郡美里町字桜木町６２－２", "緯度": 38.536896, "経度": 141.06134, "url": "https://www.iryou.teikyouseido.mhlw.go.jp/znk-web/juminkanja/S2430/initialize?prefCd=04&kikanCd=810870&kikanKbn=3", "url2": null, "内容": "山崎歯科医院【3:歯科】宮城県遠田郡美里町字桜木町６２－２" }, "geometry": { "type": "Point", "coordinates": [ 141.06134, 38.536896 ] } },
{ "type": "Feature", "properties": { "ID": 43810871, "正式名称": "おおみ歯科医院", "機関区分": 3, "都道府県コード": 4, "市区町村コード": 505, "所在地": "宮城県遠田郡美里町北浦字米谷５０－５", "緯度": 38.558201, "経度": 141.039368, "url": "https://www.iryou.teikyouseido.mhlw.go.jp/znk-web/juminkanja/S2430/initialize?prefCd=04&kikanCd=810871&kikanKbn=3", "url2": null, "内容": "おおみ歯科医院【3:歯科】宮城県遠田郡美里町北浦字米谷５０－５" }, "geometry": { "type": "Point", "coordinates": [ 141.039368, 38.558201 ] } },
{ "type": "Feature", "properties": { "ID": 43810876, "正式名称": "内田歯科クリニック", "機関区分": 3, "都道府県コード": 4, "市区町村コード": 445, "所在地": "宮城県加美郡加美町字町裏９丁目１２－２１", "緯度": 38.57069, "経度": 140.858475, "url": "https://www.iryou.teikyouseido.mhlw.go.jp/znk-web/juminkanja/S2430/initialize?prefCd=04&kikanCd=810876&kikanKbn=3", "url2": null, "内容": "内田歯科クリニック【3:歯科】宮城県加美郡加美町字町裏９丁目１２－２１" }, "geometry": { "type": "Point", "coordinates": [ 140.858475, 38.57069 ] } },
{ "type": "Feature", "properties": { "ID": 43810877, "正式名称": "中里歯科医院", "機関区分": 3, "都道府県コード": 4, "市区町村コード": 215, "所在地": "宮城県大崎市古川中里３丁目３－３２", "緯度": 38.565975, "経度": 140.960195, "url": "https://www.iryou.teikyouseido.mhlw.go.jp/znk-web/juminkanja/S2430/initialize?prefCd=04&kikanCd=810877&kikanKbn=3", "url2": null, "内容": "中里歯科医院【3:歯科】宮城県大崎市古川中里３丁目３－３２" }, "geometry": { "type": "Point", "coordinates": [ 140.960195, 38.565975 ] } },
{ "type": "Feature", "properties": { "ID": 43810878, "正式名称": "関歯科医院", "機関区分": 3, "都道府県コード": 4, "市区町村コード": 215, "所在地": "宮城県大崎市古川中里１丁目３－１５", "緯度": 38.57439, "経度": 140.960312, "url": "https://www.iryou.teikyouseido.mhlw.go.jp/znk-web/juminkanja/S2430/initialize?prefCd=04&kikanCd=810878&kikanKbn=3", "url2": null, "内容": "関歯科医院【3:歯科】宮城県大崎市古川中里１丁目３－１５" }, "geometry": { "type": "Point", "coordinates": [ 140.960312, 38.57439 ] } },
{ "type": "Feature", "properties": { "ID": 43810879, "正式名称": "田沼七郷歯科クリニック", "機関区分": 3, "都道府県コード": 4, "市区町村コード": 103, "所在地": "宮城県仙台市若林区荒井５－１９－５", "緯度": 38.245886, "経度": 140.945832, "url": "https://www.iryou.teikyouseido.mhlw.go.jp/znk-web/juminkanja/S2430/initialize?prefCd=04&kikanCd=810879&kikanKbn=3", "url2": "http://www.75dc.jp", "内容": "田沼七郷歯科クリニック【3:歯科】宮城県仙台市若林区荒井５－１９－５" }, "geometry": { "type": "Point", "coordinates": [ 140.945832, 38.245886 ] } },
{ "type": "Feature", "properties": { "ID": 43810880, "正式名称": "ア歯科有馬診療所", "機関区分": 3, "都道府県コード": 4, "市区町村コード": 215, "所在地": "宮城県大崎市古川稲葉３丁目３－１２", "緯度": 38.559433, "経度": 140.953979, "url": "https://www.iryou.teikyouseido.mhlw.go.jp/znk-web/juminkanja/S2430/initialize?prefCd=04&kikanCd=810880&kikanKbn=3", "url2": "http://www.a-shika.jp", "内容": "ア歯科有馬診療所【3:歯科】宮城県大崎市古川稲葉３丁目３－１２" }, "geometry": { "type": "Point", "coordinates": [ 140.953979, 38.559433 ] } },
{ "type": "Feature", "properties": { "ID": 43810881, "正式名称": "徳永歯科医院", "機関区分": 3, "都道府県コード": 4, "市区町村コード": 215, "所在地": "宮城県大崎市古川駅南１丁目８９－２", "緯度": 38.568756, "経度": 140.968674, "url": "https://www.iryou.teikyouseido.mhlw.go.jp/znk-web/juminkanja/S2430/initialize?prefCd=04&kikanCd=810881&kikanKbn=3", "url2": "http://www.xpress.ne.jp/~tokunaga/", "内容": "徳永歯科医院【3:歯科】宮城県大崎市古川駅南１丁目８９－２" }, "geometry": { "type": "Point", "coordinates": [ 140.968674, 38.568756 ] } },
{ "type": "Feature", "properties": { "ID": 43810884, "正式名称": "医療法人Ｎ１", "機関区分": 3, "都道府県コード": 4, "市区町村コード": 444, "所在地": "宮城県加美郡色麻町四釜字町西３０－７", "緯度": 38.546452, "経度": 140.849243, "url": "https://www.iryou.teikyouseido.mhlw.go.jp/znk-web/juminkanja/S2430/initialize?prefCd=04&kikanCd=810884&kikanKbn=3", "url2": "https://www.sakurafamily-dc.com/", "内容": "医療法人Ｎ１【3:歯科】宮城県加美郡色麻町四釜字町西３０－７" }, "geometry": { "type": "Point", "coordinates": [ 140.849243, 38.546452 ] } },
{ "type": "Feature", "properties": { "ID": 43810885, "正式名称": "みさと歯科", "機関区分": 3, "都道府県コード": 4, "市区町村コード": 505, "所在地": "宮城県遠田郡美里町字素山町１３８", "緯度": 38.536095, "経度": 141.061371, "url": "https://www.iryou.teikyouseido.mhlw.go.jp/znk-web/juminkanja/S2430/initialize?prefCd=04&kikanCd=810885&kikanKbn=3", "url2": "http://misatoshika.net/", "内容": "みさと歯科【3:歯科】宮城県遠田郡美里町字素山町１３８" }, "geometry": { "type": "Point", "coordinates": [ 141.061371, 38.536095 ] } },
{ "type": "Feature", "properties": { "ID": 43810886, "正式名称": "野村歯科医院", "機関区分": 3, "都道府県コード": 4, "市区町村コード": 215, "所在地": "宮城県大崎市古川二ノ構６－３", "緯度": 38.57658, "経度": 140.952026, "url": "https://www.iryou.teikyouseido.mhlw.go.jp/znk-web/juminkanja/S2430/initialize?prefCd=04&kikanCd=810886&kikanKbn=3", "url2": null, "内容": "野村歯科医院【3:歯科】宮城県大崎市古川二ノ構６－３" }, "geometry": { "type": "Point", "coordinates": [ 140.952026, 38.57658 ] } },
{ "type": "Feature", "properties": { "ID": 43810887, "正式名称": "たかはし歯科診療所", "機関区分": 3, "都道府県コード": 4, "市区町村コード": 215, "所在地": "宮城県大崎市古川荒谷新小道２６－１", "緯度": 38.615871, "経度": 140.981171, "url": "https://www.iryou.teikyouseido.mhlw.go.jp/znk-web/juminkanja/S2430/initialize?prefCd=04&kikanCd=810887&kikanKbn=3", "url2": "http://furukawa-haisha.com", "内容": "たかはし歯科診療所【3:歯科】宮城県大崎市古川荒谷新小道２６－１" }, "geometry": { "type": "Point", "coordinates": [ 140.981171, 38.615871 ] } },
{ "type": "Feature", "properties": { "ID": 43810888, "正式名称": "南郷歯科診療所", "機関区分": 3, "都道府県コード": 4, "市区町村コード": 505, "所在地": "宮城県遠田郡美里町木間塚字高田３３", "緯度": 38.487348, "経度": 141.134734, "url": "https://www.iryou.teikyouseido.mhlw.go.jp/znk-web/juminkanja/S2430/initialize?prefCd=04&kikanCd=810888&kikanKbn=3", "url2": null, "内容": "南郷歯科診療所【3:歯科】宮城県遠田郡美里町木間塚字高田３３" }, "geometry": { "type": "Point", "coordinates": [ 141.134734, 38.487348 ] } },
{ "type": "Feature", "properties": { "ID": 43810889, "正式名称": "三塚歯科クリニック", "機関区分": 3, "都道府県コード": 4, "市区町村コード": 215, "所在地": "宮城県大崎市古川中里５丁目１４－２４", "緯度": 38.561661, "経度": 140.962677, "url": "https://www.iryou.teikyouseido.mhlw.go.jp/znk-web/juminkanja/S2430/initialize?prefCd=04&kikanCd=810889&kikanKbn=3", "url2": "http://www.mitsuzuka-dent.com/", "内容": "三塚歯科クリニック【3:歯科】宮城県大崎市古川中里５丁目１４－２４" }, "geometry": { "type": "Point", "coordinates": [ 140.962677, 38.561661 ] } },
{ "type": "Feature", "properties": { "ID": 43810892, "正式名称": "角田歯科医院", "機関区分": 3, "都道府県コード": 4, "市区町村コード": 215, "所在地": "宮城県大崎市岩出山字東川原町１９－４", "緯度": 38.646557, "経度": 140.877075, "url": "https://www.iryou.teikyouseido.mhlw.go.jp/znk-web/juminkanja/S2430/initialize?prefCd=04&kikanCd=810892&kikanKbn=3", "url2": null, "内容": "角田歯科医院【3:歯科】宮城県大崎市岩出山字東川原町１９－４" }, "geometry": { "type": "Point", "coordinates": [ 140.877075, 38.646557 ] } },
{ "type": "Feature", "properties": { "ID": 43810893, "正式名称": "前原歯科クリニック", "機関区分": 3, "都道府県コード": 4, "市区町村コード": 215, "所在地": "宮城県大崎市岩出山字二ノ構１２－１１", "緯度": 38.652336, "経度": 140.864288, "url": "https://www.iryou.teikyouseido.mhlw.go.jp/znk-web/juminkanja/S2430/initialize?prefCd=04&kikanCd=810893&kikanKbn=3", "url2": null, "内容": "前原歯科クリニック【3:歯科】宮城県大崎市岩出山字二ノ構１２－１１" }, "geometry": { "type": "Point", "coordinates": [ 140.864288, 38.652336 ] } },
{ "type": "Feature", "properties": { "ID": 43810894, "正式名称": "千葉歯科医院", "機関区分": 3, "都道府県コード": 4, "市区町村コード": 215, "所在地": "宮城県大崎市鹿島台平渡字東銭神１", "緯度": 38.473991, "経度": 141.097321, "url": "https://www.iryou.teikyouseido.mhlw.go.jp/znk-web/juminkanja/S2430/initialize?prefCd=04&kikanCd=810894&kikanKbn=3", "url2": null, "内容": "千葉歯科医院【3:歯科】宮城県大崎市鹿島台平渡字東銭神１" }, "geometry": { "type": "Point", "coordinates": [ 141.097321, 38.473991 ] } },
{ "type": "Feature", "properties": { "ID": 43810895, "正式名称": "医療法人オブリ　東仙台歯科クリニック", "機関区分": 3, "都道府県コード": 4, "市区町村コード": 102, "所在地": "宮城県仙台市宮城野区鶴ケ谷２丁目１－１８", "緯度": 38.287419, "経度": 140.91516, "url": "https://www.iryou.teikyouseido.mhlw.go.jp/znk-web/juminkanja/S2430/initialize?prefCd=04&kikanCd=810895&kikanKbn=3", "url2": "http://higashisendaishika.com/", "内容": "医療法人オブリ　東仙台歯科クリニック【3:歯科】宮城県仙台市宮城野区鶴ケ谷２丁目１－１８" }, "geometry": { "type": "Point", "coordinates": [ 140.91516, 38.287419 ] } },
{ "type": "Feature", "properties": { "ID": 43810896, "正式名称": "富岡歯科医院", "機関区分": 3, "都道府県コード": 4, "市区町村コード": 206, "所在地": "宮城県白石市本町７３", "緯度": 38.001099, "経度": 140.622955, "url": "https://www.iryou.teikyouseido.mhlw.go.jp/znk-web/juminkanja/S2430/initialize?prefCd=04&kikanCd=810896&kikanKbn=3", "url2": null, "内容": "富岡歯科医院【3:歯科】宮城県白石市本町７３" }, "geometry": { "type": "Point", "coordinates": [ 140.622955, 38.001099 ] } },
{ "type": "Feature", "properties": { "ID": 43810897, "正式名称": "髙橋歯科医院", "機関区分": 3, "都道府県コード": 4, "市区町村コード": 206, "所在地": "宮城県白石市柳町４番地", "緯度": 38.003098, "経度": 140.624039, "url": "https://www.iryou.teikyouseido.mhlw.go.jp/znk-web/juminkanja/S2430/initialize?prefCd=04&kikanCd=810897&kikanKbn=3", "url2": null, "内容": "髙橋歯科医院【3:歯科】宮城県白石市柳町４番地" }, "geometry": { "type": "Point", "coordinates": [ 140.624039, 38.003098 ] } },
{ "type": "Feature", "properties": { "ID": 43810898, "正式名称": "ひかり歯科医院", "機関区分": 3, "都道府県コード": 4, "市区町村コード": 206, "所在地": "宮城県白石市東大畑１３４－５", "緯度": 38.007351, "経度": 140.629562, "url": "https://www.iryou.teikyouseido.mhlw.go.jp/znk-web/juminkanja/S2430/initialize?prefCd=04&kikanCd=810898&kikanKbn=3", "url2": null, "内容": "ひかり歯科医院【3:歯科】宮城県白石市東大畑１３４－５" }, "geometry": { "type": "Point", "coordinates": [ 140.629562, 38.007351 ] } },
{ "type": "Feature", "properties": { "ID": 43810900, "正式名称": "舘山歯科クリニック", "機関区分": 3, "都道府県コード": 4, "市区町村コード": 341, "所在地": "宮城県伊具郡丸森町大舘１－２３", "緯度": 37.929726, "経度": 140.762619, "url": "https://www.iryou.teikyouseido.mhlw.go.jp/znk-web/juminkanja/S2430/initialize?prefCd=04&kikanCd=810900&kikanKbn=3", "url2": null, "内容": "舘山歯科クリニック【3:歯科】宮城県伊具郡丸森町大舘１－２３" }, "geometry": { "type": "Point", "coordinates": [ 140.762619, 37.929726 ] } },
{ "type": "Feature", "properties": { "ID": 43810915, "正式名称": "医療法人　済生堂医院　済生堂歯科クリニック", "機関区分": 3, "都道府県コード": 4, "市区町村コード": 361, "所在地": "宮城県亘理郡亘理町逢隈田沢字鈴木堀７９－５", "緯度": 38.073265, "経度": 140.863846, "url": "https://www.iryou.teikyouseido.mhlw.go.jp/znk-web/juminkanja/S2430/initialize?prefCd=04&kikanCd=810915&kikanKbn=3", "url2": "http://www.saiseido-dc.com/", "内容": "医療法人　済生堂医院　済生堂歯科クリニック【3:歯科】宮城県亘理郡亘理町逢隈田沢字鈴木堀７９－５" }, "geometry": { "type": "Point", "coordinates": [ 140.863846, 38.073265 ] } },
{ "type": "Feature", "properties": { "ID": 43810917, "正式名称": "東北第一歯科将監院", "機関区分": 3, "都道府県コード": 4, "市区町村コード": 105, "所在地": "宮城県仙台市泉区将監４丁目２４−５", "緯度": 38.336323, "経度": 140.882294, "url": "https://www.iryou.teikyouseido.mhlw.go.jp/znk-web/juminkanja/S2430/initialize?prefCd=04&kikanCd=810917&kikanKbn=3", "url2": "https://tohoku-daiichi-dental.com/shogen/", "内容": "東北第一歯科将監院【3:歯科】宮城県仙台市泉区将監４丁目２４−５" }, "geometry": { "type": "Point", "coordinates": [ 140.882294, 38.336323 ] } },
{ "type": "Feature", "properties": { "ID": 43810918, "正式名称": "医療法人ＧｏｏｄＳｍｉｌｅｓ鹿島デンタルオフィス", "機関区分": 3, "都道府県コード": 4, "市区町村コード": 101, "所在地": "宮城県仙台市青葉区通町２丁目１７－９", "緯度": 38.281315, "経度": 140.867142, "url": "https://www.iryou.teikyouseido.mhlw.go.jp/znk-web/juminkanja/S2430/initialize?prefCd=04&kikanCd=810918&kikanKbn=3", "url2": "https://www.kashimadental.com/", "内容": "医療法人ＧｏｏｄＳｍｉｌｅｓ鹿島デンタルオフィス【3:歯科】宮城県仙台市青葉区通町２丁目１７－９" }, "geometry": { "type": "Point", "coordinates": [ 140.867142, 38.281315 ] } },
{ "type": "Feature", "properties": { "ID": 43810935, "正式名称": "杜のまち　かわかみ歯科クリニック", "機関区分": 3, "都道府県コード": 4, "市区町村コード": 421, "所在地": "宮城県黒川郡大和町杜の丘１－１４－１", "緯度": 38.385578, "経度": 140.866791, "url": "https://www.iryou.teikyouseido.mhlw.go.jp/znk-web/juminkanja/S2430/initialize?prefCd=04&kikanCd=810935&kikanKbn=3", "url2": "https://kawakami-dental.com", "内容": "杜のまち　かわかみ歯科クリニック【3:歯科】宮城県黒川郡大和町杜の丘１－１４－１" }, "geometry": { "type": "Point", "coordinates": [ 140.866791, 38.385578 ] } },
{ "type": "Feature", "properties": { "ID": 43810943, "正式名称": "デンタルフラッグ・ステージ二日町", "機関区分": 3, "都道府県コード": 4, "市区町村コード": 101, "所在地": "宮城県仙台市青葉区二日町７－６　第５ダイキンビル２Ｆ", "緯度": 38.269783, "経度": 140.868149, "url": "https://www.iryou.teikyouseido.mhlw.go.jp/znk-web/juminkanja/S2430/initialize?prefCd=04&kikanCd=810943&kikanKbn=3", "url2": "https://www.dfs2.jp", "内容": "デンタルフラッグ・ステージ二日町【3:歯科】宮城県仙台市青葉区二日町７－６　第５ダイキンビル２Ｆ" }, "geometry": { "type": "Point", "coordinates": [ 140.868149, 38.269783 ] } },
{ "type": "Feature", "properties": { "ID": 43810953, "正式名称": "菅野歯科医院", "機関区分": 3, "都道府県コード": 4, "市区町村コード": 104, "所在地": "宮城県仙台市太白区東中田２－１５－２２", "緯度": 38.200875, "経度": 140.897207, "url": "https://www.iryou.teikyouseido.mhlw.go.jp/znk-web/juminkanja/S2430/initialize?prefCd=04&kikanCd=810953&kikanKbn=3", "url2": "http://www.sugano-dent.com/", "内容": "菅野歯科医院【3:歯科】宮城県仙台市太白区東中田２－１５－２２" }, "geometry": { "type": "Point", "coordinates": [ 140.897207, 38.200875 ] } },
{ "type": "Feature", "properties": { "ID": 43810954, "正式名称": "四郎丸・サトウ歯科", "機関区分": 3, "都道府県コード": 4, "市区町村コード": 104, "所在地": "宮城県仙台市太白区四郎丸字渡道１３－１", "緯度": 38.193577, "経度": 140.909958, "url": "https://www.iryou.teikyouseido.mhlw.go.jp/znk-web/juminkanja/S2430/initialize?prefCd=04&kikanCd=810954&kikanKbn=3", "url2": "http://460sato.dental-net.jp/", "内容": "四郎丸・サトウ歯科【3:歯科】宮城県仙台市太白区四郎丸字渡道１３－１" }, "geometry": { "type": "Point", "coordinates": [ 140.909958, 38.193577 ] } },
{ "type": "Feature", "properties": { "ID": 43810955, "正式名称": "一般社団法人　五常会　松陵歯科医院", "機関区分": 3, "都道府県コード": 4, "市区町村コード": 104, "所在地": "宮城県仙台市太白区上野山２丁目１７－３", "緯度": 38.226421, "経度": 140.827087, "url": "https://www.iryou.teikyouseido.mhlw.go.jp/znk-web/juminkanja/S2430/initialize?prefCd=04&kikanCd=810955&kikanKbn=3", "url2": null, "内容": "一般社団法人　五常会　松陵歯科医院【3:歯科】宮城県仙台市太白区上野山２丁目１７－３" }, "geometry": { "type": "Point", "coordinates": [ 140.827087, 38.226421 ] } },
{ "type": "Feature", "properties": { "ID": 43810957, "正式名称": "しほデンタルクリニック", "機関区分": 3, "都道府県コード": 4, "市区町村コード": 104, "所在地": "宮城県仙台市太白区富沢３丁目３－５０", "緯度": 38.21785, "経度": 140.8629, "url": "https://www.iryou.teikyouseido.mhlw.go.jp/znk-web/juminkanja/S2430/initialize?prefCd=04&kikanCd=810957&kikanKbn=3", "url2": "http://www.t-shiho-dental.com/", "内容": "しほデンタルクリニック【3:歯科】宮城県仙台市太白区富沢３丁目３－５０" }, "geometry": { "type": "Point", "coordinates": [ 140.8629, 38.21785 ] } },
{ "type": "Feature", "properties": { "ID": 43810959, "正式名称": "医療法人社団　友伸會　東京プラス歯科　矯正歯科　仙台", "機関区分": 3, "都道府県コード": 4, "市区町村コード": 101, "所在地": "宮城県仙台市青葉区一番町３丁目１－１８　しまぬきビル２Ｆ", "緯度": 38.260361, "経度": 140.873764, "url": "https://www.iryou.teikyouseido.mhlw.go.jp/znk-web/juminkanja/S2430/initialize?prefCd=04&kikanCd=810959&kikanKbn=3", "url2": "https://tokyoplusdental-sendai.jp/", "内容": "医療法人社団　友伸會　東京プラス歯科　矯正歯科　仙台【3:歯科】宮城県仙台市青葉区一番町３丁目１－１８　しまぬきビル２Ｆ" }, "geometry": { "type": "Point", "coordinates": [ 140.873764, 38.260361 ] } },
{ "type": "Feature", "properties": { "ID": 43810960, "正式名称": "佐藤仁彦歯科医院", "機関区分": 3, "都道府県コード": 4, "市区町村コード": 104, "所在地": "宮城県仙台市太白区西中田６丁目１７－２１", "緯度": 38.191566, "経度": 140.882721, "url": "https://www.iryou.teikyouseido.mhlw.go.jp/znk-web/juminkanja/S2430/initialize?prefCd=04&kikanCd=810960&kikanKbn=3", "url2": "http://hitohiko-dental.com/", "内容": "佐藤仁彦歯科医院【3:歯科】宮城県仙台市太白区西中田６丁目１７－２１" }, "geometry": { "type": "Point", "coordinates": [ 140.882721, 38.191566 ] } },
{ "type": "Feature", "properties": { "ID": 43810987, "正式名称": "太田歯科クリニック", "機関区分": 3, "都道府県コード": 4, "市区町村コード": 101, "所在地": "宮城県仙台市青葉区桜ケ丘５－３９－１６", "緯度": 38.300819, "経度": 140.844482, "url": "https://www.iryou.teikyouseido.mhlw.go.jp/znk-web/juminkanja/S2430/initialize?prefCd=04&kikanCd=810987&kikanKbn=3", "url2": null, "内容": "太田歯科クリニック【3:歯科】宮城県仙台市青葉区桜ケ丘５－３９－１６" }, "geometry": { "type": "Point", "coordinates": [ 140.844482, 38.300819 ] } },
{ "type": "Feature", "properties": { "ID": 43810990, "正式名称": "さなだ歯科クリニック", "機関区分": 3, "都道府県コード": 4, "市区町村コード": 101, "所在地": "宮城県仙台市青葉区本町１丁目１２ー２ー２Ｆ", "緯度": 38.266212, "経度": 140.879242, "url": "https://www.iryou.teikyouseido.mhlw.go.jp/znk-web/juminkanja/S2430/initialize?prefCd=04&kikanCd=810990&kikanKbn=3", "url2": null, "内容": "さなだ歯科クリニック【3:歯科】宮城県仙台市青葉区本町１丁目１２ー２ー２Ｆ" }, "geometry": { "type": "Point", "coordinates": [ 140.879242, 38.266212 ] } },
{ "type": "Feature", "properties": { "ID": 43810993, "正式名称": "北四番丁神田歯科・矯正歯科", "機関区分": 3, "都道府県コード": 4, "市区町村コード": 101, "所在地": "宮城県仙台市青葉区上杉１ー１７ー２０第６銅谷ビル３階", "緯度": 38.272129, "経度": 140.869643, "url": "https://www.iryou.teikyouseido.mhlw.go.jp/znk-web/juminkanja/S2430/initialize?prefCd=04&kikanCd=810993&kikanKbn=3", "url2": "http://www.kita4-kanda.jp", "内容": "北四番丁神田歯科・矯正歯科【3:歯科】宮城県仙台市青葉区上杉１ー１７ー２０第６銅谷ビル３階" }, "geometry": { "type": "Point", "coordinates": [ 140.869643, 38.272129 ] } },
{ "type": "Feature", "properties": { "ID": 43810995, "正式名称": "定禅寺デンタルクリニック", "機関区分": 3, "都道府県コード": 4, "市区町村コード": 101, "所在地": "宮城県仙台市青葉区立町２６－１３　２Ｆ", "緯度": 38.264652, "経度": 140.864929, "url": "https://www.iryou.teikyouseido.mhlw.go.jp/znk-web/juminkanja/S2430/initialize?prefCd=04&kikanCd=810995&kikanKbn=3", "url2": "http://www.jozenji-dental.com", "内容": "定禅寺デンタルクリニック【3:歯科】宮城県仙台市青葉区立町２６－１３　２Ｆ" }, "geometry": { "type": "Point", "coordinates": [ 140.864929, 38.264652 ] } },
{ "type": "Feature", "properties": { "ID": 43811000, "正式名称": "スガワラデンタルオフィス", "機関区分": 3, "都道府県コード": 4, "市区町村コード": 104, "所在地": "宮城県仙台市太白区八木山松波町２－４３", "緯度": 38.245338, "経度": 140.858047, "url": "https://www.iryou.teikyouseido.mhlw.go.jp/znk-web/juminkanja/S2430/initialize?prefCd=04&kikanCd=811000&kikanKbn=3", "url2": null, "内容": "スガワラデンタルオフィス【3:歯科】宮城県仙台市太白区八木山松波町２－４３" }, "geometry": { "type": "Point", "coordinates": [ 140.858047, 38.245338 ] } },
{ "type": "Feature", "properties": { "ID": 43811001, "正式名称": "みどりの杜歯科", "機関区分": 3, "都道府県コード": 4, "市区町村コード": 103, "所在地": "宮城県仙台市若林区連坊小路１３５", "緯度": 38.252086, "経度": 140.885028, "url": "https://www.iryou.teikyouseido.mhlw.go.jp/znk-web/juminkanja/S2430/initialize?prefCd=04&kikanCd=811001&kikanKbn=3", "url2": "http://www.midorinomori-shika.com", "内容": "みどりの杜歯科【3:歯科】宮城県仙台市若林区連坊小路１３５" }, "geometry": { "type": "Point", "coordinates": [ 140.885028, 38.252086 ] } },
{ "type": "Feature", "properties": { "ID": 43811003, "正式名称": "おおつ歯科クリニック", "機関区分": 3, "都道府県コード": 4, "市区町村コード": 213, "所在地": "宮城県栗原市築館源光１１－１８", "緯度": 38.734299, "経度": 141.031281, "url": "https://www.iryou.teikyouseido.mhlw.go.jp/znk-web/juminkanja/S2430/initialize?prefCd=04&kikanCd=811003&kikanKbn=3", "url2": null, "内容": "おおつ歯科クリニック【3:歯科】宮城県栗原市築館源光１１－１８" }, "geometry": { "type": "Point", "coordinates": [ 141.031281, 38.734299 ] } },
{ "type": "Feature", "properties": { "ID": 43811004, "正式名称": "若柳歯科医院", "機関区分": 3, "都道府県コード": 4, "市区町村コード": 213, "所在地": "宮城県栗原市若柳字川北塚ノ越１－４", "緯度": 38.774071, "経度": 141.133698, "url": "https://www.iryou.teikyouseido.mhlw.go.jp/znk-web/juminkanja/S2430/initialize?prefCd=04&kikanCd=811004&kikanKbn=3", "url2": null, "内容": "若柳歯科医院【3:歯科】宮城県栗原市若柳字川北塚ノ越１－４" }, "geometry": { "type": "Point", "coordinates": [ 141.133698, 38.774071 ] } },
{ "type": "Feature", "properties": { "ID": 43811005, "正式名称": "近藤歯科医院", "機関区分": 3, "都道府県コード": 4, "市区町村コード": 213, "所在地": "宮城県栗原市築館伊豆１丁目３－２０", "緯度": 38.731976, "経度": 141.025833, "url": "https://www.iryou.teikyouseido.mhlw.go.jp/znk-web/juminkanja/S2430/initialize?prefCd=04&kikanCd=811005&kikanKbn=3", "url2": "http://www.kondou-dc.com", "内容": "近藤歯科医院【3:歯科】宮城県栗原市築館伊豆１丁目３－２０" }, "geometry": { "type": "Point", "coordinates": [ 141.025833, 38.731976 ] } },
{ "type": "Feature", "properties": { "ID": 43811006, "正式名称": "庵原歯科医院", "機関区分": 3, "都道府県コード": 4, "市区町村コード": 213, "所在地": "宮城県栗原市若柳字川北新町１０１－５", "緯度": 38.773209, "経度": 141.131027, "url": "https://www.iryou.teikyouseido.mhlw.go.jp/znk-web/juminkanja/S2430/initialize?prefCd=04&kikanCd=811006&kikanKbn=3", "url2": null, "内容": "庵原歯科医院【3:歯科】宮城県栗原市若柳字川北新町１０１－５" }, "geometry": { "type": "Point", "coordinates": [ 141.131027, 38.773209 ] } },
{ "type": "Feature", "properties": { "ID": 43811007, "正式名称": "あつみ歯科", "機関区分": 3, "都道府県コード": 4, "市区町村コード": 213, "所在地": "宮城県栗原市築館薬師４丁目６－５", "緯度": 38.732841, "経度": 141.022095, "url": "https://www.iryou.teikyouseido.mhlw.go.jp/znk-web/juminkanja/S2430/initialize?prefCd=04&kikanCd=811007&kikanKbn=3", "url2": null, "内容": "あつみ歯科【3:歯科】宮城県栗原市築館薬師４丁目６－５" }, "geometry": { "type": "Point", "coordinates": [ 141.022095, 38.732841 ] } },
{ "type": "Feature", "properties": { "ID": 43811010, "正式名称": "くりはら歯科医院", "機関区分": 3, "都道府県コード": 4, "市区町村コード": 213, "所在地": "宮城県栗原市築館宮野中央２－３－２３", "緯度": 38.747467, "経度": 141.018707, "url": "https://www.iryou.teikyouseido.mhlw.go.jp/znk-web/juminkanja/S2430/initialize?prefCd=04&kikanCd=811010&kikanKbn=3", "url2": null, "内容": "くりはら歯科医院【3:歯科】宮城県栗原市築館宮野中央２－３－２３" }, "geometry": { "type": "Point", "coordinates": [ 141.018707, 38.747467 ] } },
{ "type": "Feature", "properties": { "ID": 43811011, "正式名称": "くが歯科医院", "機関区分": 3, "都道府県コード": 4, "市区町村コード": 213, "所在地": "宮城県栗原市築館字下宮野八幡下２１４－１", "緯度": 38.751865, "経度": 141.012772, "url": "https://www.iryou.teikyouseido.mhlw.go.jp/znk-web/juminkanja/S2430/initialize?prefCd=04&kikanCd=811011&kikanKbn=3", "url2": null, "内容": "くが歯科医院【3:歯科】宮城県栗原市築館字下宮野八幡下２１４－１" }, "geometry": { "type": "Point", "coordinates": [ 141.012772, 38.751865 ] } },
{ "type": "Feature", "properties": { "ID": 43811012, "正式名称": "熊谷歯科クリニック", "機関区分": 3, "都道府県コード": 4, "市区町村コード": 213, "所在地": "宮城県栗原市高清水西善光寺５１番地", "緯度": 38.661217, "経度": 141.007721, "url": "https://www.iryou.teikyouseido.mhlw.go.jp/znk-web/juminkanja/S2430/initialize?prefCd=04&kikanCd=811012&kikanKbn=3", "url2": null, "内容": "熊谷歯科クリニック【3:歯科】宮城県栗原市高清水西善光寺５１番地" }, "geometry": { "type": "Point", "coordinates": [ 141.007721, 38.661217 ] } },
{ "type": "Feature", "properties": { "ID": 43811013, "正式名称": "すがわら歯科医院", "機関区分": 3, "都道府県コード": 4, "市区町村コード": 213, "所在地": "宮城県栗原市栗駒中野田町西１４１－５", "緯度": 38.825478, "経度": 140.984253, "url": "https://www.iryou.teikyouseido.mhlw.go.jp/znk-web/juminkanja/S2430/initialize?prefCd=04&kikanCd=811013&kikanKbn=3", "url2": null, "内容": "すがわら歯科医院【3:歯科】宮城県栗原市栗駒中野田町西１４１－５" }, "geometry": { "type": "Point", "coordinates": [ 140.984253, 38.825478 ] } },
{ "type": "Feature", "properties": { "ID": 43811014, "正式名称": "太宰歯科医院", "機関区分": 3, "都道府県コード": 4, "市区町村コード": 213, "所在地": "宮城県栗原市栗駒岩ケ崎六日町４１番地", "緯度": 38.831013, "経度": 140.988922, "url": "https://www.iryou.teikyouseido.mhlw.go.jp/znk-web/juminkanja/S2430/initialize?prefCd=04&kikanCd=811014&kikanKbn=3", "url2": null, "内容": "太宰歯科医院【3:歯科】宮城県栗原市栗駒岩ケ崎六日町４１番地" }, "geometry": { "type": "Point", "coordinates": [ 140.988922, 38.831013 ] } },
{ "type": "Feature", "properties": { "ID": 43811015, "正式名称": "しらいし歯科クリニック", "機関区分": 3, "都道府県コード": 4, "市区町村コード": 213, "所在地": "宮城県栗原市若柳字川南堤通１１－５", "緯度": 38.771202, "経度": 141.121841, "url": "https://www.iryou.teikyouseido.mhlw.go.jp/znk-web/juminkanja/S2430/initialize?prefCd=04&kikanCd=811015&kikanKbn=3", "url2": null, "内容": "しらいし歯科クリニック【3:歯科】宮城県栗原市若柳字川南堤通１１－５" }, "geometry": { "type": "Point", "coordinates": [ 141.121841, 38.771202 ] } },
{ "type": "Feature", "properties": { "ID": 43811016, "正式名称": "中嶋歯科医院", "機関区分": 3, "都道府県コード": 4, "市区町村コード": 213, "所在地": "宮城県栗原市若柳字川北新町５５", "緯度": 38.773388, "経度": 141.12941, "url": "https://www.iryou.teikyouseido.mhlw.go.jp/znk-web/juminkanja/S2430/initialize?prefCd=04&kikanCd=811016&kikanKbn=3", "url2": null, "内容": "中嶋歯科医院【3:歯科】宮城県栗原市若柳字川北新町５５" }, "geometry": { "type": "Point", "coordinates": [ 141.12941, 38.773388 ] } },
{ "type": "Feature", "properties": { "ID": 43811017, "正式名称": "医療法人有朋会かさま歯科医院", "機関区分": 3, "都道府県コード": 4, "市区町村コード": 213, "所在地": "宮城県栗原市若柳川南南大通８－１７", "緯度": 38.769928, "経度": 141.126266, "url": "https://www.iryou.teikyouseido.mhlw.go.jp/znk-web/juminkanja/S2430/initialize?prefCd=04&kikanCd=811017&kikanKbn=3", "url2": null, "内容": "医療法人有朋会かさま歯科医院【3:歯科】宮城県栗原市若柳川南南大通８－１７" }, "geometry": { "type": "Point", "coordinates": [ 141.126266, 38.769928 ] } },
{ "type": "Feature", "properties": { "ID": 43811020, "正式名称": "三浦歯科医院", "機関区分": 3, "都道府県コード": 4, "市区町村コード": 213, "所在地": "宮城県栗原市若柳字川北片町７５－３", "緯度": 38.773628, "経度": 141.13623, "url": "https://www.iryou.teikyouseido.mhlw.go.jp/znk-web/juminkanja/S2430/initialize?prefCd=04&kikanCd=811020&kikanKbn=3", "url2": null, "内容": "三浦歯科医院【3:歯科】宮城県栗原市若柳字川北片町７５－３" }, "geometry": { "type": "Point", "coordinates": [ 141.13623, 38.773628 ] } },
{ "type": "Feature", "properties": { "ID": 43811021, "正式名称": "岩渕歯科医院", "機関区分": 3, "都道府県コード": 4, "市区町村コード": 213, "所在地": "宮城県栗原市栗駒岩ケ崎八日町５３－２", "緯度": 38.830242, "経度": 140.994064, "url": "https://www.iryou.teikyouseido.mhlw.go.jp/znk-web/juminkanja/S2430/initialize?prefCd=04&kikanCd=811021&kikanKbn=3", "url2": null, "内容": "岩渕歯科医院【3:歯科】宮城県栗原市栗駒岩ケ崎八日町５３－２" }, "geometry": { "type": "Point", "coordinates": [ 140.994064, 38.830242 ] } },
{ "type": "Feature", "properties": { "ID": 43811022, "正式名称": "加藤第二歯科医院", "機関区分": 3, "都道府県コード": 4, "市区町村コード": 213, "所在地": "宮城県栗原市若柳字川北新中谷地１９８－１", "緯度": 38.769012, "経度": 141.147293, "url": "https://www.iryou.teikyouseido.mhlw.go.jp/znk-web/juminkanja/S2430/initialize?prefCd=04&kikanCd=811022&kikanKbn=3", "url2": null, "内容": "加藤第二歯科医院【3:歯科】宮城県栗原市若柳字川北新中谷地１９８－１" }, "geometry": { "type": "Point", "coordinates": [ 141.147293, 38.769012 ] } },
{ "type": "Feature", "properties": { "ID": 43811023, "正式名称": "金澤歯科医院", "機関区分": 3, "都道府県コード": 4, "市区町村コード": 205, "所在地": "宮城県気仙沼市新町４－６", "緯度": 38.906017, "経度": 141.564819, "url": "https://www.iryou.teikyouseido.mhlw.go.jp/znk-web/juminkanja/S2430/initialize?prefCd=04&kikanCd=811023&kikanKbn=3", "url2": null, "内容": "金澤歯科医院【3:歯科】宮城県気仙沼市新町４－６" }, "geometry": { "type": "Point", "coordinates": [ 141.564819, 38.906017 ] } },
{ "type": "Feature", "properties": { "ID": 43811026, "正式名称": "ハーモニー歯科医院", "機関区分": 3, "都道府県コード": 4, "市区町村コード": 205, "所在地": "宮城県気仙沼市幸町４丁目４－２５", "緯度": 38.896421, "経度": 141.574218, "url": "https://www.iryou.teikyouseido.mhlw.go.jp/znk-web/juminkanja/S2430/initialize?prefCd=04&kikanCd=811026&kikanKbn=3", "url2": "https://harmony-d-c.com", "内容": "ハーモニー歯科医院【3:歯科】宮城県気仙沼市幸町４丁目４－２５" }, "geometry": { "type": "Point", "coordinates": [ 141.574218, 38.896421 ] } },
{ "type": "Feature", "properties": { "ID": 43811027, "正式名称": "猪苗代歯科医院", "機関区分": 3, "都道府県コード": 4, "市区町村コード": 205, "所在地": "宮城県気仙沼市松川前２３", "緯度": 38.914375, "経度": 141.544281, "url": "https://www.iryou.teikyouseido.mhlw.go.jp/znk-web/juminkanja/S2430/initialize?prefCd=04&kikanCd=811027&kikanKbn=3", "url2": null, "内容": "猪苗代歯科医院【3:歯科】宮城県気仙沼市松川前２３" }, "geometry": { "type": "Point", "coordinates": [ 141.544281, 38.914375 ] } },
{ "type": "Feature", "properties": { "ID": 43811029, "正式名称": "熊谷歯科医院", "機関区分": 3, "都道府県コード": 4, "市区町村コード": 205, "所在地": "宮城県気仙沼市八日町２丁目３－１１", "緯度": 38.907516, "経度": 141.572098, "url": "https://www.iryou.teikyouseido.mhlw.go.jp/znk-web/juminkanja/S2430/initialize?prefCd=04&kikanCd=811029&kikanKbn=3", "url2": null, "内容": "熊谷歯科医院【3:歯科】宮城県気仙沼市八日町２丁目３－１１" }, "geometry": { "type": "Point", "coordinates": [ 141.572098, 38.907516 ] } },
{ "type": "Feature", "properties": { "ID": 43811030, "正式名称": "医療法人社団　白毫会　野蒜ケ丘歯科医院", "機関区分": 3, "都道府県コード": 4, "市区町村コード": 214, "所在地": "宮城県東松島市野蒜ケ丘二丁目２４－１", "緯度": 38.37559, "経度": 141.14773, "url": "https://www.iryou.teikyouseido.mhlw.go.jp/znk-web/juminkanja/S2430/initialize?prefCd=04&kikanCd=811030&kikanKbn=3", "url2": "https://www.nobirugaoka.jp", "内容": "医療法人社団　白毫会　野蒜ケ丘歯科医院【3:歯科】宮城県東松島市野蒜ケ丘二丁目２４－１" }, "geometry": { "type": "Point", "coordinates": [ 141.14773, 38.37559 ] } },
{ "type": "Feature", "properties": { "ID": 43811031, "正式名称": "村上歯科医院", "機関区分": 3, "都道府県コード": 4, "市区町村コード": 103, "所在地": "宮城県仙台市若林区遠見塚三丁目１５－２０", "緯度": 38.243504, "経度": 140.921112, "url": "https://www.iryou.teikyouseido.mhlw.go.jp/znk-web/juminkanja/S2430/initialize?prefCd=04&kikanCd=811031&kikanKbn=3", "url2": "https://www.mkami-dental.com/", "内容": "村上歯科医院【3:歯科】宮城県仙台市若林区遠見塚三丁目１５－２０" }, "geometry": { "type": "Point", "coordinates": [ 140.921112, 38.243504 ] } },
{ "type": "Feature", "properties": { "ID": 43811033, "正式名称": "猪苗代歯科", "機関区分": 3, "都道府県コード": 4, "市区町村コード": 103, "所在地": "宮城県仙台市若林区河原町１丁目５－１５　ツインタワー２Ｆ", "緯度": 38.239738, "経度": 140.887772, "url": "https://www.iryou.teikyouseido.mhlw.go.jp/znk-web/juminkanja/S2430/initialize?prefCd=04&kikanCd=811033&kikanKbn=3", "url2": "http://www.wa-ha-ha.net/search/04011.html", "内容": "猪苗代歯科【3:歯科】宮城県仙台市若林区河原町１丁目５－１５　ツインタワー２Ｆ" }, "geometry": { "type": "Point", "coordinates": [ 140.887772, 38.239738 ] } },
{ "type": "Feature", "properties": { "ID": 43811034, "正式名称": "井上歯科クリニック", "機関区分": 3, "都道府県コード": 4, "市区町村コード": 103, "所在地": "宮城県仙台市若林区遠見塚１丁目６－２３", "緯度": 38.236496, "経度": 140.907303, "url": "https://www.iryou.teikyouseido.mhlw.go.jp/znk-web/juminkanja/S2430/initialize?prefCd=04&kikanCd=811034&kikanKbn=3", "url2": null, "内容": "井上歯科クリニック【3:歯科】宮城県仙台市若林区遠見塚１丁目６－２３" }, "geometry": { "type": "Point", "coordinates": [ 140.907303, 38.236496 ] } },
{ "type": "Feature", "properties": { "ID": 43811038, "正式名称": "あーる歯科クリニック", "機関区分": 3, "都道府県コード": 4, "市区町村コード": 103, "所在地": "宮城県仙台市若林区荒井一丁目１８番地の１４", "緯度": 38.243163, "経度": 140.938487, "url": "https://www.iryou.teikyouseido.mhlw.go.jp/znk-web/juminkanja/S2430/initialize?prefCd=04&kikanCd=811038&kikanKbn=3", "url2": "http://www.rdentalc.com/", "内容": "あーる歯科クリニック【3:歯科】宮城県仙台市若林区荒井一丁目１８番地の１４" }, "geometry": { "type": "Point", "coordinates": [ 140.938487, 38.243163 ] } },
{ "type": "Feature", "properties": { "ID": 43811041, "正式名称": "医療法人　社団　秀美会　かとう歯科医院", "機関区分": 3, "都道府県コード": 4, "市区町村コード": 213, "所在地": "宮城県栗原市築館薬師１丁目１１７", "緯度": 38.730668, "経度": 141.022072, "url": "https://www.iryou.teikyouseido.mhlw.go.jp/znk-web/juminkanja/S2430/initialize?prefCd=04&kikanCd=811041&kikanKbn=3", "url2": "https://www.katoshika-kurihara.com", "内容": "医療法人　社団　秀美会　かとう歯科医院【3:歯科】宮城県栗原市築館薬師１丁目１１７" }, "geometry": { "type": "Point", "coordinates": [ 141.022072, 38.730668 ] } },
{ "type": "Feature", "properties": { "ID": 43811042, "正式名称": "医療法人　沢辺歯科クリニック", "機関区分": 3, "都道府県コード": 4, "市区町村コード": 213, "所在地": "宮城県栗原市金成沢辺木戸口５－５", "緯度": 38.7985, "経度": 141.066284, "url": "https://www.iryou.teikyouseido.mhlw.go.jp/znk-web/juminkanja/S2430/initialize?prefCd=04&kikanCd=811042&kikanKbn=3", "url2": "http://www.sawabe-dc.com", "内容": "医療法人　沢辺歯科クリニック【3:歯科】宮城県栗原市金成沢辺木戸口５－５" }, "geometry": { "type": "Point", "coordinates": [ 141.066284, 38.7985 ] } },
{ "type": "Feature", "properties": { "ID": 43811043, "正式名称": "ＫＤクリニック", "機関区分": 3, "都道府県コード": 4, "市区町村コード": 213, "所在地": "宮城県栗原市金成中町１０７", "緯度": 38.810184, "経度": 141.075424, "url": "https://www.iryou.teikyouseido.mhlw.go.jp/znk-web/juminkanja/S2430/initialize?prefCd=04&kikanCd=811043&kikanKbn=3", "url2": null, "内容": "ＫＤクリニック【3:歯科】宮城県栗原市金成中町１０７" }, "geometry": { "type": "Point", "coordinates": [ 141.075424, 38.810184 ] } },
{ "type": "Feature", "properties": { "ID": 43811045, "正式名称": "愛歯科矯正歯科", "機関区分": 3, "都道府県コード": 4, "市区町村コード": 213, "所在地": "宮城県栗原市志波姫堀口見渡２９－１", "緯度": 38.736115, "経度": 141.02417, "url": "https://www.iryou.teikyouseido.mhlw.go.jp/znk-web/juminkanja/S2430/initialize?prefCd=04&kikanCd=811045&kikanKbn=3", "url2": null, "内容": "愛歯科矯正歯科【3:歯科】宮城県栗原市志波姫堀口見渡２９－１" }, "geometry": { "type": "Point", "coordinates": [ 141.02417, 38.736115 ] } },
{ "type": "Feature", "properties": { "ID": 43811046, "正式名称": "医療法人　川井歯科医院", "機関区分": 3, "都道府県コード": 4, "市区町村コード": 213, "所在地": "宮城県栗原市瀬峰長者原４０－３", "緯度": 38.655621, "経度": 141.066788, "url": "https://www.iryou.teikyouseido.mhlw.go.jp/znk-web/juminkanja/S2430/initialize?prefCd=04&kikanCd=811046&kikanKbn=3", "url2": null, "内容": "医療法人　川井歯科医院【3:歯科】宮城県栗原市瀬峰長者原４０－３" }, "geometry": { "type": "Point", "coordinates": [ 141.066788, 38.655621 ] } },
{ "type": "Feature", "properties": { "ID": 43811047, "正式名称": "すずき歯科", "機関区分": 3, "都道府県コード": 4, "市区町村コード": 213, "所在地": "宮城県栗原市志波姫新沼崎６３－１", "緯度": 38.748005, "経度": 141.058029, "url": "https://www.iryou.teikyouseido.mhlw.go.jp/znk-web/juminkanja/S2430/initialize?prefCd=04&kikanCd=811047&kikanKbn=3", "url2": null, "内容": "すずき歯科【3:歯科】宮城県栗原市志波姫新沼崎６３－１" }, "geometry": { "type": "Point", "coordinates": [ 141.058029, 38.748005 ] } },
{ "type": "Feature", "properties": { "ID": 43811048, "正式名称": "鹿野歯科医院", "機関区分": 3, "都道府県コード": 4, "市区町村コード": 213, "所在地": "宮城県栗原市一迫真坂字荒町６", "緯度": 38.73782, "経度": 140.95462, "url": "https://www.iryou.teikyouseido.mhlw.go.jp/znk-web/juminkanja/S2430/initialize?prefCd=04&kikanCd=811048&kikanKbn=3", "url2": null, "内容": "鹿野歯科医院【3:歯科】宮城県栗原市一迫真坂字荒町６" }, "geometry": { "type": "Point", "coordinates": [ 140.95462, 38.73782 ] } },
{ "type": "Feature", "properties": { "ID": 43811049, "正式名称": "医療法人社団飛翔会小田島歯科医院", "機関区分": 3, "都道府県コード": 4, "市区町村コード": 213, "所在地": "宮城県栗原市志波姫新原２９０", "緯度": 38.752087, "経度": 141.06665, "url": "https://www.iryou.teikyouseido.mhlw.go.jp/znk-web/juminkanja/S2430/initialize?prefCd=04&kikanCd=811049&kikanKbn=3", "url2": "https://www.odashima-dc.com/", "内容": "医療法人社団飛翔会小田島歯科医院【3:歯科】宮城県栗原市志波姫新原２９０" }, "geometry": { "type": "Point", "coordinates": [ 141.06665, 38.752087 ] } },
{ "type": "Feature", "properties": { "ID": 43811050, "正式名称": "菊池歯科医院", "機関区分": 3, "都道府県コード": 4, "市区町村コード": 213, "所在地": "宮城県栗原市一迫柳目上田１７４－１", "緯度": 38.734356, "経度": 140.954773, "url": "https://www.iryou.teikyouseido.mhlw.go.jp/znk-web/juminkanja/S2430/initialize?prefCd=04&kikanCd=811050&kikanKbn=3", "url2": null, "内容": "菊池歯科医院【3:歯科】宮城県栗原市一迫柳目上田１７４－１" }, "geometry": { "type": "Point", "coordinates": [ 140.954773, 38.734356 ] } },
{ "type": "Feature", "properties": { "ID": 43811051, "正式名称": "皆川歯科医院", "機関区分": 3, "都道府県コード": 4, "市区町村コード": 205, "所在地": "宮城県気仙沼市赤岩五駄鱈３６", "緯度": 38.88192, "経度": 141.574158, "url": "https://www.iryou.teikyouseido.mhlw.go.jp/znk-web/juminkanja/S2430/initialize?prefCd=04&kikanCd=811051&kikanKbn=3", "url2": null, "内容": "皆川歯科医院【3:歯科】宮城県気仙沼市赤岩五駄鱈３６" }, "geometry": { "type": "Point", "coordinates": [ 141.574158, 38.88192 ] } },
{ "type": "Feature", "properties": { "ID": 43811078, "正式名称": "医療法人社団　裕歯会　イノマタデンタルクリニック", "機関区分": 3, "都道府県コード": 4, "市区町村コード": 101, "所在地": "宮城県仙台市青葉区五橋１－６－２ＫＪビル２階", "緯度": 38.253445, "経度": 140.881088, "url": "https://www.iryou.teikyouseido.mhlw.go.jp/znk-web/juminkanja/S2430/initialize?prefCd=04&kikanCd=811078&kikanKbn=3", "url2": "http://inomatadental.com", "内容": "医療法人社団　裕歯会　イノマタデンタルクリニック【3:歯科】宮城県仙台市青葉区五橋１－６－２ＫＪビル２階" }, "geometry": { "type": "Point", "coordinates": [ 140.881088, 38.253445 ] } },
{ "type": "Feature", "properties": { "ID": 43811101, "正式名称": "松山歯科クリニック", "機関区分": 3, "都道府県コード": 4, "市区町村コード": 215, "所在地": "宮城県大崎市松山金谷字金田４９－３", "緯度": 38.513462, "経度": 141.05986, "url": "https://www.iryou.teikyouseido.mhlw.go.jp/znk-web/juminkanja/S2430/initialize?prefCd=04&kikanCd=811101&kikanKbn=3", "url2": null, "内容": "松山歯科クリニック【3:歯科】宮城県大崎市松山金谷字金田４９－３" }, "geometry": { "type": "Point", "coordinates": [ 141.05986, 38.513462 ] } },
{ "type": "Feature", "properties": { "ID": 43811103, "正式名称": "戸田歯科医院", "機関区分": 3, "都道府県コード": 4, "市区町村コード": 501, "所在地": "宮城県遠田郡涌谷町柳町３１－４", "緯度": 38.539223, "経度": 141.129761, "url": "https://www.iryou.teikyouseido.mhlw.go.jp/znk-web/juminkanja/S2430/initialize?prefCd=04&kikanCd=811103&kikanKbn=3", "url2": null, "内容": "戸田歯科医院【3:歯科】宮城県遠田郡涌谷町柳町３１－４" }, "geometry": { "type": "Point", "coordinates": [ 141.129761, 38.539223 ] } },
{ "type": "Feature", "properties": { "ID": 43811104, "正式名称": "しろやま歯科医院", "機関区分": 3, "都道府県コード": 4, "市区町村コード": 501, "所在地": "宮城県遠田郡涌谷町涌谷字下町１９－２", "緯度": 38.543407, "経度": 141.13382, "url": "https://www.iryou.teikyouseido.mhlw.go.jp/znk-web/juminkanja/S2430/initialize?prefCd=04&kikanCd=811104&kikanKbn=3", "url2": "http://www.shiroyamashikaiin.com", "内容": "しろやま歯科医院【3:歯科】宮城県遠田郡涌谷町涌谷字下町１９－２" }, "geometry": { "type": "Point", "coordinates": [ 141.13382, 38.543407 ] } },
{ "type": "Feature", "properties": { "ID": 43811106, "正式名称": "ササキ歯科クリニック", "機関区分": 3, "都道府県コード": 4, "市区町村コード": 215, "所在地": "宮城県大崎市古川南町４丁目１－２０", "緯度": 38.571098, "経度": 140.952774, "url": "https://www.iryou.teikyouseido.mhlw.go.jp/znk-web/juminkanja/S2430/initialize?prefCd=04&kikanCd=811106&kikanKbn=3", "url2": null, "内容": "ササキ歯科クリニック【3:歯科】宮城県大崎市古川南町４丁目１－２０" }, "geometry": { "type": "Point", "coordinates": [ 140.952774, 38.571098 ] } },
{ "type": "Feature", "properties": { "ID": 43811107, "正式名称": "伊藤歯科医院", "機関区分": 3, "都道府県コード": 4, "市区町村コード": 215, "所在地": "宮城県大崎市岩出山上川原町１９", "緯度": 38.655678, "経度": 140.865143, "url": "https://www.iryou.teikyouseido.mhlw.go.jp/znk-web/juminkanja/S2430/initialize?prefCd=04&kikanCd=811107&kikanKbn=3", "url2": null, "内容": "伊藤歯科医院【3:歯科】宮城県大崎市岩出山上川原町１９" }, "geometry": { "type": "Point", "coordinates": [ 140.865143, 38.655678 ] } },
{ "type": "Feature", "properties": { "ID": 43811109, "正式名称": "医療法人社団　トラストメディカル　阿部歯科医院", "機関区分": 3, "都道府県コード": 4, "市区町村コード": 215, "所在地": "宮城県大崎市鳴子温泉字馬場７３－２", "緯度": 38.736771, "経度": 140.746246, "url": "https://www.iryou.teikyouseido.mhlw.go.jp/znk-web/juminkanja/S2430/initialize?prefCd=04&kikanCd=811109&kikanKbn=3", "url2": "http://abe-do.net/", "内容": "医療法人社団　トラストメディカル　阿部歯科医院【3:歯科】宮城県大崎市鳴子温泉字馬場７３－２" }, "geometry": { "type": "Point", "coordinates": [ 140.746246, 38.736771 ] } },
{ "type": "Feature", "properties": { "ID": 43811111, "正式名称": "菊地歯科診療所", "機関区分": 3, "都道府県コード": 4, "市区町村コード": 215, "所在地": "宮城県大崎市鹿島台平渡上戸下２７－４", "緯度": 38.47794, "経度": 141.097336, "url": "https://www.iryou.teikyouseido.mhlw.go.jp/znk-web/juminkanja/S2430/initialize?prefCd=04&kikanCd=811111&kikanKbn=3", "url2": "http://nttbj.itp.ne.jp/0229565650/", "内容": "菊地歯科診療所【3:歯科】宮城県大崎市鹿島台平渡上戸下２７－４" }, "geometry": { "type": "Point", "coordinates": [ 141.097336, 38.47794 ] } },
{ "type": "Feature", "properties": { "ID": 43811113, "正式名称": "森歯科医院", "機関区分": 3, "都道府県コード": 4, "市区町村コード": 215, "所在地": "宮城県大崎市古川駅東２丁目８－７０", "緯度": 38.572571, "経度": 140.971542, "url": "https://www.iryou.teikyouseido.mhlw.go.jp/znk-web/juminkanja/S2430/initialize?prefCd=04&kikanCd=811113&kikanKbn=3", "url2": null, "内容": "森歯科医院【3:歯科】宮城県大崎市古川駅東２丁目８－７０" }, "geometry": { "type": "Point", "coordinates": [ 140.971542, 38.572571 ] } },
{ "type": "Feature", "properties": { "ID": 43811114, "正式名称": "髙橋歯科クリニック", "機関区分": 3, "都道府県コード": 4, "市区町村コード": 215, "所在地": "宮城県大崎市鳴子温泉字新屋敷１８－３", "緯度": 38.747772, "経度": 140.72052, "url": "https://www.iryou.teikyouseido.mhlw.go.jp/znk-web/juminkanja/S2430/initialize?prefCd=04&kikanCd=811114&kikanKbn=3", "url2": null, "内容": "髙橋歯科クリニック【3:歯科】宮城県大崎市鳴子温泉字新屋敷１８－３" }, "geometry": { "type": "Point", "coordinates": [ 140.72052, 38.747772 ] } },
{ "type": "Feature", "properties": { "ID": 43811115, "正式名称": "中沢歯科医院", "機関区分": 3, "都道府県コード": 4, "市区町村コード": 215, "所在地": "宮城県大崎市田尻沼部字塩加良４６－３", "緯度": 38.596447, "経度": 141.058197, "url": "https://www.iryou.teikyouseido.mhlw.go.jp/znk-web/juminkanja/S2430/initialize?prefCd=04&kikanCd=811115&kikanKbn=3", "url2": null, "内容": "中沢歯科医院【3:歯科】宮城県大崎市田尻沼部字塩加良４６－３" }, "geometry": { "type": "Point", "coordinates": [ 141.058197, 38.596447 ] } },
{ "type": "Feature", "properties": { "ID": 43811116, "正式名称": "加藤歯科クリニック", "機関区分": 3, "都道府県コード": 4, "市区町村コード": 215, "所在地": "宮城県大崎市田尻沼部字新堀１３６－１", "緯度": 38.603168, "経度": 141.046768, "url": "https://www.iryou.teikyouseido.mhlw.go.jp/znk-web/juminkanja/S2430/initialize?prefCd=04&kikanCd=811116&kikanKbn=3", "url2": null, "内容": "加藤歯科クリニック【3:歯科】宮城県大崎市田尻沼部字新堀１３６－１" }, "geometry": { "type": "Point", "coordinates": [ 141.046768, 38.603168 ] } },
{ "type": "Feature", "properties": { "ID": 43811117, "正式名称": "医療法人星陸会柳沢歯科医院", "機関区分": 3, "都道府県コード": 4, "市区町村コード": 215, "所在地": "宮城県大崎市田尻字町１８７", "緯度": 38.59959, "経度": 141.023346, "url": "https://www.iryou.teikyouseido.mhlw.go.jp/znk-web/juminkanja/S2430/initialize?prefCd=04&kikanCd=811117&kikanKbn=3", "url2": null, "内容": "医療法人星陸会柳沢歯科医院【3:歯科】宮城県大崎市田尻字町１８７" }, "geometry": { "type": "Point", "coordinates": [ 141.023346, 38.59959 ] } },
{ "type": "Feature", "properties": { "ID": 43811118, "正式名称": "菊池歯科医院", "機関区分": 3, "都道府県コード": 4, "市区町村コード": 501, "所在地": "宮城県遠田郡涌谷町字本町８６", "緯度": 38.540581, "経度": 141.131104, "url": "https://www.iryou.teikyouseido.mhlw.go.jp/znk-web/juminkanja/S2430/initialize?prefCd=04&kikanCd=811118&kikanKbn=3", "url2": null, "内容": "菊池歯科医院【3:歯科】宮城県遠田郡涌谷町字本町８６" }, "geometry": { "type": "Point", "coordinates": [ 141.131104, 38.540581 ] } },
{ "type": "Feature", "properties": { "ID": 43811119, "正式名称": "よこうち歯科クリニック", "機関区分": 3, "都道府県コード": 4, "市区町村コード": 501, "所在地": "宮城県遠田郡涌谷町字渋江２４８", "緯度": 38.537568, "経度": 141.119371, "url": "https://www.iryou.teikyouseido.mhlw.go.jp/znk-web/juminkanja/S2430/initialize?prefCd=04&kikanCd=811119&kikanKbn=3", "url2": null, "内容": "よこうち歯科クリニック【3:歯科】宮城県遠田郡涌谷町字渋江２４８" }, "geometry": { "type": "Point", "coordinates": [ 141.119371, 38.537568 ] } },
{ "type": "Feature", "properties": { "ID": 43811120, "正式名称": "守安歯科医院", "機関区分": 3, "都道府県コード": 4, "市区町村コード": 215, "所在地": "宮城県大崎市古川七日町６－１３", "緯度": 38.57711, "経度": 140.958191, "url": "https://www.iryou.teikyouseido.mhlw.go.jp/znk-web/juminkanja/S2430/initialize?prefCd=04&kikanCd=811120&kikanKbn=3", "url2": null, "内容": "守安歯科医院【3:歯科】宮城県大崎市古川七日町６－１３" }, "geometry": { "type": "Point", "coordinates": [ 140.958191, 38.57711 ] } },
{ "type": "Feature", "properties": { "ID": 43811121, "正式名称": "日野歯科医院", "機関区分": 3, "都道府県コード": 4, "市区町村コード": 215, "所在地": "宮城県大崎市古川千手寺町１丁目７－７", "緯度": 38.578632, "経度": 140.955643, "url": "https://www.iryou.teikyouseido.mhlw.go.jp/znk-web/juminkanja/S2430/initialize?prefCd=04&kikanCd=811121&kikanKbn=3", "url2": null, "内容": "日野歯科医院【3:歯科】宮城県大崎市古川千手寺町１丁目７－７" }, "geometry": { "type": "Point", "coordinates": [ 140.955643, 38.578632 ] } },
{ "type": "Feature", "properties": { "ID": 43811122, "正式名称": "鹿郷歯科医院", "機関区分": 3, "都道府県コード": 4, "市区町村コード": 215, "所在地": "宮城県大崎市古川台町", "緯度": 38.574169, "経度": 140.961807, "url": "https://www.iryou.teikyouseido.mhlw.go.jp/znk-web/juminkanja/S2430/initialize?prefCd=04&kikanCd=811122&kikanKbn=3", "url2": null, "内容": "鹿郷歯科医院【3:歯科】宮城県大崎市古川台町" }, "geometry": { "type": "Point", "coordinates": [ 140.961807, 38.574169 ] } },
{ "type": "Feature", "properties": { "ID": 43811123, "正式名称": "すぎはら歯科医院", "機関区分": 3, "都道府県コード": 4, "市区町村コード": 215, "所在地": "宮城県大崎市古川北町５丁目３－１２", "緯度": 38.581902, "経度": 140.965698, "url": "https://www.iryou.teikyouseido.mhlw.go.jp/znk-web/juminkanja/S2430/initialize?prefCd=04&kikanCd=811123&kikanKbn=3", "url2": null, "内容": "すぎはら歯科医院【3:歯科】宮城県大崎市古川北町５丁目３－１２" }, "geometry": { "type": "Point", "coordinates": [ 140.965698, 38.581902 ] } },
{ "type": "Feature", "properties": { "ID": 43811124, "正式名称": "青田歯科医院", "機関区分": 3, "都道府県コード": 4, "市区町村コード": 215, "所在地": "宮城県大崎市古川北町３丁目３－２１", "緯度": 38.581432, "経度": 140.963654, "url": "https://www.iryou.teikyouseido.mhlw.go.jp/znk-web/juminkanja/S2430/initialize?prefCd=04&kikanCd=811124&kikanKbn=3", "url2": "http://www.aota.jp", "内容": "青田歯科医院【3:歯科】宮城県大崎市古川北町３丁目３－２１" }, "geometry": { "type": "Point", "coordinates": [ 140.963654, 38.581432 ] } },
{ "type": "Feature", "properties": { "ID": 43811125, "正式名称": "のだ歯科医院", "機関区分": 3, "都道府県コード": 4, "市区町村コード": 215, "所在地": "宮城県大崎市古川休塚字中谷地６９－５", "緯度": 38.592754, "経度": 140.975937, "url": "https://www.iryou.teikyouseido.mhlw.go.jp/znk-web/juminkanja/S2430/initialize?prefCd=04&kikanCd=811125&kikanKbn=3", "url2": null, "内容": "のだ歯科医院【3:歯科】宮城県大崎市古川休塚字中谷地６９－５" }, "geometry": { "type": "Point", "coordinates": [ 140.975937, 38.592754 ] } },
{ "type": "Feature", "properties": { "ID": 43811127, "正式名称": "医療法人豊田会仁歯科クリニック", "機関区分": 3, "都道府県コード": 4, "市区町村コード": 215, "所在地": "宮城県大崎市古川駅前大通２－３－２", "緯度": 38.573498, "経度": 140.965027, "url": "https://www.iryou.teikyouseido.mhlw.go.jp/znk-web/juminkanja/S2430/initialize?prefCd=04&kikanCd=811127&kikanKbn=3", "url2": null, "内容": "医療法人豊田会仁歯科クリニック【3:歯科】宮城県大崎市古川駅前大通２－３－２" }, "geometry": { "type": "Point", "coordinates": [ 140.965027, 38.573498 ] } },
{ "type": "Feature", "properties": { "ID": 43811128, "正式名称": "三沢歯科医院", "機関区分": 3, "都道府県コード": 4, "市区町村コード": 215, "所在地": "宮城県大崎市古川諏訪", "緯度": 38.583515, "経度": 140.952484, "url": "https://www.iryou.teikyouseido.mhlw.go.jp/znk-web/juminkanja/S2430/initialize?prefCd=04&kikanCd=811128&kikanKbn=3", "url2": "http://ninjahp.com/hp/287-misawa-dental/", "内容": "三沢歯科医院【3:歯科】宮城県大崎市古川諏訪" }, "geometry": { "type": "Point", "coordinates": [ 140.952484, 38.583515 ] } },
{ "type": "Feature", "properties": { "ID": 43811129, "正式名称": "かんの歯科クリニック", "機関区分": 3, "都道府県コード": 4, "市区町村コード": 215, "所在地": "宮城県大崎市古川前田町４－１２", "緯度": 38.580528, "経度": 140.958832, "url": "https://www.iryou.teikyouseido.mhlw.go.jp/znk-web/juminkanja/S2430/initialize?prefCd=04&kikanCd=811129&kikanKbn=3", "url2": null, "内容": "かんの歯科クリニック【3:歯科】宮城県大崎市古川前田町４－１２" }, "geometry": { "type": "Point", "coordinates": [ 140.958832, 38.580528 ] } },
{ "type": "Feature", "properties": { "ID": 43811133, "正式名称": "田中歯科医院", "機関区分": 3, "都道府県コード": 4, "市区町村コード": 215, "所在地": "宮城県大崎市鹿島台平渡字新屋敷下１１０", "緯度": 38.476723, "経度": 141.097336, "url": "https://www.iryou.teikyouseido.mhlw.go.jp/znk-web/juminkanja/S2430/initialize?prefCd=04&kikanCd=811133&kikanKbn=3", "url2": null, "内容": "田中歯科医院【3:歯科】宮城県大崎市鹿島台平渡字新屋敷下１１０" }, "geometry": { "type": "Point", "coordinates": [ 141.097336, 38.476723 ] } },
{ "type": "Feature", "properties": { "ID": 43811134, "正式名称": "ふしみ歯科", "機関区分": 3, "都道府県コード": 4, "市区町村コード": 505, "所在地": "宮城県遠田郡美里町北浦字船入２３", "緯度": 38.539108, "経度": 141.057465, "url": "https://www.iryou.teikyouseido.mhlw.go.jp/znk-web/juminkanja/S2430/initialize?prefCd=04&kikanCd=811134&kikanKbn=3", "url2": "http://fushimishika.com", "内容": "ふしみ歯科【3:歯科】宮城県遠田郡美里町北浦字船入２３" }, "geometry": { "type": "Point", "coordinates": [ 141.057465, 38.539108 ] } },
{ "type": "Feature", "properties": { "ID": 43811135, "正式名称": "庄司歯科医院", "機関区分": 3, "都道府県コード": 4, "市区町村コード": 505, "所在地": "宮城県遠田郡美里町字藤ケ崎町９５", "緯度": 38.539684, "経度": 141.061905, "url": "https://www.iryou.teikyouseido.mhlw.go.jp/znk-web/juminkanja/S2430/initialize?prefCd=04&kikanCd=811135&kikanKbn=3", "url2": null, "内容": "庄司歯科医院【3:歯科】宮城県遠田郡美里町字藤ケ崎町９５" }, "geometry": { "type": "Point", "coordinates": [ 141.061905, 38.539684 ] } },
{ "type": "Feature", "properties": { "ID": 43811137, "正式名称": "丸森歯科医院", "機関区分": 3, "都道府県コード": 4, "市区町村コード": 341, "所在地": "宮城県伊具郡丸森町字鳥屋１５０－２", "緯度": 37.911228, "経度": 140.763824, "url": "https://www.iryou.teikyouseido.mhlw.go.jp/znk-web/juminkanja/S2430/initialize?prefCd=04&kikanCd=811137&kikanKbn=3", "url2": null, "内容": "丸森歯科医院【3:歯科】宮城県伊具郡丸森町字鳥屋１５０－２" }, "geometry": { "type": "Point", "coordinates": [ 140.763824, 37.911228 ] } },
{ "type": "Feature", "properties": { "ID": 43811138, "正式名称": "さとう歯科医院", "機関区分": 3, "都道府県コード": 4, "市区町村コード": 323, "所在地": "宮城県柴田郡柴田町槻木上町３丁目１３－８", "緯度": 38.075714, "経度": 140.813354, "url": "https://www.iryou.teikyouseido.mhlw.go.jp/znk-web/juminkanja/S2430/initialize?prefCd=04&kikanCd=811138&kikanKbn=3", "url2": null, "内容": "さとう歯科医院【3:歯科】宮城県柴田郡柴田町槻木上町３丁目１３－８" }, "geometry": { "type": "Point", "coordinates": [ 140.813354, 38.075714 ] } },
{ "type": "Feature", "properties": { "ID": 43811139, "正式名称": "おたべ歯科クリニック", "機関区分": 3, "都道府県コード": 4, "市区町村コード": 323, "所在地": "宮城県柴田郡柴田町槻木白幡２丁目３－３２", "緯度": 38.074242, "経度": 140.811508, "url": "https://www.iryou.teikyouseido.mhlw.go.jp/znk-web/juminkanja/S2430/initialize?prefCd=04&kikanCd=811139&kikanKbn=3", "url2": "http://www.otabe-dc.com/", "内容": "おたべ歯科クリニック【3:歯科】宮城県柴田郡柴田町槻木白幡２丁目３－３２" }, "geometry": { "type": "Point", "coordinates": [ 140.811508, 38.074242 ] } },
{ "type": "Feature", "properties": { "ID": 43811140, "正式名称": "こや歯科医院", "機関区分": 3, "都道府県コード": 4, "市区町村コード": 323, "所在地": "宮城県柴田郡柴田町船岡新栄３丁目４３－１５", "緯度": 38.052826, "経度": 140.783325, "url": "https://www.iryou.teikyouseido.mhlw.go.jp/znk-web/juminkanja/S2430/initialize?prefCd=04&kikanCd=811140&kikanKbn=3", "url2": null, "内容": "こや歯科医院【3:歯科】宮城県柴田郡柴田町船岡新栄３丁目４３－１５" }, "geometry": { "type": "Point", "coordinates": [ 140.783325, 38.052826 ] } },
{ "type": "Feature", "properties": { "ID": 43811141, "正式名称": "山家歯科クリニック", "機関区分": 3, "都道府県コード": 4, "市区町村コード": 324, "所在地": "宮城県柴田郡川崎町大字前川字中町７６－２", "緯度": 38.175007, "経度": 140.643463, "url": "https://www.iryou.teikyouseido.mhlw.go.jp/znk-web/juminkanja/S2430/initialize?prefCd=04&kikanCd=811141&kikanKbn=3", "url2": null, "内容": "山家歯科クリニック【3:歯科】宮城県柴田郡川崎町大字前川字中町７６－２" }, "geometry": { "type": "Point", "coordinates": [ 140.643463, 38.175007 ] } },
{ "type": "Feature", "properties": { "ID": 43811142, "正式名称": "西村歯科医院", "機関区分": 3, "都道府県コード": 4, "市区町村コード": 324, "所在地": "宮城県柴田郡川崎町前川字町尻１２", "緯度": 38.174294, "経度": 140.649094, "url": "https://www.iryou.teikyouseido.mhlw.go.jp/znk-web/juminkanja/S2430/initialize?prefCd=04&kikanCd=811142&kikanKbn=3", "url2": null, "内容": "西村歯科医院【3:歯科】宮城県柴田郡川崎町前川字町尻１２" }, "geometry": { "type": "Point", "coordinates": [ 140.649094, 38.174294 ] } },
{ "type": "Feature", "properties": { "ID": 43811143, "正式名称": "大沼歯科医院", "機関区分": 3, "都道府県コード": 4, "市区町村コード": 322, "所在地": "宮城県柴田郡村田町大字村田字西４８", "緯度": 38.117599, "経度": 140.724213, "url": "https://www.iryou.teikyouseido.mhlw.go.jp/znk-web/juminkanja/S2430/initialize?prefCd=04&kikanCd=811143&kikanKbn=3", "url2": null, "内容": "大沼歯科医院【3:歯科】宮城県柴田郡村田町大字村田字西４８" }, "geometry": { "type": "Point", "coordinates": [ 140.724213, 38.117599 ] } },
{ "type": "Feature", "properties": { "ID": 43811145, "正式名称": "榊原歯科医院", "機関区分": 3, "都道府県コード": 4, "市区町村コード": 322, "所在地": "宮城県柴田郡村田町大字村田字大槻下７３－１", "緯度": 38.12175, "経度": 140.722626, "url": "https://www.iryou.teikyouseido.mhlw.go.jp/znk-web/juminkanja/S2430/initialize?prefCd=04&kikanCd=811145&kikanKbn=3", "url2": null, "内容": "榊原歯科医院【3:歯科】宮城県柴田郡村田町大字村田字大槻下７３－１" }, "geometry": { "type": "Point", "coordinates": [ 140.722626, 38.12175 ] } },
{ "type": "Feature", "properties": { "ID": 43811146, "正式名称": "後藤歯科医院", "機関区分": 3, "都道府県コード": 4, "市区町村コード": 321, "所在地": "宮城県柴田郡大河原町字幸町８－２３", "緯度": 38.047386, "経度": 140.742065, "url": "https://www.iryou.teikyouseido.mhlw.go.jp/znk-web/juminkanja/S2430/initialize?prefCd=04&kikanCd=811146&kikanKbn=3", "url2": "https://www.goto-dent.jp/", "内容": "後藤歯科医院【3:歯科】宮城県柴田郡大河原町字幸町８－２３" }, "geometry": { "type": "Point", "coordinates": [ 140.742065, 38.047386 ] } },
{ "type": "Feature", "properties": { "ID": 43811147, "正式名称": "安藤歯科医院", "機関区分": 3, "都道府県コード": 4, "市区町村コード": 321, "所在地": "宮城県柴田郡大河原町字小島１２－２", "緯度": 38.067577, "経度": 140.736542, "url": "https://www.iryou.teikyouseido.mhlw.go.jp/znk-web/juminkanja/S2430/initialize?prefCd=04&kikanCd=811147&kikanKbn=3", "url2": null, "内容": "安藤歯科医院【3:歯科】宮城県柴田郡大河原町字小島１２－２" }, "geometry": { "type": "Point", "coordinates": [ 140.736542, 38.067577 ] } },
{ "type": "Feature", "properties": { "ID": 43811149, "正式名称": "えんどう歯科医院", "機関区分": 3, "都道府県コード": 4, "市区町村コード": 321, "所在地": "宮城県柴田郡大河原町字新南３７－５", "緯度": 38.050327, "経度": 140.73056, "url": "https://www.iryou.teikyouseido.mhlw.go.jp/znk-web/juminkanja/S2430/initialize?prefCd=04&kikanCd=811149&kikanKbn=3", "url2": null, "内容": "えんどう歯科医院【3:歯科】宮城県柴田郡大河原町字新南３７－５" }, "geometry": { "type": "Point", "coordinates": [ 140.73056, 38.050327 ] } },
{ "type": "Feature", "properties": { "ID": 43811150, "正式名称": "大河原歯科医院", "機関区分": 3, "都道府県コード": 4, "市区町村コード": 321, "所在地": "宮城県柴田郡大河原町字新南５８－８", "緯度": 38.051662, "経度": 140.72998, "url": "https://www.iryou.teikyouseido.mhlw.go.jp/znk-web/juminkanja/S2430/initialize?prefCd=04&kikanCd=811150&kikanKbn=3", "url2": null, "内容": "大河原歯科医院【3:歯科】宮城県柴田郡大河原町字新南５８－８" }, "geometry": { "type": "Point", "coordinates": [ 140.72998, 38.051662 ] } },
{ "type": "Feature", "properties": { "ID": 43811151, "正式名称": "あいはら歯科医院", "機関区分": 3, "都道府県コード": 4, "市区町村コード": 321, "所在地": "宮城県柴田郡大河原町字西桜町２１－１", "緯度": 38.059513, "経度": 140.743118, "url": "https://www.iryou.teikyouseido.mhlw.go.jp/znk-web/juminkanja/S2430/initialize?prefCd=04&kikanCd=811151&kikanKbn=3", "url2": null, "内容": "あいはら歯科医院【3:歯科】宮城県柴田郡大河原町字西桜町２１－１" }, "geometry": { "type": "Point", "coordinates": [ 140.743118, 38.059513 ] } },
{ "type": "Feature", "properties": { "ID": 43811152, "正式名称": "医療法人社団昌慶会　はせ歯科医院", "機関区分": 3, "都道府県コード": 4, "市区町村コード": 321, "所在地": "宮城県柴田郡大河原町字中島町７－６", "緯度": 38.04446, "経度": 140.739716, "url": "https://www.iryou.teikyouseido.mhlw.go.jp/znk-web/juminkanja/S2430/initialize?prefCd=04&kikanCd=811152&kikanKbn=3", "url2": null, "内容": "医療法人社団昌慶会　はせ歯科医院【3:歯科】宮城県柴田郡大河原町字中島町７－６" }, "geometry": { "type": "Point", "coordinates": [ 140.739716, 38.04446 ] } },
{ "type": "Feature", "properties": { "ID": 43811154, "正式名称": "さくら歯科", "機関区分": 3, "都道府県コード": 4, "市区町村コード": 321, "所在地": "宮城県柴田郡大河原町字東新町６－９", "緯度": 38.043667, "経度": 140.714874, "url": "https://www.iryou.teikyouseido.mhlw.go.jp/znk-web/juminkanja/S2430/initialize?prefCd=04&kikanCd=811154&kikanKbn=3", "url2": "https://www.dent-sakura.com/", "内容": "さくら歯科【3:歯科】宮城県柴田郡大河原町字東新町６－９" }, "geometry": { "type": "Point", "coordinates": [ 140.714874, 38.043667 ] } },
{ "type": "Feature", "properties": { "ID": 43811156, "正式名称": "小田部歯科医院", "機関区分": 3, "都道府県コード": 4, "市区町村コード": 321, "所在地": "宮城県柴田郡大河原町大谷字町向１０１－５", "緯度": 38.047329, "経度": 140.738678, "url": "https://www.iryou.teikyouseido.mhlw.go.jp/znk-web/juminkanja/S2430/initialize?prefCd=04&kikanCd=811156&kikanKbn=3", "url2": null, "内容": "小田部歯科医院【3:歯科】宮城県柴田郡大河原町大谷字町向１０１－５" }, "geometry": { "type": "Point", "coordinates": [ 140.738678, 38.047329 ] } },
{ "type": "Feature", "properties": { "ID": 43811157, "正式名称": "いのうえ歯科医院", "機関区分": 3, "都道府県コード": 4, "市区町村コード": 321, "所在地": "宮城県柴田郡大河原町新東３２－７", "緯度": 38.058441, "経度": 140.734299, "url": "https://www.iryou.teikyouseido.mhlw.go.jp/znk-web/juminkanja/S2430/initialize?prefCd=04&kikanCd=811157&kikanKbn=3", "url2": null, "内容": "いのうえ歯科医院【3:歯科】宮城県柴田郡大河原町新東３２－７" }, "geometry": { "type": "Point", "coordinates": [ 140.734299, 38.058441 ] } },
{ "type": "Feature", "properties": { "ID": 43811158, "正式名称": "もり歯科クリニック", "機関区分": 3, "都道府県コード": 4, "市区町村コード": 321, "所在地": "宮城県柴田郡大河原町字町６３－１", "緯度": 38.050877, "経度": 140.734818, "url": "https://www.iryou.teikyouseido.mhlw.go.jp/znk-web/juminkanja/S2430/initialize?prefCd=04&kikanCd=811158&kikanKbn=3", "url2": null, "内容": "もり歯科クリニック【3:歯科】宮城県柴田郡大河原町字町６３－１" }, "geometry": { "type": "Point", "coordinates": [ 140.734818, 38.050877 ] } },
{ "type": "Feature", "properties": { "ID": 43811159, "正式名称": "スエヒロ歯科医院", "機関区分": 3, "都道府県コード": 4, "市区町村コード": 321, "所在地": "宮城県柴田郡大河原町大谷字末広４５", "緯度": 38.052338, "経度": 140.740921, "url": "https://www.iryou.teikyouseido.mhlw.go.jp/znk-web/juminkanja/S2430/initialize?prefCd=04&kikanCd=811159&kikanKbn=3", "url2": null, "内容": "スエヒロ歯科医院【3:歯科】宮城県柴田郡大河原町大谷字末広４５" }, "geometry": { "type": "Point", "coordinates": [ 140.740921, 38.052338 ] } },
{ "type": "Feature", "properties": { "ID": 43811160, "正式名称": "谷津歯科医院", "機関区分": 3, "都道府県コード": 4, "市区町村コード": 206, "所在地": "宮城県白石市字延命寺北１６－２", "緯度": 38.009426, "経度": 140.62326, "url": "https://www.iryou.teikyouseido.mhlw.go.jp/znk-web/juminkanja/S2430/initialize?prefCd=04&kikanCd=811160&kikanKbn=3", "url2": null, "内容": "谷津歯科医院【3:歯科】宮城県白石市字延命寺北１６－２" }, "geometry": { "type": "Point", "coordinates": [ 140.62326, 38.009426 ] } },
{ "type": "Feature", "properties": { "ID": 43811161, "正式名称": "清原歯科医院", "機関区分": 3, "都道府県コード": 4, "市区町村コード": 206, "所在地": "宮城県白石市銚子ケ森１０－３９", "緯度": 38.000683, "経度": 140.628159, "url": "https://www.iryou.teikyouseido.mhlw.go.jp/znk-web/juminkanja/S2430/initialize?prefCd=04&kikanCd=811161&kikanKbn=3", "url2": "http://www.kiyoharashika.jp/", "内容": "清原歯科医院【3:歯科】宮城県白石市銚子ケ森１０－３９" }, "geometry": { "type": "Point", "coordinates": [ 140.628159, 38.000683 ] } },
{ "type": "Feature", "properties": { "ID": 43811163, "正式名称": "亘理歯科医院", "機関区分": 3, "都道府県コード": 4, "市区町村コード": 206, "所在地": "宮城県白石市字亘理町３５ー１", "緯度": 38.007388, "経度": 140.621281, "url": "https://www.iryou.teikyouseido.mhlw.go.jp/znk-web/juminkanja/S2430/initialize?prefCd=04&kikanCd=811163&kikanKbn=3", "url2": "http://watari-dental.com", "内容": "亘理歯科医院【3:歯科】宮城県白石市字亘理町３５ー１" }, "geometry": { "type": "Point", "coordinates": [ 140.621281, 38.007388 ] } },
{ "type": "Feature", "properties": { "ID": 43811164, "正式名称": "広瀬歯科医院", "機関区分": 3, "都道府県コード": 4, "市区町村コード": 206, "所在地": "宮城県白石市西益岡町１０−１", "緯度": 38.004707, "経度": 140.612183, "url": "https://www.iryou.teikyouseido.mhlw.go.jp/znk-web/juminkanja/S2430/initialize?prefCd=04&kikanCd=811164&kikanKbn=3", "url2": null, "内容": "広瀬歯科医院【3:歯科】宮城県白石市西益岡町１０−１" }, "geometry": { "type": "Point", "coordinates": [ 140.612183, 38.004707 ] } },
{ "type": "Feature", "properties": { "ID": 43811165, "正式名称": "けんじ歯科クリニック", "機関区分": 3, "都道府県コード": 4, "市区町村コード": 206, "所在地": "宮城県白石市西益岡町", "緯度": 38.005711, "経度": 140.614334, "url": "https://www.iryou.teikyouseido.mhlw.go.jp/znk-web/juminkanja/S2430/initialize?prefCd=04&kikanCd=811165&kikanKbn=3", "url2": null, "内容": "けんじ歯科クリニック【3:歯科】宮城県白石市西益岡町" }, "geometry": { "type": "Point", "coordinates": [ 140.614334, 38.005711 ] } },
{ "type": "Feature", "properties": { "ID": 43811167, "正式名称": "かおる歯科医院", "機関区分": 3, "都道府県コード": 4, "市区町村コード": 206, "所在地": "宮城県白石市鷹巣東１丁目５－１６", "緯度": 37.997494, "経度": 140.636703, "url": "https://www.iryou.teikyouseido.mhlw.go.jp/znk-web/juminkanja/S2430/initialize?prefCd=04&kikanCd=811167&kikanKbn=3", "url2": "https://kaorushika.com/", "内容": "かおる歯科医院【3:歯科】宮城県白石市鷹巣東１丁目５－１６" }, "geometry": { "type": "Point", "coordinates": [ 140.636703, 37.997494 ] } },
{ "type": "Feature", "properties": { "ID": 43811168, "正式名称": "千木良デンタルクリニック", "機関区分": 3, "都道府県コード": 4, "市区町村コード": 206, "所在地": "宮城県白石市沢端町１－２８", "緯度": 38.004791, "経度": 140.619507, "url": "https://www.iryou.teikyouseido.mhlw.go.jp/znk-web/juminkanja/S2430/initialize?prefCd=04&kikanCd=811168&kikanKbn=3", "url2": "http://www.chigira-dental.jp", "内容": "千木良デンタルクリニック【3:歯科】宮城県白石市沢端町１－２８" }, "geometry": { "type": "Point", "coordinates": [ 140.619507, 38.004791 ] } },
{ "type": "Feature", "properties": { "ID": 43811171, "正式名称": "もにわファミリー歯科クリニック", "機関区分": 3, "都道府県コード": 4, "市区町村コード": 104, "所在地": "宮城県仙台市太白区茂庭１－２　フォレストモール仙台茂庭内", "緯度": 38.222999, "経度": 140.794277, "url": "https://www.iryou.teikyouseido.mhlw.go.jp/znk-web/juminkanja/S2430/initialize?prefCd=04&kikanCd=811171&kikanKbn=3", "url2": "http://www.moniwa-family-shika.com/", "内容": "もにわファミリー歯科クリニック【3:歯科】宮城県仙台市太白区茂庭１－２　フォレストモール仙台茂庭内" }, "geometry": { "type": "Point", "coordinates": [ 140.794277, 38.222999 ] } },
{ "type": "Feature", "properties": { "ID": 43811172, "正式名称": "小野歯科医院", "機関区分": 3, "都道府県コード": 4, "市区町村コード": 206, "所在地": "宮城県白石市東町一丁目一の十番地", "緯度": 37.997002, "経度": 140.627441, "url": "https://www.iryou.teikyouseido.mhlw.go.jp/znk-web/juminkanja/S2430/initialize?prefCd=04&kikanCd=811172&kikanKbn=3", "url2": null, "内容": "小野歯科医院【3:歯科】宮城県白石市東町一丁目一の十番地" }, "geometry": { "type": "Point", "coordinates": [ 140.627441, 37.997002 ] } },
{ "type": "Feature", "properties": { "ID": 43811173, "正式名称": "八代歯科クリニック", "機関区分": 3, "都道府県コード": 4, "市区町村コード": 103, "所在地": "宮城県仙台市若林区三百人町２２", "緯度": 38.246075, "経度": 140.896408, "url": "https://www.iryou.teikyouseido.mhlw.go.jp/znk-web/juminkanja/S2430/initialize?prefCd=04&kikanCd=811173&kikanKbn=3", "url2": null, "内容": "八代歯科クリニック【3:歯科】宮城県仙台市若林区三百人町２２" }, "geometry": { "type": "Point", "coordinates": [ 140.896408, 38.246075 ] } },
{ "type": "Feature", "properties": { "ID": 43811174, "正式名称": "やしま歯科医院", "機関区分": 3, "都道府県コード": 4, "市区町村コード": 103, "所在地": "宮城県仙台市若林区大和町２－８－１", "緯度": 38.248039, "経度": 140.914841, "url": "https://www.iryou.teikyouseido.mhlw.go.jp/znk-web/juminkanja/S2430/initialize?prefCd=04&kikanCd=811174&kikanKbn=3", "url2": "https://www.yashima-shika.net/", "内容": "やしま歯科医院【3:歯科】宮城県仙台市若林区大和町２－８－１" }, "geometry": { "type": "Point", "coordinates": [ 140.914841, 38.248039 ] } },
{ "type": "Feature", "properties": { "ID": 43811175, "正式名称": "やおいた歯科", "機関区分": 3, "都道府県コード": 4, "市区町村コード": 103, "所在地": "宮城県仙台市若林区荒町１２３　３階", "緯度": 38.249573, "経度": 140.882034, "url": "https://www.iryou.teikyouseido.mhlw.go.jp/znk-web/juminkanja/S2430/initialize?prefCd=04&kikanCd=811175&kikanKbn=3", "url2": "https://www.yaoita-shika.com", "内容": "やおいた歯科【3:歯科】宮城県仙台市若林区荒町１２３　３階" }, "geometry": { "type": "Point", "coordinates": [ 140.882034, 38.249573 ] } },
{ "type": "Feature", "properties": { "ID": 43811178, "正式名称": "六郷いわまつ歯科", "機関区分": 3, "都道府県コード": 4, "市区町村コード": 103, "所在地": "宮城県仙台市若林区六郷１５－１８", "緯度": 38.213272, "経度": 140.934952, "url": "https://www.iryou.teikyouseido.mhlw.go.jp/znk-web/juminkanja/S2430/initialize?prefCd=04&kikanCd=811178&kikanKbn=3", "url2": "http://e-kigyo.jp/rokugo-dent/index.html", "内容": "六郷いわまつ歯科【3:歯科】宮城県仙台市若林区六郷１５－１８" }, "geometry": { "type": "Point", "coordinates": [ 140.934952, 38.213272 ] } },
{ "type": "Feature", "properties": { "ID": 43811179, "正式名称": "よしゆき歯科医院", "機関区分": 3, "都道府県コード": 4, "市区町村コード": 103, "所在地": "宮城県仙台市若林区遠見塚東１－１５", "緯度": 38.240009, "経度": 140.91922, "url": "https://www.iryou.teikyouseido.mhlw.go.jp/znk-web/juminkanja/S2430/initialize?prefCd=04&kikanCd=811179&kikanKbn=3", "url2": "http://www.yoshiyuki-shika.com/", "内容": "よしゆき歯科医院【3:歯科】宮城県仙台市若林区遠見塚東１－１５" }, "geometry": { "type": "Point", "coordinates": [ 140.91922, 38.240009 ] } },
{ "type": "Feature", "properties": { "ID": 43811181, "正式名称": "東部団地金野歯科医院", "機関区分": 3, "都道府県コード": 4, "市区町村コード": 103, "所在地": "宮城県仙台市若林区鶴代町６－３　１Ｆ", "緯度": 38.257507, "経度": 140.953491, "url": "https://www.iryou.teikyouseido.mhlw.go.jp/znk-web/juminkanja/S2430/initialize?prefCd=04&kikanCd=811181&kikanKbn=3", "url2": null, "内容": "東部団地金野歯科医院【3:歯科】宮城県仙台市若林区鶴代町６－３　１Ｆ" }, "geometry": { "type": "Point", "coordinates": [ 140.953491, 38.257507 ] } },
{ "type": "Feature", "properties": { "ID": 43811182, "正式名称": "寺島歯科医院", "機関区分": 3, "都道府県コード": 4, "市区町村コード": 103, "所在地": "宮城県仙台市若林区中倉２丁目１－２４", "緯度": 38.243611, "経度": 140.91353, "url": "https://www.iryou.teikyouseido.mhlw.go.jp/znk-web/juminkanja/S2430/initialize?prefCd=04&kikanCd=811182&kikanKbn=3", "url2": null, "内容": "寺島歯科医院【3:歯科】宮城県仙台市若林区中倉２丁目１－２４" }, "geometry": { "type": "Point", "coordinates": [ 140.91353, 38.243611 ] } },
{ "type": "Feature", "properties": { "ID": 43811183, "正式名称": "坪田歯科医院", "機関区分": 3, "都道府県コード": 4, "市区町村コード": 103, "所在地": "宮城県仙台市若林区石垣町１４番地の２", "緯度": 38.247711, "経度": 140.886128, "url": "https://www.iryou.teikyouseido.mhlw.go.jp/znk-web/juminkanja/S2430/initialize?prefCd=04&kikanCd=811183&kikanKbn=3", "url2": "http://r.goope.jp/d-tsubota", "内容": "坪田歯科医院【3:歯科】宮城県仙台市若林区石垣町１４番地の２" }, "geometry": { "type": "Point", "coordinates": [ 140.886128, 38.247711 ] } },
{ "type": "Feature", "properties": { "ID": 43811184, "正式名称": "ちば歯科医院", "機関区分": 3, "都道府県コード": 4, "市区町村コード": 103, "所在地": "宮城県仙台市若林区河原町１－３－３８", "緯度": 38.237221, "経度": 140.889969, "url": "https://www.iryou.teikyouseido.mhlw.go.jp/znk-web/juminkanja/S2430/initialize?prefCd=04&kikanCd=811184&kikanKbn=3", "url2": "http://chibadentalclinic.com", "内容": "ちば歯科医院【3:歯科】宮城県仙台市若林区河原町１－３－３８" }, "geometry": { "type": "Point", "coordinates": [ 140.889969, 38.237221 ] } },
{ "type": "Feature", "properties": { "ID": 43811186, "正式名称": "仙台歯科医院", "機関区分": 3, "都道府県コード": 4, "市区町村コード": 103, "所在地": "宮城県仙台市若林区二軒茶屋２－３", "緯度": 38.254452, "経度": 140.896301, "url": "https://www.iryou.teikyouseido.mhlw.go.jp/znk-web/juminkanja/S2430/initialize?prefCd=04&kikanCd=811186&kikanKbn=3", "url2": "http://www.sendai-shika.com", "内容": "仙台歯科医院【3:歯科】宮城県仙台市若林区二軒茶屋２－３" }, "geometry": { "type": "Point", "coordinates": [ 140.896301, 38.254452 ] } },
{ "type": "Feature", "properties": { "ID": 43811188, "正式名称": "医療法人黎明会　薬師堂すがわら歯科", "機関区分": 3, "都道府県コード": 4, "市区町村コード": 103, "所在地": "宮城県仙台市若林区木ノ下３－１６－２１　薬師堂ＡＴＴＲＡ２階", "緯度": 38.250052, "経度": 140.904457, "url": "https://www.iryou.teikyouseido.mhlw.go.jp/znk-web/juminkanja/S2430/initialize?prefCd=04&kikanCd=811188&kikanKbn=3", "url2": "https://yakushido-sugawarashika.com/", "内容": "医療法人黎明会　薬師堂すがわら歯科【3:歯科】宮城県仙台市若林区木ノ下３－１６－２１　薬師堂ＡＴＴＲＡ２階" }, "geometry": { "type": "Point", "coordinates": [ 140.904457, 38.250052 ] } },
{ "type": "Feature", "properties": { "ID": 43811191, "正式名称": "あきデンタルクリニック", "機関区分": 3, "都道府県コード": 4, "市区町村コード": 103, "所在地": "宮城県仙台市若林区上飯田２丁目５－３０", "緯度": 38.218788, "経度": 140.91983, "url": "https://www.iryou.teikyouseido.mhlw.go.jp/znk-web/juminkanja/S2430/initialize?prefCd=04&kikanCd=811191&kikanKbn=3", "url2": "http://www.aki-dc.net", "内容": "あきデンタルクリニック【3:歯科】宮城県仙台市若林区上飯田２丁目５－３０" }, "geometry": { "type": "Point", "coordinates": [ 140.91983, 38.218788 ] } },
{ "type": "Feature", "properties": { "ID": 43811193, "正式名称": "うえき歯科クリニック", "機関区分": 3, "都道府県コード": 4, "市区町村コード": 103, "所在地": "宮城県仙台市若林区なないろの里３－１－１３", "緯度": 38.238319, "経度": 140.929428, "url": "https://www.iryou.teikyouseido.mhlw.go.jp/znk-web/juminkanja/S2430/initialize?prefCd=04&kikanCd=811193&kikanKbn=3", "url2": "http://www.ueki-dentalclinic.com", "内容": "うえき歯科クリニック【3:歯科】宮城県仙台市若林区なないろの里３－１－１３" }, "geometry": { "type": "Point", "coordinates": [ 140.929428, 38.238319 ] } },
{ "type": "Feature", "properties": { "ID": 43811194, "正式名称": "医療法人仙禮会　仙台第一若林歯科医院", "機関区分": 3, "都道府県コード": 4, "市区町村コード": 103, "所在地": "宮城県仙台市若林区伊在２丁目２－４", "緯度": 38.248187, "経度": 140.936248, "url": "https://www.iryou.teikyouseido.mhlw.go.jp/znk-web/juminkanja/S2430/initialize?prefCd=04&kikanCd=811194&kikanKbn=3", "url2": null, "内容": "医療法人仙禮会　仙台第一若林歯科医院【3:歯科】宮城県仙台市若林区伊在２丁目２－４" }, "geometry": { "type": "Point", "coordinates": [ 140.936248, 38.248187 ] } },
{ "type": "Feature", "properties": { "ID": 43811197, "正式名称": "江場歯科医院", "機関区分": 3, "都道府県コード": 4, "市区町村コード": 103, "所在地": "宮城県仙台市若林区連坊小路", "緯度": 38.251484, "経度": 140.88942, "url": "https://www.iryou.teikyouseido.mhlw.go.jp/znk-web/juminkanja/S2430/initialize?prefCd=04&kikanCd=811197&kikanKbn=3", "url2": null, "内容": "江場歯科医院【3:歯科】宮城県仙台市若林区連坊小路" }, "geometry": { "type": "Point", "coordinates": [ 140.88942, 38.251484 ] } },
{ "type": "Feature", "properties": { "ID": 43811198, "正式名称": "すずき歯科クリニック", "機関区分": 3, "都道府県コード": 4, "市区町村コード": 103, "所在地": "宮城県仙台市若林区一本杉町１８－１２", "緯度": 38.244674, "経度": 140.903706, "url": "https://www.iryou.teikyouseido.mhlw.go.jp/znk-web/juminkanja/S2430/initialize?prefCd=04&kikanCd=811198&kikanKbn=3", "url2": "http://www.dental-clinic-suzuki.com/", "内容": "すずき歯科クリニック【3:歯科】宮城県仙台市若林区一本杉町１８－１２" }, "geometry": { "type": "Point", "coordinates": [ 140.903706, 38.244674 ] } },
{ "type": "Feature", "properties": { "ID": 43811199, "正式名称": "なないろの里矯正歯科クリニック", "機関区分": 3, "都道府県コード": 4, "市区町村コード": 103, "所在地": "宮城県仙台市若林区なないろの里２－２０－１", "緯度": 38.239647, "経度": 140.932236, "url": "https://www.iryou.teikyouseido.mhlw.go.jp/znk-web/juminkanja/S2430/initialize?prefCd=04&kikanCd=811199&kikanKbn=3", "url2": "https://www.nanaironosato-ortho.com", "内容": "なないろの里矯正歯科クリニック【3:歯科】宮城県仙台市若林区なないろの里２－２０－１" }, "geometry": { "type": "Point", "coordinates": [ 140.932236, 38.239647 ] } },
{ "type": "Feature", "properties": { "ID": 43811200, "正式名称": "佐瀬歯科医院", "機関区分": 3, "都道府県コード": 4, "市区町村コード": 103, "所在地": "宮城県仙台市若林区荒町１６", "緯度": 38.248344, "経度": 140.886429, "url": "https://www.iryou.teikyouseido.mhlw.go.jp/znk-web/juminkanja/S2430/initialize?prefCd=04&kikanCd=811200&kikanKbn=3", "url2": "http://sase-dental.la.coocan.jp", "内容": "佐瀬歯科医院【3:歯科】宮城県仙台市若林区荒町１６" }, "geometry": { "type": "Point", "coordinates": [ 140.886429, 38.248344 ] } },
{ "type": "Feature", "properties": { "ID": 43811203, "正式名称": "医療法人社団シンセティックデンタルグループ歯科ニュージャパン", "機関区分": 3, "都道府県コード": 4, "市区町村コード": 101, "所在地": "宮城県仙台市青葉区一番町一丁目２ー３３エムバランス仙台一番町１階", "緯度": 38.258116, "経度": 140.874154, "url": "https://www.iryou.teikyouseido.mhlw.go.jp/znk-web/juminkanja/S2430/initialize?prefCd=04&kikanCd=811203&kikanKbn=3", "url2": "https://www.n-jp.com/", "内容": "医療法人社団シンセティックデンタルグループ歯科ニュージャパン【3:歯科】宮城県仙台市青葉区一番町一丁目２ー３３エムバランス仙台一番町１階" }, "geometry": { "type": "Point", "coordinates": [ 140.874154, 38.258116 ] } },
{ "type": "Feature", "properties": { "ID": 43811207, "正式名称": "子平町歯科医院", "機関区分": 3, "都道府県コード": 4, "市区町村コード": 101, "所在地": "宮城県仙台市青葉区八幡", "緯度": 38.274303, "経度": 140.850723, "url": "https://www.iryou.teikyouseido.mhlw.go.jp/znk-web/juminkanja/S2430/initialize?prefCd=04&kikanCd=811207&kikanKbn=3", "url2": "http://www.shiheichoh-do.com", "内容": "子平町歯科医院【3:歯科】宮城県仙台市青葉区八幡" }, "geometry": { "type": "Point", "coordinates": [ 140.850723, 38.274303 ] } },
{ "type": "Feature", "properties": { "ID": 43811209, "正式名称": "一般社団法人　仙台歯科医師会　在宅訪問・障害者・休日夜間歯科診療所　荒井診療所", "機関区分": 3, "都道府県コード": 4, "市区町村コード": 103, "所在地": "宮城県仙台市若林区荒井６丁目１２－４", "緯度": 38.244555, "経度": 140.947723, "url": "https://www.iryou.teikyouseido.mhlw.go.jp/znk-web/juminkanja/S2430/initialize?prefCd=04&kikanCd=811209&kikanKbn=3", "url2": "http://www.s-da.or.jp/", "内容": "一般社団法人　仙台歯科医師会　在宅訪問・障害者・休日夜間歯科診療所　荒井診療所【3:歯科】宮城県仙台市若林区荒井６丁目１２－４" }, "geometry": { "type": "Point", "coordinates": [ 140.947723, 38.244555 ] } },
{ "type": "Feature", "properties": { "ID": 43811210, "正式名称": "じゅん歯科クリニック", "機関区分": 3, "都道府県コード": 4, "市区町村コード": 101, "所在地": "宮城県仙台市青葉区南吉成２丁目９－２", "緯度": 38.284309, "経度": 140.82048, "url": "https://www.iryou.teikyouseido.mhlw.go.jp/znk-web/juminkanja/S2430/initialize?prefCd=04&kikanCd=811210&kikanKbn=3", "url2": null, "内容": "じゅん歯科クリニック【3:歯科】宮城県仙台市青葉区南吉成２丁目９－２" }, "geometry": { "type": "Point", "coordinates": [ 140.82048, 38.284309 ] } },
{ "type": "Feature", "properties": { "ID": 43811213, "正式名称": "柏木歯科医院", "機関区分": 3, "都道府県コード": 4, "市区町村コード": 101, "所在地": "宮城県仙台市青葉区柏木１丁目５－１９", "緯度": 38.274426, "経度": 140.862274, "url": "https://www.iryou.teikyouseido.mhlw.go.jp/znk-web/juminkanja/S2430/initialize?prefCd=04&kikanCd=811213&kikanKbn=3", "url2": "https://www.kashiwagi-dental.jp", "内容": "柏木歯科医院【3:歯科】宮城県仙台市青葉区柏木１丁目５－１９" }, "geometry": { "type": "Point", "coordinates": [ 140.862274, 38.274426 ] } },
{ "type": "Feature", "properties": { "ID": 43811214, "正式名称": "エスパル仙台　デンタル　Ｎｅｏ", "機関区分": 3, "都道府県コード": 4, "市区町村コード": 101, "所在地": "宮城県仙台市青葉区中央１丁目１－１　エスパル仙台東館４Ｆ", "緯度": 38.259395, "経度": 140.882765, "url": "https://www.iryou.teikyouseido.mhlw.go.jp/znk-web/juminkanja/S2430/initialize?prefCd=04&kikanCd=811214&kikanKbn=3", "url2": "https://dentalneo.jp/", "内容": "エスパル仙台　デンタル　Ｎｅｏ【3:歯科】宮城県仙台市青葉区中央１丁目１－１　エスパル仙台東館４Ｆ" }, "geometry": { "type": "Point", "coordinates": [ 140.882765, 38.259395 ] } },
{ "type": "Feature", "properties": { "ID": 43811215, "正式名称": "アーバン歯科クリニック", "機関区分": 3, "都道府県コード": 4, "市区町村コード": 101, "所在地": "宮城県仙台市青葉区上杉３－３－１７　２階", "緯度": 38.270142, "経度": 140.874878, "url": "https://www.iryou.teikyouseido.mhlw.go.jp/znk-web/juminkanja/S2430/initialize?prefCd=04&kikanCd=811215&kikanKbn=3", "url2": null, "内容": "アーバン歯科クリニック【3:歯科】宮城県仙台市青葉区上杉３－３－１７　２階" }, "geometry": { "type": "Point", "coordinates": [ 140.874878, 38.270142 ] } },
{ "type": "Feature", "properties": { "ID": 43811216, "正式名称": "アート歯科クリニック", "機関区分": 3, "都道府県コード": 4, "市区町村コード": 101, "所在地": "宮城県仙台市青葉区角五郎２丁目１７－１２", "緯度": 38.26527, "経度": 140.849976, "url": "https://www.iryou.teikyouseido.mhlw.go.jp/znk-web/juminkanja/S2430/initialize?prefCd=04&kikanCd=811216&kikanKbn=3", "url2": "http://www.art-dental.jp/", "内容": "アート歯科クリニック【3:歯科】宮城県仙台市青葉区角五郎２丁目１７－１２" }, "geometry": { "type": "Point", "coordinates": [ 140.849976, 38.26527 ] } },
{ "type": "Feature", "properties": { "ID": 43811217, "正式名称": "よねかわ歯科医院", "機関区分": 3, "都道府県コード": 4, "市区町村コード": 101, "所在地": "宮城県仙台市青葉区愛子東", "緯度": 38.273323, "経度": 140.776321, "url": "https://www.iryou.teikyouseido.mhlw.go.jp/znk-web/juminkanja/S2430/initialize?prefCd=04&kikanCd=811217&kikanKbn=3", "url2": null, "内容": "よねかわ歯科医院【3:歯科】宮城県仙台市青葉区愛子東" }, "geometry": { "type": "Point", "coordinates": [ 140.776321, 38.273323 ] } },
{ "type": "Feature", "properties": { "ID": 43811219, "正式名称": "しゅうファミリー歯科", "機関区分": 3, "都道府県コード": 4, "市区町村コード": 216, "所在地": "宮城県富谷市日吉台１丁目２１－１１", "緯度": 38.37032, "経度": 140.86498, "url": "https://www.iryou.teikyouseido.mhlw.go.jp/znk-web/juminkanja/S2430/initialize?prefCd=04&kikanCd=811219&kikanKbn=3", "url2": "https://shu-family-dental.com", "内容": "しゅうファミリー歯科【3:歯科】宮城県富谷市日吉台１丁目２１－１１" }, "geometry": { "type": "Point", "coordinates": [ 140.86498, 38.37032 ] } },
{ "type": "Feature", "properties": { "ID": 43811221, "正式名称": "仙台ときわ歯科", "機関区分": 3, "都道府県コード": 4, "市区町村コード": 101, "所在地": "宮城県仙台市青葉区木町通１丁目３－１５", "緯度": 38.267773, "経度": 140.862826, "url": "https://www.iryou.teikyouseido.mhlw.go.jp/znk-web/juminkanja/S2430/initialize?prefCd=04&kikanCd=811221&kikanKbn=3", "url2": "http://www.sendai-tokiwa-shika.jp/", "内容": "仙台ときわ歯科【3:歯科】宮城県仙台市青葉区木町通１丁目３－１５" }, "geometry": { "type": "Point", "coordinates": [ 140.862826, 38.267773 ] } },
{ "type": "Feature", "properties": { "ID": 43811222, "正式名称": "医療法人社団　ヨシノデンタルクリニック", "機関区分": 3, "都道府県コード": 4, "市区町村コード": 101, "所在地": "宮城県仙台市青葉区東照宮２丁目２－７", "緯度": 38.278694, "経度": 140.885391, "url": "https://www.iryou.teikyouseido.mhlw.go.jp/znk-web/juminkanja/S2430/initialize?prefCd=04&kikanCd=811222&kikanKbn=3", "url2": "http://www.yoshino-dental.jp", "内容": "医療法人社団　ヨシノデンタルクリニック【3:歯科】宮城県仙台市青葉区東照宮２丁目２－７" }, "geometry": { "type": "Point", "coordinates": [ 140.885391, 38.278694 ] } },
{ "type": "Feature", "properties": { "ID": 43811224, "正式名称": "川平たくま歯科", "機関区分": 3, "都道府県コード": 4, "市区町村コード": 101, "所在地": "宮城県仙台市青葉区桜ヶ丘１丁目５－５", "緯度": 38.295845, "経度": 140.848434, "url": "https://www.iryou.teikyouseido.mhlw.go.jp/znk-web/juminkanja/S2430/initialize?prefCd=04&kikanCd=811224&kikanKbn=3", "url2": "http://www.kawadaira-takumashika.com", "内容": "川平たくま歯科【3:歯科】宮城県仙台市青葉区桜ヶ丘１丁目５－５" }, "geometry": { "type": "Point", "coordinates": [ 140.848434, 38.295845 ] } },
{ "type": "Feature", "properties": { "ID": 43811226, "正式名称": "医療法人永身会　かんざき歯科医院", "機関区分": 3, "都道府県コード": 4, "市区町村コード": 101, "所在地": "宮城県仙台市青葉区木町通１丁目１－１８　Ｒｙ　ｔｈｅ　Ｏｖａｌ　３階", "緯度": 38.268787, "経度": 140.86499, "url": "https://www.iryou.teikyouseido.mhlw.go.jp/znk-web/juminkanja/S2430/initialize?prefCd=04&kikanCd=811226&kikanKbn=3", "url2": "http://kanzaki-shika.jp/", "内容": "医療法人永身会　かんざき歯科医院【3:歯科】宮城県仙台市青葉区木町通１丁目１－１８　Ｒｙ　ｔｈｅ　Ｏｖａｌ　３階" }, "geometry": { "type": "Point", "coordinates": [ 140.86499, 38.268787 ] } },
{ "type": "Feature", "properties": { "ID": 43811227, "正式名称": "神田矯正歯科クリニック", "機関区分": 3, "都道府県コード": 4, "市区町村コード": 101, "所在地": "宮城県仙台市青葉区旭ケ丘３－１７－１８．２Ｆ", "緯度": 38.295742, "経度": 140.886734, "url": "https://www.iryou.teikyouseido.mhlw.go.jp/znk-web/juminkanja/S2430/initialize?prefCd=04&kikanCd=811227&kikanKbn=3", "url2": null, "内容": "神田矯正歯科クリニック【3:歯科】宮城県仙台市青葉区旭ケ丘３－１７－１８．２Ｆ" }, "geometry": { "type": "Point", "coordinates": [ 140.886734, 38.295742 ] } },
{ "type": "Feature", "properties": { "ID": 43811229, "正式名称": "北山歯科クリニック", "機関区分": 3, "都道府県コード": 4, "市区町村コード": 101, "所在地": "宮城県仙台市青葉区北山１丁目１の１８北山１０１ビル２階", "緯度": 38.280685, "経度": 140.862183, "url": "https://www.iryou.teikyouseido.mhlw.go.jp/znk-web/juminkanja/S2430/initialize?prefCd=04&kikanCd=811229&kikanKbn=3", "url2": null, "内容": "北山歯科クリニック【3:歯科】宮城県仙台市青葉区北山１丁目１の１８北山１０１ビル２階" }, "geometry": { "type": "Point", "coordinates": [ 140.862183, 38.280685 ] } },
{ "type": "Feature", "properties": { "ID": 43811230, "正式名称": "木下デンタルクリニック", "機関区分": 3, "都道府県コード": 4, "市区町村コード": 101, "所在地": "宮城県仙台市青葉区上杉５丁目８－４７　はりまビル２０２号", "緯度": 38.275318, "経度": 140.873749, "url": "https://www.iryou.teikyouseido.mhlw.go.jp/znk-web/juminkanja/S2430/initialize?prefCd=04&kikanCd=811230&kikanKbn=3", "url2": "http://kinoshita-dental.g.dgdg.jp", "内容": "木下デンタルクリニック【3:歯科】宮城県仙台市青葉区上杉５丁目８－４７　はりまビル２０２号" }, "geometry": { "type": "Point", "coordinates": [ 140.873749, 38.275318 ] } },
{ "type": "Feature", "properties": { "ID": 43811232, "正式名称": "国見ケ丘歯科医院", "機関区分": 3, "都道府県コード": 4, "市区町村コード": 101, "所在地": "宮城県仙台市青葉区国見ケ丘５－５－２７", "緯度": 38.285831, "経度": 140.832382, "url": "https://www.iryou.teikyouseido.mhlw.go.jp/znk-web/juminkanja/S2430/initialize?prefCd=04&kikanCd=811232&kikanKbn=3", "url2": null, "内容": "国見ケ丘歯科医院【3:歯科】宮城県仙台市青葉区国見ケ丘５－５－２７" }, "geometry": { "type": "Point", "coordinates": [ 140.832382, 38.285831 ] } },
{ "type": "Feature", "properties": { "ID": 43811233, "正式名称": "国見歯科クリニック", "機関区分": 3, "都道府県コード": 4, "市区町村コード": 101, "所在地": "宮城県仙台市青葉区国見", "緯度": 38.275543, "経度": 140.845947, "url": "https://www.iryou.teikyouseido.mhlw.go.jp/znk-web/juminkanja/S2430/initialize?prefCd=04&kikanCd=811233&kikanKbn=3", "url2": null, "内容": "国見歯科クリニック【3:歯科】宮城県仙台市青葉区国見" }, "geometry": { "type": "Point", "coordinates": [ 140.845947, 38.275543 ] } },
{ "type": "Feature", "properties": { "ID": 43811234, "正式名称": "くにみ野さいとう歯科医院", "機関区分": 3, "都道府県コード": 4, "市区町村コード": 101, "所在地": "宮城県仙台市青葉区国見４丁目２－１", "緯度": 38.277023, "経度": 140.843643, "url": "https://www.iryou.teikyouseido.mhlw.go.jp/znk-web/juminkanja/S2430/initialize?prefCd=04&kikanCd=811234&kikanKbn=3", "url2": "http://kunimino.jp", "内容": "くにみ野さいとう歯科医院【3:歯科】宮城県仙台市青葉区国見４丁目２－１" }, "geometry": { "type": "Point", "coordinates": [ 140.843643, 38.277023 ] } },
{ "type": "Feature", "properties": { "ID": 43811239, "正式名称": "医療法人恵愛会台原歯科医院", "機関区分": 3, "都道府県コード": 4, "市区町村コード": 101, "所在地": "宮城県仙台市青葉区台原４丁目１２－３", "緯度": 38.287128, "経度": 140.877716, "url": "https://www.iryou.teikyouseido.mhlw.go.jp/znk-web/juminkanja/S2430/initialize?prefCd=04&kikanCd=811239&kikanKbn=3", "url2": null, "内容": "医療法人恵愛会台原歯科医院【3:歯科】宮城県仙台市青葉区台原４丁目１２－３" }, "geometry": { "type": "Point", "coordinates": [ 140.877716, 38.287128 ] } },
{ "type": "Feature", "properties": { "ID": 43811240, "正式名称": "ブランチ仙台歯科", "機関区分": 3, "都道府県コード": 4, "市区町村コード": 101, "所在地": "宮城県仙台市青葉区桜ヶ丘７丁目４０－１　ＢＲＡＮＣＨ仙台ＥＡＳＴ　２Ｆ", "緯度": 38.310131, "経度": 140.847154, "url": "https://www.iryou.teikyouseido.mhlw.go.jp/znk-web/juminkanja/S2430/initialize?prefCd=04&kikanCd=811240&kikanKbn=3", "url2": "https://www.branch-dental.com", "内容": "ブランチ仙台歯科【3:歯科】宮城県仙台市青葉区桜ヶ丘７丁目４０－１　ＢＲＡＮＣＨ仙台ＥＡＳＴ　２Ｆ" }, "geometry": { "type": "Point", "coordinates": [ 140.847154, 38.310131 ] } },
{ "type": "Feature", "properties": { "ID": 43811241, "正式名称": "Ｋ’ｓデンタルクリニック", "機関区分": 3, "都道府県コード": 4, "市区町村コード": 101, "所在地": "宮城県仙台市青葉区国見１－１９－６　国見ハイツ３－１０２", "緯度": 38.28014, "経度": 140.842239, "url": "https://www.iryou.teikyouseido.mhlw.go.jp/znk-web/juminkanja/S2430/initialize?prefCd=04&kikanCd=811241&kikanKbn=3", "url2": "http://k-dentalclinic.com", "内容": "Ｋ’ｓデンタルクリニック【3:歯科】宮城県仙台市青葉区国見１－１９－６　国見ハイツ３－１０２" }, "geometry": { "type": "Point", "coordinates": [ 140.842239, 38.28014 ] } },
{ "type": "Feature", "properties": { "ID": 43811242, "正式名称": "郷家歯科医院", "機関区分": 3, "都道府県コード": 4, "市区町村コード": 101, "所在地": "宮城県仙台市青葉区愛子中央６丁目３－３０　グレースＪＵＮ１０２", "緯度": 38.271526, "経度": 140.760559, "url": "https://www.iryou.teikyouseido.mhlw.go.jp/znk-web/juminkanja/S2430/initialize?prefCd=04&kikanCd=811242&kikanKbn=3", "url2": null, "内容": "郷家歯科医院【3:歯科】宮城県仙台市青葉区愛子中央６丁目３－３０　グレースＪＵＮ１０２" }, "geometry": { "type": "Point", "coordinates": [ 140.760559, 38.271526 ] } },
{ "type": "Feature", "properties": { "ID": 43811245, "正式名称": "郡山歯科医院", "機関区分": 3, "都道府県コード": 4, "市区町村コード": 101, "所在地": "宮城県仙台市青葉区台原１丁目１０－２５", "緯度": 38.28371, "経度": 140.874008, "url": "https://www.iryou.teikyouseido.mhlw.go.jp/znk-web/juminkanja/S2430/initialize?prefCd=04&kikanCd=811245&kikanKbn=3", "url2": null, "内容": "郡山歯科医院【3:歯科】宮城県仙台市青葉区台原１丁目１０－２５" }, "geometry": { "type": "Point", "coordinates": [ 140.874008, 38.28371 ] } },
{ "type": "Feature", "properties": { "ID": 43811247, "正式名称": "小林歯科医院", "機関区分": 3, "都道府県コード": 4, "市区町村コード": 101, "所在地": "宮城県仙台市青葉区藤松９－１", "緯度": 38.297131, "経度": 140.874191, "url": "https://www.iryou.teikyouseido.mhlw.go.jp/znk-web/juminkanja/S2430/initialize?prefCd=04&kikanCd=811247&kikanKbn=3", "url2": null, "内容": "小林歯科医院【3:歯科】宮城県仙台市青葉区藤松９－１" }, "geometry": { "type": "Point", "coordinates": [ 140.874191, 38.297131 ] } },
{ "type": "Feature", "properties": { "ID": 43811249, "正式名称": "長池デンタルクリニック", "機関区分": 3, "都道府県コード": 4, "市区町村コード": 101, "所在地": "宮城県仙台市青葉区中央３丁目４－２　２Ｆ", "緯度": 38.25959, "経度": 140.876892, "url": "https://www.iryou.teikyouseido.mhlw.go.jp/znk-web/juminkanja/S2430/initialize?prefCd=04&kikanCd=811249&kikanKbn=3", "url2": "http://www.nagaike-dc.com", "内容": "長池デンタルクリニック【3:歯科】宮城県仙台市青葉区中央３丁目４－２　２Ｆ" }, "geometry": { "type": "Point", "coordinates": [ 140.876892, 38.25959 ] } },
{ "type": "Feature", "properties": { "ID": 43811250, "正式名称": "今野歯科医院", "機関区分": 3, "都道府県コード": 4, "市区町村コード": 101, "所在地": "宮城県仙台市青葉区中央１丁目７－１８　日吉第一ビル３Ｆ", "緯度": 38.262051, "経度": 140.878937, "url": "https://www.iryou.teikyouseido.mhlw.go.jp/znk-web/juminkanja/S2430/initialize?prefCd=04&kikanCd=811250&kikanKbn=3", "url2": "https://www.konno-dental.com", "内容": "今野歯科医院【3:歯科】宮城県仙台市青葉区中央１丁目７－１８　日吉第一ビル３Ｆ" }, "geometry": { "type": "Point", "coordinates": [ 140.878937, 38.262051 ] } },
{ "type": "Feature", "properties": { "ID": 43811251, "正式名称": "コンバイ歯科医院", "機関区分": 3, "都道府県コード": 4, "市区町村コード": 101, "所在地": "宮城県仙台市青葉区国分町３丁目８－３　１０１", "緯度": 38.267193, "経度": 140.868622, "url": "https://www.iryou.teikyouseido.mhlw.go.jp/znk-web/juminkanja/S2430/initialize?prefCd=04&kikanCd=811251&kikanKbn=3", "url2": null, "内容": "コンバイ歯科医院【3:歯科】宮城県仙台市青葉区国分町３丁目８－３　１０１" }, "geometry": { "type": "Point", "coordinates": [ 140.868622, 38.267193 ] } },
{ "type": "Feature", "properties": { "ID": 43811252, "正式名称": "齋藤歯科医院", "機関区分": 3, "都道府県コード": 4, "市区町村コード": 101, "所在地": "宮城県仙台市青葉区旭ヶ丘３丁目１８－６", "緯度": 38.295319, "経度": 140.887508, "url": "https://www.iryou.teikyouseido.mhlw.go.jp/znk-web/juminkanja/S2430/initialize?prefCd=04&kikanCd=811252&kikanKbn=3", "url2": null, "内容": "齋藤歯科医院【3:歯科】宮城県仙台市青葉区旭ヶ丘３丁目１８－６" }, "geometry": { "type": "Point", "coordinates": [ 140.887508, 38.295319 ] } },
{ "type": "Feature", "properties": { "ID": 43811253, "正式名称": "さくらい歯科医院", "機関区分": 3, "都道府県コード": 4, "市区町村コード": 101, "所在地": "宮城県仙台市青葉区霊屋下２－１０　朝日プラザ広瀬川１０５号", "緯度": 38.252945, "経度": 140.868225, "url": "https://www.iryou.teikyouseido.mhlw.go.jp/znk-web/juminkanja/S2430/initialize?prefCd=04&kikanCd=811253&kikanKbn=3", "url2": "http://sakurai-dental.com/", "内容": "さくらい歯科医院【3:歯科】宮城県仙台市青葉区霊屋下２－１０　朝日プラザ広瀬川１０５号" }, "geometry": { "type": "Point", "coordinates": [ 140.868225, 38.252945 ] } },
{ "type": "Feature", "properties": { "ID": 43811254, "正式名称": "桜ヶ丘歯科・矯正歯科", "機関区分": 3, "都道府県コード": 4, "市区町村コード": 101, "所在地": "宮城県仙台市青葉区桜ヶ丘６丁目１－２　フラッツ桜ヶ丘１０２", "緯度": 38.301537, "経度": 140.850037, "url": "https://www.iryou.teikyouseido.mhlw.go.jp/znk-web/juminkanja/S2430/initialize?prefCd=04&kikanCd=811254&kikanKbn=3", "url2": "https://sakuragaoka-dental.com", "内容": "桜ヶ丘歯科・矯正歯科【3:歯科】宮城県仙台市青葉区桜ヶ丘６丁目１－２　フラッツ桜ヶ丘１０２" }, "geometry": { "type": "Point", "coordinates": [ 140.850037, 38.301537 ] } },
{ "type": "Feature", "properties": { "ID": 43811255, "正式名称": "櫻田歯科医院", "機関区分": 3, "都道府県コード": 4, "市区町村コード": 101, "所在地": "宮城県仙台市青葉区本町２丁目６－８", "緯度": 38.263508, "経度": 140.875305, "url": "https://www.iryou.teikyouseido.mhlw.go.jp/znk-web/juminkanja/S2430/initialize?prefCd=04&kikanCd=811255&kikanKbn=3", "url2": null, "内容": "櫻田歯科医院【3:歯科】宮城県仙台市青葉区本町２丁目６－８" }, "geometry": { "type": "Point", "coordinates": [ 140.875305, 38.263508 ] } },
{ "type": "Feature", "properties": { "ID": 43811256, "正式名称": "佐々木歯科クリニック", "機関区分": 3, "都道府県コード": 4, "市区町村コード": 101, "所在地": "宮城県仙台市青葉区米ヶ袋１丁目２－６", "緯度": 38.253559, "経度": 140.871063, "url": "https://www.iryou.teikyouseido.mhlw.go.jp/znk-web/juminkanja/S2430/initialize?prefCd=04&kikanCd=811256&kikanKbn=3", "url2": "http://www.sasakidc.jp/", "内容": "佐々木歯科クリニック【3:歯科】宮城県仙台市青葉区米ヶ袋１丁目２－６" }, "geometry": { "type": "Point", "coordinates": [ 140.871063, 38.253559 ] } },
{ "type": "Feature", "properties": { "ID": 43811259, "正式名称": "佐藤デンタルオフィス", "機関区分": 3, "都道府県コード": 4, "市区町村コード": 101, "所在地": "宮城県仙台市青葉区中央２丁目２－５　７Ｆ", "緯度": 38.260883, "経度": 140.877182, "url": "https://www.iryou.teikyouseido.mhlw.go.jp/znk-web/juminkanja/S2430/initialize?prefCd=04&kikanCd=811259&kikanKbn=3", "url2": "http://www.sato-do.com", "内容": "佐藤デンタルオフィス【3:歯科】宮城県仙台市青葉区中央２丁目２－５　７Ｆ" }, "geometry": { "type": "Point", "coordinates": [ 140.877182, 38.260883 ] } },
{ "type": "Feature", "properties": { "ID": 43811260, "正式名称": "サルーテ歯科クリニック", "機関区分": 3, "都道府県コード": 4, "市区町村コード": 101, "所在地": "宮城県仙台市青葉区一番町４丁目５－４０　おの万一番町ビル４階", "緯度": 38.263889, "経度": 140.871445, "url": "https://www.iryou.teikyouseido.mhlw.go.jp/znk-web/juminkanja/S2430/initialize?prefCd=04&kikanCd=811260&kikanKbn=3", "url2": null, "内容": "サルーテ歯科クリニック【3:歯科】宮城県仙台市青葉区一番町４丁目５－４０　おの万一番町ビル４階" }, "geometry": { "type": "Point", "coordinates": [ 140.871445, 38.263889 ] } },
{ "type": "Feature", "properties": { "ID": 43811261, "正式名称": "歯科アイランド", "機関区分": 3, "都道府県コード": 4, "市区町村コード": 101, "所在地": "宮城県仙台市青葉区一番町２丁目５－２２　３Ｆ", "緯度": 38.25927, "経度": 140.871353, "url": "https://www.iryou.teikyouseido.mhlw.go.jp/znk-web/juminkanja/S2430/initialize?prefCd=04&kikanCd=811261&kikanKbn=3", "url2": null, "内容": "歯科アイランド【3:歯科】宮城県仙台市青葉区一番町２丁目５－２２　３Ｆ" }, "geometry": { "type": "Point", "coordinates": [ 140.871353, 38.25927 ] } },
{ "type": "Feature", "properties": { "ID": 43811262, "正式名称": "歯科あんどう", "機関区分": 3, "都道府県コード": 4, "市区町村コード": 101, "所在地": "宮城県仙台市青葉区木町９－２７", "緯度": 38.278835, "経度": 140.860809, "url": "https://www.iryou.teikyouseido.mhlw.go.jp/znk-web/juminkanja/S2430/initialize?prefCd=04&kikanCd=811262&kikanKbn=3", "url2": null, "内容": "歯科あんどう【3:歯科】宮城県仙台市青葉区木町９－２７" }, "geometry": { "type": "Point", "coordinates": [ 140.860809, 38.278835 ] } },
{ "type": "Feature", "properties": { "ID": 43811263, "正式名称": "医療法人社団健康会　仙台青葉クリニック", "機関区分": 3, "都道府県コード": 4, "市区町村コード": 101, "所在地": "宮城県仙台市青葉区支倉町１番３１　支倉メディカルビル５階", "緯度": 38.266335, "経度": 140.862625, "url": "https://www.iryou.teikyouseido.mhlw.go.jp/znk-web/juminkanja/S2430/initialize?prefCd=04&kikanCd=811263&kikanKbn=3", "url2": "http://sendai-aoba.com", "内容": "医療法人社団健康会　仙台青葉クリニック【3:歯科】宮城県仙台市青葉区支倉町１番３１　支倉メディカルビル５階" }, "geometry": { "type": "Point", "coordinates": [ 140.862625, 38.266335 ] } },
{ "type": "Feature", "properties": { "ID": 43811265, "正式名称": "アイナ矯正歯科クリニック", "機関区分": 3, "都道府県コード": 4, "市区町村コード": 101, "所在地": "宮城県仙台市青葉区中山９ー３ー１０", "緯度": 38.299545, "経度": 140.83017, "url": "https://www.iryou.teikyouseido.mhlw.go.jp/znk-web/juminkanja/S2430/initialize?prefCd=04&kikanCd=811265&kikanKbn=3", "url2": "http://aina-ortho.jp", "内容": "アイナ矯正歯科クリニック【3:歯科】宮城県仙台市青葉区中山９ー３ー１０" }, "geometry": { "type": "Point", "coordinates": [ 140.83017, 38.299545 ] } },
{ "type": "Feature", "properties": { "ID": 43811266, "正式名称": "おちあい歯科医院", "機関区分": 3, "都道府県コード": 4, "市区町村コード": 101, "所在地": "宮城県仙台市青葉区落合一丁目１７－１７", "緯度": 38.272354, "経度": 140.790924, "url": "https://www.iryou.teikyouseido.mhlw.go.jp/znk-web/juminkanja/S2430/initialize?prefCd=04&kikanCd=811266&kikanKbn=3", "url2": "https://www.dental-iiha.com/d0066816.html", "内容": "おちあい歯科医院【3:歯科】宮城県仙台市青葉区落合一丁目１７－１７" }, "geometry": { "type": "Point", "coordinates": [ 140.790924, 38.272354 ] } },
{ "type": "Feature", "properties": { "ID": 43811267, "正式名称": "医療法人社団弘玄会岡村歯科医院", "機関区分": 3, "都道府県コード": 4, "市区町村コード": 101, "所在地": "宮城県仙台市青葉区上杉４丁目６－２０", "緯度": 38.273952, "経度": 140.880966, "url": "https://www.iryou.teikyouseido.mhlw.go.jp/znk-web/juminkanja/S2430/initialize?prefCd=04&kikanCd=811267&kikanKbn=3", "url2": "http://okamura-118.com", "内容": "医療法人社団弘玄会岡村歯科医院【3:歯科】宮城県仙台市青葉区上杉４丁目６－２０" }, "geometry": { "type": "Point", "coordinates": [ 140.880966, 38.273952 ] } },
{ "type": "Feature", "properties": { "ID": 43811268, "正式名称": "岡部歯科医院", "機関区分": 3, "都道府県コード": 4, "市区町村コード": 101, "所在地": "宮城県仙台市青葉区中央３－４－２０", "緯度": 38.259375, "経度": 140.876384, "url": "https://www.iryou.teikyouseido.mhlw.go.jp/znk-web/juminkanja/S2430/initialize?prefCd=04&kikanCd=811268&kikanKbn=3", "url2": "https://okabe-dent.com", "内容": "岡部歯科医院【3:歯科】宮城県仙台市青葉区中央３－４－２０" }, "geometry": { "type": "Point", "coordinates": [ 140.876384, 38.259375 ] } },
{ "type": "Feature", "properties": { "ID": 43811270, "正式名称": "大手町歯科医院", "機関区分": 3, "都道府県コード": 4, "市区町村コード": 101, "所在地": "宮城県仙台市青葉区大町２－３－１１　レイトンビル３階", "緯度": 38.259102, "経度": 140.86525, "url": "https://www.iryou.teikyouseido.mhlw.go.jp/znk-web/juminkanja/S2430/initialize?prefCd=04&kikanCd=811270&kikanKbn=3", "url2": "http://www.otemachi-shika.com", "内容": "大手町歯科医院【3:歯科】宮城県仙台市青葉区大町２－３－１１　レイトンビル３階" }, "geometry": { "type": "Point", "coordinates": [ 140.86525, 38.259102 ] } },
{ "type": "Feature", "properties": { "ID": 43811271, "正式名称": "サンモール歯科", "機関区分": 3, "都道府県コード": 4, "市区町村コード": 101, "所在地": "宮城県仙台市青葉区一番町２丁目７－３　３Ｆ", "緯度": 38.258247, "経度": 140.872498, "url": "https://www.iryou.teikyouseido.mhlw.go.jp/znk-web/juminkanja/S2430/initialize?prefCd=04&kikanCd=811271&kikanKbn=3", "url2": null, "内容": "サンモール歯科【3:歯科】宮城県仙台市青葉区一番町２丁目７－３　３Ｆ" }, "geometry": { "type": "Point", "coordinates": [ 140.872498, 38.258247 ] } },
{ "type": "Feature", "properties": { "ID": 43811273, "正式名称": "医療法人歯ならび会　ちゅうじょう歯ならび矯正クリニック", "機関区分": 3, "都道府県コード": 4, "市区町村コード": 101, "所在地": "宮城県仙台市青葉区昭和町５－２８　ロイヤルオフィス北仙台２階", "緯度": 38.281971, "経度": 140.867767, "url": "https://www.iryou.teikyouseido.mhlw.go.jp/znk-web/juminkanja/S2430/initialize?prefCd=04&kikanCd=811273&kikanKbn=3", "url2": "http://chuujokyousei.com", "内容": "医療法人歯ならび会　ちゅうじょう歯ならび矯正クリニック【3:歯科】宮城県仙台市青葉区昭和町５－２８　ロイヤルオフィス北仙台２階" }, "geometry": { "type": "Point", "coordinates": [ 140.867767, 38.281971 ] } },
{ "type": "Feature", "properties": { "ID": 43811277, "正式名称": "小松島歯科医院", "機関区分": 3, "都道府県コード": 4, "市区町村コード": 101, "所在地": "宮城県仙台市青葉区小松島", "緯度": 38.28627, "経度": 140.888641, "url": "https://www.iryou.teikyouseido.mhlw.go.jp/znk-web/juminkanja/S2430/initialize?prefCd=04&kikanCd=811277&kikanKbn=3", "url2": "http://komatsushima-dent.com", "内容": "小松島歯科医院【3:歯科】宮城県仙台市青葉区小松島" }, "geometry": { "type": "Point", "coordinates": [ 140.888641, 38.28627 ] } },
{ "type": "Feature", "properties": { "ID": 43811280, "正式名称": "みやぎ台歯科クリニック", "機関区分": 3, "都道府県コード": 4, "市区町村コード": 101, "所在地": "宮城県仙台市青葉区みやぎ台３丁目２５－６", "緯度": 38.311279, "経度": 140.769394, "url": "https://www.iryou.teikyouseido.mhlw.go.jp/znk-web/juminkanja/S2430/initialize?prefCd=04&kikanCd=811280&kikanKbn=3", "url2": null, "内容": "みやぎ台歯科クリニック【3:歯科】宮城県仙台市青葉区みやぎ台３丁目２５－６" }, "geometry": { "type": "Point", "coordinates": [ 140.769394, 38.311279 ] } },
{ "type": "Feature", "properties": { "ID": 43811282, "正式名称": "宮町歯科医院", "機関区分": 3, "都道府県コード": 4, "市区町村コード": 101, "所在地": "宮城県仙台市青葉区宮町１丁目４－１５", "緯度": 38.268497, "経度": 140.884079, "url": "https://www.iryou.teikyouseido.mhlw.go.jp/znk-web/juminkanja/S2430/initialize?prefCd=04&kikanCd=811282&kikanKbn=3", "url2": "https://anjinkai.com/about_miyamachi/", "内容": "宮町歯科医院【3:歯科】宮城県仙台市青葉区宮町１丁目４－１５" }, "geometry": { "type": "Point", "coordinates": [ 140.884079, 38.268497 ] } },
{ "type": "Feature", "properties": { "ID": 43811283, "正式名称": "ママとこどものはいしゃさん仙台上杉院", "機関区分": 3, "都道府県コード": 4, "市区町村コード": 101, "所在地": "宮城県仙台市青葉区昭和町１－１　ベアーズマンション１Ｆ", "緯度": 38.279369, "経度": 140.872269, "url": "https://www.iryou.teikyouseido.mhlw.go.jp/znk-web/juminkanja/S2430/initialize?prefCd=04&kikanCd=811283&kikanKbn=3", "url2": "https://mamatokodomo-no-haishasan.com", "内容": "ママとこどものはいしゃさん仙台上杉院【3:歯科】宮城県仙台市青葉区昭和町１－１　ベアーズマンション１Ｆ" }, "geometry": { "type": "Point", "coordinates": [ 140.872269, 38.279369 ] } },
{ "type": "Feature", "properties": { "ID": 43811285, "正式名称": "北八番丁デンタル", "機関区分": 3, "都道府県コード": 4, "市区町村コード": 101, "所在地": "宮城県仙台市青葉区柏木１丁目６－１８", "緯度": 38.276643, "経度": 140.865171, "url": "https://www.iryou.teikyouseido.mhlw.go.jp/znk-web/juminkanja/S2430/initialize?prefCd=04&kikanCd=811285&kikanKbn=3", "url2": "http://www.kita8-dental.com", "内容": "北八番丁デンタル【3:歯科】宮城県仙台市青葉区柏木１丁目６－１８" }, "geometry": { "type": "Point", "coordinates": [ 140.865171, 38.276643 ] } },
{ "type": "Feature", "properties": { "ID": 43811286, "正式名称": "貝ヶ森歯科医院", "機関区分": 3, "都道府県コード": 4, "市区町村コード": 101, "所在地": "宮城県仙台市青葉区貝ヶ森３丁目１０－１８", "緯度": 38.284328, "経度": 140.843445, "url": "https://www.iryou.teikyouseido.mhlw.go.jp/znk-web/juminkanja/S2430/initialize?prefCd=04&kikanCd=811286&kikanKbn=3", "url2": null, "内容": "貝ヶ森歯科医院【3:歯科】宮城県仙台市青葉区貝ヶ森３丁目１０－１８" }, "geometry": { "type": "Point", "coordinates": [ 140.843445, 38.284328 ] } },
{ "type": "Feature", "properties": { "ID": 43811288, "正式名称": "イノマタデンタルクリニック　駅前院", "機関区分": 3, "都道府県コード": 4, "市区町村コード": 101, "所在地": "宮城県仙台市青葉区中央３－１－１　ほうげつビル５階", "緯度": 38.260559, "経度": 140.87915, "url": "https://www.iryou.teikyouseido.mhlw.go.jp/znk-web/juminkanja/S2430/initialize?prefCd=04&kikanCd=811288&kikanKbn=3", "url2": "http://www.inomatadental.com", "内容": "イノマタデンタルクリニック　駅前院【3:歯科】宮城県仙台市青葉区中央３－１－１　ほうげつビル５階" }, "geometry": { "type": "Point", "coordinates": [ 140.87915, 38.260559 ] } },
{ "type": "Feature", "properties": { "ID": 43811289, "正式名称": "小野寺歯科医院", "機関区分": 3, "都道府県コード": 4, "市区町村コード": 101, "所在地": "宮城県仙台市青葉区花京院１丁目４－２", "緯度": 38.265293, "経度": 140.881256, "url": "https://www.iryou.teikyouseido.mhlw.go.jp/znk-web/juminkanja/S2430/initialize?prefCd=04&kikanCd=811289&kikanKbn=3", "url2": null, "内容": "小野寺歯科医院【3:歯科】宮城県仙台市青葉区花京院１丁目４－２" }, "geometry": { "type": "Point", "coordinates": [ 140.881256, 38.265293 ] } },
{ "type": "Feature", "properties": { "ID": 43811290, "正式名称": "医療法人社団　立靖会　ラビット歯科", "機関区分": 3, "都道府県コード": 4, "市区町村コード": 101, "所在地": "宮城県仙台市青葉区宮町４丁目５－３４　Ｎｏｉｅｓｅｎｄａｉ宮町２０３，２０４", "緯度": 38.2747, "経度": 140.884216, "url": "https://www.iryou.teikyouseido.mhlw.go.jp/znk-web/juminkanja/S2430/initialize?prefCd=04&kikanCd=811290&kikanKbn=3", "url2": "http://rabbit-dc-sendai.com/", "内容": "医療法人社団　立靖会　ラビット歯科【3:歯科】宮城県仙台市青葉区宮町４丁目５－３４　Ｎｏｉｅｓｅｎｄａｉ宮町２０３，２０４" }, "geometry": { "type": "Point", "coordinates": [ 140.884216, 38.2747 ] } },
{ "type": "Feature", "properties": { "ID": 43811292, "正式名称": "小山矯正歯科クリニック", "機関区分": 3, "都道府県コード": 4, "市区町村コード": 101, "所在地": "宮城県仙台市青葉区中央２丁目１１－１　ピーサンビル２Ｆ", "緯度": 38.262522, "経度": 140.87759, "url": "https://www.iryou.teikyouseido.mhlw.go.jp/znk-web/juminkanja/S2430/initialize?prefCd=04&kikanCd=811292&kikanKbn=3", "url2": null, "内容": "小山矯正歯科クリニック【3:歯科】宮城県仙台市青葉区中央２丁目１１－１　ピーサンビル２Ｆ" }, "geometry": { "type": "Point", "coordinates": [ 140.87759, 38.262522 ] } },
{ "type": "Feature", "properties": { "ID": 43811294, "正式名称": "カジカワ歯科クリニック", "機関区分": 3, "都道府県コード": 4, "市区町村コード": 101, "所在地": "宮城県仙台市青葉区中央１丁目１－１　ＪＲ仙台駅１Ｆ", "緯度": 38.260143, "経度": 140.882126, "url": "https://www.iryou.teikyouseido.mhlw.go.jp/znk-web/juminkanja/S2430/initialize?prefCd=04&kikanCd=811294&kikanKbn=3", "url2": null, "内容": "カジカワ歯科クリニック【3:歯科】宮城県仙台市青葉区中央１丁目１－１　ＪＲ仙台駅１Ｆ" }, "geometry": { "type": "Point", "coordinates": [ 140.882126, 38.260143 ] } },
{ "type": "Feature", "properties": { "ID": 43811296, "正式名称": "佐藤歯科", "機関区分": 3, "都道府県コード": 4, "市区町村コード": 101, "所在地": "宮城県仙台市青葉区中央２丁目８－３２　生活文化ビル５Ｆ", "緯度": 38.261822, "経度": 140.875504, "url": "https://www.iryou.teikyouseido.mhlw.go.jp/znk-web/juminkanja/S2430/initialize?prefCd=04&kikanCd=811296&kikanKbn=3", "url2": null, "内容": "佐藤歯科【3:歯科】宮城県仙台市青葉区中央２丁目８－３２　生活文化ビル５Ｆ" }, "geometry": { "type": "Point", "coordinates": [ 140.875504, 38.261822 ] } },
{ "type": "Feature", "properties": { "ID": 43811297, "正式名称": "上杉サダデンタルオフィス", "機関区分": 3, "都道府県コード": 4, "市区町村コード": 101, "所在地": "宮城県仙台市青葉区上杉１丁目５－２１　マリビル２Ｆ", "緯度": 38.269718, "経度": 140.870453, "url": "https://www.iryou.teikyouseido.mhlw.go.jp/znk-web/juminkanja/S2430/initialize?prefCd=04&kikanCd=811297&kikanKbn=3", "url2": "http://www.sada-dentaloffice.com", "内容": "上杉サダデンタルオフィス【3:歯科】宮城県仙台市青葉区上杉１丁目５－２１　マリビル２Ｆ" }, "geometry": { "type": "Point", "coordinates": [ 140.870453, 38.269718 ] } },
{ "type": "Feature", "properties": { "ID": 43811299, "正式名称": "かめおか歯科", "機関区分": 3, "都道府県コード": 4, "市区町村コード": 101, "所在地": "宮城県仙台市青葉区川内亀岡北裏丁６", "緯度": 38.262344, "経度": 140.847534, "url": "https://www.iryou.teikyouseido.mhlw.go.jp/znk-web/juminkanja/S2430/initialize?prefCd=04&kikanCd=811299&kikanKbn=3", "url2": "http://kameokadental.life.coocan.jp/", "内容": "かめおか歯科【3:歯科】宮城県仙台市青葉区川内亀岡北裏丁６" }, "geometry": { "type": "Point", "coordinates": [ 140.847534, 38.262344 ] } },
{ "type": "Feature", "properties": { "ID": 43811300, "正式名称": "きとう歯科クリニック", "機関区分": 3, "都道府県コード": 4, "市区町村コード": 103, "所在地": "宮城県仙台市若林区荒井東１－４－９", "緯度": 38.242104, "経度": 140.949325, "url": "https://www.iryou.teikyouseido.mhlw.go.jp/znk-web/juminkanja/S2430/initialize?prefCd=04&kikanCd=811300&kikanKbn=3", "url2": "http://kitou-dental.com", "内容": "きとう歯科クリニック【3:歯科】宮城県仙台市若林区荒井東１－４－９" }, "geometry": { "type": "Point", "coordinates": [ 140.949325, 38.242104 ] } },
{ "type": "Feature", "properties": { "ID": 43910100, "正式名称": "きくち歯科クリニック", "機関区分": 3, "都道府県コード": 4, "市区町村コード": 105, "所在地": "宮城県仙台市泉区南光台南３丁目４－３", "緯度": 38.296322, "経度": 140.907242, "url": "https://www.iryou.teikyouseido.mhlw.go.jp/znk-web/juminkanja/S2430/initialize?prefCd=04&kikanCd=910100&kikanKbn=3", "url2": "http://www.shika-kikuchi.com/", "内容": "きくち歯科クリニック【3:歯科】宮城県仙台市泉区南光台南３丁目４－３" }, "geometry": { "type": "Point", "coordinates": [ 140.907242, 38.296322 ] } },
{ "type": "Feature", "properties": { "ID": 43910101, "正式名称": "向陽台歯科医院", "機関区分": 3, "都道府県コード": 4, "市区町村コード": 105, "所在地": "宮城県仙台市泉区向陽台４丁目２－４", "緯度": 38.337532, "経度": 140.894287, "url": "https://www.iryou.teikyouseido.mhlw.go.jp/znk-web/juminkanja/S2430/initialize?prefCd=04&kikanCd=910101&kikanKbn=3", "url2": "https://koyodai-dc.com", "内容": "向陽台歯科医院【3:歯科】宮城県仙台市泉区向陽台４丁目２－４" }, "geometry": { "type": "Point", "coordinates": [ 140.894287, 38.337532 ] } },
{ "type": "Feature", "properties": { "ID": 43910102, "正式名称": "ハート歯科クリニック", "機関区分": 3, "都道府県コード": 4, "市区町村コード": 105, "所在地": "宮城県仙台市泉区旭丘堤２丁目１２－１８", "緯度": 38.302277, "経度": 140.88826, "url": "https://www.iryou.teikyouseido.mhlw.go.jp/znk-web/juminkanja/S2430/initialize?prefCd=04&kikanCd=910102&kikanKbn=3", "url2": "http://www.heartdentalclinic.com/", "内容": "ハート歯科クリニック【3:歯科】宮城県仙台市泉区旭丘堤２丁目１２－１８" }, "geometry": { "type": "Point", "coordinates": [ 140.88826, 38.302277 ] } },
{ "type": "Feature", "properties": { "ID": 43910103, "正式名称": "めぐろ歯科クリニック", "機関区分": 3, "都道府県コード": 4, "市区町村コード": 105, "所在地": "宮城県仙台市泉区桂３丁目１－５", "緯度": 38.338318, "経度": 140.864609, "url": "https://www.iryou.teikyouseido.mhlw.go.jp/znk-web/juminkanja/S2430/initialize?prefCd=04&kikanCd=910103&kikanKbn=3", "url2": null, "内容": "めぐろ歯科クリニック【3:歯科】宮城県仙台市泉区桂３丁目１－５" }, "geometry": { "type": "Point", "coordinates": [ 140.864609, 38.338318 ] } },
{ "type": "Feature", "properties": { "ID": 43910104, "正式名称": "エール歯科クリニック", "機関区分": 3, "都道府県コード": 4, "市区町村コード": 105, "所在地": "宮城県仙台市泉区八乙女中央２－４－２３", "緯度": 38.31696, "経度": 140.88257, "url": "https://www.iryou.teikyouseido.mhlw.go.jp/znk-web/juminkanja/S2430/initialize?prefCd=04&kikanCd=910104&kikanKbn=3", "url2": "http://yell-shika.jp", "内容": "エール歯科クリニック【3:歯科】宮城県仙台市泉区八乙女中央２－４－２３" }, "geometry": { "type": "Point", "coordinates": [ 140.88257, 38.31696 ] } },
{ "type": "Feature", "properties": { "ID": 43910105, "正式名称": "杜の都のはいしゃさん", "機関区分": 3, "都道府県コード": 4, "市区町村コード": 105, "所在地": "宮城県仙台市泉区紫山４丁目２０－１０", "緯度": 38.349571, "経度": 140.82193, "url": "https://www.iryou.teikyouseido.mhlw.go.jp/znk-web/juminkanja/S2430/initialize?prefCd=04&kikanCd=910105&kikanKbn=3", "url2": "http://www.morinomiyako-dc.com", "内容": "杜の都のはいしゃさん【3:歯科】宮城県仙台市泉区紫山４丁目２０－１０" }, "geometry": { "type": "Point", "coordinates": [ 140.82193, 38.349571 ] } },
{ "type": "Feature", "properties": { "ID": 43910107, "正式名称": "医療法人社団　歯科クレール", "機関区分": 3, "都道府県コード": 4, "市区町村コード": 103, "所在地": "宮城県仙台市若林区古城１丁目４－１７　アスクルビル２Ｆ", "緯度": 38.237602, "経度": 140.895935, "url": "https://www.iryou.teikyouseido.mhlw.go.jp/znk-web/juminkanja/S2430/initialize?prefCd=04&kikanCd=910107&kikanKbn=3", "url2": "http://www.clair-dental.net/", "内容": "医療法人社団　歯科クレール【3:歯科】宮城県仙台市若林区古城１丁目４－１７　アスクルビル２Ｆ" }, "geometry": { "type": "Point", "coordinates": [ 140.895935, 38.237602 ] } },
{ "type": "Feature", "properties": { "ID": 43910108, "正式名称": "医療法人マコトデンタルオフィス", "機関区分": 3, "都道府県コード": 4, "市区町村コード": 103, "所在地": "宮城県仙台市若林区沖野３丁目１８－１０", "緯度": 38.227802, "経度": 140.912674, "url": "https://www.iryou.teikyouseido.mhlw.go.jp/znk-web/juminkanja/S2430/initialize?prefCd=04&kikanCd=910108&kikanKbn=3", "url2": null, "内容": "医療法人マコトデンタルオフィス【3:歯科】宮城県仙台市若林区沖野３丁目１８－１０" }, "geometry": { "type": "Point", "coordinates": [ 140.912674, 38.227802 ] } },
{ "type": "Feature", "properties": { "ID": 43910109, "正式名称": "にった歯科口腔外科クリニック", "機関区分": 3, "都道府県コード": 4, "市区町村コード": 103, "所在地": "宮城県仙台市若林区沖野３丁目２－５２", "緯度": 38.227745, "経度": 140.908386, "url": "https://www.iryou.teikyouseido.mhlw.go.jp/znk-web/juminkanja/S2430/initialize?prefCd=04&kikanCd=910109&kikanKbn=3", "url2": "http://nitta-d.byoinnavi.jp/pc/", "内容": "にった歯科口腔外科クリニック【3:歯科】宮城県仙台市若林区沖野３丁目２－５２" }, "geometry": { "type": "Point", "coordinates": [ 140.908386, 38.227745 ] } },
{ "type": "Feature", "properties": { "ID": 43910111, "正式名称": "ほんま歯科", "機関区分": 3, "都道府県コード": 4, "市区町村コード": 103, "所在地": "宮城県仙台市若林区新寺４丁目４－１０　佐藤ビル１Ｆ", "緯度": 38.255268, "経度": 140.892624, "url": "https://www.iryou.teikyouseido.mhlw.go.jp/znk-web/juminkanja/S2430/initialize?prefCd=04&kikanCd=910111&kikanKbn=3", "url2": "https://honma-dental.or.jp/", "内容": "ほんま歯科【3:歯科】宮城県仙台市若林区新寺４丁目４－１０　佐藤ビル１Ｆ" }, "geometry": { "type": "Point", "coordinates": [ 140.892624, 38.255268 ] } },
{ "type": "Feature", "properties": { "ID": 43910112, "正式名称": "医療法人ピエタス　石井歯科矯正歯科医院", "機関区分": 3, "都道府県コード": 4, "市区町村コード": 102, "所在地": "宮城県仙台市宮城野区福室３丁目２番４８号", "緯度": 38.274315, "経度": 140.965103, "url": "https://www.iryou.teikyouseido.mhlw.go.jp/znk-web/juminkanja/S2430/initialize?prefCd=04&kikanCd=910112&kikanKbn=3", "url2": "http://www.ishiisika.com", "内容": "医療法人ピエタス　石井歯科矯正歯科医院【3:歯科】宮城県仙台市宮城野区福室３丁目２番４８号" }, "geometry": { "type": "Point", "coordinates": [ 140.965103, 38.274315 ] } },
{ "type": "Feature", "properties": { "ID": 43910113, "正式名称": "佐々木ファミリー歯科", "機関区分": 3, "都道府県コード": 4, "市区町村コード": 102, "所在地": "宮城県仙台市宮城野区鶴ヶ谷８丁目１－２０", "緯度": 38.286199, "経度": 140.915433, "url": "https://www.iryou.teikyouseido.mhlw.go.jp/znk-web/juminkanja/S2430/initialize?prefCd=04&kikanCd=910113&kikanKbn=3", "url2": "http://sasakifamilysika-turugaya.com/", "内容": "佐々木ファミリー歯科【3:歯科】宮城県仙台市宮城野区鶴ヶ谷８丁目１－２０" }, "geometry": { "type": "Point", "coordinates": [ 140.915433, 38.286199 ] } },
{ "type": "Feature", "properties": { "ID": 43910114, "正式名称": "しらとり歯科医院", "機関区分": 3, "都道府県コード": 4, "市区町村コード": 102, "所在地": "宮城県仙台市宮城野区白鳥１丁目２－２５", "緯度": 38.263092, "経度": 140.98085, "url": "https://www.iryou.teikyouseido.mhlw.go.jp/znk-web/juminkanja/S2430/initialize?prefCd=04&kikanCd=910114&kikanKbn=3", "url2": "https://www.shiratori-dc.com", "内容": "しらとり歯科医院【3:歯科】宮城県仙台市宮城野区白鳥１丁目２－２５" }, "geometry": { "type": "Point", "coordinates": [ 140.98085, 38.263092 ] } },
{ "type": "Feature", "properties": { "ID": 43910115, "正式名称": "川俣歯科医院", "機関区分": 3, "都道府県コード": 4, "市区町村コード": 104, "所在地": "宮城県仙台市太白区砂押町２２－２３", "緯度": 38.225365, "経度": 140.864822, "url": "https://www.iryou.teikyouseido.mhlw.go.jp/znk-web/juminkanja/S2430/initialize?prefCd=04&kikanCd=910115&kikanKbn=3", "url2": null, "内容": "川俣歯科医院【3:歯科】宮城県仙台市太白区砂押町２２－２３" }, "geometry": { "type": "Point", "coordinates": [ 140.864822, 38.225365 ] } },
{ "type": "Feature", "properties": { "ID": 43910116, "正式名称": "医療法人　準星会　あすと長町歯科", "機関区分": 3, "都道府県コード": 4, "市区町村コード": 104, "所在地": "宮城県仙台市太白区あすと長町２丁目２－１０　ヨークタウンあすと長町２Ｆ", "緯度": 38.224361, "経度": 140.885483, "url": "https://www.iryou.teikyouseido.mhlw.go.jp/znk-web/juminkanja/S2430/initialize?prefCd=04&kikanCd=910116&kikanKbn=3", "url2": "http://www.asuto-nagamati.jp/", "内容": "医療法人　準星会　あすと長町歯科【3:歯科】宮城県仙台市太白区あすと長町２丁目２－１０　ヨークタウンあすと長町２Ｆ" }, "geometry": { "type": "Point", "coordinates": [ 140.885483, 38.224361 ] } },
{ "type": "Feature", "properties": { "ID": 43910119, "正式名称": "仙台こども矯正歯科", "機関区分": 3, "都道府県コード": 4, "市区町村コード": 104, "所在地": "宮城県仙台市太白区長町南１丁目９－１５", "緯度": 38.222397, "経度": 140.878983, "url": "https://www.iryou.teikyouseido.mhlw.go.jp/znk-web/juminkanja/S2430/initialize?prefCd=04&kikanCd=910119&kikanKbn=3", "url2": "https://sendai-kodomo.com/", "内容": "仙台こども矯正歯科【3:歯科】宮城県仙台市太白区長町南１丁目９－１５" }, "geometry": { "type": "Point", "coordinates": [ 140.878983, 38.222397 ] } },
{ "type": "Feature", "properties": { "ID": 43910121, "正式名称": "小林歯科クリニック", "機関区分": 3, "都道府県コード": 4, "市区町村コード": 202, "所在地": "宮城県石巻市蛇田字北経塚７２－１", "緯度": 38.455738, "経度": 141.265762, "url": "https://www.iryou.teikyouseido.mhlw.go.jp/znk-web/juminkanja/S2430/initialize?prefCd=04&kikanCd=910121&kikanKbn=3", "url2": "http://www.skdc.jp", "内容": "小林歯科クリニック【3:歯科】宮城県石巻市蛇田字北経塚７２－１" }, "geometry": { "type": "Point", "coordinates": [ 141.265762, 38.455738 ] } },
{ "type": "Feature", "properties": { "ID": 43910123, "正式名称": "医療法人　ファミリア歯科", "機関区分": 3, "都道府県コード": 4, "市区町村コード": 401, "所在地": "宮城県宮城郡松島町高城字町１４７－６", "緯度": 38.38353, "経度": 141.069687, "url": "https://www.iryou.teikyouseido.mhlw.go.jp/znk-web/juminkanja/S2430/initialize?prefCd=04&kikanCd=910123&kikanKbn=3", "url2": null, "内容": "医療法人　ファミリア歯科【3:歯科】宮城県宮城郡松島町高城字町１４７－６" }, "geometry": { "type": "Point", "coordinates": [ 141.069687, 38.38353 ] } },
{ "type": "Feature", "properties": { "ID": 43910124, "正式名称": "こぐえ歯科クリニック", "機関区分": 3, "都道府県コード": 4, "市区町村コード": 203, "所在地": "宮城県塩竈市旭町", "緯度": 38.313316, "経度": 141.023605, "url": "https://www.iryou.teikyouseido.mhlw.go.jp/znk-web/juminkanja/S2430/initialize?prefCd=04&kikanCd=910124&kikanKbn=3", "url2": "http://kogueshika.com", "内容": "こぐえ歯科クリニック【3:歯科】宮城県塩竈市旭町" }, "geometry": { "type": "Point", "coordinates": [ 141.023605, 38.313316 ] } },
{ "type": "Feature", "properties": { "ID": 43910126, "正式名称": "紺野歯科クリニック", "機関区分": 3, "都道府県コード": 4, "市区町村コード": 361, "所在地": "宮城県亘理郡亘理町逢隈中泉字中１２３－４", "緯度": 38.079098, "経度": 140.87413, "url": "https://www.iryou.teikyouseido.mhlw.go.jp/znk-web/juminkanja/S2430/initialize?prefCd=04&kikanCd=910126&kikanKbn=3", "url2": null, "内容": "紺野歯科クリニック【3:歯科】宮城県亘理郡亘理町逢隈中泉字中１２３－４" }, "geometry": { "type": "Point", "coordinates": [ 140.87413, 38.079098 ] } },
{ "type": "Feature", "properties": { "ID": 43910128, "正式名称": "ひより台歯科医院", "機関区分": 3, "都道府県コード": 4, "市区町村コード": 216, "所在地": "宮城県富谷市ひより台２丁目３５－１６", "緯度": 38.403366, "経度": 140.885895, "url": "https://www.iryou.teikyouseido.mhlw.go.jp/znk-web/juminkanja/S2430/initialize?prefCd=04&kikanCd=910128&kikanKbn=3", "url2": null, "内容": "ひより台歯科医院【3:歯科】宮城県富谷市ひより台２丁目３５－１６" }, "geometry": { "type": "Point", "coordinates": [ 140.885895, 38.403366 ] } },
{ "type": "Feature", "properties": { "ID": 43910130, "正式名称": "明石台こども歯科・大人歯科", "機関区分": 3, "都道府県コード": 4, "市区町村コード": 216, "所在地": "宮城県富谷市明石台５丁目３４－１８", "緯度": 38.349831, "経度": 140.888031, "url": "https://www.iryou.teikyouseido.mhlw.go.jp/znk-web/juminkanja/S2430/initialize?prefCd=04&kikanCd=910130&kikanKbn=3", "url2": "https://kodomoshika-otonashika.com/sakurano.html", "内容": "明石台こども歯科・大人歯科【3:歯科】宮城県富谷市明石台５丁目３４－１８" }, "geometry": { "type": "Point", "coordinates": [ 140.888031, 38.349831 ] } },
{ "type": "Feature", "properties": { "ID": 43910132, "正式名称": "北川歯科クリニック", "機関区分": 3, "都道府県コード": 4, "市区町村コード": 101, "所在地": "宮城県仙台市青葉区葉山町１５－１１", "緯度": 38.286747, "経度": 140.862869, "url": "https://www.iryou.teikyouseido.mhlw.go.jp/znk-web/juminkanja/S2430/initialize?prefCd=04&kikanCd=910132&kikanKbn=3", "url2": null, "内容": "北川歯科クリニック【3:歯科】宮城県仙台市青葉区葉山町１５－１１" }, "geometry": { "type": "Point", "coordinates": [ 140.862869, 38.286747 ] } },
{ "type": "Feature", "properties": { "ID": 43910133, "正式名称": "あらまき歯科医院", "機関区分": 3, "都道府県コード": 4, "市区町村コード": 101, "所在地": "宮城県仙台市青葉区荒巻中央１５－２７　ネオハイツ荒巻中央１０８", "緯度": 38.291031, "経度": 140.857239, "url": "https://www.iryou.teikyouseido.mhlw.go.jp/znk-web/juminkanja/S2430/initialize?prefCd=04&kikanCd=910133&kikanKbn=3", "url2": null, "内容": "あらまき歯科医院【3:歯科】宮城県仙台市青葉区荒巻中央１５－２７　ネオハイツ荒巻中央１０８" }, "geometry": { "type": "Point", "coordinates": [ 140.857239, 38.291031 ] } },
{ "type": "Feature", "properties": { "ID": 43910135, "正式名称": "医療法人社団　慈成会　荒巻及川歯科医院", "機関区分": 3, "都道府県コード": 4, "市区町村コード": 101, "所在地": "宮城県仙台市青葉区荒巻神明町２−１１", "緯度": 38.287537, "経度": 140.861664, "url": "https://www.iryou.teikyouseido.mhlw.go.jp/znk-web/juminkanja/S2430/initialize?prefCd=04&kikanCd=910135&kikanKbn=3", "url2": "http://www.aodc.jp/", "内容": "医療法人社団　慈成会　荒巻及川歯科医院【3:歯科】宮城県仙台市青葉区荒巻神明町２−１１" }, "geometry": { "type": "Point", "coordinates": [ 140.861664, 38.287537 ] } },
{ "type": "Feature", "properties": { "ID": 43910137, "正式名称": "医療法人　懸田積仁会歯科医院", "機関区分": 3, "都道府県コード": 4, "市区町村コード": 101, "所在地": "宮城県仙台市青葉区本町１丁目２－１６", "緯度": 38.263721, "経度": 140.877945, "url": "https://www.iryou.teikyouseido.mhlw.go.jp/znk-web/juminkanja/S2430/initialize?prefCd=04&kikanCd=910137&kikanKbn=3", "url2": "http://www.kaketa.com", "内容": "医療法人　懸田積仁会歯科医院【3:歯科】宮城県仙台市青葉区本町１丁目２－１６" }, "geometry": { "type": "Point", "coordinates": [ 140.877945, 38.263721 ] } },
{ "type": "Feature", "properties": { "ID": 43910138, "正式名称": "きまち歯科クリニック", "機関区分": 3, "都道府県コード": 4, "市区町村コード": 101, "所在地": "宮城県仙台市青葉区木町９－２２", "緯度": 38.278374, "経度": 140.861298, "url": "https://www.iryou.teikyouseido.mhlw.go.jp/znk-web/juminkanja/S2430/initialize?prefCd=04&kikanCd=910138&kikanKbn=3", "url2": null, "内容": "きまち歯科クリニック【3:歯科】宮城県仙台市青葉区木町９－２２" }, "geometry": { "type": "Point", "coordinates": [ 140.861298, 38.278374 ] } },
{ "type": "Feature", "properties": { "ID": 43910139, "正式名称": "医療法人ＣＦＴ　クリニックＦ＆Ｔ", "機関区分": 3, "都道府県コード": 4, "市区町村コード": 101, "所在地": "宮城県仙台市青葉区一番町２丁目１－７　ＨＦ一番町レジデンス１Ｆ", "緯度": 38.259064, "経度": 140.875153, "url": "https://www.iryou.teikyouseido.mhlw.go.jp/znk-web/juminkanja/S2430/initialize?prefCd=04&kikanCd=910139&kikanKbn=3", "url2": "http://clinic-ft.com", "内容": "医療法人ＣＦＴ　クリニックＦ＆Ｔ【3:歯科】宮城県仙台市青葉区一番町２丁目１－７　ＨＦ一番町レジデンス１Ｆ" }, "geometry": { "type": "Point", "coordinates": [ 140.875153, 38.259064 ] } },
{ "type": "Feature", "properties": { "ID": 43910142, "正式名称": "医療法人社団　高緩会　勾当台デンタルクリニック", "機関区分": 3, "都道府県コード": 4, "市区町村コード": 101, "所在地": "宮城県仙台市青葉区本町２－１６－１５　２階", "緯度": 38.265697, "経度": 140.872528, "url": "https://www.iryou.teikyouseido.mhlw.go.jp/znk-web/juminkanja/S2430/initialize?prefCd=04&kikanCd=910142&kikanKbn=3", "url2": "http://www.koutoudai-dc.com/", "内容": "医療法人社団　高緩会　勾当台デンタルクリニック【3:歯科】宮城県仙台市青葉区本町２－１６－１５　２階" }, "geometry": { "type": "Point", "coordinates": [ 140.872528, 38.265697 ] } },
{ "type": "Feature", "properties": { "ID": 43910143, "正式名称": "駒形歯科医院", "機関区分": 3, "都道府県コード": 4, "市区町村コード": 101, "所在地": "宮城県仙台市青葉区荒巻中央１－１０", "緯度": 38.290382, "経度": 140.857941, "url": "https://www.iryou.teikyouseido.mhlw.go.jp/znk-web/juminkanja/S2430/initialize?prefCd=04&kikanCd=910143&kikanKbn=3", "url2": null, "内容": "駒形歯科医院【3:歯科】宮城県仙台市青葉区荒巻中央１－１０" }, "geometry": { "type": "Point", "coordinates": [ 140.857941, 38.290382 ] } },
{ "type": "Feature", "properties": { "ID": 43910144, "正式名称": "歯科漆山医院", "機関区分": 3, "都道府県コード": 4, "市区町村コード": 101, "所在地": "宮城県仙台市青葉区木町通１丁目４－２３　ハイム木町２Ｆ", "緯度": 38.269711, "経度": 140.862305, "url": "https://www.iryou.teikyouseido.mhlw.go.jp/znk-web/juminkanja/S2430/initialize?prefCd=04&kikanCd=910144&kikanKbn=3", "url2": null, "内容": "歯科漆山医院【3:歯科】宮城県仙台市青葉区木町通１丁目４－２３　ハイム木町２Ｆ" }, "geometry": { "type": "Point", "coordinates": [ 140.862305, 38.269711 ] } },
{ "type": "Feature", "properties": { "ID": 43910145, "正式名称": "医療法人診誠会Ｙｏｕｒ　Ｄｅｎｔａｌ　Ｃｌｉｎｉｃ　仙台一番町", "機関区分": 3, "都道府県コード": 4, "市区町村コード": 101, "所在地": "宮城県仙台市青葉区一番町２－２－３ＳＡＮＫＹＯ南町通ＢＬＤ６階", "緯度": 38.258797, "経度": 140.874924, "url": "https://www.iryou.teikyouseido.mhlw.go.jp/znk-web/juminkanja/S2430/initialize?prefCd=04&kikanCd=910145&kikanKbn=3", "url2": "http://www.tokyosika.com", "内容": "医療法人診誠会Ｙｏｕｒ　Ｄｅｎｔａｌ　Ｃｌｉｎｉｃ　仙台一番町【3:歯科】宮城県仙台市青葉区一番町２－２－３ＳＡＮＫＹＯ南町通ＢＬＤ６階" }, "geometry": { "type": "Point", "coordinates": [ 140.874924, 38.258797 ] } },
{ "type": "Feature", "properties": { "ID": 43910146, "正式名称": "歯科ニュージャパン上杉", "機関区分": 3, "都道府県コード": 4, "市区町村コード": 101, "所在地": "宮城県仙台市青葉区上杉２丁目３－４０", "緯度": 38.27317, "経度": 140.869797, "url": "https://www.iryou.teikyouseido.mhlw.go.jp/znk-web/juminkanja/S2430/initialize?prefCd=04&kikanCd=910146&kikanKbn=3", "url2": "http://www.newjapan-kamisugi.com/", "内容": "歯科ニュージャパン上杉【3:歯科】宮城県仙台市青葉区上杉２丁目３－４０" }, "geometry": { "type": "Point", "coordinates": [ 140.869797, 38.27317 ] } },
{ "type": "Feature", "properties": { "ID": 43910147, "正式名称": "医療法人聖英会歯科ハーフムーン", "機関区分": 3, "都道府県コード": 4, "市区町村コード": 101, "所在地": "宮城県仙台市青葉区本町３丁目２ー３ダンブランシュビル１階", "緯度": 38.266823, "経度": 140.873184, "url": "https://www.iryou.teikyouseido.mhlw.go.jp/znk-web/juminkanja/S2430/initialize?prefCd=04&kikanCd=910147&kikanKbn=3", "url2": "http://www.half-moon.or.jp/", "内容": "医療法人聖英会歯科ハーフムーン【3:歯科】宮城県仙台市青葉区本町３丁目２ー３ダンブランシュビル１階" }, "geometry": { "type": "Point", "coordinates": [ 140.873184, 38.266823 ] } },
{ "type": "Feature", "properties": { "ID": 43910148, "正式名称": "仙台矯正歯科クリニック", "機関区分": 3, "都道府県コード": 4, "市区町村コード": 101, "所在地": "宮城県仙台市青葉区中央２－２－３８フォーシーズンビル７階", "緯度": 38.261115, "経度": 140.877608, "url": "https://www.iryou.teikyouseido.mhlw.go.jp/znk-web/juminkanja/S2430/initialize?prefCd=04&kikanCd=910148&kikanKbn=3", "url2": "https://www.orthoworks.or.jp/", "内容": "仙台矯正歯科クリニック【3:歯科】宮城県仙台市青葉区中央２－２－３８フォーシーズンビル７階" }, "geometry": { "type": "Point", "coordinates": [ 140.877608, 38.261115 ] } },
{ "type": "Feature", "properties": { "ID": 43910149, "正式名称": "医療法人社団セントラル第一歯科クリニック", "機関区分": 3, "都道府県コード": 4, "市区町村コード": 101, "所在地": "宮城県仙台市青葉区中央三丁目４－７　メットライフ仙台ビル１Ｆ", "緯度": 38.25935, "経度": 140.876938, "url": "https://www.iryou.teikyouseido.mhlw.go.jp/znk-web/juminkanja/S2430/initialize?prefCd=04&kikanCd=910149&kikanKbn=3", "url2": "http://www.central-1st.jp/", "内容": "医療法人社団セントラル第一歯科クリニック【3:歯科】宮城県仙台市青葉区中央三丁目４－７　メットライフ仙台ビル１Ｆ" }, "geometry": { "type": "Point", "coordinates": [ 140.876938, 38.25935 ] } },
{ "type": "Feature", "properties": { "ID": 43910150, "正式名称": "中央歯科", "機関区分": 3, "都道府県コード": 4, "市区町村コード": 101, "所在地": "宮城県仙台市青葉区堤通雨宮町３－１６　２０１", "緯度": 38.276394, "経度": 140.868225, "url": "https://www.iryou.teikyouseido.mhlw.go.jp/znk-web/juminkanja/S2430/initialize?prefCd=04&kikanCd=910150&kikanKbn=3", "url2": null, "内容": "中央歯科【3:歯科】宮城県仙台市青葉区堤通雨宮町３－１６　２０１" }, "geometry": { "type": "Point", "coordinates": [ 140.868225, 38.276394 ] } },
{ "type": "Feature", "properties": { "ID": 43910151, "正式名称": "東邦歯科診療所", "機関区分": 3, "都道府県コード": 4, "市区町村コード": 101, "所在地": "宮城県仙台市青葉区大町１丁目１－１８", "緯度": 38.259949, "経度": 140.869644, "url": "https://www.iryou.teikyouseido.mhlw.go.jp/znk-web/juminkanja/S2430/initialize?prefCd=04&kikanCd=910151&kikanKbn=3", "url2": "https://www.touhou-dental.jp", "内容": "東邦歯科診療所【3:歯科】宮城県仙台市青葉区大町１丁目１－１８" }, "geometry": { "type": "Point", "coordinates": [ 140.869644, 38.259949 ] } },
{ "type": "Feature", "properties": { "ID": 43910152, "正式名称": "医療法人社団けやきの杜審美会三宅歯科", "機関区分": 3, "都道府県コード": 4, "市区町村コード": 101, "所在地": "宮城県仙台市青葉区花京院２丁目１－９", "緯度": 38.266941, "経度": 140.879776, "url": "https://www.iryou.teikyouseido.mhlw.go.jp/znk-web/juminkanja/S2430/initialize?prefCd=04&kikanCd=910152&kikanKbn=3", "url2": "http://www.miyake-dental.jp", "内容": "医療法人社団けやきの杜審美会三宅歯科【3:歯科】宮城県仙台市青葉区花京院２丁目１－９" }, "geometry": { "type": "Point", "coordinates": [ 140.879776, 38.266941 ] } },
{ "type": "Feature", "properties": { "ID": 43910153, "正式名称": "ライフ・デンタル・オフィス", "機関区分": 3, "都道府県コード": 4, "市区町村コード": 101, "所在地": "宮城県仙台市青葉区二日町１７－２７　北四青葉ビル３Ｆ", "緯度": 38.27166, "経度": 140.866653, "url": "https://www.iryou.teikyouseido.mhlw.go.jp/znk-web/juminkanja/S2430/initialize?prefCd=04&kikanCd=910153&kikanKbn=3", "url2": "http://www.8461.jp", "内容": "ライフ・デンタル・オフィス【3:歯科】宮城県仙台市青葉区二日町１７－２７　北四青葉ビル３Ｆ" }, "geometry": { "type": "Point", "coordinates": [ 140.866653, 38.27166 ] } },
{ "type": "Feature", "properties": { "ID": 43910154, "正式名称": "歯科クリニック一番町", "機関区分": 3, "都道府県コード": 4, "市区町村コード": 101, "所在地": "宮城県仙台市青葉区一番町４丁目５－２５　日の出ビル２Ｆ", "緯度": 38.26466, "経度": 140.870804, "url": "https://www.iryou.teikyouseido.mhlw.go.jp/znk-web/juminkanja/S2430/initialize?prefCd=04&kikanCd=910154&kikanKbn=3", "url2": null, "内容": "歯科クリニック一番町【3:歯科】宮城県仙台市青葉区一番町４丁目５－２５　日の出ビル２Ｆ" }, "geometry": { "type": "Point", "coordinates": [ 140.870804, 38.26466 ] } },
{ "type": "Feature", "properties": { "ID": 43910155, "正式名称": "すみれ歯科医院", "機関区分": 3, "都道府県コード": 4, "市区町村コード": 101, "所在地": "宮城県仙台市青葉区本町１丁目９－２　浜屋ビル２Ｆ", "緯度": 38.264792, "経度": 140.877301, "url": "https://www.iryou.teikyouseido.mhlw.go.jp/znk-web/juminkanja/S2430/initialize?prefCd=04&kikanCd=910155&kikanKbn=3", "url2": null, "内容": "すみれ歯科医院【3:歯科】宮城県仙台市青葉区本町１丁目９－２　浜屋ビル２Ｆ" }, "geometry": { "type": "Point", "coordinates": [ 140.877301, 38.264792 ] } },
{ "type": "Feature", "properties": { "ID": 43910161, "正式名称": "医療法人　結愛会　西原歯科医院", "機関区分": 3, "都道府県コード": 4, "市区町村コード": 101, "所在地": "宮城県仙台市青葉区中山２丁目１－１８", "緯度": 38.289154, "経度": 140.846176, "url": "https://www.iryou.teikyouseido.mhlw.go.jp/znk-web/juminkanja/S2430/initialize?prefCd=04&kikanCd=910161&kikanKbn=3", "url2": "http://www.nishihara-d.jp", "内容": "医療法人　結愛会　西原歯科医院【3:歯科】宮城県仙台市青葉区中山２丁目１－１８" }, "geometry": { "type": "Point", "coordinates": [ 140.846176, 38.289154 ] } },
{ "type": "Feature", "properties": { "ID": 43910162, "正式名称": "プレミア歯科仙台", "機関区分": 3, "都道府県コード": 4, "市区町村コード": 101, "所在地": "宮城県仙台市青葉区一番町１丁目９－１　仙台トラストタワー　３Ｆ", "緯度": 38.256466, "経度": 140.876205, "url": "https://www.iryou.teikyouseido.mhlw.go.jp/znk-web/juminkanja/S2430/initialize?prefCd=04&kikanCd=910162&kikanKbn=3", "url2": "http://www.premier-dental.jp", "内容": "プレミア歯科仙台【3:歯科】宮城県仙台市青葉区一番町１丁目９－１　仙台トラストタワー　３Ｆ" }, "geometry": { "type": "Point", "coordinates": [ 140.876205, 38.256466 ] } },
{ "type": "Feature", "properties": { "ID": 43910172, "正式名称": "慶真会　ソラナデンタルクリニック", "機関区分": 3, "都道府県コード": 4, "市区町村コード": 105, "所在地": "宮城県仙台市泉区向陽台４丁目２４－２１", "緯度": 38.338192, "経度": 140.899658, "url": "https://www.iryou.teikyouseido.mhlw.go.jp/znk-web/juminkanja/S2430/initialize?prefCd=04&kikanCd=910172&kikanKbn=3", "url2": "http://www.keishinkai-dc.com", "内容": "慶真会　ソラナデンタルクリニック【3:歯科】宮城県仙台市泉区向陽台４丁目２４－２１" }, "geometry": { "type": "Point", "coordinates": [ 140.899658, 38.338192 ] } },
{ "type": "Feature", "properties": { "ID": 43910173, "正式名称": "医療法人社団ウェルスマイル　イオデンタルクリニック", "機関区分": 3, "都道府県コード": 4, "市区町村コード": 105, "所在地": "宮城県仙台市泉区将監１丁目５－１１", "緯度": 38.328815, "経度": 140.884125, "url": "https://www.iryou.teikyouseido.mhlw.go.jp/znk-web/juminkanja/S2430/initialize?prefCd=04&kikanCd=910173&kikanKbn=3", "url2": null, "内容": "医療法人社団ウェルスマイル　イオデンタルクリニック【3:歯科】宮城県仙台市泉区将監１丁目５－１１" }, "geometry": { "type": "Point", "coordinates": [ 140.884125, 38.328815 ] } },
{ "type": "Feature", "properties": { "ID": 43910174, "正式名称": "歯科こまきクリニック", "機関区分": 3, "都道府県コード": 4, "市区町村コード": 105, "所在地": "宮城県仙台市泉区上谷刈向原２１－３", "緯度": 38.311211, "経度": 140.876938, "url": "https://www.iryou.teikyouseido.mhlw.go.jp/znk-web/juminkanja/S2430/initialize?prefCd=04&kikanCd=910174&kikanKbn=3", "url2": "http://ha-komaki.com", "内容": "歯科こまきクリニック【3:歯科】宮城県仙台市泉区上谷刈向原２１－３" }, "geometry": { "type": "Point", "coordinates": [ 140.876938, 38.311211 ] } },
{ "type": "Feature", "properties": { "ID": 43910175, "正式名称": "典デンタルクリニック", "機関区分": 3, "都道府県コード": 4, "市区町村コード": 105, "所在地": "宮城県仙台市泉区泉中央１－３４－４", "緯度": 38.322996, "経度": 140.877479, "url": "https://www.iryou.teikyouseido.mhlw.go.jp/znk-web/juminkanja/S2430/initialize?prefCd=04&kikanCd=910175&kikanKbn=3", "url2": "http://www.noridental.com", "内容": "典デンタルクリニック【3:歯科】宮城県仙台市泉区泉中央１－３４－４" }, "geometry": { "type": "Point", "coordinates": [ 140.877479, 38.322996 ] } },
{ "type": "Feature", "properties": { "ID": 43910176, "正式名称": "泉将監歯科医院", "機関区分": 3, "都道府県コード": 4, "市区町村コード": 105, "所在地": "宮城県仙台市泉区将監殿３丁目１－１", "緯度": 38.339718, "経度": 140.880814, "url": "https://www.iryou.teikyouseido.mhlw.go.jp/znk-web/juminkanja/S2430/initialize?prefCd=04&kikanCd=910176&kikanKbn=3", "url2": null, "内容": "泉将監歯科医院【3:歯科】宮城県仙台市泉区将監殿３丁目１－１" }, "geometry": { "type": "Point", "coordinates": [ 140.880814, 38.339718 ] } },
{ "type": "Feature", "properties": { "ID": 43910212, "正式名称": "ララガーデン長町歯科診療室", "機関区分": 3, "都道府県コード": 4, "市区町村コード": 104, "所在地": "宮城県仙台市太白区長町７丁目２０－５", "緯度": 38.225304, "経度": 140.875748, "url": "https://www.iryou.teikyouseido.mhlw.go.jp/znk-web/juminkanja/S2430/initialize?prefCd=04&kikanCd=910212&kikanKbn=3", "url2": "http://www.lalagarden-sika.com/", "内容": "ララガーデン長町歯科診療室【3:歯科】宮城県仙台市太白区長町７丁目２０－５" }, "geometry": { "type": "Point", "coordinates": [ 140.875748, 38.225304 ] } },
{ "type": "Feature", "properties": { "ID": 43910213, "正式名称": "東仙台ファミリー歯科", "機関区分": 3, "都道府県コード": 4, "市区町村コード": 102, "所在地": "宮城県仙台市宮城野区東仙台６－６－１３", "緯度": 38.278851, "経度": 140.910141, "url": "https://www.iryou.teikyouseido.mhlw.go.jp/znk-web/juminkanja/S2430/initialize?prefCd=04&kikanCd=910213&kikanKbn=3", "url2": "https://www.higashisendaifamilydental.com/", "内容": "東仙台ファミリー歯科【3:歯科】宮城県仙台市宮城野区東仙台６－６－１３" }, "geometry": { "type": "Point", "coordinates": [ 140.910141, 38.278851 ] } },
{ "type": "Feature", "properties": { "ID": 43910214, "正式名称": "鈎取歯科医院", "機関区分": 3, "都道府県コード": 4, "市区町村コード": 104, "所在地": "宮城県仙台市太白区鈎取本町１丁目１０－３８", "緯度": 38.221413, "経度": 140.837296, "url": "https://www.iryou.teikyouseido.mhlw.go.jp/znk-web/juminkanja/S2430/initialize?prefCd=04&kikanCd=910214&kikanKbn=3", "url2": null, "内容": "鈎取歯科医院【3:歯科】宮城県仙台市太白区鈎取本町１丁目１０－３８" }, "geometry": { "type": "Point", "coordinates": [ 140.837296, 38.221413 ] } },
{ "type": "Feature", "properties": { "ID": 43910215, "正式名称": "みどり歯科医院", "機関区分": 3, "都道府県コード": 4, "市区町村コード": 104, "所在地": "宮城県仙台市太白区東中田４－１６－２", "緯度": 38.199608, "経度": 140.906815, "url": "https://www.iryou.teikyouseido.mhlw.go.jp/znk-web/juminkanja/S2430/initialize?prefCd=04&kikanCd=910215&kikanKbn=3", "url2": "http://www.midorishika.net/", "内容": "みどり歯科医院【3:歯科】宮城県仙台市太白区東中田４－１６－２" }, "geometry": { "type": "Point", "coordinates": [ 140.906815, 38.199608 ] } },
{ "type": "Feature", "properties": { "ID": 43910216, "正式名称": "新井川歯科クリニック", "機関区分": 3, "都道府県コード": 4, "市区町村コード": 104, "所在地": "宮城県仙台市太白区泉崎１丁目２９－１４", "緯度": 38.219654, "経度": 140.869507, "url": "https://www.iryou.teikyouseido.mhlw.go.jp/znk-web/juminkanja/S2430/initialize?prefCd=04&kikanCd=910216&kikanKbn=3", "url2": "http://www.niikawa-shika.jp/", "内容": "新井川歯科クリニック【3:歯科】宮城県仙台市太白区泉崎１丁目２９－１４" }, "geometry": { "type": "Point", "coordinates": [ 140.869507, 38.219654 ] } },
{ "type": "Feature", "properties": { "ID": 43910217, "正式名称": "ながまち・えがお歯科矯正歯科", "機関区分": 3, "都道府県コード": 4, "市区町村コード": 104, "所在地": "宮城県仙台市太白区長町８丁目２１－１", "緯度": 38.228329, "経度": 140.876862, "url": "https://www.iryou.teikyouseido.mhlw.go.jp/znk-web/juminkanja/S2430/initialize?prefCd=04&kikanCd=910217&kikanKbn=3", "url2": null, "内容": "ながまち・えがお歯科矯正歯科【3:歯科】宮城県仙台市太白区長町８丁目２１－１" }, "geometry": { "type": "Point", "coordinates": [ 140.876862, 38.228329 ] } },
{ "type": "Feature", "properties": { "ID": 43910218, "正式名称": "武山歯科クリニック", "機関区分": 3, "都道府県コード": 4, "市区町村コード": 104, "所在地": "宮城県仙台市太白区四郎丸字大宮３８－４", "緯度": 38.194798, "経度": 140.917755, "url": "https://www.iryou.teikyouseido.mhlw.go.jp/znk-web/juminkanja/S2430/initialize?prefCd=04&kikanCd=910218&kikanKbn=3", "url2": "https://itp.ne.jp/info/042403046138550760/", "内容": "武山歯科クリニック【3:歯科】宮城県仙台市太白区四郎丸字大宮３８－４" }, "geometry": { "type": "Point", "coordinates": [ 140.917755, 38.194798 ] } },
{ "type": "Feature", "properties": { "ID": 43910219, "正式名称": "のりファミリー歯科", "機関区分": 3, "都道府県コード": 4, "市区町村コード": 104, "所在地": "宮城県仙台市太白区柳生４－４－１２", "緯度": 38.195957, "経度": 140.865005, "url": "https://www.iryou.teikyouseido.mhlw.go.jp/znk-web/juminkanja/S2430/initialize?prefCd=04&kikanCd=910219&kikanKbn=3", "url2": "http://www.nori-family.com", "内容": "のりファミリー歯科【3:歯科】宮城県仙台市太白区柳生４－４－１２" }, "geometry": { "type": "Point", "coordinates": [ 140.865005, 38.195957 ] } },
{ "type": "Feature", "properties": { "ID": 43910220, "正式名称": "遊佐歯科矯正歯科医院", "機関区分": 3, "都道府県コード": 4, "市区町村コード": 104, "所在地": "宮城県仙台市太白区ひより台３２－１２", "緯度": 38.229698, "経度": 140.823044, "url": "https://www.iryou.teikyouseido.mhlw.go.jp/znk-web/juminkanja/S2430/initialize?prefCd=04&kikanCd=910220&kikanKbn=3", "url2": null, "内容": "遊佐歯科矯正歯科医院【3:歯科】宮城県仙台市太白区ひより台３２－１２" }, "geometry": { "type": "Point", "coordinates": [ 140.823044, 38.229698 ] } },
{ "type": "Feature", "properties": { "ID": 43910221, "正式名称": "多賀城中央歯科医院", "機関区分": 3, "都道府県コード": 4, "市区町村コード": 209, "所在地": "宮城県多賀城市八幡３丁目６－１２　都ビル２階", "緯度": 38.290527, "経度": 141.008484, "url": "https://www.iryou.teikyouseido.mhlw.go.jp/znk-web/juminkanja/S2430/initialize?prefCd=04&kikanCd=910221&kikanKbn=3", "url2": null, "内容": "多賀城中央歯科医院【3:歯科】宮城県多賀城市八幡３丁目６－１２　都ビル２階" }, "geometry": { "type": "Point", "coordinates": [ 141.008484, 38.290527 ] } },
{ "type": "Feature", "properties": { "ID": 43910222, "正式名称": "大手町かわた歯科", "機関区分": 3, "都道府県コード": 4, "市区町村コード": 101, "所在地": "宮城県仙台市青葉区大手町６－１９", "緯度": 38.257416, "経度": 140.863007, "url": "https://www.iryou.teikyouseido.mhlw.go.jp/znk-web/juminkanja/S2430/initialize?prefCd=04&kikanCd=910222&kikanKbn=3", "url2": "https://www.otemachi-kawata-dental-clinic.net", "内容": "大手町かわた歯科【3:歯科】宮城県仙台市青葉区大手町６－１９" }, "geometry": { "type": "Point", "coordinates": [ 140.863007, 38.257416 ] } },
{ "type": "Feature", "properties": { "ID": 43910223, "正式名称": "飛田歯科医院", "機関区分": 3, "都道府県コード": 4, "市区町村コード": 101, "所在地": "宮城県仙台市青葉区北山３丁目１ー１５", "緯度": 38.282543, "経度": 140.853592, "url": "https://www.iryou.teikyouseido.mhlw.go.jp/znk-web/juminkanja/S2430/initialize?prefCd=04&kikanCd=910223&kikanKbn=3", "url2": null, "内容": "飛田歯科医院【3:歯科】宮城県仙台市青葉区北山３丁目１ー１５" }, "geometry": { "type": "Point", "coordinates": [ 140.853592, 38.282543 ] } },
{ "type": "Feature", "properties": { "ID": 43910224, "正式名称": "ひろせ歯科", "機関区分": 3, "都道府県コード": 4, "市区町村コード": 101, "所在地": "宮城県仙台市青葉区愛子東１－８－７", "緯度": 38.271755, "経度": 140.777756, "url": "https://www.iryou.teikyouseido.mhlw.go.jp/znk-web/juminkanja/S2430/initialize?prefCd=04&kikanCd=910224&kikanKbn=3", "url2": null, "内容": "ひろせ歯科【3:歯科】宮城県仙台市青葉区愛子東１－８－７" }, "geometry": { "type": "Point", "coordinates": [ 140.777756, 38.271755 ] } },
{ "type": "Feature", "properties": { "ID": 43910225, "正式名称": "仙技附属歯科診療室", "機関区分": 3, "都道府県コード": 4, "市区町村コード": 103, "所在地": "宮城県仙台市若林区新寺３丁目１３番６号", "緯度": 38.253899, "経度": 140.890244, "url": "https://www.iryou.teikyouseido.mhlw.go.jp/znk-web/juminkanja/S2430/initialize?prefCd=04&kikanCd=910225&kikanKbn=3", "url2": "http://www.sengi.ac.jp", "内容": "仙技附属歯科診療室【3:歯科】宮城県仙台市若林区新寺３丁目１３番６号" }, "geometry": { "type": "Point", "coordinates": [ 140.890244, 38.253899 ] } },
{ "type": "Feature", "properties": { "ID": 43910226, "正式名称": "郷家第二歯科医院", "機関区分": 3, "都道府県コード": 4, "市区町村コード": 103, "所在地": "宮城県仙台市若林区連坊２丁目９－１６　れいんぼうビル２Ｆ", "緯度": 38.251396, "経度": 140.892136, "url": "https://www.iryou.teikyouseido.mhlw.go.jp/znk-web/juminkanja/S2430/initialize?prefCd=04&kikanCd=910226&kikanKbn=3", "url2": null, "内容": "郷家第二歯科医院【3:歯科】宮城県仙台市若林区連坊２丁目９－１６　れいんぼうビル２Ｆ" }, "geometry": { "type": "Point", "coordinates": [ 140.892136, 38.251396 ] } },
{ "type": "Feature", "properties": { "ID": 43910227, "正式名称": "ドリームデンタルクリニック", "機関区分": 3, "都道府県コード": 4, "市区町村コード": 103, "所在地": "宮城県仙台市若林区六丁の目元町１６－１－３", "緯度": 38.250472, "経度": 140.934242, "url": "https://www.iryou.teikyouseido.mhlw.go.jp/znk-web/juminkanja/S2430/initialize?prefCd=04&kikanCd=910227&kikanKbn=3", "url2": "http://www.dream-dental.jp/", "内容": "ドリームデンタルクリニック【3:歯科】宮城県仙台市若林区六丁の目元町１６－１－３" }, "geometry": { "type": "Point", "coordinates": [ 140.934242, 38.250472 ] } },
{ "type": "Feature", "properties": { "ID": 43910228, "正式名称": "たけしま歯科医院", "機関区分": 3, "都道府県コード": 4, "市区町村コード": 103, "所在地": "宮城県仙台市若林区荒井７丁目２－１３", "緯度": 38.240285, "経度": 140.945139, "url": "https://www.iryou.teikyouseido.mhlw.go.jp/znk-web/juminkanja/S2430/initialize?prefCd=04&kikanCd=910228&kikanKbn=3", "url2": null, "内容": "たけしま歯科医院【3:歯科】宮城県仙台市若林区荒井７丁目２－１３" }, "geometry": { "type": "Point", "coordinates": [ 140.945139, 38.240285 ] } },
{ "type": "Feature", "properties": { "ID": 43910229, "正式名称": "医療法人栄真会前田歯科医院", "機関区分": 3, "都道府県コード": 4, "市区町村コード": 322, "所在地": "宮城県柴田郡村田町大字小泉字西浦９７－１", "緯度": 38.106339, "経度": 140.725052, "url": "https://www.iryou.teikyouseido.mhlw.go.jp/znk-web/juminkanja/S2430/initialize?prefCd=04&kikanCd=910229&kikanKbn=3", "url2": "https://maeda.dentaloffice.jp", "内容": "医療法人栄真会前田歯科医院【3:歯科】宮城県柴田郡村田町大字小泉字西浦９７－１" }, "geometry": { "type": "Point", "coordinates": [ 140.725052, 38.106339 ] } },
{ "type": "Feature", "properties": { "ID": 43910230, "正式名称": "仙台セラミック矯正歯科", "機関区分": 3, "都道府県コード": 4, "市区町村コード": 102, "所在地": "宮城県仙台市宮城野区榴岡２丁目１－２０　ＨＰビル２階", "緯度": 38.261147, "経度": 140.884262, "url": "https://www.iryou.teikyouseido.mhlw.go.jp/znk-web/juminkanja/S2430/initialize?prefCd=04&kikanCd=910230&kikanKbn=3", "url2": "http://www.sendai-dentalceramic.com/", "内容": "仙台セラミック矯正歯科【3:歯科】宮城県仙台市宮城野区榴岡２丁目１－２０　ＨＰビル２階" }, "geometry": { "type": "Point", "coordinates": [ 140.884262, 38.261147 ] } },
{ "type": "Feature", "properties": { "ID": 43910232, "正式名称": "くりばら歯科医院", "機関区分": 3, "都道府県コード": 4, "市区町村コード": 102, "所在地": "宮城県仙台市宮城野区鉄砲町西１－１３　ル・グランノワール１階", "緯度": 38.263123, "経度": 140.886505, "url": "https://www.iryou.teikyouseido.mhlw.go.jp/znk-web/juminkanja/S2430/initialize?prefCd=04&kikanCd=910232&kikanKbn=3", "url2": "https://kuribara-dental.jp", "内容": "くりばら歯科医院【3:歯科】宮城県仙台市宮城野区鉄砲町西１－１３　ル・グランノワール１階" }, "geometry": { "type": "Point", "coordinates": [ 140.886505, 38.263123 ] } },
{ "type": "Feature", "properties": { "ID": 43910241, "正式名称": "Ｔ＆Ｔ　Ｄｅｎｔａｌ　Ｏｆｆｉｃｅ", "機関区分": 3, "都道府県コード": 4, "市区町村コード": 102, "所在地": "宮城県仙台市宮城野区宮城野１－２－４５", "緯度": 38.258789, "経度": 140.896729, "url": "https://www.iryou.teikyouseido.mhlw.go.jp/znk-web/juminkanja/S2430/initialize?prefCd=04&kikanCd=910241&kikanKbn=3", "url2": null, "内容": "Ｔ＆Ｔ　Ｄｅｎｔａｌ　Ｏｆｆｉｃｅ【3:歯科】宮城県仙台市宮城野区宮城野１－２－４５" }, "geometry": { "type": "Point", "coordinates": [ 140.896729, 38.258789 ] } },
{ "type": "Feature", "properties": { "ID": 43910242, "正式名称": "歯科なおきクリニック", "機関区分": 3, "都道府県コード": 4, "市区町村コード": 215, "所在地": "宮城県大崎市古川穂波６丁目１丁目５号", "緯度": 38.566198, "経度": 140.942032, "url": "https://www.iryou.teikyouseido.mhlw.go.jp/znk-web/juminkanja/S2430/initialize?prefCd=04&kikanCd=910242&kikanKbn=3", "url2": "https://www.shika-naoki.com/", "内容": "歯科なおきクリニック【3:歯科】宮城県大崎市古川穂波６丁目１丁目５号" }, "geometry": { "type": "Point", "coordinates": [ 140.942032, 38.566198 ] } },
{ "type": "Feature", "properties": { "ID": 43910246, "正式名称": "医療法人　仙台東口矯正歯科", "機関区分": 3, "都道府県コード": 4, "市区町村コード": 102, "所在地": "宮城県仙台市宮城野区名掛丁２０５―５", "緯度": 38.2626, "経度": 140.884842, "url": "https://www.iryou.teikyouseido.mhlw.go.jp/znk-web/juminkanja/S2430/initialize?prefCd=04&kikanCd=910246&kikanKbn=3", "url2": "http://www.sendai-ortho.com/", "内容": "医療法人　仙台東口矯正歯科【3:歯科】宮城県仙台市宮城野区名掛丁２０５―５" }, "geometry": { "type": "Point", "coordinates": [ 140.884842, 38.2626 ] } },
{ "type": "Feature", "properties": { "ID": 43910247, "正式名称": "旭ヶ丘佐藤歯科", "機関区分": 3, "都道府県コード": 4, "市区町村コード": 101, "所在地": "宮城県仙台市青葉区旭ヶ丘１丁目１－１１", "緯度": 38.289501, "経度": 140.889267, "url": "https://www.iryou.teikyouseido.mhlw.go.jp/znk-web/juminkanja/S2430/initialize?prefCd=04&kikanCd=910247&kikanKbn=3", "url2": null, "内容": "旭ヶ丘佐藤歯科【3:歯科】宮城県仙台市青葉区旭ヶ丘１丁目１－１１" }, "geometry": { "type": "Point", "coordinates": [ 140.889267, 38.289501 ] } },
{ "type": "Feature", "properties": { "ID": 43910258, "正式名称": "扇町歯科医院", "機関区分": 3, "都道府県コード": 4, "市区町村コード": 102, "所在地": "宮城県仙台市宮城野区扇町３丁目２－２５　みちのくビル３０５", "緯度": 38.264313, "経度": 140.945877, "url": "https://www.iryou.teikyouseido.mhlw.go.jp/znk-web/juminkanja/S2430/initialize?prefCd=04&kikanCd=910258&kikanKbn=3", "url2": "http://www.ougimachishika.com", "内容": "扇町歯科医院【3:歯科】宮城県仙台市宮城野区扇町３丁目２－２５　みちのくビル３０５" }, "geometry": { "type": "Point", "coordinates": [ 140.945877, 38.264313 ] } },
{ "type": "Feature", "properties": { "ID": 43910259, "正式名称": "さくら歯科クリニック", "機関区分": 3, "都道府県コード": 4, "市区町村コード": 102, "所在地": "宮城県仙台市宮城野区東仙台２丁目１８－５６　２階", "緯度": 38.278313, "経度": 140.917603, "url": "https://www.iryou.teikyouseido.mhlw.go.jp/znk-web/juminkanja/S2430/initialize?prefCd=04&kikanCd=910259&kikanKbn=3", "url2": null, "内容": "さくら歯科クリニック【3:歯科】宮城県仙台市宮城野区東仙台２丁目１８－５６　２階" }, "geometry": { "type": "Point", "coordinates": [ 140.917603, 38.278313 ] } },
{ "type": "Feature", "properties": { "ID": 43910260, "正式名称": "やまと歯科クリニック", "機関区分": 3, "都道府県コード": 4, "市区町村コード": 103, "所在地": "宮城県仙台市若林区大和町５－１５－１１－１Ｆ", "緯度": 38.247936, "経度": 140.922287, "url": "https://www.iryou.teikyouseido.mhlw.go.jp/znk-web/juminkanja/S2430/initialize?prefCd=04&kikanCd=910260&kikanKbn=3", "url2": null, "内容": "やまと歯科クリニック【3:歯科】宮城県仙台市若林区大和町５－１５－１１－１Ｆ" }, "geometry": { "type": "Point", "coordinates": [ 140.922287, 38.247936 ] } },
{ "type": "Feature", "properties": { "ID": 43910261, "正式名称": "なかくらデンタルクリニック", "機関区分": 3, "都道府県コード": 4, "市区町村コード": 103, "所在地": "宮城県仙台市若林区中倉３ー１７ー５０", "緯度": 38.245411, "経度": 140.92238, "url": "https://www.iryou.teikyouseido.mhlw.go.jp/znk-web/juminkanja/S2430/initialize?prefCd=04&kikanCd=910261&kikanKbn=3", "url2": "http://www.nakakura-d.jp", "内容": "なかくらデンタルクリニック【3:歯科】宮城県仙台市若林区中倉３ー１７ー５０" }, "geometry": { "type": "Point", "coordinates": [ 140.92238, 38.245411 ] } },
{ "type": "Feature", "properties": { "ID": 43910262, "正式名称": "スマイルハートささき歯科", "機関区分": 3, "都道府県コード": 4, "市区町村コード": 104, "所在地": "宮城県仙台市太白区鈎取４丁目４－５１　３１０エスベランサ１０３", "緯度": 38.224308, "経度": 140.840744, "url": "https://www.iryou.teikyouseido.mhlw.go.jp/znk-web/juminkanja/S2430/initialize?prefCd=04&kikanCd=910262&kikanKbn=3", "url2": "http://smileheart.jp/index.html", "内容": "スマイルハートささき歯科【3:歯科】宮城県仙台市太白区鈎取４丁目４－５１　３１０エスベランサ１０３" }, "geometry": { "type": "Point", "coordinates": [ 140.840744, 38.224308 ] } },
{ "type": "Feature", "properties": { "ID": 43910263, "正式名称": "堀歯科医院", "機関区分": 3, "都道府県コード": 4, "市区町村コード": 103, "所在地": "宮城県仙台市若林区若林３－４－５９", "緯度": 38.232452, "経度": 140.897562, "url": "https://www.iryou.teikyouseido.mhlw.go.jp/znk-web/juminkanja/S2430/initialize?prefCd=04&kikanCd=910263&kikanKbn=3", "url2": "https://www.hori-shika.com/", "内容": "堀歯科医院【3:歯科】宮城県仙台市若林区若林３－４－５９" }, "geometry": { "type": "Point", "coordinates": [ 140.897562, 38.232452 ] } },
{ "type": "Feature", "properties": { "ID": 43910264, "正式名称": "あいはら歯科医院", "機関区分": 3, "都道府県コード": 4, "市区町村コード": 103, "所在地": "宮城県仙台市若林区六丁の目西町３－４１", "緯度": 38.251217, "経度": 140.935226, "url": "https://www.iryou.teikyouseido.mhlw.go.jp/znk-web/juminkanja/S2430/initialize?prefCd=04&kikanCd=910264&kikanKbn=3", "url2": null, "内容": "あいはら歯科医院【3:歯科】宮城県仙台市若林区六丁の目西町３－４１" }, "geometry": { "type": "Point", "coordinates": [ 140.935226, 38.251217 ] } },
{ "type": "Feature", "properties": { "ID": 43910265, "正式名称": "医療法人由心舎　こころ歯科クリニック", "機関区分": 3, "都道府県コード": 4, "市区町村コード": 104, "所在地": "宮城県仙台市太白区大野田", "緯度": 38.214382, "経度": 140.87587, "url": "https://www.iryou.teikyouseido.mhlw.go.jp/znk-web/juminkanja/S2430/initialize?prefCd=04&kikanCd=910265&kikanKbn=3", "url2": "http://www.taihaku-medicaltown.jp/", "内容": "医療法人由心舎　こころ歯科クリニック【3:歯科】宮城県仙台市太白区大野田" }, "geometry": { "type": "Point", "coordinates": [ 140.87587, 38.214382 ] } },
{ "type": "Feature", "properties": { "ID": 43910277, "正式名称": "髙城歯科医院", "機関区分": 3, "都道府県コード": 4, "市区町村コード": 202, "所在地": "宮城県石巻市恵み野６丁目５－１４", "緯度": 38.440231, "経度": 141.264206, "url": "https://www.iryou.teikyouseido.mhlw.go.jp/znk-web/juminkanja/S2430/initialize?prefCd=04&kikanCd=910277&kikanKbn=3", "url2": null, "内容": "髙城歯科医院【3:歯科】宮城県石巻市恵み野６丁目５－１４" }, "geometry": { "type": "Point", "coordinates": [ 141.264206, 38.440231 ] } },
{ "type": "Feature", "properties": { "ID": 43910282, "正式名称": "ツルタ歯科クリニック", "機関区分": 3, "都道府県コード": 4, "市区町村コード": 102, "所在地": "宮城県仙台市宮城野区栄４丁目９－１１", "緯度": 38.280987, "経度": 140.983688, "url": "https://www.iryou.teikyouseido.mhlw.go.jp/znk-web/juminkanja/S2430/initialize?prefCd=04&kikanCd=910282&kikanKbn=3", "url2": null, "内容": "ツルタ歯科クリニック【3:歯科】宮城県仙台市宮城野区栄４丁目９－１１" }, "geometry": { "type": "Point", "coordinates": [ 140.983688, 38.280987 ] } },
{ "type": "Feature", "properties": { "ID": 43910283, "正式名称": "公益財団法人宮城厚生協会　長町病院附属歯科クリニック", "機関区分": 3, "都道府県コード": 4, "市区町村コード": 104, "所在地": "宮城県仙台市太白区長町１丁目６－９", "緯度": 38.23381, "経度": 140.887009, "url": "https://www.iryou.teikyouseido.mhlw.go.jp/znk-web/juminkanja/S2430/initialize?prefCd=04&kikanCd=910283&kikanKbn=3", "url2": null, "内容": "公益財団法人宮城厚生協会　長町病院附属歯科クリニック【3:歯科】宮城県仙台市太白区長町１丁目６－９" }, "geometry": { "type": "Point", "coordinates": [ 140.887009, 38.23381 ] } },
{ "type": "Feature", "properties": { "ID": 43910287, "正式名称": "さんかくデンタルクリニック", "機関区分": 3, "都道府県コード": 4, "市区町村コード": 214, "所在地": "宮城県東松島市矢本字関の内１－５", "緯度": 38.423313, "経度": 141.22139, "url": "https://www.iryou.teikyouseido.mhlw.go.jp/znk-web/juminkanja/S2430/initialize?prefCd=04&kikanCd=910287&kikanKbn=3", "url2": null, "内容": "さんかくデンタルクリニック【3:歯科】宮城県東松島市矢本字関の内１－５" }, "geometry": { "type": "Point", "coordinates": [ 141.22139, 38.423313 ] } },
{ "type": "Feature", "properties": { "ID": 43910290, "正式名称": "丸森歯科医院", "機関区分": 3, "都道府県コード": 4, "市区町村コード": 101, "所在地": "宮城県仙台市青葉区二日町９－２３　プラウドタワー仙台晩翠通セントラル２階", "緯度": 38.270145, "経度": 140.865661, "url": "https://www.iryou.teikyouseido.mhlw.go.jp/znk-web/juminkanja/S2430/initialize?prefCd=04&kikanCd=910290&kikanKbn=3", "url2": "https://marumori-shika.com", "内容": "丸森歯科医院【3:歯科】宮城県仙台市青葉区二日町９－２３　プラウドタワー仙台晩翠通セントラル２階" }, "geometry": { "type": "Point", "coordinates": [ 140.865661, 38.270145 ] } },
{ "type": "Feature", "properties": { "ID": 43910299, "正式名称": "歯ぴか歯科", "機関区分": 3, "都道府県コード": 4, "市区町村コード": 101, "所在地": "宮城県仙台市青葉区本町２丁目１５－１７　本町エターナルビル２０１号", "緯度": 38.264767, "経度": 140.87316, "url": "https://www.iryou.teikyouseido.mhlw.go.jp/znk-web/juminkanja/S2430/initialize?prefCd=04&kikanCd=910299&kikanKbn=3", "url2": "https://hapika.com", "内容": "歯ぴか歯科【3:歯科】宮城県仙台市青葉区本町２丁目１５－１７　本町エターナルビル２０１号" }, "geometry": { "type": "Point", "coordinates": [ 140.87316, 38.264767 ] } },
{ "type": "Feature", "properties": { "ID": 43910300, "正式名称": "たがじょうグリーン歯科", "機関区分": 3, "都道府県コード": 4, "市区町村コード": 209, "所在地": "宮城県多賀城市下馬五丁目８番６号", "緯度": 38.300141, "経度": 141.015744, "url": "https://www.iryou.teikyouseido.mhlw.go.jp/znk-web/juminkanja/S2430/initialize?prefCd=04&kikanCd=910300&kikanKbn=3", "url2": "https://www.tagajogreen.jp/", "内容": "たがじょうグリーン歯科【3:歯科】宮城県多賀城市下馬五丁目８番６号" }, "geometry": { "type": "Point", "coordinates": [ 141.015744, 38.300141 ] } },
{ "type": "Feature", "properties": { "ID": 43910303, "正式名称": "医療法人　八峯会　矯正歯科　菅原準二クリニック", "機関区分": 3, "都道府県コード": 4, "市区町村コード": 101, "所在地": "宮城県仙台市青葉区八幡１－１０－１５", "緯度": 38.267796, "経度": 140.852383, "url": "https://www.iryou.teikyouseido.mhlw.go.jp/znk-web/juminkanja/S2430/initialize?prefCd=04&kikanCd=910303&kikanKbn=3", "url2": "https://js-ortho.jp", "内容": "医療法人　八峯会　矯正歯科　菅原準二クリニック【3:歯科】宮城県仙台市青葉区八幡１－１０－１５" }, "geometry": { "type": "Point", "coordinates": [ 140.852383, 38.267796 ] } },
{ "type": "Feature", "properties": { "ID": 43910310, "正式名称": "マサキデンタルオフィス　歯科・矯正歯科", "機関区分": 3, "都道府県コード": 4, "市区町村コード": 101, "所在地": "宮城県仙台市青葉区中央３丁目７－２５　ダイワロイネットホテル仙台西口３Ｆ", "緯度": 38.259279, "経度": 140.879059, "url": "https://www.iryou.teikyouseido.mhlw.go.jp/znk-web/juminkanja/S2430/initialize?prefCd=04&kikanCd=910310&kikanKbn=3", "url2": "https://www.masaki-dc.jp", "内容": "マサキデンタルオフィス　歯科・矯正歯科【3:歯科】宮城県仙台市青葉区中央３丁目７－２５　ダイワロイネットホテル仙台西口３Ｆ" }, "geometry": { "type": "Point", "coordinates": [ 140.879059, 38.259279 ] } },
{ "type": "Feature", "properties": { "ID": 43910311, "正式名称": "原ノ町なかにしデンタルクリニック", "機関区分": 3, "都道府県コード": 4, "市区町村コード": 102, "所在地": "宮城県仙台市宮城野区五輪２丁目１３－１　ＭＩＫＥＥＬ　ＳＥＮＤＡＩ　ＧＯＲＩＮ　１階　ウエストサイド", "緯度": 38.266812, "経度": 140.910685, "url": "https://www.iryou.teikyouseido.mhlw.go.jp/znk-web/juminkanja/S2430/initialize?prefCd=04&kikanCd=910311&kikanKbn=3", "url2": "https://www.nakanishidental.jp/", "内容": "原ノ町なかにしデンタルクリニック【3:歯科】宮城県仙台市宮城野区五輪２丁目１３－１　ＭＩＫＥＥＬ　ＳＥＮＤＡＩ　ＧＯＲＩＮ　１階　ウエストサイド" }, "geometry": { "type": "Point", "coordinates": [ 140.910685, 38.266812 ] } },
{ "type": "Feature", "properties": { "ID": 43910320, "正式名称": "泉中央ひろ歯科", "機関区分": 3, "都道府県コード": 4, "市区町村コード": 105, "所在地": "宮城県仙台市泉区泉中央３丁目３７－１　フォンテーヌＳＴ２Ｆ", "緯度": 38.325177, "経度": 140.887933, "url": "https://www.iryou.teikyouseido.mhlw.go.jp/znk-web/juminkanja/S2430/initialize?prefCd=04&kikanCd=910320&kikanKbn=3", "url2": "https://izumi-hirodental.com/", "内容": "泉中央ひろ歯科【3:歯科】宮城県仙台市泉区泉中央３丁目３７－１　フォンテーヌＳＴ２Ｆ" }, "geometry": { "type": "Point", "coordinates": [ 140.887933, 38.325177 ] } },
{ "type": "Feature", "properties": { "ID": 43910323, "正式名称": "佐藤歯科医院", "機関区分": 3, "都道府県コード": 4, "市区町村コード": 104, "所在地": "宮城県仙台市太白区西多賀４丁目１０ー２６", "緯度": 38.222457, "経度": 140.850566, "url": "https://www.iryou.teikyouseido.mhlw.go.jp/znk-web/juminkanja/S2430/initialize?prefCd=04&kikanCd=910323&kikanKbn=3", "url2": null, "内容": "佐藤歯科医院【3:歯科】宮城県仙台市太白区西多賀４丁目１０ー２６" }, "geometry": { "type": "Point", "coordinates": [ 140.850566, 38.222457 ] } },
{ "type": "Feature", "properties": { "ID": 43910326, "正式名称": "仙台市役所前しょうじ歯科", "機関区分": 3, "都道府県コード": 4, "市区町村コード": 101, "所在地": "宮城県仙台市青葉区国分町３－９－１", "緯度": 38.267066, "経度": 140.868287, "url": "https://www.iryou.teikyouseido.mhlw.go.jp/znk-web/juminkanja/S2430/initialize?prefCd=04&kikanCd=910326&kikanKbn=3", "url2": "http://shoji-sika.com/", "内容": "仙台市役所前しょうじ歯科【3:歯科】宮城県仙台市青葉区国分町３－９－１" }, "geometry": { "type": "Point", "coordinates": [ 140.868287, 38.267066 ] } },
{ "type": "Feature", "properties": { "ID": 43910329, "正式名称": "泉中央おとなこども歯科・矯正歯科", "機関区分": 3, "都道府県コード": 4, "市区町村コード": 105, "所在地": "宮城県仙台市泉区泉中央３－２－１　ルーセント２１ビル１階", "緯度": 38.325563, "経度": 140.883309, "url": "https://www.iryou.teikyouseido.mhlw.go.jp/znk-web/juminkanja/S2430/initialize?prefCd=04&kikanCd=910329&kikanKbn=3", "url2": "https://izumiokdc.hp.peraichi.com", "内容": "泉中央おとなこども歯科・矯正歯科【3:歯科】宮城県仙台市泉区泉中央３－２－１　ルーセント２１ビル１階" }, "geometry": { "type": "Point", "coordinates": [ 140.883309, 38.325563 ] } },
{ "type": "Feature", "properties": { "ID": 43910332, "正式名称": "泉ヶ丘しほ歯科・訪問歯科", "機関区分": 3, "都道府県コード": 4, "市区町村コード": 105, "所在地": "宮城県仙台市泉区泉ケ丘４丁目９－１２", "緯度": 38.357494, "経度": 140.867389, "url": "https://www.iryou.teikyouseido.mhlw.go.jp/znk-web/juminkanja/S2430/initialize?prefCd=04&kikanCd=910332&kikanKbn=3", "url2": "https://shiho-shika.com", "内容": "泉ヶ丘しほ歯科・訪問歯科【3:歯科】宮城県仙台市泉区泉ケ丘４丁目９－１２" }, "geometry": { "type": "Point", "coordinates": [ 140.867389, 38.357494 ] } },
{ "type": "Feature", "properties": { "ID": 43910336, "正式名称": "つるがや塩野歯科医院", "機関区分": 3, "都道府県コード": 4, "市区町村コード": 102, "所在地": "宮城県仙台市宮城野区鶴ヶ谷北１丁目１７－１", "緯度": 38.295872, "経度": 140.917028, "url": "https://www.iryou.teikyouseido.mhlw.go.jp/znk-web/juminkanja/S2430/initialize?prefCd=04&kikanCd=910336&kikanKbn=3", "url2": "https://www.tsurugaya-shiono-dent.com/", "内容": "つるがや塩野歯科医院【3:歯科】宮城県仙台市宮城野区鶴ヶ谷北１丁目１７－１" }, "geometry": { "type": "Point", "coordinates": [ 140.917028, 38.295872 ] } },
{ "type": "Feature", "properties": { "ID": 43910338, "正式名称": "医療法人社団泰正会　古川ファミリー歯科・矯正歯科", "機関区分": 3, "都道府県コード": 4, "市区町村コード": 215, "所在地": "宮城県大崎市古川沢田字筒場浦８２番地イオンタウン古川内古川ファミリー歯科・矯正歯科", "緯度": 38.5989386, "経度": 140.9738461, "url": "https://www.iryou.teikyouseido.mhlw.go.jp/znk-web/juminkanja/S2430/initialize?prefCd=04&kikanCd=910338&kikanKbn=3", "url2": null, "内容": "医療法人社団泰正会　古川ファミリー歯科・矯正歯科【3:歯科】宮城県大崎市古川沢田字筒場浦８２番地イオンタウン古川内古川ファミリー歯科・矯正歯科" }, "geometry": { "type": "Point", "coordinates": [ 140.9738461, 38.5989386 ] } },
{ "type": "Feature", "properties": { "ID": 43910339, "正式名称": "アポロ歯科", "機関区分": 3, "都道府県コード": 4, "市区町村コード": 101, "所在地": "宮城県仙台市青葉区八幡", "緯度": 38.266648, "経度": 140.827399, "url": "https://www.iryou.teikyouseido.mhlw.go.jp/znk-web/juminkanja/S2430/initialize?prefCd=04&kikanCd=910339&kikanKbn=3", "url2": "https://plus.dentamap.jp/hpplususer/apollo/", "内容": "アポロ歯科【3:歯科】宮城県仙台市青葉区八幡" }, "geometry": { "type": "Point", "coordinates": [ 140.827399, 38.266648 ] } },
{ "type": "Feature", "properties": { "ID": 43910341, "正式名称": "せん歯科", "機関区分": 3, "都道府県コード": 4, "市区町村コード": 104, "所在地": "宮城県仙台市太白区西多賀５丁目１１－１０", "緯度": 38.219756, "経度": 140.85317, "url": "https://www.iryou.teikyouseido.mhlw.go.jp/znk-web/juminkanja/S2430/initialize?prefCd=04&kikanCd=910341&kikanKbn=3", "url2": "https://www.sen-shika.jp/", "内容": "せん歯科【3:歯科】宮城県仙台市太白区西多賀５丁目１１－１０" }, "geometry": { "type": "Point", "coordinates": [ 140.85317, 38.219756 ] } },
{ "type": "Feature", "properties": { "ID": 43910345, "正式名称": "あおば閖上歯科医院", "機関区分": 3, "都道府県コード": 4, "市区町村コード": 207, "所在地": "宮城県名取市飯野坂３－５－１０　イオンタウン名取２Ｆ", "緯度": 38.157516, "経度": 140.887085, "url": "https://www.iryou.teikyouseido.mhlw.go.jp/znk-web/juminkanja/S2430/initialize?prefCd=04&kikanCd=910345&kikanKbn=3", "url2": "https://aoba-yuriage.com/", "内容": "あおば閖上歯科医院【3:歯科】宮城県名取市飯野坂３－５－１０　イオンタウン名取２Ｆ" }, "geometry": { "type": "Point", "coordinates": [ 140.887085, 38.157516 ] } },
{ "type": "Feature", "properties": { "ID": 43910346, "正式名称": "みうら歯科", "機関区分": 3, "都道府県コード": 4, "市区町村コード": 207, "所在地": "宮城県名取市増田３丁目１０ー２３", "緯度": 38.172929, "経度": 140.88904, "url": "https://www.iryou.teikyouseido.mhlw.go.jp/znk-web/juminkanja/S2430/initialize?prefCd=04&kikanCd=910346&kikanKbn=3", "url2": "https://www.miura-dentalclinic.info", "内容": "みうら歯科【3:歯科】宮城県名取市増田３丁目１０ー２３" }, "geometry": { "type": "Point", "coordinates": [ 140.88904, 38.172929 ] } },
{ "type": "Feature", "properties": { "ID": 43910347, "正式名称": "東照宮さくらファミリー歯科", "機関区分": 3, "都道府県コード": 4, "市区町村コード": 101, "所在地": "宮城県仙台市青葉区高松１丁目１８－１", "緯度": 38.278841, "経度": 140.89191, "url": "https://www.iryou.teikyouseido.mhlw.go.jp/znk-web/juminkanja/S2430/initialize?prefCd=04&kikanCd=910347&kikanKbn=3", "url2": "https://www.toshogu-sakura-family-dc.com/", "内容": "東照宮さくらファミリー歯科【3:歯科】宮城県仙台市青葉区高松１丁目１８－１" }, "geometry": { "type": "Point", "coordinates": [ 140.89191, 38.278841 ] } },
{ "type": "Feature", "properties": { "ID": 43910352, "正式名称": "大島歯科クリニック", "機関区分": 3, "都道府県コード": 4, "市区町村コード": 205, "所在地": "宮城県気仙沼市廻舘１０９－５", "緯度": 38.858423, "経度": 141.616072, "url": "https://www.iryou.teikyouseido.mhlw.go.jp/znk-web/juminkanja/S2430/initialize?prefCd=04&kikanCd=910352&kikanKbn=3", "url2": null, "内容": "大島歯科クリニック【3:歯科】宮城県気仙沼市廻舘１０９－５" }, "geometry": { "type": "Point", "coordinates": [ 141.616072, 38.858423 ] } },
{ "type": "Feature", "properties": { "ID": 43910353, "正式名称": "旭ヶ丘歯科診療室", "機関区分": 3, "都道府県コード": 4, "市区町村コード": 101, "所在地": "宮城県仙台市青葉区旭ケ丘１丁目７－８", "緯度": 38.289609, "経度": 140.887016, "url": "https://www.iryou.teikyouseido.mhlw.go.jp/znk-web/juminkanja/S2430/initialize?prefCd=04&kikanCd=910353&kikanKbn=3", "url2": null, "内容": "旭ヶ丘歯科診療室【3:歯科】宮城県仙台市青葉区旭ケ丘１丁目７－８" }, "geometry": { "type": "Point", "coordinates": [ 140.887016, 38.289609 ] } },
{ "type": "Feature", "properties": { "ID": 43910354, "正式名称": "広瀬通り歯科クリニック", "機関区分": 3, "都道府県コード": 4, "市区町村コード": 101, "所在地": "宮城県仙台市青葉区国分町１－７－１３－２Ｆ", "緯度": 38.261724, "経度": 140.869117, "url": "https://www.iryou.teikyouseido.mhlw.go.jp/znk-web/juminkanja/S2430/initialize?prefCd=04&kikanCd=910354&kikanKbn=3", "url2": "https://www.hirosedori-dc.jp", "内容": "広瀬通り歯科クリニック【3:歯科】宮城県仙台市青葉区国分町１－７－１３－２Ｆ" }, "geometry": { "type": "Point", "coordinates": [ 140.869117, 38.261724 ] } },
{ "type": "Feature", "properties": { "ID": 43910373, "正式名称": "仙台イーストデンタル", "機関区分": 3, "都道府県コード": 4, "市区町村コード": 102, "所在地": "宮城県仙台市宮城野区五輪２－３－３３", "緯度": 38.2627157, "経度": 140.9039553, "url": "https://www.iryou.teikyouseido.mhlw.go.jp/znk-web/juminkanja/S2430/initialize?prefCd=04&kikanCd=910373&kikanKbn=3", "url2": "https://www.sendai-east-dental.jp/access/", "内容": "仙台イーストデンタル【3:歯科】宮城県仙台市宮城野区五輪２－３－３３" }, "geometry": { "type": "Point", "coordinates": [ 140.9039553, 38.2627157 ] } },
{ "type": "Feature", "properties": { "ID": 43910380, "正式名称": "石巻東あお歯科", "機関区分": 3, "都道府県コード": 4, "市区町村コード": 202, "所在地": "宮城県石巻市流留七勺１－１イオンスーパーセンター石巻東店内", "緯度": 38.428187, "経度": 141.376106, "url": "https://www.iryou.teikyouseido.mhlw.go.jp/znk-web/juminkanja/S2430/initialize?prefCd=04&kikanCd=910380&kikanKbn=3", "url2": null, "内容": "石巻東あお歯科【3:歯科】宮城県石巻市流留七勺１－１イオンスーパーセンター石巻東店内" }, "geometry": { "type": "Point", "coordinates": [ 141.376106, 38.428187 ] } },
{ "type": "Feature", "properties": { "ID": 43910384, "正式名称": "奥州ＰｒｅｍｉｕｍＭＴ歯科・矯正歯科　仙台駅西口", "機関区分": 3, "都道府県コード": 4, "市区町村コード": 101, "所在地": "宮城県仙台市青葉区中央三丁目１番２２号ＥＱＵＩＮＩＡ青葉通り９階", "緯度": 38.260384, "経度": 140.878756, "url": "https://www.iryou.teikyouseido.mhlw.go.jp/znk-web/juminkanja/S2430/initialize?prefCd=04&kikanCd=910384&kikanKbn=3", "url2": "https://sendai-mt-dc.com", "内容": "奥州ＰｒｅｍｉｕｍＭＴ歯科・矯正歯科　仙台駅西口【3:歯科】宮城県仙台市青葉区中央三丁目１番２２号ＥＱＵＩＮＩＡ青葉通り９階" }, "geometry": { "type": "Point", "coordinates": [ 140.878756, 38.260384 ] } },
{ "type": "Feature", "properties": { "ID": 43910410, "正式名称": "南仙台どうどう歯科クリニック", "機関区分": 3, "都道府県コード": 4, "市区町村コード": 104, "所在地": "宮城県仙台市太白区東中田６丁目５－２８", "緯度": 38.197732, "経度": 140.89259, "url": "https://www.iryou.teikyouseido.mhlw.go.jp/znk-web/juminkanja/S2430/initialize?prefCd=04&kikanCd=910410&kikanKbn=3", "url2": null, "内容": "南仙台どうどう歯科クリニック【3:歯科】宮城県仙台市太白区東中田６丁目５－２８" }, "geometry": { "type": "Point", "coordinates": [ 140.89259, 38.197732 ] } },
{ "type": "Feature", "properties": { "ID": 43910450, "正式名称": "上杉おとなこども歯科・矯正歯科", "機関区分": 3, "都道府県コード": 4, "市区町村コード": 101, "所在地": "宮城県仙台市青葉区上杉３－２－２８アクス上杉ビル", "緯度": 38.2713758, "経度": 140.8697794, "url": "https://www.iryou.teikyouseido.mhlw.go.jp/znk-web/juminkanja/S2430/initialize?prefCd=04&kikanCd=910450&kikanKbn=3", "url2": null, "内容": "上杉おとなこども歯科・矯正歯科【3:歯科】宮城県仙台市青葉区上杉３－２－２８アクス上杉ビル" }, "geometry": { "type": "Point", "coordinates": [ 140.8697794, 38.2713758 ] } },
{ "type": "Feature", "properties": { "ID": 43910485, "正式名称": "医療法人社団高輪会　仙台クルーズ歯科", "機関区分": 3, "都道府県コード": 4, "市区町村コード": 102, "所在地": "宮城県仙台市宮城野区小田原弓ノ町１０２－８フォートレジデンス小田原八幡１０１号室", "緯度": 38.2643965, "経度": 140.8919831, "url": "https://www.iryou.teikyouseido.mhlw.go.jp/znk-web/juminkanja/S2430/initialize?prefCd=04&kikanCd=910485&kikanKbn=3", "url2": null, "内容": "医療法人社団高輪会　仙台クルーズ歯科【3:歯科】宮城県仙台市宮城野区小田原弓ノ町１０２－８フォートレジデンス小田原八幡１０１号室" }, "geometry": { "type": "Point", "coordinates": [ 140.8919831, 38.2643965 ] } },
{ "type": "Feature", "properties": { "ID": 43910486, "正式名称": "たまき歯科", "機関区分": 3, "都道府県コード": 4, "市区町村コード": 211, "所在地": "宮城県岩沼市館下３－２－２７", "緯度": 38.112345, "経度": 140.866161, "url": "https://www.iryou.teikyouseido.mhlw.go.jp/znk-web/juminkanja/S2430/initialize?prefCd=04&kikanCd=910486&kikanKbn=3", "url2": "https://tamaki-shika.jp/", "内容": "たまき歯科【3:歯科】宮城県岩沼市館下３－２－２７" }, "geometry": { "type": "Point", "coordinates": [ 140.866161, 38.112345 ] } },
{ "type": "Feature", "properties": { "ID": 43910505, "正式名称": "木町通ほしぞら歯科", "機関区分": 3, "都道府県コード": 4, "市区町村コード": 101, "所在地": "宮城県仙台市青葉区木町通２丁目３－２２内海ビル２階", "緯度": 38.271564, "経度": 140.86293, "url": "https://www.iryou.teikyouseido.mhlw.go.jp/znk-web/juminkanja/S2430/initialize?prefCd=04&kikanCd=910505&kikanKbn=3", "url2": "https://hoshizoradc.com/", "内容": "木町通ほしぞら歯科【3:歯科】宮城県仙台市青葉区木町通２丁目３－２２内海ビル２階" }, "geometry": { "type": "Point", "coordinates": [ 140.86293, 38.271564 ] } },
{ "type": "Feature", "properties": { "ID": 43910509, "正式名称": "原町歯科医院", "機関区分": 3, "都道府県コード": 4, "市区町村コード": 102, "所在地": "宮城県仙台市宮城野区原町１ー３ー５０ヒルトップ宮城野１階", "緯度": 38.264364, "経度": 140.901369, "url": "https://www.iryou.teikyouseido.mhlw.go.jp/znk-web/juminkanja/S2430/initialize?prefCd=04&kikanCd=910509&kikanKbn=3", "url2": "https://www.haranomachi-dental.com", "内容": "原町歯科医院【3:歯科】宮城県仙台市宮城野区原町１ー３ー５０ヒルトップ宮城野１階" }, "geometry": { "type": "Point", "coordinates": [ 140.901369, 38.264364 ] } },
{ "type": "Feature", "properties": { "ID": 43910519, "正式名称": "西多賀歯科クリニック", "機関区分": 3, "都道府県コード": 4, "市区町村コード": 104, "所在地": "宮城県仙台市太白区西多賀一丁目２２－１３", "緯度": 38.223409, "経度": 140.856754, "url": "https://www.iryou.teikyouseido.mhlw.go.jp/znk-web/juminkanja/S2430/initialize?prefCd=04&kikanCd=910519&kikanKbn=3", "url2": null, "内容": "西多賀歯科クリニック【3:歯科】宮城県仙台市太白区西多賀一丁目２２－１３" }, "geometry": { "type": "Point", "coordinates": [ 140.856754, 38.223409 ] } },
{ "type": "Feature", "properties": { "ID": 43910528, "正式名称": "上杉モールおとなこども歯科・矯正歯科", "機関区分": 3, "都道府県コード": 4, "市区町村コード": 101, "所在地": "宮城県仙台市青葉区堤通雨宮町１－１イオンモール仙台上杉２階", "緯度": 38.276093, "経度": 140.872517, "url": "https://www.iryou.teikyouseido.mhlw.go.jp/znk-web/juminkanja/S2430/initialize?prefCd=04&kikanCd=910528&kikanKbn=3", "url2": "https://kamisugimall-okdc.com/", "内容": "上杉モールおとなこども歯科・矯正歯科【3:歯科】宮城県仙台市青葉区堤通雨宮町１－１イオンモール仙台上杉２階" }, "geometry": { "type": "Point", "coordinates": [ 140.872517, 38.276093 ] } },
{ "type": "Feature", "properties": { "ID": 43910545, "正式名称": "沖野ファミリア歯科医院", "機関区分": 3, "都道府県コード": 4, "市区町村コード": 103, "所在地": "宮城県仙台市若林区上飯田１ー２１ー１２", "緯度": 38.21885, "経度": 140.92009, "url": "https://www.iryou.teikyouseido.mhlw.go.jp/znk-web/juminkanja/S2430/initialize?prefCd=04&kikanCd=910545&kikanKbn=3", "url2": null, "内容": "沖野ファミリア歯科医院【3:歯科】宮城県仙台市若林区上飯田１ー２１ー１２" }, "geometry": { "type": "Point", "coordinates": [ 140.92009, 38.21885 ] } },
{ "type": "Feature", "properties": { "ID": 43910559, "正式名称": "医療法人永身会　かんざき歯科医院", "機関区分": 3, "都道府県コード": 4, "市区町村コード": 101, "所在地": "宮城県仙台市青葉区上杉６－２－３８リッチモンドスクエア上杉３階", "緯度": 38.2759556, "経度": 140.8736844, "url": "https://www.iryou.teikyouseido.mhlw.go.jp/znk-web/juminkanja/S2430/initialize?prefCd=04&kikanCd=910559&kikanKbn=3", "url2": null, "内容": "医療法人永身会　かんざき歯科医院【3:歯科】宮城県仙台市青葉区上杉６－２－３８リッチモンドスクエア上杉３階" }, "geometry": { "type": "Point", "coordinates": [ 140.8736844, 38.2759556 ] } },
{ "type": "Feature", "properties": { "ID": 43910583, "正式名称": "仙台ウィステリアデンタルクリニック", "機関区分": 3, "都道府県コード": 4, "市区町村コード": 105, "所在地": "宮城県仙台市泉区古内新坂の上３０−１", "緯度": 38.319806, "経度": 140.843715, "url": "https://www.iryou.teikyouseido.mhlw.go.jp/znk-web/juminkanja/S2430/initialize?prefCd=04&kikanCd=910583&kikanKbn=3", "url2": "https://wisteria.dental", "内容": "仙台ウィステリアデンタルクリニック【3:歯科】宮城県仙台市泉区古内新坂の上３０−１" }, "geometry": { "type": "Point", "coordinates": [ 140.843715, 38.319806 ] } },
{ "type": "Feature", "properties": { "ID": 43910589, "正式名称": "多賀城アイリス歯科", "機関区分": 3, "都道府県コード": 4, "市区町村コード": 209, "所在地": "宮城県多賀城市八幡３丁目１０－２７ＣＫ八幡ビル", "緯度": 38.289215, "経度": 141.005054, "url": "https://www.iryou.teikyouseido.mhlw.go.jp/znk-web/juminkanja/S2430/initialize?prefCd=04&kikanCd=910589&kikanKbn=3", "url2": "http://www.iris-dentalclinic.com", "内容": "多賀城アイリス歯科【3:歯科】宮城県多賀城市八幡３丁目１０－２７ＣＫ八幡ビル" }, "geometry": { "type": "Point", "coordinates": [ 141.005054, 38.289215 ] } },
{ "type": "Feature", "properties": { "ID": 43910599, "正式名称": "いいづか歯科", "機関区分": 3, "都道府県コード": 4, "市区町村コード": 101, "所在地": "宮城県仙台市青葉区八幡３丁目１－５０レキシントンプラザ八幡２階", "緯度": 38.2691964, "経度": 140.849573, "url": "https://www.iryou.teikyouseido.mhlw.go.jp/znk-web/juminkanja/S2430/initialize?prefCd=04&kikanCd=910599&kikanKbn=3", "url2": null, "内容": "いいづか歯科【3:歯科】宮城県仙台市青葉区八幡３丁目１－５０レキシントンプラザ八幡２階" }, "geometry": { "type": "Point", "coordinates": [ 140.849573, 38.2691964 ] } },
{ "type": "Feature", "properties": { "ID": 43910620, "正式名称": "仙台Ｔ＇ｓ　ＤＥＮＴＡＬ　ＯＦＦＩＣＥ長町院", "機関区分": 3, "都道府県コード": 4, "市区町村コード": 104, "所在地": "宮城県仙台市太白区泉崎１丁目８－２２", "緯度": 38.223486, "経度": 140.868484, "url": "https://www.iryou.teikyouseido.mhlw.go.jp/znk-web/juminkanja/S2430/initialize?prefCd=04&kikanCd=910620&kikanKbn=3", "url2": "https://tsdental-nagamachi.jp/", "内容": "仙台Ｔ＇ｓ　ＤＥＮＴＡＬ　ＯＦＦＩＣＥ長町院【3:歯科】宮城県仙台市太白区泉崎１丁目８－２２" }, "geometry": { "type": "Point", "coordinates": [ 140.868484, 38.223486 ] } }
]
}
