{
"type": "FeatureCollection",
"name": "geo_04_居宅介護支援",
"crs": { "type": "name", "properties": { "name": "urn:ogc:def:crs:OGC:1.3:CRS84" } },
"features": [
{ "type": "Feature", "properties": { "内容": "仙台ロイヤルケアセンター【居宅介護支援】宮城県仙台市青葉区みやぎ台一丁目31番1号", "url": "https://www.kaigokensaku.mhlw.go.jp/04/index.php?action_kouhyou_detail_004_kani=true&JigyosyoCd=0455180018-00&ServiceCd=430&Type=search", "url2": "http://www.ims.gr.jp/sendai-rcc/" }, "geometry": { "type": "Point", "coordinates": [ 140.777284399999985, 38.3073494 ] } },
{ "type": "Feature", "properties": { "内容": "小松島ケアプランセンター【居宅介護支援】小松島新堤7-1", "url": "https://www.kaigokensaku.mhlw.go.jp/04/index.php?action_kouhyou_detail_004_kani=true&JigyosyoCd=0475100194-00&ServiceCd=430&Type=search", "url2": "http://scikujiin.or.jp/" }, "geometry": { "type": "Point", "coordinates": [ 140.8919161, 38.2865635 ] } },
{ "type": "Feature", "properties": { "内容": "社協台原ケアプランセンター【居宅介護支援】宮城県仙台市青葉区台原森林公園1-3", "url": "https://www.kaigokensaku.mhlw.go.jp/04/index.php?action_kouhyou_detail_004_kani=true&JigyosyoCd=0475100558-00&ServiceCd=430&Type=search", "url2": null }, "geometry": { "type": "Point", "coordinates": [ 140.878814577107278, 38.289219021637322 ] } },
{ "type": "Feature", "properties": { "内容": "有限会社カインドネスサービス【居宅介護支援】宮城県仙台市青葉区高松2-20-32　コーポABEI　1F", "url": "https://www.kaigokensaku.mhlw.go.jp/04/index.php?action_kouhyou_detail_004_kani=true&JigyosyoCd=0475103438-00&ServiceCd=430&Type=search", "url2": null }, "geometry": { "type": "Point", "coordinates": [ 140.895038399999976, 38.2807865 ] } },
{ "type": "Feature", "properties": { "内容": "居宅介護支援事業所クオルド仙台【居宅介護支援】宮城県仙台市青葉区山手町11ｰ50403号室", "url": "https://www.kaigokensaku.mhlw.go.jp/04/index.php?action_kouhyou_detail_004_kani=true&JigyosyoCd=0475106035-00&ServiceCd=430&Type=search", "url2": "https://qold.co.jp/" }, "geometry": { "type": "Point", "coordinates": [ 140.850029400000011, 38.2868952 ] } },
{ "type": "Feature", "properties": { "内容": "エムツー居宅介護支援事業所青葉【居宅介護支援】宮城県仙台市青葉区八幡1-4-22裳榮ハイツ201", "url": "https://www.kaigokensaku.mhlw.go.jp/04/index.php?action_kouhyou_detail_004_kani=true&JigyosyoCd=0475106084-00&ServiceCd=430&Type=search", "url2": "https://www.m2-pharmacy.jp/" }, "geometry": { "type": "Point", "coordinates": [ 140.852106308095358, 38.269779278669695 ] } },
{ "type": "Feature", "properties": { "内容": "ＷＡＣケアサービスみやぎ【居宅介護支援】仙台市青葉区上杉1-16-4-601センチュリー青葉601", "url": "https://www.kaigokensaku.mhlw.go.jp/04/index.php?action_kouhyou_detail_004_kani=true&JigyosyoCd=0475100046-00&ServiceCd=430&Type=search", "url2": "http://www.npo.lsnet.ne.jp/wacmagokoro" }, "geometry": { "type": "Point", "coordinates": [ 140.870338899999979, 38.271498 ] } },
{ "type": "Feature", "properties": { "内容": "ケアプランセンター　ささくみ【居宅介護支援】仙台市青葉区小松島4丁目23－14", "url": "https://www.kaigokensaku.mhlw.go.jp/04/index.php?action_kouhyou_detail_004_kani=true&JigyosyoCd=0475105581-00&ServiceCd=430&Type=search", "url2": "http://hp.kaipoke.biz/chs/" }, "geometry": { "type": "Point", "coordinates": [ 140.889325899999989, 38.2872339 ] } },
{ "type": "Feature", "properties": { "内容": "西仙台病院　居宅介護支援センター【居宅介護支援】宮城県仙台市青葉区芋沢字新田５４－４", "url": "https://www.kaigokensaku.mhlw.go.jp/04/index.php?action_kouhyou_detail_004_kani=true&JigyosyoCd=0475100616-00&ServiceCd=430&Type=search", "url2": "http://ims-tohoku.com/nishisendai/" }, "geometry": { "type": "Point", "coordinates": [ 140.743251900000018, 38.275588399999982 ] } },
{ "type": "Feature", "properties": { "内容": "桜ヶ丘クリニック居宅介護支援センター【居宅介護支援】宮城県仙台市青葉区桜ヶ丘7-22-17", "url": "https://www.kaigokensaku.mhlw.go.jp/04/index.php?action_kouhyou_detail_004_kani=true&JigyosyoCd=0475102448-00&ServiceCd=430&Type=search", "url2": null }, "geometry": { "type": "Point", "coordinates": [ 140.845972399999965, 38.3050349 ] } },
{ "type": "Feature", "properties": { "内容": "りんくす居宅介護支援事業所【居宅介護支援】宮城県仙台市青葉区旭ヶ丘2－10－13", "url": "https://www.kaigokensaku.mhlw.go.jp/04/index.php?action_kouhyou_detail_004_kani=true&JigyosyoCd=0475104600-00&ServiceCd=430&Type=search", "url2": null }, "geometry": { "type": "Point", "coordinates": [ 140.886766200000011, 38.2912322 ] } },
{ "type": "Feature", "properties": { "内容": "芳縁ケアプランセンター仙台【居宅介護支援】宮城県仙台市青葉区八幡1-4-22　裳榮ハイツ405号室裳榮ハイツ405号", "url": "https://www.kaigokensaku.mhlw.go.jp/04/index.php?action_kouhyou_detail_004_kani=true&JigyosyoCd=0475105805-00&ServiceCd=430&Type=search", "url2": "https://houen-zaitaku.jp" }, "geometry": { "type": "Point", "coordinates": [ 140.852162386508212, 38.269735727879841 ] } },
{ "type": "Feature", "properties": { "内容": "ケアプランセンターきずな【居宅介護支援】宮城県仙台市青葉区本町１2番12号GMビルディング2階", "url": "https://www.kaigokensaku.mhlw.go.jp/04/index.php?action_kouhyou_detail_004_kani=true&JigyosyoCd=0475105771-00&ServiceCd=430&Type=search", "url2": "https://www.ns-care-sendai.jp/" }, "geometry": { "type": "Point", "coordinates": [ 140.878382151825321, 38.266615904261961 ] } },
{ "type": "Feature", "properties": { "内容": "セコム仙台あ・らゆーるサポートセンター【居宅介護支援】宮城県仙台市青葉区上杉１-７-３０エグゼクティブ上杉２２２号", "url": "https://www.kaigokensaku.mhlw.go.jp/04/index.php?action_kouhyou_detail_004_kani=true&JigyosyoCd=0475104931-00&ServiceCd=430&Type=search", "url2": null }, "geometry": { "type": "Point", "coordinates": [ 140.8706661, 38.270924 ] } },
{ "type": "Feature", "properties": { "内容": "ケアプラン心暖（ここあ）【居宅介護支援】宮城県仙台市青葉区国見ケ丘1丁目１０－８国見ケ丘ヒルズ佐藤101号", "url": "https://www.kaigokensaku.mhlw.go.jp/04/index.php?action_kouhyou_detail_004_kani=true&JigyosyoCd=0475105037-00&ServiceCd=430&Type=search", "url2": null }, "geometry": { "type": "Point", "coordinates": [ 140.829722, 38.295864800000025 ] } },
{ "type": "Feature", "properties": { "内容": "居宅介護支援事業所サンケアプランセンター【居宅介護支援】宮城県仙台市青葉区堤町１丁目７番３０号ザ・キャッスル北仙台１０１号", "url": "https://www.kaigokensaku.mhlw.go.jp/04/index.php?action_kouhyou_detail_004_kani=true&JigyosyoCd=0475102851-00&ServiceCd=430&Type=search", "url2": "http://www.suncare-s.jp" }, "geometry": { "type": "Point", "coordinates": [ 140.871888, 38.2840979 ] } },
{ "type": "Feature", "properties": { "内容": "アルパインケアプランセンター愛子【居宅介護支援】上愛子字雷神5-58", "url": "https://www.kaigokensaku.mhlw.go.jp/04/index.php?action_kouhyou_detail_004_kani=true&JigyosyoCd=0475105284-00&ServiceCd=430&Type=search", "url2": "http://www.matsuda-hp.com./" }, "geometry": { "type": "Point", "coordinates": [ 140.7466945, 38.2723925 ] } },
{ "type": "Feature", "properties": { "内容": "居宅介護支援事業所　アルカディア仙台敬寿園【居宅介護支援】宮城県仙台市青葉区八幡6－9－15", "url": "https://www.kaigokensaku.mhlw.go.jp/04/index.php?action_kouhyou_detail_004_kani=true&JigyosyoCd=0475105334-00&ServiceCd=430&Type=search", "url2": "http://keijuen.or.jp" }, "geometry": { "type": "Point", "coordinates": [ 140.835977700000058, 38.2669681 ] } },
{ "type": "Feature", "properties": { "内容": "アースサポート仙台青葉【居宅介護支援】宮城県仙台市青葉区旭ヶ丘2丁目29-1", "url": "https://www.kaigokensaku.mhlw.go.jp/04/index.php?action_kouhyou_detail_004_kani=true&JigyosyoCd=0475101283-00&ServiceCd=430&Type=search", "url2": "http://www.earthsupport.co.jp" }, "geometry": { "type": "Point", "coordinates": [ 140.888154699999973, 38.2932987 ] } },
{ "type": "Feature", "properties": { "内容": "居宅介護支援ステーションモークシャ愛子【居宅介護支援】宮城県仙台市青葉区下愛子字観音堂1-1", "url": "https://www.kaigokensaku.mhlw.go.jp/04/index.php?action_kouhyou_detail_004_kani=true&JigyosyoCd=0475105227-00&ServiceCd=430&Type=search", "url2": "https://vimoksa.com/" }, "geometry": { "type": "Point", "coordinates": [ 140.761928753638387, 38.268809105524326 ] } },
{ "type": "Feature", "properties": { "内容": "西花苑居宅介護支援センター【居宅介護支援】宮城県仙台市青葉区西花苑１丁目３９番７号西花苑コミュニティ", "url": "https://www.kaigokensaku.mhlw.go.jp/04/index.php?action_kouhyou_detail_004_kani=true&JigyosyoCd=0475105920-00&ServiceCd=430&Type=search", "url2": "http://sigmainc.site" }, "geometry": { "type": "Point", "coordinates": [ 140.7992714, 38.2655012 ] } },
{ "type": "Feature", "properties": { "内容": "居宅介護支援事業所ピーコムライフ郷六【居宅介護支援】宮城県仙台市青葉区郷六字舘41-1ピーコムライフ郷六", "url": "https://www.kaigokensaku.mhlw.go.jp/04/index.php?action_kouhyou_detail_004_kani=true&JigyosyoCd=0475102927-00&ServiceCd=430&Type=search", "url2": "http://www.momotarousan.com/support/miyagi/goroku.html" }, "geometry": { "type": "Point", "coordinates": [ 140.817195419049085, 38.264700868938306 ] } },
{ "type": "Feature", "properties": { "内容": "ケアプランセンター　メープル小田原【居宅介護支援】宮城県仙台市青葉区小田原8丁目6番22号", "url": "https://www.kaigokensaku.mhlw.go.jp/04/index.php?action_kouhyou_detail_004_kani=true&JigyosyoCd=0475104451-00&ServiceCd=430&Type=search", "url2": "https://roken-maple.jp/sisetu/" }, "geometry": { "type": "Point", "coordinates": [ 140.893046720237749, 38.270930238002535 ] } },
{ "type": "Feature", "properties": { "内容": "医療法人社団初心会　杜のホスピタル・ケアプランセンター【居宅介護支援】宮城県仙台市青葉区八幡６丁目９－３", "url": "https://www.kaigokensaku.mhlw.go.jp/04/index.php?action_kouhyou_detail_004_kani=true&JigyosyoCd=0475102562-00&ServiceCd=430&Type=search", "url2": "http://www.shosinkai.jp/" }, "geometry": { "type": "Point", "coordinates": [ 140.835092300000042, 38.2660782 ] } },
{ "type": "Feature", "properties": { "内容": "セントケア仙台【居宅介護支援】宮城県仙台市青葉区北根黒松6-15", "url": "https://www.kaigokensaku.mhlw.go.jp/04/index.php?action_kouhyou_detail_004_kani=true&JigyosyoCd=0475102604-00&ServiceCd=430&Type=search", "url2": "http://www.saint-care.com/" }, "geometry": { "type": "Point", "coordinates": [ 140.880379700000049, 38.3057831 ] } },
{ "type": "Feature", "properties": { "内容": "サニーライフ仙台青葉　居宅介護支援事業所【居宅介護支援】仙台市青葉区南吉成3丁目1番31", "url": "https://www.kaigokensaku.mhlw.go.jp/04/index.php?action_kouhyou_detail_004_kani=true&JigyosyoCd=0475103685-00&ServiceCd=430&Type=search", "url2": "http://www.sunnylife-group.co.jp" }, "geometry": { "type": "Point", "coordinates": [ 140.816226300000039, 38.2873139 ] } },
{ "type": "Feature", "properties": { "内容": "居宅介護支援事業所仙台敬寿園【居宅介護支援】宮城県仙台市青葉区錦ヶ丘7丁目1-3錦グループ第6ビル2階D室", "url": "https://www.kaigokensaku.mhlw.go.jp/04/index.php?action_kouhyou_detail_004_kani=true&JigyosyoCd=0475104394-00&ServiceCd=430&Type=search", "url2": "http://www.keijuen.or.jp/" }, "geometry": { "type": "Point", "coordinates": [ 140.762865847854613, 38.258092677108486 ] } },
{ "type": "Feature", "properties": { "内容": "上杉在宅介護支援センター【居宅介護支援】宮城県仙台市青葉区上杉２丁目3番17号内科佐藤病院2階", "url": "https://www.kaigokensaku.mhlw.go.jp/04/index.php?action_kouhyou_detail_004_kani=true&JigyosyoCd=0475100244-00&ServiceCd=430&Type=search", "url2": "http://www.shukokai.or.jp" }, "geometry": { "type": "Point", "coordinates": [ 140.8692866, 38.2728086 ] } },
{ "type": "Feature", "properties": { "内容": "青葉福祉会つながる相談室【居宅介護支援】宮城県仙台市青葉区八幡4丁目7-6八幡高齢者複合施設", "url": "https://www.kaigokensaku.mhlw.go.jp/04/index.php?action_kouhyou_detail_004_kani=true&JigyosyoCd=0475104329-00&ServiceCd=430&Type=search", "url2": "http://www.aofuku.or.jp" }, "geometry": { "type": "Point", "coordinates": [ 140.845470652114841, 38.270701611568242 ] } },
{ "type": "Feature", "properties": { "内容": "ランプル青葉ケアプランセンター【居宅介護支援】宮城県仙台市青葉区菊田町10-24コーポエムケイ102号", "url": "https://www.kaigokensaku.mhlw.go.jp/04/index.php?action_kouhyou_detail_004_kani=true&JigyosyoCd=0475105797-00&ServiceCd=430&Type=search", "url2": null }, "geometry": { "type": "Point", "coordinates": [ 140.847289950926239, 38.285945378632597 ] } },
{ "type": "Feature", "properties": { "内容": "パルクケアマネジメントセンター【居宅介護支援】宮城県仙台市青葉区国分町3丁目4-10ヒルトップ晩翠3階", "url": "https://www.kaigokensaku.mhlw.go.jp/04/index.php?action_kouhyou_detail_004_kani=true&JigyosyoCd=0475104212-00&ServiceCd=430&Type=search", "url2": "http://www.parcsystem.co.jp" }, "geometry": { "type": "Point", "coordinates": [ 140.866889601852478, 38.266020010598318 ] } },
{ "type": "Feature", "properties": { "内容": "せんだんの丘　指定居宅介護支援事業所【居宅介護支援】宮城県仙台市青葉区国見ヶ丘６丁目126-51", "url": "https://www.kaigokensaku.mhlw.go.jp/04/index.php?action_kouhyou_detail_004_kani=true&JigyosyoCd=0475100764-00&ServiceCd=430&Type=search", "url2": "https://www.sendan-oka.com/" }, "geometry": { "type": "Point", "coordinates": [ 140.8344442, 38.2840815 ] } },
{ "type": "Feature", "properties": { "内容": "エコーが丘居宅介護支援事業所【居宅介護支援】宮城県仙台市青葉区芋沢字横前1番地2", "url": "https://www.kaigokensaku.mhlw.go.jp/04/index.php?action_kouhyou_detail_004_kani=true&JigyosyoCd=0475103420-00&ServiceCd=430&Type=search", "url2": "https://www.yokofuku.or.jp" }, "geometry": { "type": "Point", "coordinates": [ 140.756713600000012, 38.291958 ] } },
{ "type": "Feature", "properties": { "内容": "葉山地域包括サービスステーション　　葉山ケアプランセンター【居宅介護支援】仙台市青葉区葉山町8番1号", "url": "https://www.kaigokensaku.mhlw.go.jp/04/index.php?action_kouhyou_detail_004_kani=true&JigyosyoCd=0475100152-00&ServiceCd=430&Type=search", "url2": "http://rakuseien.jp/" }, "geometry": { "type": "Point", "coordinates": [ 140.86306639999998, 38.2855655 ] } },
{ "type": "Feature", "properties": { "内容": "居宅介護支援センターはぎの里【居宅介護支援】宮城県仙台市青葉区下愛子字町3番地２－３", "url": "https://www.kaigokensaku.mhlw.go.jp/04/index.php?action_kouhyou_detail_004_kani=true&JigyosyoCd=0475105441-00&ServiceCd=430&Type=search", "url2": "http://www.socialrise.co.jp/" }, "geometry": { "type": "Point", "coordinates": [ 140.769625100000013, 38.2716574 ] } },
{ "type": "Feature", "properties": { "内容": "すこやかクリニック介護相談室【居宅介護支援】宮城県仙台市青葉区八幡2-4-13", "url": "https://www.kaigokensaku.mhlw.go.jp/04/index.php?action_kouhyou_detail_004_kani=true&JigyosyoCd=0475104576-00&ServiceCd=430&Type=search", "url2": "https://sukoyaka-seiryo.com/" }, "geometry": { "type": "Point", "coordinates": [ 140.851332400000047, 38.2705448 ] } },
{ "type": "Feature", "properties": { "内容": "みちのく介護支援センター【居宅介護支援】宮城県仙台市青葉区上愛子字上遠野原9-76", "url": "https://www.kaigokensaku.mhlw.go.jp/04/index.php?action_kouhyou_detail_004_kani=true&JigyosyoCd=0475100236-00&ServiceCd=430&Type=search", "url2": "http://www.shikouen.com" }, "geometry": { "type": "Point", "coordinates": [ 140.72475460978697, 38.272062054045186 ] } },
{ "type": "Feature", "properties": { "内容": "アスケア　ケアプランセンター青葉【居宅介護支援】宮城県仙台市青葉区木町9-15青葉木町ビル", "url": "https://www.kaigokensaku.mhlw.go.jp/04/index.php?action_kouhyou_detail_004_kani=true&JigyosyoCd=0475100095-00&ServiceCd=430&Type=search", "url2": "http://www.as-care.co.jp" }, "geometry": { "type": "Point", "coordinates": [ 140.861064299999953, 38.2782303 ] } },
{ "type": "Feature", "properties": { "内容": "社会福祉法人仙台福祉サービス協会　青葉ヘルパーステーション【居宅介護支援】宮城県仙台市青葉区木町通1丁目4番15号仙台市交通局庁舎3階", "url": "https://www.kaigokensaku.mhlw.go.jp/04/index.php?action_kouhyou_detail_004_kani=true&JigyosyoCd=0475102315-00&ServiceCd=430&Type=search", "url2": "https://www.sendai-fukushi.or.jp" }, "geometry": { "type": "Point", "coordinates": [ 140.862554890737897, 38.269336872791918 ] } },
{ "type": "Feature", "properties": { "内容": "大石原苑介護支援センター【居宅介護支援】宮城県仙台市青葉区南吉成７－14－１", "url": "https://www.kaigokensaku.mhlw.go.jp/04/index.php?action_kouhyou_detail_004_kani=true&JigyosyoCd=0475100541-00&ServiceCd=430&Type=search", "url2": "http://www.oishigaharakai.or.jp" }, "geometry": { "type": "Point", "coordinates": [ 140.817818779237314, 38.28240586480208 ] } },
{ "type": "Feature", "properties": { "内容": "介護老人保健施設　仙台青葉ロイヤルケアセンター【居宅介護支援】仙台市青葉区吉成台２－３－２０", "url": "https://www.kaigokensaku.mhlw.go.jp/04/index.php?action_kouhyou_detail_004_kani=true&JigyosyoCd=0455180067-00&ServiceCd=430&Type=search", "url2": "http://www.ims.gr.jp/sendaiaoba-royal/" }, "geometry": { "type": "Point", "coordinates": [ 140.826741299999981, 38.2963993 ] } },
{ "type": "Feature", "properties": { "内容": "アスケアケアプランセンター仙台【居宅介護支援】仙台市青葉区落合四丁目２－２２", "url": "https://www.kaigokensaku.mhlw.go.jp/04/index.php?action_kouhyou_detail_004_kani=true&JigyosyoCd=0475100087-00&ServiceCd=430&Type=search", "url2": "https://www.as-care.co.jp/" }, "geometry": { "type": "Point", "coordinates": [ 140.780218900000023, 38.2749727 ] } },
{ "type": "Feature", "properties": { "内容": "せんだんの館居宅介護支援事業所【居宅介護支援】宮城県仙台市青葉区水の森三丁目43番地10", "url": "https://www.kaigokensaku.mhlw.go.jp/04/index.php?action_kouhyou_detail_004_kani=true&JigyosyoCd=0475105177-00&ServiceCd=430&Type=search", "url2": "https://www.sendan.or.jp" }, "geometry": { "type": "Point", "coordinates": [ 140.854411199999959, 38.2947086 ] } },
{ "type": "Feature", "properties": { "内容": "こーぷ福祉会　こ～ぷのお家桜ヶ丘ケアプランセンター【居宅介護支援】宮城県仙台市青葉区桜ヶ丘二丁目20番5号", "url": "https://www.kaigokensaku.mhlw.go.jp/04/index.php?action_kouhyou_detail_004_kani=true&JigyosyoCd=0475102331-00&ServiceCd=430&Type=search", "url2": "http://www.coop-fukushikai.jp/" }, "geometry": { "type": "Point", "coordinates": [ 140.854786, 38.2977888 ] } },
{ "type": "Feature", "properties": { "内容": "せんだんの里居宅介護支援事業所【居宅介護支援】宮城県仙台市青葉区国見ヶ丘3丁目146-2", "url": "https://www.kaigokensaku.mhlw.go.jp/04/index.php?action_kouhyou_detail_004_kani=true&JigyosyoCd=0475101010-00&ServiceCd=430&Type=search", "url2": "https://www.sendan.or.jp" }, "geometry": { "type": "Point", "coordinates": [ 140.831110273352351, 38.289270620077104 ] } },
{ "type": "Feature", "properties": { "内容": "大樹ケアプランセンター【居宅介護支援】宮城県仙台市青葉区西勝山１４番８号木かげⅠ番館2階", "url": "https://www.kaigokensaku.mhlw.go.jp/04/index.php?action_kouhyou_detail_004_kani=true&JigyosyoCd=0475103404-00&ServiceCd=430&Type=search", "url2": "http://taiju-sendai.or.jp/" }, "geometry": { "type": "Point", "coordinates": [ 140.840145399999983, 38.301224100000042 ] } },
{ "type": "Feature", "properties": { "内容": "エバーグリーン・キタヤマ居宅介護支援事業所【居宅介護支援】仙台市青葉区北山二丁目9-21", "url": "https://www.kaigokensaku.mhlw.go.jp/04/index.php?action_kouhyou_detail_004_kani=true&JigyosyoCd=0475102695-00&ServiceCd=430&Type=search", "url2": null }, "geometry": { "type": "Point", "coordinates": [ 140.85434250000003, 38.2829017 ] } },
{ "type": "Feature", "properties": { "内容": "くにみケアプランセンター【居宅介護支援】宮城県仙台市青葉区国見６丁目40-35", "url": "https://www.kaigokensaku.mhlw.go.jp/04/index.php?action_kouhyou_detail_004_kani=true&JigyosyoCd=0475100285-00&ServiceCd=430&Type=search", "url2": "http://kunimikai.or.jp" }, "geometry": { "type": "Point", "coordinates": [ 140.842853004893527, 38.271596472770511 ] } },
{ "type": "Feature", "properties": { "内容": "元気ケアプランニングセンター仙台【居宅介護支援】国見6-86-1", "url": "https://www.kaigokensaku.mhlw.go.jp/04/index.php?action_kouhyou_detail_004_kani=true&JigyosyoCd=0475106100-00&ServiceCd=430&Type=search", "url2": "https://genkimuragroup.jp/genkimura/kunimi-nh/" }, "geometry": { "type": "Point", "coordinates": [ 140.829238299999986, 38.2825625 ] } },
{ "type": "Feature", "properties": { "内容": "ケアプランセンターリヤンド仙台青葉【居宅介護支援】宮城県仙台市青葉区国見ケ丘５丁目４３番１号", "url": "https://www.kaigokensaku.mhlw.go.jp/04/index.php?action_kouhyou_detail_004_kani=true&JigyosyoCd=0475105870-00&ServiceCd=430&Type=search", "url2": "https://liende-kizuna.jp/sendai-aoba/" }, "geometry": { "type": "Point", "coordinates": [ 140.824939699999987, 38.2842016 ] } },
{ "type": "Feature", "properties": { "内容": "杜王ケアプランセンター【居宅介護支援】宮城県仙台市青葉区国見1丁目1-12国見エステートD201", "url": "https://www.kaigokensaku.mhlw.go.jp/04/index.php?action_kouhyou_detail_004_kani=true&JigyosyoCd=0475105300-00&ServiceCd=430&Type=search", "url2": null }, "geometry": { "type": "Point", "coordinates": [ 140.846561859998843, 38.275981127347045 ] } },
{ "type": "Feature", "properties": { "内容": "ケアオフィス　プレジャー【居宅介護支援】仙台市宮城野区宮城野1丁目23番１８号ー101", "url": "https://www.kaigokensaku.mhlw.go.jp/04/index.php?action_kouhyou_detail_004_kani=true&JigyosyoCd=0475201521-00&ServiceCd=430&Type=search", "url2": null }, "geometry": { "type": "Point", "coordinates": [ 140.898703891266649, 38.256063197661845 ] } },
{ "type": "Feature", "properties": { "内容": "介護の相談窓口ＮＡ・ＫＡ・ＧＡ・ＷＡ【居宅介護支援】宮城県仙台市宮城野区鉄砲町中３番地４ﾌﾟﾗｻﾞ和光ビル1Ｆ", "url": "https://www.kaigokensaku.mhlw.go.jp/04/index.php?action_kouhyou_detail_004_kani=true&JigyosyoCd=0475203378-00&ServiceCd=430&Type=search", "url2": "http://www.nakagawa-d.co.jp" }, "geometry": { "type": "Point", "coordinates": [ 140.889048228836003, 38.263861965084473 ] } },
{ "type": "Feature", "properties": { "内容": "みずいろケアプランセンター【居宅介護支援】宮城県仙台市宮城野区新田1丁目16-21サンライズコーポ古宿101", "url": "https://www.kaigokensaku.mhlw.go.jp/04/index.php?action_kouhyou_detail_004_kani=true&JigyosyoCd=0475204012-00&ServiceCd=430&Type=search", "url2": null }, "geometry": { "type": "Point", "coordinates": [ 140.919029599999988, 38.2753406 ] } },
{ "type": "Feature", "properties": { "内容": "エムツー居宅介護支援事業所宮城野【居宅介護支援】宮城県仙台市宮城野区中野字出花西45山慶ビル101", "url": "https://www.kaigokensaku.mhlw.go.jp/04/index.php?action_kouhyou_detail_004_kani=true&JigyosyoCd=0475204038-00&ServiceCd=430&Type=search", "url2": "https://www.m2pharmacy.jp" }, "geometry": { "type": "Point", "coordinates": [ 140.984349, 38.2800537 ] } },
{ "type": "Feature", "properties": { "内容": "やさしい手仙台ケアセンター宮城野【居宅介護支援】宮城県仙台市宮城野区出花2-12-5サンハイツビル102号", "url": "https://www.kaigokensaku.mhlw.go.jp/04/index.php?action_kouhyou_detail_004_kani=true&JigyosyoCd=0475200317-00&ServiceCd=430&Type=search", "url2": "https://www.yasashiite-sendai.jp/" }, "geometry": { "type": "Point", "coordinates": [ 140.987394, 38.2758575 ] } },
{ "type": "Feature", "properties": { "内容": "ここみケアプランセンター【居宅介護支援】宮城県仙台市宮城野区小田原3丁目4番地55号ここさいむら小田原", "url": "https://www.kaigokensaku.mhlw.go.jp/04/index.php?action_kouhyou_detail_004_kani=true&JigyosyoCd=0475203964-00&ServiceCd=430&Type=search", "url2": "http://www.cocomi.co.jp/" }, "geometry": { "type": "Point", "coordinates": [ 140.894515, 38.268298 ] } },
{ "type": "Feature", "properties": { "内容": "ベネッセ介護センター鶴ヶ谷【居宅介護支援】仙台市宮城野区鶴ヶ谷６－７－１", "url": "https://www.kaigokensaku.mhlw.go.jp/04/index.php?action_kouhyou_detail_004_kani=true&JigyosyoCd=0475200507-00&ServiceCd=430&Type=search", "url2": "http://www.benesse-style-care.co.jp/" }, "geometry": { "type": "Point", "coordinates": [ 140.9238097, 38.2904807 ] } },
{ "type": "Feature", "properties": { "内容": "フループ福室居宅介護支援【居宅介護支援】福室七丁目6番17号", "url": "https://www.kaigokensaku.mhlw.go.jp/04/index.php?action_kouhyou_detail_004_kani=true&JigyosyoCd=0475203667-00&ServiceCd=430&Type=search", "url2": "http://www.living-platform.com/" }, "geometry": { "type": "Point", "coordinates": [ 140.971976399999988, 38.2828131 ] } },
{ "type": "Feature", "properties": { "内容": "医療法人松田会介護老人保健施設エバーグリーン・ツルガヤ【居宅介護支援】宮城県仙台市宮城野区鶴ヶ谷字舘下35番地の1", "url": "https://www.kaigokensaku.mhlw.go.jp/04/index.php?action_kouhyou_detail_004_kani=true&JigyosyoCd=0455280040-00&ServiceCd=430&Type=search", "url2": "http://www.matsudakai.jp/egt/" }, "geometry": { "type": "Point", "coordinates": [ 140.9201597, 38.2970325 ] } },
{ "type": "Feature", "properties": { "内容": "鶴ケ谷ホームケアサポートセンター【居宅介護支援】鶴ヶ谷字舘下35番地の1", "url": "https://www.kaigokensaku.mhlw.go.jp/04/index.php?action_kouhyou_detail_004_kani=true&JigyosyoCd=0475203873-00&ServiceCd=430&Type=search", "url2": "http://www.matsudakai.jp/" }, "geometry": { "type": "Point", "coordinates": [ 140.920134100000013, 38.2969398 ] } },
{ "type": "Feature", "properties": { "内容": "SOMPOケア　仙台萩野町　居宅介護支援【居宅介護支援】宮城県仙台市宮城野区萩野町3-12-1", "url": "https://www.kaigokensaku.mhlw.go.jp/04/index.php?action_kouhyou_detail_004_kani=true&JigyosyoCd=0475203410-00&ServiceCd=430&Type=search", "url2": "https://www.sompocare.com/" }, "geometry": { "type": "Point", "coordinates": [ 140.917716076751731, 38.257645863245216 ] } },
{ "type": "Feature", "properties": { "内容": "榴岡在宅介護支援センター【居宅介護支援】宮城県仙台市宮城野区五輪１丁目4-5NTT榴ヶ岡第1ビル3階", "url": "https://www.kaigokensaku.mhlw.go.jp/04/index.php?action_kouhyou_detail_004_kani=true&JigyosyoCd=0475202586-00&ServiceCd=430&Type=search", "url2": "https://www.telwel-kaigo.com/" }, "geometry": { "type": "Point", "coordinates": [ 140.900618096614522, 38.263518619772071 ] } },
{ "type": "Feature", "properties": { "内容": "居宅介護支援事業リハビリパーク高砂【居宅介護支援】宮城県仙台市宮城野区福室3丁目14番", "url": "https://www.kaigokensaku.mhlw.go.jp/04/index.php?action_kouhyou_detail_004_kani=true&JigyosyoCd=0475200929-00&ServiceCd=430&Type=search", "url2": "http://www.rehabili-park.com" }, "geometry": { "type": "Point", "coordinates": [ 140.967397990737965, 38.273853724418714 ] } },
{ "type": "Feature", "properties": { "内容": "中嶋ケアプランセンター【居宅介護支援】宮城県仙台市宮城野区東仙台4丁目1番20号", "url": "https://www.kaigokensaku.mhlw.go.jp/04/index.php?action_kouhyou_detail_004_kani=true&JigyosyoCd=0475200994-00&ServiceCd=430&Type=search", "url2": "https://www.nakajima-hs.or.jp/" }, "geometry": { "type": "Point", "coordinates": [ 140.908732722802313, 38.273580138652605 ] } },
{ "type": "Feature", "properties": { "内容": "コスモス中野栄ケアプラン【居宅介護支援】宮城県仙台市宮城野区出花2-11-5コスモス中野栄", "url": "https://www.kaigokensaku.mhlw.go.jp/04/index.php?action_kouhyou_detail_004_kani=true&JigyosyoCd=0475202768-00&ServiceCd=430&Type=search", "url2": "http://www.cosmoscare.jp/" }, "geometry": { "type": "Point", "coordinates": [ 140.988602200000059, 38.2774935 ] } },
{ "type": "Feature", "properties": { "内容": "サニーライフ仙台宮城野　居宅介護支援事業所【居宅介護支援】宮城県仙台市宮城野区岩切分台２丁目１１番２０", "url": "https://www.kaigokensaku.mhlw.go.jp/04/index.php?action_kouhyou_detail_004_kani=true&JigyosyoCd=0475202644-00&ServiceCd=430&Type=search", "url2": "http://www.sunnylife-group.co.jp/" }, "geometry": { "type": "Point", "coordinates": [ 140.960969400000067, 38.3086216 ] } },
{ "type": "Feature", "properties": { "内容": "ケアプランセンター萩の家【居宅介護支援】宮城県仙台市宮城野区燕沢一丁目22番70号", "url": "https://www.kaigokensaku.mhlw.go.jp/04/index.php?action_kouhyou_detail_004_kani=true&JigyosyoCd=0475203147-00&ServiceCd=430&Type=search", "url2": "http://www.secl.jp/hagi/" }, "geometry": { "type": "Point", "coordinates": [ 140.922194170500262, 38.282578678242118 ] } },
{ "type": "Feature", "properties": { "内容": "あおいケア【居宅介護支援】宮城県仙台市宮城野区萩野町3丁目20番3号ウェルライフガーデン宮城野　１Ｆ", "url": "https://www.kaigokensaku.mhlw.go.jp/04/index.php?action_kouhyou_detail_004_kani=true&JigyosyoCd=0475201307-00&ServiceCd=430&Type=search", "url2": "http://www.wlsp.jp/" }, "geometry": { "type": "Point", "coordinates": [ 140.918847849073813, 38.258622213730035 ] } },
{ "type": "Feature", "properties": { "内容": "コジーケアプランセンター【居宅介護支援】宮城県仙台市宮城野区岩切字稲荷14", "url": "https://www.kaigokensaku.mhlw.go.jp/04/index.php?action_kouhyou_detail_004_kani=true&JigyosyoCd=0475200069-00&ServiceCd=430&Type=search", "url2": null }, "geometry": { "type": "Point", "coordinates": [ 140.938693899999947, 38.3009993 ] } },
{ "type": "Feature", "properties": { "内容": "ケアプランセンターいわきり【居宅介護支援】宮城県仙台市宮城野区岩切字稲荷41-2", "url": "https://www.kaigokensaku.mhlw.go.jp/04/index.php?action_kouhyou_detail_004_kani=true&JigyosyoCd=0475200416-00&ServiceCd=430&Type=search", "url2": "http://www.iwakiri-hp.jp/" }, "geometry": { "type": "Point", "coordinates": [ 140.938307882061707, 38.300276575667887 ] } },
{ "type": "Feature", "properties": { "内容": "アースサポート仙台高砂【居宅介護支援】宮城県仙台市福室3丁目24番18号", "url": "https://www.kaigokensaku.mhlw.go.jp/04/index.php?action_kouhyou_detail_004_kani=true&JigyosyoCd=0475203188-00&ServiceCd=430&Type=search", "url2": "http://www.earthsupport.co.jp/" }, "geometry": { "type": "Point", "coordinates": [ 140.971033716255164, 38.276280086804725 ] } },
{ "type": "Feature", "properties": { "内容": "あくとケア仙台【居宅介護支援】宮城県仙台市宮城野区新田４丁目28-65", "url": "https://www.kaigokensaku.mhlw.go.jp/04/index.php?action_kouhyou_detail_004_kani=true&JigyosyoCd=0475203402-00&ServiceCd=430&Type=search", "url2": "https://actcare.jp/" }, "geometry": { "type": "Point", "coordinates": [ 140.9266584, 38.2766752 ] } },
{ "type": "Feature", "properties": { "内容": "ケアプランセンターハンズメイド【居宅介護支援】仙台市宮城野区岩切3丁目1-1カネカビル201", "url": "https://www.kaigokensaku.mhlw.go.jp/04/index.php?action_kouhyou_detail_004_kani=true&JigyosyoCd=0475203907-00&ServiceCd=430&Type=search", "url2": null }, "geometry": { "type": "Point", "coordinates": [ 140.935623236370702, 38.290469335385247 ] } },
{ "type": "Feature", "properties": { "内容": "特別養護老人ホーム　かむりの里翔裕園　居宅介護支援事業所【居宅介護支援】宮城県仙台市宮城野区岩切字東河原352－3", "url": "https://www.kaigokensaku.mhlw.go.jp/04/index.php?action_kouhyou_detail_004_kani=true&JigyosyoCd=0475200267-00&ServiceCd=430&Type=search", "url2": "http://www.morinomura.com/" }, "geometry": { "type": "Point", "coordinates": [ 140.9522038, 38.3008053 ] } },
{ "type": "Feature", "properties": { "内容": "社会福祉法人仙台福祉サービス協会　宮城野ヘルパーステーション【居宅介護支援】宮城県仙台市宮城野区五輪2丁目4番1号五輪近江ビル1階", "url": "https://www.kaigokensaku.mhlw.go.jp/04/index.php?action_kouhyou_detail_004_kani=true&JigyosyoCd=0475201679-00&ServiceCd=430&Type=search", "url2": "https://www.sendai-fukushi.or.jp" }, "geometry": { "type": "Point", "coordinates": [ 140.904357200000049, 38.2646775 ] } },
{ "type": "Feature", "properties": { "内容": "アスケア　ケアプランセンター東仙台【居宅介護支援】仙台市宮城野区新田３丁目２８－２０", "url": "https://www.kaigokensaku.mhlw.go.jp/04/index.php?action_kouhyou_detail_004_kani=true&JigyosyoCd=0475200366-00&ServiceCd=430&Type=search", "url2": "http://www.asahi-sun-clean.co.jp/" }, "geometry": { "type": "Point", "coordinates": [ 140.927954399999976, 38.2802931 ] } },
{ "type": "Feature", "properties": { "内容": "燕沢ケアプランセンター【居宅介護支援】仙台市宮城野区燕沢東3丁目8番10号", "url": "https://www.kaigokensaku.mhlw.go.jp/04/index.php?action_kouhyou_detail_004_kani=true&JigyosyoCd=0475200085-00&ServiceCd=430&Type=search", "url2": "http://catholicjido.org/parushia/" }, "geometry": { "type": "Point", "coordinates": [ 140.931270300000051, 38.2883756 ] } },
{ "type": "Feature", "properties": { "内容": "みはるの杜介護支援事業所【居宅介護支援】宮城県仙台市宮城野区福室二丁目5番27号", "url": "https://www.kaigokensaku.mhlw.go.jp/04/index.php?action_kouhyou_detail_004_kani=true&JigyosyoCd=0475200374-00&ServiceCd=430&Type=search", "url2": "https://www.izuminomori.jp" }, "geometry": { "type": "Point", "coordinates": [ 140.965684900000042, 38.2722122 ] } },
{ "type": "Feature", "properties": { "内容": "居宅介護支援　宮城野の里【居宅介護支援】宮城県仙台市宮城野区田子字富里223高齢者福祉施設　宮城野の里", "url": "https://www.kaigokensaku.mhlw.go.jp/04/index.php?action_kouhyou_detail_004_kani=true&JigyosyoCd=0475200192-00&ServiceCd=430&Type=search", "url2": "http://www.kou-fuku.or.jp/miya/" }, "geometry": { "type": "Point", "coordinates": [ 140.956392637201645, 38.275895896982078 ] } },
{ "type": "Feature", "properties": { "内容": "よつばケアプラン【居宅介護支援】宮城県仙台市宮城野区岩切1-3-142F", "url": "https://www.kaigokensaku.mhlw.go.jp/04/index.php?action_kouhyou_detail_004_kani=true&JigyosyoCd=0475204079-00&ServiceCd=430&Type=search", "url2": "https://www.yusenkai.co.jp/" }, "geometry": { "type": "Point", "coordinates": [ 140.935020599999973, 38.2918323 ] } },
{ "type": "Feature", "properties": { "内容": "うちケアプランセンター【居宅介護支援】鶴ケ谷1丁目36-22SKIPSSS102", "url": "https://www.kaigokensaku.mhlw.go.jp/04/index.php?action_kouhyou_detail_004_kani=true&JigyosyoCd=0475204103-00&ServiceCd=430&Type=search", "url2": "https://uchicare.net/" }, "geometry": { "type": "Point", "coordinates": [ 140.9054735, 38.2896712 ] } },
{ "type": "Feature", "properties": { "内容": "社会福祉法人カトリック児童福祉会　暁星園ケアプランセンター【居宅介護支援】宮城県仙台市宮城野区東仙台６丁目２番１号", "url": "https://www.kaigokensaku.mhlw.go.jp/04/index.php?action_kouhyou_detail_004_kani=true&JigyosyoCd=0475203030-00&ServiceCd=430&Type=search", "url2": "http://catholicjido.org/gyouseien/" }, "geometry": { "type": "Point", "coordinates": [ 140.90892580000002, 38.280467500000015 ] } },
{ "type": "Feature", "properties": { "内容": "ぬくもり居宅介護支援事業所【居宅介護支援】宮城県仙台市宮城野区新田2－13－25沼田貸事務所2階西側", "url": "https://www.kaigokensaku.mhlw.go.jp/04/index.php?action_kouhyou_detail_004_kani=true&JigyosyoCd=0475203998-00&ServiceCd=430&Type=search", "url2": "https://nukumori-wormst.crayonsite.net/" }, "geometry": { "type": "Point", "coordinates": [ 140.922499026526935, 38.275910331887005 ] } },
{ "type": "Feature", "properties": { "内容": "七郷ケアプランセンター【居宅介護支援】宮城県仙台市若林区荒井７丁目３番地の1サービス付き高齢者住宅　らぽーるはるかぜ", "url": "https://www.kaigokensaku.mhlw.go.jp/04/index.php?action_kouhyou_detail_004_kani=true&JigyosyoCd=0475302303-00&ServiceCd=430&Type=search", "url2": "http://www.caremixjapan.co.jp" }, "geometry": { "type": "Point", "coordinates": [ 140.945150399999989, 38.2399867 ] } },
{ "type": "Feature", "properties": { "内容": "居宅介護支援事業所　ケアサポート春風のころ【居宅介護支援】宮城県仙台市若林区日辺字沖田１５番", "url": "https://www.kaigokensaku.mhlw.go.jp/04/index.php?action_kouhyou_detail_004_kani=true&JigyosyoCd=0475302675-00&ServiceCd=430&Type=search", "url2": null }, "geometry": { "type": "Point", "coordinates": [ 140.914521042991595, 38.216588944223126 ] } },
{ "type": "Feature", "properties": { "内容": "マイムケア【居宅介護支援】宮城県仙台市若林区河原町１丁目３－５8", "url": "https://www.kaigokensaku.mhlw.go.jp/04/index.php?action_kouhyou_detail_004_kani=true&JigyosyoCd=0475301552-00&ServiceCd=430&Type=search", "url2": "http://maimucare.com" }, "geometry": { "type": "Point", "coordinates": [ 140.889896252059742, 38.238663578731106 ] } },
{ "type": "Feature", "properties": { "内容": "アンダンチ【居宅介護支援】宮城県仙台市荒井7丁目4-2-A号室", "url": "https://www.kaigokensaku.mhlw.go.jp/04/index.php?action_kouhyou_detail_004_kani=true&JigyosyoCd=0475302535-00&ServiceCd=430&Type=search", "url2": "https://andanchi.jp/residence/" }, "geometry": { "type": "Point", "coordinates": [ 140.945255955136901, 38.23887633882876 ] } },
{ "type": "Feature", "properties": { "内容": "遠見塚居宅介護支援センター【居宅介護支援】宮城県仙台市若林区遠見塚１丁目８番１号", "url": "https://www.kaigokensaku.mhlw.go.jp/04/index.php?action_kouhyou_detail_004_kani=true&JigyosyoCd=0475300117-00&ServiceCd=430&Type=search", "url2": "http://敬長福祉会.jp/" }, "geometry": { "type": "Point", "coordinates": [ 140.909075800524874, 38.237572971806401 ] } },
{ "type": "Feature", "properties": { "内容": "居宅介護支援事業所それいゆ【居宅介護支援】宮城県仙台市若林区舟丁3番地", "url": "https://www.kaigokensaku.mhlw.go.jp/04/index.php?action_kouhyou_detail_004_kani=true&JigyosyoCd=0475302667-00&ServiceCd=430&Type=search", "url2": "https://ouran.jp/" }, "geometry": { "type": "Point", "coordinates": [ 140.887435934918244, 38.241176893726326 ] } },
{ "type": "Feature", "properties": { "内容": "若林ホームケアサポートセンター【居宅介護支援】仙台市若林区大和町３丁目9-1ジュンハイツ大和Ⅰ　101号", "url": "https://www.kaigokensaku.mhlw.go.jp/04/index.php?action_kouhyou_detail_004_kani=true&JigyosyoCd=0475302873-00&ServiceCd=430&Type=search", "url2": null }, "geometry": { "type": "Point", "coordinates": [ 140.916841563229411, 38.248023330106371 ] } },
{ "type": "Feature", "properties": { "内容": "リハサポート若林【居宅介護支援】宮城県仙台市若林区なないろの里1-19-3メリディアンなないろの里五番館２", "url": "https://www.kaigokensaku.mhlw.go.jp/04/index.php?action_kouhyou_detail_004_kani=true&JigyosyoCd=0475302733-00&ServiceCd=430&Type=search", "url2": "https://reha-support.co.jp/" }, "geometry": { "type": "Point", "coordinates": [ 140.928430681240883, 38.239040457447231 ] } },
{ "type": "Feature", "properties": { "内容": "コスモス一本杉ケアプラン【居宅介護支援】仙台市若林区一本杉町20-2", "url": "https://www.kaigokensaku.mhlw.go.jp/04/index.php?action_kouhyou_detail_004_kani=true&JigyosyoCd=0475300455-00&ServiceCd=430&Type=search", "url2": "http:/www.cosmoscare.jp/" }, "geometry": { "type": "Point", "coordinates": [ 140.90235537067494, 38.245720993499319 ] } },
{ "type": "Feature", "properties": { "内容": "あかねケアプランセンター【居宅介護支援】宮城県仙台市若林区遠見塚1丁目5－35", "url": "https://www.kaigokensaku.mhlw.go.jp/04/index.php?action_kouhyou_detail_004_kani=true&JigyosyoCd=0475300935-00&ServiceCd=430&Type=search", "url2": "http://npo-akane-group.jimdo.com/" }, "geometry": { "type": "Point", "coordinates": [ 140.907367199999953, 38.2375222 ] } },
{ "type": "Feature", "properties": { "内容": "ツクイ若林七郷【居宅介護支援】宮城県仙台市若林区伊在一丁目２番地の１１", "url": "https://www.kaigokensaku.mhlw.go.jp/04/index.php?action_kouhyou_detail_004_kani=true&JigyosyoCd=0475302790-00&ServiceCd=430&Type=search", "url2": "http://www.tsukui.net" }, "geometry": { "type": "Point", "coordinates": [ 140.9329438, 38.248678300000016 ] } },
{ "type": "Feature", "properties": { "内容": "居宅介護支援事業所憩いの園【居宅介護支援】宮城県仙台市若林区上飯田1丁目3番31号", "url": "https://www.kaigokensaku.mhlw.go.jp/04/index.php?action_kouhyou_detail_004_kani=true&JigyosyoCd=0475302097-00&ServiceCd=430&Type=search", "url2": "http://www.ikoi-sono.com" }, "geometry": { "type": "Point", "coordinates": [ 140.911658034987681, 38.221619617768525 ] } },
{ "type": "Feature", "properties": { "内容": "居宅介護支援事業所ソーレメディカルホーム蒲町【居宅介護支援】宮城県仙台市若林区蒲町30番22号", "url": "https://www.kaigokensaku.mhlw.go.jp/04/index.php?action_kouhyou_detail_004_kani=true&JigyosyoCd=0475301966-00&ServiceCd=430&Type=search", "url2": "https://www.sole.ne.jp/" }, "geometry": { "type": "Point", "coordinates": [ 140.925568, 38.2444278 ] } },
{ "type": "Feature", "properties": { "内容": "有限会社ティー・シー・エム【居宅介護支援】宮城県仙台市若林区大和町4丁目13番27号", "url": "https://www.kaigokensaku.mhlw.go.jp/04/index.php?action_kouhyou_detail_004_kani=true&JigyosyoCd=0475300059-00&ServiceCd=430&Type=search", "url2": "http://www.tcm-g.co.jp" }, "geometry": { "type": "Point", "coordinates": [ 140.917643399999946, 38.2489243 ] } },
{ "type": "Feature", "properties": { "内容": "居宅介護支援事業　リハビリパーク仙台東【居宅介護支援】宮城県仙台市若林区長喜城字宮浦26番地", "url": "https://www.kaigokensaku.mhlw.go.jp/04/index.php?action_kouhyou_detail_004_kani=true&JigyosyoCd=0475300158-00&ServiceCd=430&Type=search", "url2": "http://www.rehabili-park.com" }, "geometry": { "type": "Point", "coordinates": [ 140.935970499999911, 38.2391396 ] } },
{ "type": "Feature", "properties": { "内容": "老人保健施設はくれい　居宅介護支援事業所【居宅介護支援】宮城県仙台市若林区今泉字鹿子穴６２番地", "url": "https://www.kaigokensaku.mhlw.go.jp/04/index.php?action_kouhyou_detail_004_kani=true&JigyosyoCd=0475300109-00&ServiceCd=430&Type=search", "url2": "http://rk-hakurei.jp" }, "geometry": { "type": "Point", "coordinates": [ 140.928694899999982, 38.2063069 ] } },
{ "type": "Feature", "properties": { "内容": "居宅介護支援事業所　ゆめつむぎ【居宅介護支援】宮城県仙台市若林区遠見塚１丁目２０－１", "url": "https://www.kaigokensaku.mhlw.go.jp/04/index.php?action_kouhyou_detail_004_kani=true&JigyosyoCd=0475301206-00&ServiceCd=430&Type=search", "url2": null }, "geometry": { "type": "Point", "coordinates": [ 140.910641899999973, 38.237422400000014 ] } },
{ "type": "Feature", "properties": { "内容": "ニチイケアセンター若林【居宅介護支援】宮城県仙台市若林区六丁の目南町11-3レジデンスタナカⅡ101", "url": "https://www.kaigokensaku.mhlw.go.jp/04/index.php?action_kouhyou_detail_004_kani=true&JigyosyoCd=0475300752-00&ServiceCd=430&Type=search", "url2": "http://www.nichiigakkan.co.jp" }, "geometry": { "type": "Point", "coordinates": [ 140.943178332645061, 38.248927974082072 ] } },
{ "type": "Feature", "properties": { "内容": "ケアパートナー若林【居宅介護支援】宮城県仙台市若林区荒井１丁目１２-１９", "url": "https://www.kaigokensaku.mhlw.go.jp/04/index.php?action_kouhyou_detail_004_kani=true&JigyosyoCd=0475301198-00&ServiceCd=430&Type=search", "url2": "https://www.care-partner.com/" }, "geometry": { "type": "Point", "coordinates": [ 140.935407521461116, 38.24290070028843 ] } },
{ "type": "Feature", "properties": { "内容": "沖野居宅介護支援センター【居宅介護支援】宮城県仙台市若林区沖野7丁目３４－４３", "url": "https://www.kaigokensaku.mhlw.go.jp/04/index.php?action_kouhyou_detail_004_kani=true&JigyosyoCd=0475300141-00&ServiceCd=430&Type=search", "url2": "http://fukushi-sendai.or.jp/" }, "geometry": { "type": "Point", "coordinates": [ 140.922234162373201, 38.224951212140709 ] } },
{ "type": "Feature", "properties": { "内容": "ケアプラン五橋【居宅介護支援】宮城県仙台市若林連坊小路135レインボウハウス4F", "url": "https://www.kaigokensaku.mhlw.go.jp/04/index.php?action_kouhyou_detail_004_kani=true&JigyosyoCd=0475302949-00&ServiceCd=430&Type=search", "url2": "ritsuwa.com" }, "geometry": { "type": "Point", "coordinates": [ 140.885063902717974, 38.251925394932115 ] } },
{ "type": "Feature", "properties": { "内容": "サテライトケアセンター仙台東居宅介護支援事業所【居宅介護支援】仙台市若林区六丁の目北町１４番６１号", "url": "https://www.kaigokensaku.mhlw.go.jp/04/index.php?action_kouhyou_detail_004_kani=true&JigyosyoCd=0475301350-00&ServiceCd=430&Type=search", "url2": null }, "geometry": { "type": "Point", "coordinates": [ 140.951183513491827, 38.250597327349034 ] } },
{ "type": "Feature", "properties": { "内容": "社会福祉法人仙台福祉サービス協会　若林ヘルパーステーション【居宅介護支援】宮城県仙台市若林区南小泉3丁目9-1南小泉ビル1階", "url": "https://www.kaigokensaku.mhlw.go.jp/04/index.php?action_kouhyou_detail_004_kani=true&JigyosyoCd=0475301180-00&ServiceCd=430&Type=search", "url2": "https://www.sendai-fukushi.or.jp" }, "geometry": { "type": "Point", "coordinates": [ 140.902455627466878, 38.239536190908609 ] } },
{ "type": "Feature", "properties": { "内容": "ライフの学校　居宅介護支援センター　上飯田キャンパス【居宅介護支援】宮城県仙台市若林区上飯田1-22-23サンハイツ横堀101", "url": "https://www.kaigokensaku.mhlw.go.jp/04/index.php?action_kouhyou_detail_004_kani=true&JigyosyoCd=0475302360-00&ServiceCd=430&Type=search", "url2": "https://gakkou.life/" }, "geometry": { "type": "Point", "coordinates": [ 140.920416364259609, 38.220427069767602 ] } },
{ "type": "Feature", "properties": { "内容": "公益社団法人　宮城県看護協会　若林訪問看護ステーション【居宅介護支援】宮城県仙台市若林区荒井八丁目7番地の4", "url": "https://www.kaigokensaku.mhlw.go.jp/04/index.php?action_kouhyou_detail_004_kani=true&JigyosyoCd=0475302832-00&ServiceCd=430&Type=search", "url2": "http://www.miyagi-kango.or.jp/" }, "geometry": { "type": "Point", "coordinates": [ 140.948663966864814, 38.235515256505394 ] } },
{ "type": "Feature", "properties": { "内容": "杜の里居宅介護支援センター【居宅介護支援】宮城県仙台市若林区荒井東二丁目１２番地の１", "url": "https://www.kaigokensaku.mhlw.go.jp/04/index.php?action_kouhyou_detail_004_kani=true&JigyosyoCd=0475300042-00&ServiceCd=430&Type=search", "url2": "http://www.morinosato.biz/" }, "geometry": { "type": "Point", "coordinates": [ 140.951715349351474, 38.233796926379483 ] } },
{ "type": "Feature", "properties": { "内容": "荒井東居宅介護支援事業所【居宅介護支援】宮城県仙台市若林区荒井七丁目54番地の9", "url": "https://www.kaigokensaku.mhlw.go.jp/04/index.php?action_kouhyou_detail_004_kani=true&JigyosyoCd=0475302741-00&ServiceCd=430&Type=search", "url2": null }, "geometry": { "type": "Point", "coordinates": [ 140.949038800000039, 38.2362877 ] } },
{ "type": "Feature", "properties": { "内容": "秋保介護支援センター【居宅介護支援】宮城県仙台市太白区秋保町長袋字清水久保51-4番地", "url": "https://www.kaigokensaku.mhlw.go.jp/04/index.php?action_kouhyou_detail_004_kani=true&JigyosyoCd=0475400255-00&ServiceCd=430&Type=search", "url2": "http://www.roufuku-miyagi.com" }, "geometry": { "type": "Point", "coordinates": [ 140.660788599999933, 38.2619343 ] } },
{ "type": "Feature", "properties": { "内容": "居宅介護支援事業所フランメ【居宅介護支援】柳生字前原西26フランメ101号", "url": "https://www.kaigokensaku.mhlw.go.jp/04/index.php?action_kouhyou_detail_004_kani=true&JigyosyoCd=0475404984-00&ServiceCd=430&Type=search", "url2": "https://jyutakukaigoshien.wixsite.com/my-site" }, "geometry": { "type": "Point", "coordinates": [ 140.869076, 38.1916187 ] } },
{ "type": "Feature", "properties": { "内容": "茂庭居宅介護支援事業所【居宅介護支援】宮城県仙台市太白区茂庭台2丁目15-20", "url": "https://www.kaigokensaku.mhlw.go.jp/04/index.php?action_kouhyou_detail_004_kani=true&JigyosyoCd=0475400057-00&ServiceCd=430&Type=search", "url2": "http://www.moniwaen.com/" }, "geometry": { "type": "Point", "coordinates": [ 140.781931500000042, 38.23270560000001 ] } },
{ "type": "Feature", "properties": { "内容": "居宅支援センター豊齢【居宅介護支援】宮城県仙台市太白区茂庭台２丁目１６－１０", "url": "https://www.kaigokensaku.mhlw.go.jp/04/index.php?action_kouhyou_detail_004_kani=true&JigyosyoCd=0475400164-00&ServiceCd=430&Type=search", "url2": "http://www.hourei.com" }, "geometry": { "type": "Point", "coordinates": [ 140.783045300000026, 38.2329972 ] } },
{ "type": "Feature", "properties": { "内容": "南大野田居宅介護支援事業所【居宅介護支援】宮城県仙台市太白区長町南４丁目２１番２号２Ｆ", "url": "https://www.kaigokensaku.mhlw.go.jp/04/index.php?action_kouhyou_detail_004_kani=true&JigyosyoCd=0475400479-00&ServiceCd=430&Type=search", "url2": "http://www.firstmedical.co.jp" }, "geometry": { "type": "Point", "coordinates": [ 140.874242779009364, 38.219842280153891 ] } },
{ "type": "Feature", "properties": { "内容": "居宅介護支援センターかぎとり【居宅介護支援】宮城県仙台市太白区鈎取4丁目14番14号", "url": "https://www.kaigokensaku.mhlw.go.jp/04/index.php?action_kouhyou_detail_004_kani=true&JigyosyoCd=0475404992-00&ServiceCd=430&Type=search", "url2": null }, "geometry": { "type": "Point", "coordinates": [ 140.8370866, 38.2280534 ] } },
{ "type": "Feature", "properties": { "内容": "居宅介護支援　ひな【居宅介護支援】宮城県仙台市太白区中田3-11-10", "url": "https://www.kaigokensaku.mhlw.go.jp/04/index.php?action_kouhyou_detail_004_kani=true&JigyosyoCd=0475403234-00&ServiceCd=430&Type=search", "url2": null }, "geometry": { "type": "Point", "coordinates": [ 140.887356400000044, 38.1983895 ] } },
{ "type": "Feature", "properties": { "内容": "ケアプランセンター桜花【居宅介護支援】宮城県仙台市太白区緑が丘４丁目２０-１２号", "url": "https://www.kaigokensaku.mhlw.go.jp/04/index.php?action_kouhyou_detail_004_kani=true&JigyosyoCd=0475403960-00&ServiceCd=430&Type=search", "url2": null }, "geometry": { "type": "Point", "coordinates": [ 140.8639101, 38.2356324 ] } },
{ "type": "Feature", "properties": { "内容": "社協郡山ケアプランセンター【居宅介護支援】宮城県仙台市太白区郡山字行新田9-5", "url": "https://www.kaigokensaku.mhlw.go.jp/04/index.php?action_kouhyou_detail_004_kani=true&JigyosyoCd=0475400263-00&ServiceCd=430&Type=search", "url2": null }, "geometry": { "type": "Point", "coordinates": [ 140.901004199999988, 38.2163303 ] } },
{ "type": "Feature", "properties": { "内容": "ベネッセ介護センター西多賀【居宅介護支援】仙台市太白区西多賀1-16-25", "url": "https://www.kaigokensaku.mhlw.go.jp/04/index.php?action_kouhyou_detail_004_kani=true&JigyosyoCd=0475400537-00&ServiceCd=430&Type=search", "url2": "http://www.benesse-style-care.co.jp/" }, "geometry": { "type": "Point", "coordinates": [ 140.860341299999959, 38.2225336 ] } },
{ "type": "Feature", "properties": { "内容": "シエンズケアマネジメント事務所【居宅介護支援】宮城県仙台市太白区諏訪町８番６号", "url": "https://www.kaigokensaku.mhlw.go.jp/04/index.php?action_kouhyou_detail_004_kani=true&JigyosyoCd=0475404349-00&ServiceCd=430&Type=search", "url2": null }, "geometry": { "type": "Point", "coordinates": [ 140.8837265, 38.2118505 ] } },
{ "type": "Feature", "properties": { "内容": "ケアプランセンターＣＭＳ【居宅介護支援】宮城県仙台市太白区秋保町湯元字石名坂3-1グランドヒル秋保パートⅢ　102号", "url": "https://www.kaigokensaku.mhlw.go.jp/04/index.php?action_kouhyou_detail_004_kani=true&JigyosyoCd=0475403101-00&ServiceCd=430&Type=search", "url2": null }, "geometry": { "type": "Point", "coordinates": [ 140.731710900000053, 38.221255400000011 ] } },
{ "type": "Feature", "properties": { "内容": "居宅介護支援事業所とこはな【居宅介護支援】宮城県仙台市太白区柳生3丁目3-6-1", "url": "https://www.kaigokensaku.mhlw.go.jp/04/index.php?action_kouhyou_detail_004_kani=true&JigyosyoCd=0475404604-00&ServiceCd=430&Type=search", "url2": null }, "geometry": { "type": "Point", "coordinates": [ 140.8723502, 38.1908237 ] } },
{ "type": "Feature", "properties": { "内容": "在宅介護支援事業所　爽秋会みのり【居宅介護支援】宮城県仙台市太白区西多賀5丁目3-6-3", "url": "https://www.kaigokensaku.mhlw.go.jp/04/index.php?action_kouhyou_detail_004_kani=true&JigyosyoCd=0475404059-00&ServiceCd=430&Type=search", "url2": null }, "geometry": { "type": "Point", "coordinates": [ 140.855989759828077, 38.217058262399966 ] } },
{ "type": "Feature", "properties": { "内容": "八木山ホームケアサポートセンター【居宅介護支援】仙台市太白区向山2丁目11-36　1階", "url": "https://www.kaigokensaku.mhlw.go.jp/04/index.php?action_kouhyou_detail_004_kani=true&JigyosyoCd=0475404661-00&ServiceCd=430&Type=search", "url2": null }, "geometry": { "type": "Point", "coordinates": [ 140.865529400000014, 38.2458922 ] } },
{ "type": "Feature", "properties": { "内容": "七福介護センター【居宅介護支援】宮城県仙台市太白区東中田2丁目37番1号101", "url": "https://www.kaigokensaku.mhlw.go.jp/04/index.php?action_kouhyou_detail_004_kani=true&JigyosyoCd=0475404398-00&ServiceCd=430&Type=search", "url2": null }, "geometry": { "type": "Point", "coordinates": [ 140.898668817749439, 38.202955455607785 ] } },
{ "type": "Feature", "properties": { "内容": "アースサポート仙台【居宅介護支援】宮城県仙台市太白区向山4丁目19番10号", "url": "https://www.kaigokensaku.mhlw.go.jp/04/index.php?action_kouhyou_detail_004_kani=true&JigyosyoCd=0475400438-00&ServiceCd=430&Type=search", "url2": "http://www.earthsupport.co.jp" }, "geometry": { "type": "Point", "coordinates": [ 140.879155699999956, 38.244120400000014 ] } },
{ "type": "Feature", "properties": { "内容": "医療法人松田会　介護老人保健施設　エバーグリーン・ヤギヤマ【居宅介護支援】宮城県仙台市太白区八木山香澄町1-20", "url": "https://www.kaigokensaku.mhlw.go.jp/04/index.php?action_kouhyou_detail_004_kani=true&JigyosyoCd=0475402517-00&ServiceCd=430&Type=search", "url2": "http://www.matsuda-hp.com" }, "geometry": { "type": "Point", "coordinates": [ 140.864707907270827, 38.24634146639351 ] } },
{ "type": "Feature", "properties": { "内容": "仙台・あおいホームケアサービス【居宅介護支援】宮城県仙台市太白区鈎取２丁目28-1", "url": "https://www.kaigokensaku.mhlw.go.jp/04/index.php?action_kouhyou_detail_004_kani=true&JigyosyoCd=0475402640-00&ServiceCd=430&Type=search", "url2": null }, "geometry": { "type": "Point", "coordinates": [ 140.84070220000001, 38.229503 ] } },
{ "type": "Feature", "properties": { "内容": "あすか居宅介護支援事業所【居宅介護支援】仙台市太白区太白2丁目11番28号", "url": "https://www.kaigokensaku.mhlw.go.jp/04/index.php?action_kouhyou_detail_004_kani=true&JigyosyoCd=0475404141-00&ServiceCd=430&Type=search", "url2": "https://wadati-10.tkc.best-hp.jp" }, "geometry": { "type": "Point", "coordinates": [ 140.816452199999958, 38.2325801 ] } },
{ "type": "Feature", "properties": { "内容": "ツクイ太白【居宅介護支援】宮城県仙台市太白区富沢１丁目5-26", "url": "https://www.kaigokensaku.mhlw.go.jp/04/index.php?action_kouhyou_detail_004_kani=true&JigyosyoCd=0475404315-00&ServiceCd=430&Type=search", "url2": "https://www.tsukui.net/" }, "geometry": { "type": "Point", "coordinates": [ 140.868215070886208, 38.218837572238471 ] } },
{ "type": "Feature", "properties": { "内容": "西中田中央居宅介護支援事業所【居宅介護支援】宮城県仙台市太白区西中田２丁目１９－５", "url": "https://www.kaigokensaku.mhlw.go.jp/04/index.php?action_kouhyou_detail_004_kani=true&JigyosyoCd=0475400305-00&ServiceCd=430&Type=search", "url2": null }, "geometry": { "type": "Point", "coordinates": [ 140.8785236, 38.2028833 ] } },
{ "type": "Feature", "properties": { "内容": "長町南在宅介護支援センター【居宅介護支援】宮城県仙台市太白区長町南四丁目5番28号長町南パークホームズ105号", "url": "https://www.kaigokensaku.mhlw.go.jp/04/index.php?action_kouhyou_detail_004_kani=true&JigyosyoCd=0475404430-00&ServiceCd=430&Type=search", "url2": "https://www.telwel-kaigo.com/" }, "geometry": { "type": "Point", "coordinates": [ 140.87428890000001, 38.2218368 ] } },
{ "type": "Feature", "properties": { "内容": "山田デイサービスセンターそよ風【居宅介護支援】宮城県仙台市太白区山田北前町33-65", "url": "https://www.kaigokensaku.mhlw.go.jp/04/index.php?action_kouhyou_detail_004_kani=true&JigyosyoCd=0475400115-00&ServiceCd=430&Type=search", "url2": null }, "geometry": { "type": "Point", "coordinates": [ 140.827044500000056, 38.2188002 ] } },
{ "type": "Feature", "properties": { "内容": "エムツー居宅介護支援事業所仙台長町【居宅介護支援】宮城県仙台市太白区泉崎1-33-20", "url": "https://www.kaigokensaku.mhlw.go.jp/04/index.php?action_kouhyou_detail_004_kani=true&JigyosyoCd=0475403408-00&ServiceCd=430&Type=search", "url2": "http://www.m2-pharmacy.jp" }, "geometry": { "type": "Point", "coordinates": [ 140.867821536744856, 38.219368589363683 ] } },
{ "type": "Feature", "properties": { "内容": "セントケア八木山【居宅介護支援】宮城県仙台市太白区八木山本町1-34-3第二青葉健商ビル1Ｆ", "url": "https://www.kaigokensaku.mhlw.go.jp/04/index.php?action_kouhyou_detail_004_kani=true&JigyosyoCd=0475401857-00&ServiceCd=430&Type=search", "url2": "http://www.saint-care.com/" }, "geometry": { "type": "Point", "coordinates": [ 140.845892099999986, 38.2407732 ] } },
{ "type": "Feature", "properties": { "内容": "アースサポート八本松【居宅介護支援】宮城県仙台市太白区郡山3-23-20", "url": "https://www.kaigokensaku.mhlw.go.jp/04/index.php?action_kouhyou_detail_004_kani=true&JigyosyoCd=0475403663-00&ServiceCd=430&Type=search", "url2": "http://www.earthsupport.co.jp" }, "geometry": { "type": "Point", "coordinates": [ 140.893443899999966, 38.2244951 ] } },
{ "type": "Feature", "properties": { "内容": "時のかけはしケアプランセンター【居宅介護支援】宮城県仙台市太白区長町五丁目9番13号サービス付き高齢者向け住宅時のかけはし内3階", "url": "https://www.kaigokensaku.mhlw.go.jp/04/index.php?action_kouhyou_detail_004_kani=true&JigyosyoCd=0475403473-00&ServiceCd=430&Type=search", "url2": null }, "geometry": { "type": "Point", "coordinates": [ 140.882072599999987, 38.2273361 ] } },
{ "type": "Feature", "properties": { "内容": "めぐみケア居宅介護支援事業所【居宅介護支援】宮城県仙台市太白区長町南3-15-7グローリーハイツNo3-202", "url": "https://www.kaigokensaku.mhlw.go.jp/04/index.php?action_kouhyou_detail_004_kani=true&JigyosyoCd=0475403283-00&ServiceCd=430&Type=search", "url2": "http://www.megumicare.jp" }, "geometry": { "type": "Point", "coordinates": [ 140.878080100000034, 38.2216913 ] } },
{ "type": "Feature", "properties": { "内容": "はあとふるケアサービス【居宅介護支援】宮城県仙台市太白区郡山四丁目１１－２９", "url": "https://www.kaigokensaku.mhlw.go.jp/04/index.php?action_kouhyou_detail_004_kani=true&JigyosyoCd=0475400495-00&ServiceCd=430&Type=search", "url2": "http://www.heartful-care.jp" }, "geometry": { "type": "Point", "coordinates": [ 140.89712140000006, 38.2237815 ] } },
{ "type": "Feature", "properties": { "内容": "サニーライフ仙台茂庭台　居宅介護支援事業所【居宅介護支援】宮城県仙台市太白区茂庭台4-21-15", "url": "https://www.kaigokensaku.mhlw.go.jp/04/index.php?action_kouhyou_detail_004_kani=true&JigyosyoCd=0475403143-00&ServiceCd=430&Type=search", "url2": "http://www.sunnylife-group.co.jp/" }, "geometry": { "type": "Point", "coordinates": [ 140.784586, 38.238108 ] } },
{ "type": "Feature", "properties": { "内容": "ないとうクリニック居宅介護支援事業所【居宅介護支援】宮城県仙台市太白区茂庭台三丁目30番30号ないとうクリニック複合サービスセンター", "url": "https://www.kaigokensaku.mhlw.go.jp/04/index.php?action_kouhyou_detail_004_kani=true&JigyosyoCd=0475403739-00&ServiceCd=430&Type=search", "url2": "http://naitoclinic.jp/" }, "geometry": { "type": "Point", "coordinates": [ 140.789833, 38.239545 ] } },
{ "type": "Feature", "properties": { "内容": "ココロサポート仙台【居宅介護支援】宮城県仙台市太白区中田2丁目2-13", "url": "https://www.kaigokensaku.mhlw.go.jp/04/index.php?action_kouhyou_detail_004_kani=true&JigyosyoCd=0475404372-00&ServiceCd=430&Type=search", "url2": "http://www.care-w.com/" }, "geometry": { "type": "Point", "coordinates": [ 140.887703, 38.20282 ] } },
{ "type": "Feature", "properties": { "内容": "ケアプランセンターハンドベル【居宅介護支援】宮城県仙台市太白区中田7丁目-21-1", "url": "https://www.kaigokensaku.mhlw.go.jp/04/index.php?action_kouhyou_detail_004_kani=true&JigyosyoCd=0475404612-00&ServiceCd=430&Type=search", "url2": "http://wff.co.jp" }, "geometry": { "type": "Point", "coordinates": [ 140.889208, 38.188754400000015 ] } },
{ "type": "Feature", "properties": { "内容": "柳生・あおいホームケアサービス【居宅介護支援】宮城県仙台市太白区柳生字台57-1", "url": "https://www.kaigokensaku.mhlw.go.jp/04/index.php?action_kouhyou_detail_004_kani=true&JigyosyoCd=0475402798-00&ServiceCd=430&Type=search", "url2": "http://www.aoikai.jp/" }, "geometry": { "type": "Point", "coordinates": [ 140.874579600000061, 38.2012666 ] } },
{ "type": "Feature", "properties": { "内容": "鴻巣ケアプランセンター仙台南【居宅介護支援】宮城県仙台市太白区中田7-22-1", "url": "https://www.kaigokensaku.mhlw.go.jp/04/index.php?action_kouhyou_detail_004_kani=true&JigyosyoCd=0475402905-00&ServiceCd=430&Type=search", "url2": null }, "geometry": { "type": "Point", "coordinates": [ 140.889264324272204, 38.189108658950367 ] } },
{ "type": "Feature", "properties": { "内容": "居宅介護支援事業所ノテ富沢【居宅介護支援】宮城県仙台市太白区富沢西3丁目10番地の1特別養護老人ホームノテとみざわの里内", "url": "https://www.kaigokensaku.mhlw.go.jp/04/index.php?action_kouhyou_detail_004_kani=true&JigyosyoCd=0475403713-00&ServiceCd=430&Type=search", "url2": null }, "geometry": { "type": "Point", "coordinates": [ 140.854805615066539, 38.209547584411034 ] } },
{ "type": "Feature", "properties": { "内容": "サニーライフ仙台南　居宅介護支援事業所【居宅介護支援】宮城県仙台市太白区中田5-7-1", "url": "https://www.kaigokensaku.mhlw.go.jp/04/index.php?action_kouhyou_detail_004_kani=true&JigyosyoCd=0475404182-00&ServiceCd=430&Type=search", "url2": "https://www.sunnylife-group.co.jp/" }, "geometry": { "type": "Point", "coordinates": [ 140.8865955, 38.1970787 ] } },
{ "type": "Feature", "properties": { "内容": "公益財団法人　ソーシャルサービス協会　仙台事業所　ソーシャル仙台【居宅介護支援】宮城県仙台市太白区中田3丁目5-23ベルリード南仙台101", "url": "https://www.kaigokensaku.mhlw.go.jp/04/index.php?action_kouhyou_detail_004_kani=true&JigyosyoCd=0475400941-00&ServiceCd=430&Type=search", "url2": null }, "geometry": { "type": "Point", "coordinates": [ 140.884098399999971, 38.1977117 ] } },
{ "type": "Feature", "properties": { "内容": "公益財団法人宮城厚生協会　長町病院【居宅介護支援】宮城県仙台市太白区長町3-7-26", "url": "https://www.kaigokensaku.mhlw.go.jp/04/index.php?action_kouhyou_detail_004_kani=true&JigyosyoCd=0415410471-00&ServiceCd=430&Type=search", "url2": "https://www.m-kousei.com/nagamati/" }, "geometry": { "type": "Point", "coordinates": [ 140.883938095167565, 38.229788894365811 ] } },
{ "type": "Feature", "properties": { "内容": "居宅介護支援事業所つばさ南仙台【居宅介護支援】宮城県仙台市太白区柳生4-15-9", "url": "https://www.kaigokensaku.mhlw.go.jp/04/index.php?action_kouhyou_detail_004_kani=true&JigyosyoCd=0475403887-00&ServiceCd=430&Type=search", "url2": "http://www.tbasa.co.jp/kyotaku_sendai/index.html" }, "geometry": { "type": "Point", "coordinates": [ 140.8651615, 38.1943364 ] } },
{ "type": "Feature", "properties": { "内容": "SOMPOケア　愛宕　居宅介護支援【居宅介護支援】宮城県仙台市太白区越路9番15号ラヴィーレレジデンス愛宕", "url": "https://www.kaigokensaku.mhlw.go.jp/04/index.php?action_kouhyou_detail_004_kani=true&JigyosyoCd=0475404794-00&ServiceCd=430&Type=search", "url2": null }, "geometry": { "type": "Point", "coordinates": [ 140.87858449999996, 38.2451732 ] } },
{ "type": "Feature", "properties": { "内容": "ケアプランセンター桜井【居宅介護支援】宮城県仙台市太白区緑が丘4-19-23", "url": "https://www.kaigokensaku.mhlw.go.jp/04/index.php?action_kouhyou_detail_004_kani=true&JigyosyoCd=0475402954-00&ServiceCd=430&Type=search", "url2": null }, "geometry": { "type": "Point", "coordinates": [ 140.866673699999978, 38.2360379 ] } },
{ "type": "Feature", "properties": { "内容": "ケア２１長町【居宅介護支援】宮城県仙台市太白区長町鹿野3丁目24-15ローズガーデンⅡ101", "url": "https://www.kaigokensaku.mhlw.go.jp/04/index.php?action_kouhyou_detail_004_kani=true&JigyosyoCd=0475402988-00&ServiceCd=430&Type=search", "url2": "http://www.care21.co.jp" }, "geometry": { "type": "Point", "coordinates": [ 140.871204586965177, 38.224877651271072 ] } },
{ "type": "Feature", "properties": { "内容": "ハーモニーケアプランセンター【居宅介護支援】宮城県仙台市太白区西多賀1-15-14", "url": "https://www.kaigokensaku.mhlw.go.jp/04/index.php?action_kouhyou_detail_004_kani=true&JigyosyoCd=0475404968-00&ServiceCd=430&Type=search", "url2": "https://www.kabuwakana.com" }, "geometry": { "type": "Point", "coordinates": [ 140.859668199999987, 38.2229342 ] } },
{ "type": "Feature", "properties": { "内容": "社会福祉法人仙台福祉サービス協会　太白ヘルパーステーション【居宅介護支援】宮城県仙台市太白区長町3丁目1番7号コーラス長町ビル1階", "url": "https://www.kaigokensaku.mhlw.go.jp/04/index.php?action_kouhyou_detail_004_kani=true&JigyosyoCd=0475401642-00&ServiceCd=430&Type=search", "url2": "https://www.sendai-fukushi.or.jp" }, "geometry": { "type": "Point", "coordinates": [ 140.886452194117737, 38.231882197324815 ] } },
{ "type": "Feature", "properties": { "内容": "公益財団法人宮城厚生協会　ケアステーション郡山居宅【居宅介護支援】宮城県仙台市太白区郡山7-16-8", "url": "https://www.kaigokensaku.mhlw.go.jp/04/index.php?action_kouhyou_detail_004_kani=true&JigyosyoCd=0475404786-00&ServiceCd=430&Type=search", "url2": null }, "geometry": { "type": "Point", "coordinates": [ 140.8894961, 38.2141939 ] } },
{ "type": "Feature", "properties": { "内容": "ケアプランすだち郡山【居宅介護支援】宮城県仙台市太白区郡山字石塚20-7201号室", "url": "https://www.kaigokensaku.mhlw.go.jp/04/index.php?action_kouhyou_detail_004_kani=true&JigyosyoCd=0475404570-00&ServiceCd=430&Type=search", "url2": "https://wff.co.jp" }, "geometry": { "type": "Point", "coordinates": [ 140.89677420000001, 38.2182555 ] } },
{ "type": "Feature", "properties": { "内容": "こ～ぷのお家　緑ヶ丘ケアプランセンター【居宅介護支援】宮城県仙台市太白区大塒町3-1", "url": "https://www.kaigokensaku.mhlw.go.jp/04/index.php?action_kouhyou_detail_004_kani=true&JigyosyoCd=0475400636-00&ServiceCd=430&Type=search", "url2": "https://www.coop-fukushikai.jp/" }, "geometry": { "type": "Point", "coordinates": [ 140.861224200000038, 38.234563 ] } },
{ "type": "Feature", "properties": { "内容": "まるめろケアプランセンター西多賀【居宅介護支援】宮城県仙台市太白区鈎取本町2丁目12-20", "url": "https://www.kaigokensaku.mhlw.go.jp/04/index.php?action_kouhyou_detail_004_kani=true&JigyosyoCd=0475404034-00&ServiceCd=430&Type=search", "url2": "https://www.michinokuso.jp" }, "geometry": { "type": "Point", "coordinates": [ 140.836681190630003, 38.225805058106594 ] } },
{ "type": "Feature", "properties": { "内容": "ケヤキ介護支援センター【居宅介護支援】宮城県仙台市太白区西中田4－12－1　カンフォートシティー　1階", "url": "https://www.kaigokensaku.mhlw.go.jp/04/index.php?action_kouhyou_detail_004_kani=true&JigyosyoCd=0475401220-00&ServiceCd=430&Type=search", "url2": "http://care-net.biz/04/keyaki/" }, "geometry": { "type": "Point", "coordinates": [ 140.882854101036088, 38.195560507408644 ] } },
{ "type": "Feature", "properties": { "内容": "グリーンライフ仙台ケアプランセンター【居宅介護支援】宮城県仙台市太白区あすと長町一丁目3番1号ＳＨＩＰ仙台ビル2Ｆ", "url": "https://www.kaigokensaku.mhlw.go.jp/04/index.php?action_kouhyou_detail_004_kani=true&JigyosyoCd=0475405015-00&ServiceCd=430&Type=search", "url2": null }, "geometry": { "type": "Point", "coordinates": [ 140.8892167, 38.230518 ] } },
{ "type": "Feature", "properties": { "内容": "ケアプランセンターリヤンド仙台太白【居宅介護支援】宮城県仙台市太白区四郎丸字落合20番地の8リヤンド-絆-仙台太白", "url": "https://www.kaigokensaku.mhlw.go.jp/04/index.php?action_kouhyou_detail_004_kani=true&JigyosyoCd=0475405098-00&ServiceCd=430&Type=search", "url2": "https://liende-kizuna.jp/" }, "geometry": { "type": "Point", "coordinates": [ 140.922065800000013, 38.196656 ] } },
{ "type": "Feature", "properties": { "内容": "四郎丸在宅介護支援センター【居宅介護支援】宮城県仙台市太白区四郎丸字大宮26-3", "url": "https://www.kaigokensaku.mhlw.go.jp/04/index.php?action_kouhyou_detail_004_kani=true&JigyosyoCd=0475400016-00&ServiceCd=430&Type=search", "url2": "https://sendai-venus.jp/" }, "geometry": { "type": "Point", "coordinates": [ 140.919196199999988, 38.1951548 ] } },
{ "type": "Feature", "properties": { "内容": "独立行政法人地域医療機能推進機構仙台南病院附属居宅介護支援センター【居宅介護支援】宮城県仙台市太白区中田町字前沖143番地独立行政法人地域医療機能推進機構仙台南病院附属介護老人保健施設内", "url": "https://www.kaigokensaku.mhlw.go.jp/04/index.php?action_kouhyou_detail_004_kani=true&JigyosyoCd=0475400362-00&ServiceCd=430&Type=search", "url2": "https://sendaiminami.jcho.go.jp/rouken/facilities/kyotaku/" }, "geometry": { "type": "Point", "coordinates": [ 140.898772519573981, 38.190460916217283 ] } },
{ "type": "Feature", "properties": { "内容": "有限会社楽・楽介護センター【居宅介護支援】宮城県仙台市太白区袋原字堰場６８番地の1", "url": "https://www.kaigokensaku.mhlw.go.jp/04/index.php?action_kouhyou_detail_004_kani=true&JigyosyoCd=0475401469-00&ServiceCd=430&Type=search", "url2": null }, "geometry": { "type": "Point", "coordinates": [ 140.906719399999929, 38.1915298 ] } },
{ "type": "Feature", "properties": { "内容": "ウィング【居宅介護支援】宮城県仙台市太白区長町６－２－１", "url": "https://www.kaigokensaku.mhlw.go.jp/04/index.php?action_kouhyou_detail_004_kani=true&JigyosyoCd=0475401204-00&ServiceCd=430&Type=search", "url2": "http://care-net.biz/04/wing/" }, "geometry": { "type": "Point", "coordinates": [ 140.884254702405912, 38.225056444179351 ] } },
{ "type": "Feature", "properties": { "内容": "近藤博公居宅介護支援事業所【居宅介護支援】宮城県仙台市太白区長町南3-1-46", "url": "https://www.kaigokensaku.mhlw.go.jp/04/index.php?action_kouhyou_detail_004_kani=true&JigyosyoCd=0475401196-00&ServiceCd=430&Type=search", "url2": null }, "geometry": { "type": "Point", "coordinates": [ 140.874759586695291, 38.223999148849323 ] } },
{ "type": "Feature", "properties": { "内容": "ふくろうケアプランセンター茂庭台【居宅介護支援】宮城県仙台市太白区茂庭台２丁目１５番２５号", "url": "https://www.kaigokensaku.mhlw.go.jp/04/index.php?action_kouhyou_detail_004_kani=true&JigyosyoCd=0475404893-00&ServiceCd=430&Type=search", "url2": null }, "geometry": { "type": "Point", "coordinates": [ 140.7819494, 38.233245 ] } },
{ "type": "Feature", "properties": { "内容": "居宅介護支援事業所一花【居宅介護支援】宮城県仙台市太白区大野田4丁目18番地の4", "url": "https://www.kaigokensaku.mhlw.go.jp/04/index.php?action_kouhyou_detail_004_kani=true&JigyosyoCd=0475404554-00&ServiceCd=430&Type=search", "url2": "https://www.mukyoukai.com/ichika" }, "geometry": { "type": "Point", "coordinates": [ 140.875058177934505, 38.213941695175365 ] } },
{ "type": "Feature", "properties": { "内容": "根白石ケアプランセンター【居宅介護支援】宮城県仙台市泉区根白石字新坂上１８番地", "url": "https://www.kaigokensaku.mhlw.go.jp/04/index.php?action_kouhyou_detail_004_kani=true&JigyosyoCd=0475500070-00&ServiceCd=430&Type=search", "url2": "http://senwakai-sendai.jp/" }, "geometry": { "type": "Point", "coordinates": [ 140.800994599999967, 38.3380885 ] } },
{ "type": "Feature", "properties": { "内容": "指定居宅介護支援事業所　特別養護老人ホーム水泉荘【居宅介護支援】宮城県仙台市泉区実沢字橘川屋敷1番地", "url": "https://www.kaigokensaku.mhlw.go.jp/04/index.php?action_kouhyou_detail_004_kani=true&JigyosyoCd=0475500146-00&ServiceCd=430&Type=search", "url2": "http://www.f-kouseikai.or.jp/" }, "geometry": { "type": "Point", "coordinates": [ 140.806103871163941, 38.31807781173319 ] } },
{ "type": "Feature", "properties": { "内容": "虹の丘在宅介護支援センター【居宅介護支援】宮城県仙台市泉区虹の丘1丁目10-6", "url": "https://www.kaigokensaku.mhlw.go.jp/04/index.php?action_kouhyou_detail_004_kani=true&JigyosyoCd=0475500203-00&ServiceCd=430&Type=search", "url2": "http://www.nijinoen.com/cien_center.html" }, "geometry": { "type": "Point", "coordinates": [ 140.8733694, 38.306805 ] } },
{ "type": "Feature", "properties": { "内容": "仙台泉・あおいホームケアサービス【居宅介護支援】宮城県仙台市泉区泉中央南16", "url": "https://www.kaigokensaku.mhlw.go.jp/04/index.php?action_kouhyou_detail_004_kani=true&JigyosyoCd=0475503785-00&ServiceCd=430&Type=search", "url2": null }, "geometry": { "type": "Point", "coordinates": [ 140.871435600000041, 38.3204283 ] } },
{ "type": "Feature", "properties": { "内容": "ファンコート泉　居宅介護支援事業所【居宅介護支援】宮城県仙台市泉区西田中字萱場中３７番１", "url": "https://www.kaigokensaku.mhlw.go.jp/04/index.php?action_kouhyou_detail_004_kani=true&JigyosyoCd=0475503777-00&ServiceCd=430&Type=search", "url2": "http://www.heiseikai-group.com/" }, "geometry": { "type": "Point", "coordinates": [ 140.789730201498742, 38.323922413109536 ] } },
{ "type": "Feature", "properties": { "内容": "ケアプランセンター泉大沢【居宅介護支援】宮城県仙台市泉区大沢３－５－１グッドタイムホーム泉大沢1F", "url": "https://www.kaigokensaku.mhlw.go.jp/04/index.php?action_kouhyou_detail_004_kani=true&JigyosyoCd=0475503371-00&ServiceCd=430&Type=search", "url2": "https://souseikai-izumiosawa.com/" }, "geometry": { "type": "Point", "coordinates": [ 140.874364199999945, 38.3572492 ] } },
{ "type": "Feature", "properties": { "内容": "ハイムガーデン仙台泉営業所【居宅介護支援】宮城県将仙台市泉区将監殿5-24-28ハイムガーデン仙台泉一番館1階", "url": "https://www.kaigokensaku.mhlw.go.jp/04/index.php?action_kouhyou_detail_004_kani=true&JigyosyoCd=0475503710-00&ServiceCd=430&Type=search", "url2": "http://www.healthy-service.co.jp" }, "geometry": { "type": "Point", "coordinates": [ 140.873342937434359, 38.346641003524553 ] } },
{ "type": "Feature", "properties": { "内容": "神成接骨院指定居宅介護支援事業所【居宅介護支援】宮城県仙台市泉区将監10-15-9", "url": "https://www.kaigokensaku.mhlw.go.jp/04/index.php?action_kouhyou_detail_004_kani=true&JigyosyoCd=0475501607-00&ServiceCd=430&Type=search", "url2": null }, "geometry": { "type": "Point", "coordinates": [ 140.871221, 38.337679 ] } },
{ "type": "Feature", "properties": { "内容": "ケアプランセンター木もれび【居宅介護支援】仙台市泉区住吉台東4-22-15", "url": "https://www.kaigokensaku.mhlw.go.jp/04/index.php?action_kouhyou_detail_004_kani=true&JigyosyoCd=0475503868-00&ServiceCd=430&Type=search", "url2": null }, "geometry": { "type": "Point", "coordinates": [ 140.791521699999947, 38.3304898 ] } },
{ "type": "Feature", "properties": { "内容": "医療法人泉整形外科病院指定居宅介護支援事業所【居宅介護支援】仙台市泉区上谷刈字長命８（介護老人保健施設コスモス内）", "url": "https://www.kaigokensaku.mhlw.go.jp/04/index.php?action_kouhyou_detail_004_kani=true&JigyosyoCd=0475500039-00&ServiceCd=430&Type=search", "url2": "http://izumiseikei.com/" }, "geometry": { "type": "Point", "coordinates": [ 140.856410192359903, 38.318711156813023 ] } },
{ "type": "Feature", "properties": { "内容": "ほのぼの介護【居宅介護支援】宮城県仙台市泉区住吉台東５－５－８", "url": "https://www.kaigokensaku.mhlw.go.jp/04/index.php?action_kouhyou_detail_004_kani=true&JigyosyoCd=0475503306-00&ServiceCd=430&Type=search", "url2": "http://honobonokaigo.web.fc2.com/" }, "geometry": { "type": "Point", "coordinates": [ 140.789546400000063, 38.3295144 ] } },
{ "type": "Feature", "properties": { "内容": "居宅介護支援事業所もりのとびら【居宅介護支援】宮城県仙台市泉区南光台東1-2-26南光台ビル201", "url": "https://www.kaigokensaku.mhlw.go.jp/04/index.php?action_kouhyou_detail_004_kani=true&JigyosyoCd=0475504189-00&ServiceCd=430&Type=search", "url2": null }, "geometry": { "type": "Point", "coordinates": [ 140.904669, 38.2973828 ] } },
{ "type": "Feature", "properties": { "内容": "ライブラリ泉中央居宅介護支援【居宅介護支援】宮城県仙台市泉区泉中央南10-1", "url": "https://www.kaigokensaku.mhlw.go.jp/04/index.php?action_kouhyou_detail_004_kani=true&JigyosyoCd=0475504213-00&ServiceCd=430&Type=search", "url2": "http://www.living-platform.com/" }, "geometry": { "type": "Point", "coordinates": [ 140.87186410000001, 38.3205314 ] } },
{ "type": "Feature", "properties": { "内容": "おでってケアセンター【居宅介護支援】宮城県仙台市泉区泉ヶ丘5丁目14-25アメニティ・ハウス105", "url": "https://www.kaigokensaku.mhlw.go.jp/04/index.php?action_kouhyou_detail_004_kani=true&JigyosyoCd=0475503793-00&ServiceCd=430&Type=search", "url2": null }, "geometry": { "type": "Point", "coordinates": [ 140.863372600000048, 38.3594057 ] } },
{ "type": "Feature", "properties": { "内容": "医療法人松田会介護老人保健施設エバーグリーン・イズミ【居宅介護支援】宮城県仙台市泉区実沢字立田屋敷17番地の１", "url": "https://www.kaigokensaku.mhlw.go.jp/04/index.php?action_kouhyou_detail_004_kani=true&JigyosyoCd=0455580019-00&ServiceCd=430&Type=search", "url2": "http://www.matsuda-hp.com/index.html" }, "geometry": { "type": "Point", "coordinates": [ 140.838660200000049, 38.3344617 ] } },
{ "type": "Feature", "properties": { "内容": "松田病院ホームケアサポートセンター【居宅介護支援】宮城県仙台市泉区実沢字立田屋敷17-1", "url": "https://www.kaigokensaku.mhlw.go.jp/04/index.php?action_kouhyou_detail_004_kani=true&JigyosyoCd=0475503496-00&ServiceCd=430&Type=search", "url2": "http://www.matsuda-hp.com" }, "geometry": { "type": "Point", "coordinates": [ 140.83866819192653, 38.333957526162223 ] } },
{ "type": "Feature", "properties": { "内容": "ケアプランセンター「ギャラリー杜の音」【居宅介護支援】宮城県仙台市泉区上谷刈字赤坂６番地１０２", "url": "https://www.kaigokensaku.mhlw.go.jp/04/index.php?action_kouhyou_detail_004_kani=true&JigyosyoCd=0475501557-00&ServiceCd=430&Type=search", "url2": "http://www.designkobo.jp" }, "geometry": { "type": "Point", "coordinates": [ 140.854654566270483, 38.310133327842394 ] } },
{ "type": "Feature", "properties": { "内容": "チアフル南光台居宅介護支援事業所【居宅介護支援】宮城県仙台市泉区南光台1丁目67番11号グリーンヒルズ101号", "url": "https://www.kaigokensaku.mhlw.go.jp/04/index.php?action_kouhyou_detail_004_kani=true&JigyosyoCd=0475503843-00&ServiceCd=430&Type=search", "url2": "http://www.cheerful-cs.com" }, "geometry": { "type": "Point", "coordinates": [ 140.893371300000013, 38.2883272 ] } },
{ "type": "Feature", "properties": { "内容": "ニチイケアセンター泉【居宅介護支援】仙台市泉区松森字八沢96番地", "url": "https://www.kaigokensaku.mhlw.go.jp/04/index.php?action_kouhyou_detail_004_kani=true&JigyosyoCd=0475500252-00&ServiceCd=430&Type=search", "url2": "http://www.nichiigakkan.co.jp" }, "geometry": { "type": "Point", "coordinates": [ 140.908735400000069, 38.3028343 ] } },
{ "type": "Feature", "properties": { "内容": "ＳＯＭＰＯケア　仙台泉　居宅介護支援【居宅介護支援】宮城県仙台市泉区松森字鹿島５３－９", "url": "https://www.kaigokensaku.mhlw.go.jp/04/index.php?action_kouhyou_detail_004_kani=true&JigyosyoCd=0475503918-00&ServiceCd=430&Type=search", "url2": "https://www.sompocare.com/" }, "geometry": { "type": "Point", "coordinates": [ 140.909337300000061, 38.3181911 ] } },
{ "type": "Feature", "properties": { "内容": "ケアプラン歩っ歩【居宅介護支援】宮城県仙台市泉区南光台7丁目３６－５", "url": "https://www.kaigokensaku.mhlw.go.jp/04/index.php?action_kouhyou_detail_004_kani=true&JigyosyoCd=0475503694-00&ServiceCd=430&Type=search", "url2": "http://hp.kaipoke.biz" }, "geometry": { "type": "Point", "coordinates": [ 140.902941700000042, 38.2996956 ] } },
{ "type": "Feature", "properties": { "内容": "医療法人　松田会　エバーグリーン・ヴィレッジ　ホームケアサポートセンター【居宅介護支援】宮城県仙台市泉区寺岡3丁目15-2", "url": "https://www.kaigokensaku.mhlw.go.jp/04/index.php?action_kouhyou_detail_004_kani=true&JigyosyoCd=0475504346-00&ServiceCd=430&Type=search", "url2": null }, "geometry": { "type": "Point", "coordinates": [ 140.824065100000013, 38.3386464 ] } },
{ "type": "Feature", "properties": { "内容": "コスモス南光台ケアプラン【居宅介護支援】宮城県仙台市泉区松森字明神20-1", "url": "https://www.kaigokensaku.mhlw.go.jp/04/index.php?action_kouhyou_detail_004_kani=true&JigyosyoCd=0475500997-00&ServiceCd=430&Type=search", "url2": "http://www.cosmoscare.jp" }, "geometry": { "type": "Point", "coordinates": [ 140.902268892884877, 38.304622657627554 ] } },
{ "type": "Feature", "properties": { "内容": "介護老人福祉施設泉ふるさと村居宅介護支援事業所【居宅介護支援】宮城県仙台市泉区松森字岡本前27", "url": "https://www.kaigokensaku.mhlw.go.jp/04/index.php?action_kouhyou_detail_004_kani=true&JigyosyoCd=0475504007-00&ServiceCd=430&Type=search", "url2": "http://www.oishigaharakai.or.jp" }, "geometry": { "type": "Point", "coordinates": [ 140.912912900000038, 38.3118221 ] } },
{ "type": "Feature", "properties": { "内容": "エバーグリーンシティ・寺岡　居宅介護支援事業所【居宅介護支援】仙台市泉区寺岡一丁目２５番地の１", "url": "https://www.kaigokensaku.mhlw.go.jp/04/index.php?action_kouhyou_detail_004_kani=true&JigyosyoCd=0475501755-00&ServiceCd=430&Type=search", "url2": "http://www.evergreen-city.jp" }, "geometry": { "type": "Point", "coordinates": [ 140.835829900000022, 38.3346783 ] } },
{ "type": "Feature", "properties": { "内容": "コスモス向陽台ケアプラン【居宅介護支援】宮城県仙台市泉区向陽台5-16-16", "url": "https://www.kaigokensaku.mhlw.go.jp/04/index.php?action_kouhyou_detail_004_kani=true&JigyosyoCd=0475501177-00&ServiceCd=430&Type=search", "url2": "http://www.cosmoscare.jp/" }, "geometry": { "type": "Point", "coordinates": [ 140.899574081406399, 38.334706546304922 ] } },
{ "type": "Feature", "properties": { "内容": "泉中央南おひさま居宅介護支援事業所【居宅介護支援】宮城県仙台市泉区泉中央南１４番地医療法人ならの杜たんぽぽクリニック", "url": "https://www.kaigokensaku.mhlw.go.jp/04/index.php?action_kouhyou_detail_004_kani=true&JigyosyoCd=0475503454-00&ServiceCd=430&Type=search", "url2": "http://www.tanpopoclinic.jp" }, "geometry": { "type": "Point", "coordinates": [ 140.870763913613928, 38.320316396451986 ] } },
{ "type": "Feature", "properties": { "内容": "長命ヶ丘エムズケアプランセンター【居宅介護支援】宮城県仙台市泉区長命ヶ丘5丁目18-23", "url": "https://www.kaigokensaku.mhlw.go.jp/04/index.php?action_kouhyou_detail_004_kani=true&JigyosyoCd=0475503132-00&ServiceCd=430&Type=search", "url2": "http://mscoltd.web.fc2.com" }, "geometry": { "type": "Point", "coordinates": [ 140.832048471163944, 38.314166191461446 ] } },
{ "type": "Feature", "properties": { "内容": "ＳＯＭＰＯケア　八乙女　居宅介護支援【居宅介護支援】宮城県仙台市泉区上谷刈３丁目11－21", "url": "https://www.kaigokensaku.mhlw.go.jp/04/index.php?action_kouhyou_detail_004_kani=true&JigyosyoCd=0475502795-00&ServiceCd=430&Type=search", "url2": "https://www.sompocare.com/" }, "geometry": { "type": "Point", "coordinates": [ 140.867491800000039, 38.3171563 ] } },
{ "type": "Feature", "properties": { "内容": "サニーライフ仙台加茂　居宅介護支援事業所【居宅介護支援】宮城県仙台市泉区加茂4丁目１番1号サニーライフ仙台加茂　有料老人ホーム", "url": "https://www.kaigokensaku.mhlw.go.jp/04/index.php?action_kouhyou_detail_004_kani=true&JigyosyoCd=0475504312-00&ServiceCd=430&Type=search", "url2": "http://www.sunnylife-group.co.jp" }, "geometry": { "type": "Point", "coordinates": [ 140.855993908598322, 38.312965635115027 ] } },
{ "type": "Feature", "properties": { "内容": "桂ヘルパーステーションそよ風【居宅介護支援】宮城県仙台市泉区桂１丁目17-7メデカマンション桂１階", "url": "https://www.kaigokensaku.mhlw.go.jp/04/index.php?action_kouhyou_detail_004_kani=true&JigyosyoCd=0475500559-00&ServiceCd=430&Type=search", "url2": "https://www.sykz.co.jp" }, "geometry": { "type": "Point", "coordinates": [ 140.86447279999993, 38.3317589 ] } },
{ "type": "Feature", "properties": { "内容": "白百合介護支援センター【居宅介護支援】宮城県仙台市泉区本田町20番15号", "url": "https://www.kaigokensaku.mhlw.go.jp/04/index.php?action_kouhyou_detail_004_kani=true&JigyosyoCd=0475500724-00&ServiceCd=430&Type=search", "url2": "http://care-net.biz/04/shirayuri/sitemap.php" }, "geometry": { "type": "Point", "coordinates": [ 140.904887499999973, 38.3241986 ] } },
{ "type": "Feature", "properties": { "内容": "公益財団法人　宮城厚生協会　ケアステーションいずみ　居宅【居宅介護支援】宮城県仙台市泉区加茂五丁目３２番地の４", "url": "https://www.kaigokensaku.mhlw.go.jp/04/index.php?action_kouhyou_detail_004_kani=true&JigyosyoCd=0475500864-00&ServiceCd=430&Type=search", "url2": null }, "geometry": { "type": "Point", "coordinates": [ 140.846068713356999, 38.319811667086874 ] } },
{ "type": "Feature", "properties": { "内容": "南光台ケアセンターそよ風【居宅介護支援】宮城県仙台市泉区南光台南2-26-10", "url": "https://www.kaigokensaku.mhlw.go.jp/04/index.php?action_kouhyou_detail_004_kani=true&JigyosyoCd=0475501417-00&ServiceCd=430&Type=search", "url2": null }, "geometry": { "type": "Point", "coordinates": [ 140.900331300000062, 38.293288 ] } },
{ "type": "Feature", "properties": { "内容": "泉中央南ケアプランセンター【居宅介護支援】宮城県仙台市泉区泉中央南15番地望岳荘　１階", "url": "https://www.kaigokensaku.mhlw.go.jp/04/index.php?action_kouhyou_detail_004_kani=true&JigyosyoCd=0475503314-00&ServiceCd=430&Type=search", "url2": "http://www.aisenkai.or.jp" }, "geometry": { "type": "Point", "coordinates": [ 140.870670099999984, 38.3209774 ] } },
{ "type": "Feature", "properties": { "内容": "ケアプランセンターみんなの家【居宅介護支援】宮城県仙台市泉区歩坂町71-2KZCⅡ号館201", "url": "https://www.kaigokensaku.mhlw.go.jp/04/index.php?action_kouhyou_detail_004_kani=true&JigyosyoCd=0475502183-00&ServiceCd=430&Type=search", "url2": "http://www.kokopelli.biz" }, "geometry": { "type": "Point", "coordinates": [ 140.906394400000011, 38.3242438 ] } },
{ "type": "Feature", "properties": { "内容": "ケアプランセンター虹【居宅介護支援】宮城県仙台市泉区上谷刈3-2-1ビューシティ泉Ⅰ101", "url": "https://www.kaigokensaku.mhlw.go.jp/04/index.php?action_kouhyou_detail_004_kani=true&JigyosyoCd=0475504155-00&ServiceCd=430&Type=search", "url2": null }, "geometry": { "type": "Point", "coordinates": [ 140.8701816, 38.3170391 ] } },
{ "type": "Feature", "properties": { "内容": "あったかケアプランセンター【居宅介護支援】宮城県仙台市泉区旭丘堤2-19-3あったかの家黒松内", "url": "https://www.kaigokensaku.mhlw.go.jp/04/index.php?action_kouhyou_detail_004_kani=true&JigyosyoCd=0475503629-00&ServiceCd=430&Type=search", "url2": "http://human-aid.co.jp" }, "geometry": { "type": "Point", "coordinates": [ 140.889290126598553, 38.303290399180966 ] } },
{ "type": "Feature", "properties": { "内容": "社会福祉法人仙台福祉サービス協会　泉ヘルパーステーション【居宅介護支援】宮城県仙台市泉区泉中央3丁目9番7号さくらビル1階", "url": "https://www.kaigokensaku.mhlw.go.jp/04/index.php?action_kouhyou_detail_004_kani=true&JigyosyoCd=0475501474-00&ServiceCd=430&Type=search", "url2": "https://www.sendai-fukushi.or.jp" }, "geometry": { "type": "Point", "coordinates": [ 140.884095300000013, 38.3251336 ] } },
{ "type": "Feature", "properties": { "内容": "泉ヶ岳ケアプランセンター【居宅介護支援】宮城県仙台市泉区将監3-4-2", "url": "https://www.kaigokensaku.mhlw.go.jp/04/index.php?action_kouhyou_detail_004_kani=true&JigyosyoCd=0475502944-00&ServiceCd=430&Type=search", "url2": null }, "geometry": { "type": "Point", "coordinates": [ 140.884684675098583, 38.333561741308444 ] } },
{ "type": "Feature", "properties": { "内容": "ケアプランセンター湧々庵【居宅介護支援】宮城県仙台市泉区将監3丁目7-3ファミールAP13　201号", "url": "https://www.kaigokensaku.mhlw.go.jp/04/index.php?action_kouhyou_detail_004_kani=true&JigyosyoCd=0475502985-00&ServiceCd=430&Type=search", "url2": "http://yusenkai.co.jp" }, "geometry": { "type": "Point", "coordinates": [ 140.883887788258306, 38.332981058896515 ] } },
{ "type": "Feature", "properties": { "内容": "医療法人徳洲会仙台徳洲会介護センター【居宅介護支援】宮城県仙台市泉区高玉町9-8", "url": "https://www.kaigokensaku.mhlw.go.jp/04/index.php?action_kouhyou_detail_004_kani=true&JigyosyoCd=0475500062-00&ServiceCd=430&Type=search", "url2": "http://sendai.tokushukai.jp" }, "geometry": { "type": "Point", "coordinates": [ 140.8948049, 38.316265200000018 ] } },
{ "type": "Feature", "properties": { "内容": "いずみの杜介護支援事業所【居宅介護支援】宮城県仙台市泉区松森字下町８番地の１", "url": "https://www.kaigokensaku.mhlw.go.jp/04/index.php?action_kouhyou_detail_004_kani=true&JigyosyoCd=0475500237-00&ServiceCd=430&Type=search", "url2": "http://www.izuminomori.jp" }, "geometry": { "type": "Point", "coordinates": [ 140.914564599999949, 38.3165998 ] } },
{ "type": "Feature", "properties": { "内容": "いちごケアプランセンター【居宅介護支援】宮城県仙台市泉区市名坂字石止12－2203号室", "url": "https://www.kaigokensaku.mhlw.go.jp/04/index.php?action_kouhyou_detail_004_kani=true&JigyosyoCd=0475504502-00&ServiceCd=430&Type=search", "url2": null }, "geometry": { "type": "Point", "coordinates": [ 140.889256499999988, 38.3189188 ] } },
{ "type": "Feature", "properties": { "内容": "“日だまりの家”いずみ居宅介護支援センター【居宅介護支援】宮城県仙台市泉区上谷刈3丁目16-21", "url": "https://www.kaigokensaku.mhlw.go.jp/04/index.php?action_kouhyou_detail_004_kani=true&JigyosyoCd=0475501110-00&ServiceCd=430&Type=search", "url2": "http://www.mrjk.jp" }, "geometry": { "type": "Point", "coordinates": [ 140.868877600000019, 38.3198949 ] } },
{ "type": "Feature", "properties": { "内容": "ケアプランセンターるーつ【居宅介護支援】宮城県仙台市泉区根白石字清水屋敷３５－１", "url": "https://www.kaigokensaku.mhlw.go.jp/04/index.php?action_kouhyou_detail_004_kani=true&JigyosyoCd=0475504445-00&ServiceCd=430&Type=search", "url2": "https://f-kouseikai.or.jp" }, "geometry": { "type": "Point", "coordinates": [ 140.792010800000014, 38.3483994 ] } },
{ "type": "Feature", "properties": { "内容": "ケアプランセンターあいの実【居宅介護支援】宮城県仙台市泉区北中山４丁目３３－１３", "url": "https://www.kaigokensaku.mhlw.go.jp/04/index.php?action_kouhyou_detail_004_kani=true&JigyosyoCd=0475504270-00&ServiceCd=430&Type=search", "url2": "https://ainomi.com/" }, "geometry": { "type": "Point", "coordinates": [ 140.80798858465576, 38.310990256957091 ] } },
{ "type": "Feature", "properties": { "内容": "エムツー居宅介護支援事業所泉【居宅介護支援】宮城県仙台市泉区市名坂字町34番6Mステイブル5番館", "url": "https://www.kaigokensaku.mhlw.go.jp/04/index.php?action_kouhyou_detail_004_kani=true&JigyosyoCd=0475503801-00&ServiceCd=430&Type=search", "url2": "http://www.m2-pharmacy.jp" }, "geometry": { "type": "Point", "coordinates": [ 140.887727279204881, 38.320994663646239 ] } },
{ "type": "Feature", "properties": { "内容": "居宅介護支援事業所オアシス【居宅介護支援】宮城県仙台市泉区泉ヶ丘4丁目19-7", "url": "https://www.kaigokensaku.mhlw.go.jp/04/index.php?action_kouhyou_detail_004_kani=true&JigyosyoCd=0475503660-00&ServiceCd=430&Type=search", "url2": null }, "geometry": { "type": "Point", "coordinates": [ 140.8662845, 38.3594628 ] } },
{ "type": "Feature", "properties": { "内容": "ふれあいケアせんだい【居宅介護支援】宮城県仙台市泉区八乙女中央2丁目1-36", "url": "https://www.kaigokensaku.mhlw.go.jp/04/index.php?action_kouhyou_detail_004_kani=true&JigyosyoCd=0475503975-00&ServiceCd=430&Type=search", "url2": "http://www.spacecare.co.jp/jigyou/kyotaku/" }, "geometry": { "type": "Point", "coordinates": [ 140.878777500000069, 38.3076618 ] } },
{ "type": "Feature", "properties": { "内容": "セントケア訪問看護ステーション石巻あけぼの【居宅介護支援】宮城県石巻市茜平二丁目1－7", "url": "https://www.kaigokensaku.mhlw.go.jp/04/index.php?action_kouhyou_detail_004_kani=true&JigyosyoCd=0460290174-00&ServiceCd=430&Type=search", "url2": "https://www.saint-care.com/tohokumiyagi/company" }, "geometry": { "type": "Point", "coordinates": [ 141.266554501991237, 38.451257374874814 ] } },
{ "type": "Feature", "properties": { "内容": "虹夢【居宅介護支援】宮城県石巻市小船越字舟形176-1", "url": "https://www.kaigokensaku.mhlw.go.jp/04/index.php?action_kouhyou_detail_004_kani=true&JigyosyoCd=0470203167-00&ServiceCd=430&Type=search", "url2": null }, "geometry": { "type": "Point", "coordinates": [ 141.301138, 38.513234199999985 ] } },
{ "type": "Feature", "properties": { "内容": "仁明会みなと居宅介護支援事業所【居宅介護支援】宮城県石巻市伊原津二丁目１番２号", "url": "https://www.kaigokensaku.mhlw.go.jp/04/index.php?action_kouhyou_detail_004_kani=true&JigyosyoCd=0470202649-00&ServiceCd=430&Type=search", "url2": null }, "geometry": { "type": "Point", "coordinates": [ 141.335733566270363, 38.420566639932055 ] } },
{ "type": "Feature", "properties": { "内容": "医療法人社団　健育会　中央介護支援センター【居宅介護支援】宮城県石巻市大街道西3丁目1番28号", "url": "https://www.kaigokensaku.mhlw.go.jp/04/index.php?action_kouhyou_detail_004_kani=true&JigyosyoCd=0470200023-00&ServiceCd=430&Type=search", "url2": "http://himawari-zaitaku.com/" }, "geometry": { "type": "Point", "coordinates": [ 141.271316900524852, 38.430773775011538 ] } },
{ "type": "Feature", "properties": { "内容": "医療法人　社団仁明会　仁明会山下居宅介護支援事業所【居宅介護支援】宮城県石巻市末広町1-1", "url": "https://www.kaigokensaku.mhlw.go.jp/04/index.php?action_kouhyou_detail_004_kani=true&JigyosyoCd=0470200163-00&ServiceCd=430&Type=search", "url2": "http://www.jinmei.or.jp/saito" }, "geometry": { "type": "Point", "coordinates": [ 141.292626, 38.4326717 ] } },
{ "type": "Feature", "properties": { "内容": "ぱんぷきん介護センター石巻東部ステーション【居宅介護支援】宮城県石巻市大橋三丁目１番３号", "url": "https://www.kaigokensaku.mhlw.go.jp/04/index.php?action_kouhyou_detail_004_kani=true&JigyosyoCd=0470200114-00&ServiceCd=430&Type=search", "url2": "http://care-net.biz/04/pumpkin/index.php" }, "geometry": { "type": "Point", "coordinates": [ 141.3088467, 38.4439738 ] } },
{ "type": "Feature", "properties": { "内容": "介護老人保健施設　しおん【居宅介護支援】宮城県石巻市吉野町1丁目7番1号", "url": "https://www.kaigokensaku.mhlw.go.jp/04/index.php?action_kouhyou_detail_004_kani=true&JigyosyoCd=0450280086-00&ServiceCd=430&Type=search", "url2": "https://shion.or.jp/" }, "geometry": { "type": "Point", "coordinates": [ 141.318135, 38.4261203 ] } },
{ "type": "Feature", "properties": { "内容": "やわらぎ居宅介護支援センター【居宅介護支援】宮城県石巻市大橋3-4-8", "url": "https://www.kaigokensaku.mhlw.go.jp/04/index.php?action_kouhyou_detail_004_kani=true&JigyosyoCd=0470202193-00&ServiceCd=430&Type=search", "url2": null }, "geometry": { "type": "Point", "coordinates": [ 141.312635300000011, 38.4426768 ] } },
{ "type": "Feature", "properties": { "内容": "あさひ介護支援センター石巻【居宅介護支援】宮城県石巻市中里３丁目５番５号", "url": "https://www.kaigokensaku.mhlw.go.jp/04/index.php?action_kouhyou_detail_004_kani=true&JigyosyoCd=0470200387-00&ServiceCd=430&Type=search", "url2": "http://www.asahi-sun-clean.co.jp/" }, "geometry": { "type": "Point", "coordinates": [ 141.297822600000018, 38.4418709 ] } },
{ "type": "Feature", "properties": { "内容": "居宅介護支援事業所　キャッツ【居宅介護支援】宮城県石巻市和渕字北和渕二番25番地-1有料老人ホーム　ほたるの宿", "url": "https://www.kaigokensaku.mhlw.go.jp/04/index.php?action_kouhyou_detail_004_kani=true&JigyosyoCd=0470202631-00&ServiceCd=430&Type=search", "url2": null }, "geometry": { "type": "Point", "coordinates": [ 141.212146672422051, 38.534254777678626 ] } },
{ "type": "Feature", "properties": { "内容": "ケアプランセンター　うさぎ【居宅介護支援】宮城県石巻市門脇字一番谷地18-2", "url": "https://www.kaigokensaku.mhlw.go.jp/04/index.php?action_kouhyou_detail_004_kani=true&JigyosyoCd=0470202151-00&ServiceCd=430&Type=search", "url2": null }, "geometry": { "type": "Point", "coordinates": [ 141.259468589569138, 38.431607154885249 ] } },
{ "type": "Feature", "properties": { "内容": "あん暖手ケアプランセンター【居宅介護支援】宮城県石巻市石巻市東中里二丁目8番10号-LINX", "url": "https://www.kaigokensaku.mhlw.go.jp/04/index.php?action_kouhyou_detail_004_kani=true&JigyosyoCd=0470202888-00&ServiceCd=430&Type=search", "url2": "https://kokudo-consulting.co.jp" }, "geometry": { "type": "Point", "coordinates": [ 141.3051424, 38.4404558 ] } },
{ "type": "Feature", "properties": { "内容": "旭寿会ケアサポートセンター【居宅介護支援】宮城県石巻市北村字庵ノ窪１番地１", "url": "https://www.kaigokensaku.mhlw.go.jp/04/index.php?action_kouhyou_detail_004_kani=true&JigyosyoCd=0470200775-00&ServiceCd=430&Type=search", "url2": "https://www.kyokujukai.or.jp/" }, "geometry": { "type": "Point", "coordinates": [ 141.190729288221746, 38.483700263892096 ] } },
{ "type": "Feature", "properties": { "内容": "仁明会青葉居宅介護支援事業所【居宅介護支援】宮城県石巻市門脇字一番谷地57-18", "url": "https://www.kaigokensaku.mhlw.go.jp/04/index.php?action_kouhyou_detail_004_kani=true&JigyosyoCd=0470200551-00&ServiceCd=430&Type=search", "url2": null }, "geometry": { "type": "Point", "coordinates": [ 141.26324180000006, 38.4336152 ] } },
{ "type": "Feature", "properties": { "内容": "居宅介護支援センター花水木【居宅介護支援】宮城県石巻市鹿又字八幡前15番", "url": "https://www.kaigokensaku.mhlw.go.jp/04/index.php?action_kouhyou_detail_004_kani=true&JigyosyoCd=0470202458-00&ServiceCd=430&Type=search", "url2": "https://hanamizuki1999.com/" }, "geometry": { "type": "Point", "coordinates": [ 141.2850995, 38.4863513 ] } },
{ "type": "Feature", "properties": { "内容": "居宅介護支援事業リハビリパーク花もよう【居宅介護支援】石巻市大橋3丁目9番1号", "url": "https://www.kaigokensaku.mhlw.go.jp/04/index.php?action_kouhyou_detail_004_kani=true&JigyosyoCd=0470200445-00&ServiceCd=430&Type=search", "url2": null }, "geometry": { "type": "Point", "coordinates": [ 141.3117909, 38.4428129 ] } },
{ "type": "Feature", "properties": { "内容": "居宅介護支援事業所すえの丘【居宅介護支援】宮城県石巻市須江字しらさぎ台三丁目２１－３", "url": "https://www.kaigokensaku.mhlw.go.jp/04/index.php?action_kouhyou_detail_004_kani=true&JigyosyoCd=0470202102-00&ServiceCd=430&Type=search", "url2": "https://shirasagien.jp/" }, "geometry": { "type": "Point", "coordinates": [ 141.245036700000014, 38.465333200000018 ] } },
{ "type": "Feature", "properties": { "内容": "有限会社キクユウ薬局【居宅介護支援】宮城県石巻市美園３丁目１－１０", "url": "https://www.kaigokensaku.mhlw.go.jp/04/index.php?action_kouhyou_detail_004_kani=true&JigyosyoCd=0440240703-00&ServiceCd=430&Type=search", "url2": null }, "geometry": { "type": "Point", "coordinates": [ 141.302697200000011, 38.456519300000018 ] } },
{ "type": "Feature", "properties": { "内容": "医療法人　啓仁会　居宅介護支援事業所ふかや【居宅介護支援】宮城県石巻市広渕字焼巻2番地", "url": "https://www.kaigokensaku.mhlw.go.jp/04/index.php?action_kouhyou_detail_004_kani=true&JigyosyoCd=0470202730-00&ServiceCd=430&Type=search", "url2": "http://www.wam-town.jp/ishinomaki/fukaya2.html" }, "geometry": { "type": "Point", "coordinates": [ 141.213620770734792, 38.471550057601206 ] } },
{ "type": "Feature", "properties": { "内容": "合同会社　ふくしひだまり【居宅介護支援】宮城県石巻市須江字糠塚前４８－２", "url": "https://www.kaigokensaku.mhlw.go.jp/04/index.php?action_kouhyou_detail_004_kani=true&JigyosyoCd=0470203001-00&ServiceCd=430&Type=search", "url2": null }, "geometry": { "type": "Point", "coordinates": [ 141.234282900000039, 38.4944214 ] } },
{ "type": "Feature", "properties": { "内容": "介護支援事業所　福寿の里【居宅介護支援】宮城県石巻市鹿又字梅木屋敷37", "url": "https://www.kaigokensaku.mhlw.go.jp/04/index.php?action_kouhyou_detail_004_kani=true&JigyosyoCd=0470202219-00&ServiceCd=430&Type=search", "url2": "https://www.fukuzyunosato.com/" }, "geometry": { "type": "Point", "coordinates": [ 141.258684499999958, 38.4965604 ] } },
{ "type": "Feature", "properties": { "内容": "医療法人海邦会介護老人保健施設長山【居宅介護支援】宮城県石巻市広渕字長山２００番地", "url": "https://www.kaigokensaku.mhlw.go.jp/04/index.php?action_kouhyou_detail_004_kani=true&JigyosyoCd=0450280060-00&ServiceCd=430&Type=search", "url2": "http://www.kaihokai.or.jp/" }, "geometry": { "type": "Point", "coordinates": [ 141.197726699999947, 38.4740141 ] } },
{ "type": "Feature", "properties": { "内容": "居宅介護支援センター城慈【居宅介護支援】宮城県石巻市小船越字二子北下86", "url": "https://www.kaigokensaku.mhlw.go.jp/04/index.php?action_kouhyou_detail_004_kani=true&JigyosyoCd=0470202128-00&ServiceCd=430&Type=search", "url2": "https://cs-kiji.com/" }, "geometry": { "type": "Point", "coordinates": [ 141.291223400000035, 38.4990306 ] } },
{ "type": "Feature", "properties": { "内容": "大森居宅介護支援事業所【居宅介護支援】石巻市大森字内田１－２８", "url": "https://www.kaigokensaku.mhlw.go.jp/04/index.php?action_kouhyou_detail_004_kani=true&JigyosyoCd=0470201112-00&ServiceCd=430&Type=search", "url2": "http://wajinfukusi.jp/" }, "geometry": { "type": "Point", "coordinates": [ 141.319533, 38.4979121 ] } },
{ "type": "Feature", "properties": { "内容": "稲井居宅介護支援事業所【居宅介護支援】宮城県石巻市大瓜字箕輪１７番地", "url": "https://www.kaigokensaku.mhlw.go.jp/04/index.php?action_kouhyou_detail_004_kani=true&JigyosyoCd=0470200015-00&ServiceCd=430&Type=search", "url2": "http://www.wajinfukusi.jp/" }, "geometry": { "type": "Point", "coordinates": [ 141.319218399999954, 38.4518843 ] } },
{ "type": "Feature", "properties": { "内容": "万石浦居宅介護支援事業所【居宅介護支援】宮城県石巻市流留字沖30番地3", "url": "https://www.kaigokensaku.mhlw.go.jp/04/index.php?action_kouhyou_detail_004_kani=true&JigyosyoCd=0470202748-00&ServiceCd=430&Type=search", "url2": "http://www.wajinfukusi.jp" }, "geometry": { "type": "Point", "coordinates": [ 141.3765687, 38.4246809 ] } },
{ "type": "Feature", "properties": { "内容": "石巻蛇田居宅介護支援センター【居宅介護支援】宮城県石巻市蛇田字小斎６１番地１", "url": "https://www.kaigokensaku.mhlw.go.jp/04/index.php?action_kouhyou_detail_004_kani=true&JigyosyoCd=0470200122-00&ServiceCd=430&Type=search", "url2": null }, "geometry": { "type": "Point", "coordinates": [ 141.257154895770356, 38.452159831866531 ] } },
{ "type": "Feature", "properties": { "内容": "石巻市社協介護プランセンター河南桃生【居宅介護支援】宮城県石巻市桃生町中津山字八木157-1", "url": "https://www.kaigokensaku.mhlw.go.jp/04/index.php?action_kouhyou_detail_004_kani=true&JigyosyoCd=0470201245-00&ServiceCd=430&Type=search", "url2": null }, "geometry": { "type": "Point", "coordinates": [ 141.241985800000066, 38.5631027 ] } },
{ "type": "Feature", "properties": { "内容": "石巻市社協介護プランセンター雄勝北上【居宅介護支援】宮城県石巻市北上町橋浦字大須215番地", "url": "https://www.kaigokensaku.mhlw.go.jp/04/index.php?action_kouhyou_detail_004_kani=true&JigyosyoCd=0470201252-00&ServiceCd=430&Type=search", "url2": "http://www.ishinomaki-shakyo.or.jp/" }, "geometry": { "type": "Point", "coordinates": [ 141.43872639999995, 38.577109899999989 ] } },
{ "type": "Feature", "properties": { "内容": "石巻市社協介護プランセンター【居宅介護支援】宮城県石巻市開成１番２６", "url": "https://www.kaigokensaku.mhlw.go.jp/04/index.php?action_kouhyou_detail_004_kani=true&JigyosyoCd=0470201161-00&ServiceCd=430&Type=search", "url2": null }, "geometry": { "type": "Point", "coordinates": [ 141.306071972563927, 38.462119556394242 ] } },
{ "type": "Feature", "properties": { "内容": "石巻市社協介護プランセンター河北【居宅介護支援】宮城県石巻市小船越字山畑４１７番地５４", "url": "https://www.kaigokensaku.mhlw.go.jp/04/index.php?action_kouhyou_detail_004_kani=true&JigyosyoCd=0470201286-00&ServiceCd=430&Type=search", "url2": "http://www.ishinomaki-shakyo.or.jp" }, "geometry": { "type": "Point", "coordinates": [ 141.298719900000037, 38.5029581 ] } },
{ "type": "Feature", "properties": { "内容": "石巻市社協介護プランセンター渡波【居宅介護支援】宮城県石巻市新成一丁目7番地1", "url": "https://www.kaigokensaku.mhlw.go.jp/04/index.php?action_kouhyou_detail_004_kani=true&JigyosyoCd=0470201179-00&ServiceCd=430&Type=search", "url2": null }, "geometry": { "type": "Point", "coordinates": [ 141.3604451, 38.4263108 ] } },
{ "type": "Feature", "properties": { "内容": "祐ケアプランセンター【居宅介護支援】宮城県石巻市大橋三丁目10番地4", "url": "https://www.kaigokensaku.mhlw.go.jp/04/index.php?action_kouhyou_detail_004_kani=true&JigyosyoCd=0470203191-00&ServiceCd=430&Type=search", "url2": null }, "geometry": { "type": "Point", "coordinates": [ 141.3107804, 38.4430218 ] } },
{ "type": "Feature", "properties": { "内容": "こまくさケアプラン【居宅介護支援】宮城県石巻市貞山一丁目3番6-2号", "url": "https://www.kaigokensaku.mhlw.go.jp/04/index.php?action_kouhyou_detail_004_kani=true&JigyosyoCd=0470203209-00&ServiceCd=430&Type=search", "url2": null }, "geometry": { "type": "Point", "coordinates": [ 141.2867295, 38.4322768 ] } },
{ "type": "Feature", "properties": { "内容": "せんだんの杜ものう居宅介護支援事業所【居宅介護支援】宮城県石巻市桃生町中津山字八木46番地３", "url": "https://www.kaigokensaku.mhlw.go.jp/04/index.php?action_kouhyou_detail_004_kani=true&JigyosyoCd=0470200791-00&ServiceCd=430&Type=search", "url2": "http://www.sendan.or.jp" }, "geometry": { "type": "Point", "coordinates": [ 141.241366400000061, 38.5638138 ] } },
{ "type": "Feature", "properties": { "内容": "有限会社緑三松　ケアプランセンターひかり【居宅介護支援】宮城県石巻市住吉町2丁目5-23※小規模多機能型居宅介護支援ぴかぴか施設内", "url": "https://www.kaigokensaku.mhlw.go.jp/04/index.php?action_kouhyou_detail_004_kani=true&JigyosyoCd=0470201591-00&ServiceCd=430&Type=search", "url2": "https://mimimatsu-group.jp/" }, "geometry": { "type": "Point", "coordinates": [ 141.312093600000026, 38.4382079 ] } },
{ "type": "Feature", "properties": { "内容": "畳石居宅介護支援センター【居宅介護支援】宮城県石巻市須江字沢尻５５番地", "url": "https://www.kaigokensaku.mhlw.go.jp/04/index.php?action_kouhyou_detail_004_kani=true&JigyosyoCd=0470202003-00&ServiceCd=430&Type=search", "url2": null }, "geometry": { "type": "Point", "coordinates": [ 141.246195100000023, 38.4567537 ] } },
{ "type": "Feature", "properties": { "内容": "ニチイケアセンター石巻【居宅介護支援】宮城県石巻市美園三丁目3番地3", "url": "https://www.kaigokensaku.mhlw.go.jp/04/index.php?action_kouhyou_detail_004_kani=true&JigyosyoCd=0470200171-00&ServiceCd=430&Type=search", "url2": "https://www.nichiigakkan.co.jp" }, "geometry": { "type": "Point", "coordinates": [ 141.301576472491462, 38.456147242836352 ] } },
{ "type": "Feature", "properties": { "内容": "指定居宅介護支援事業所グリーンヒルズ【居宅介護支援】宮城県塩竈市西玉川町1番28号", "url": "https://www.kaigokensaku.mhlw.go.jp/04/index.php?action_kouhyou_detail_004_kani=true&JigyosyoCd=0470300146-00&ServiceCd=430&Type=search", "url2": null }, "geometry": { "type": "Point", "coordinates": [ 141.001356483992026, 38.309689106816585 ] } },
{ "type": "Feature", "properties": { "内容": "ＳＯＭＰＯケア　仙塩　居宅介護支援【居宅介護支援】宮城県塩竈市錦町5-17ポートタウンカネショウ1Ｆ", "url": "https://www.kaigokensaku.mhlw.go.jp/04/index.php?action_kouhyou_detail_004_kani=true&JigyosyoCd=0470301029-00&ServiceCd=430&Type=search", "url2": "https://www.sompocare.com/" }, "geometry": { "type": "Point", "coordinates": [ 141.0202, 38.3103488 ] } },
{ "type": "Feature", "properties": { "内容": "公益財団法人宮城厚生協会ケアステーションしおかぜ【居宅介護支援】宮城県塩竈市庚塚1-3", "url": "https://www.kaigokensaku.mhlw.go.jp/04/index.php?action_kouhyou_detail_004_kani=true&JigyosyoCd=0460390016-00&ServiceCd=430&Type=search", "url2": null }, "geometry": { "type": "Point", "coordinates": [ 141.017060099999981, 38.3298381 ] } },
{ "type": "Feature", "properties": { "内容": "ケアプランセンター東雲【居宅介護支援】宮城県塩釜市新浜町2丁目2番43号サービス付き高齢者向け住宅東雲１階", "url": "https://www.kaigokensaku.mhlw.go.jp/04/index.php?action_kouhyou_detail_004_kani=true&JigyosyoCd=0470301045-00&ServiceCd=430&Type=search", "url2": null }, "geometry": { "type": "Point", "coordinates": [ 141.0387412, 38.3291336 ] } },
{ "type": "Feature", "properties": { "内容": "居宅介護支援センター　ひかり【居宅介護支援】宮城県塩竈市字伊保石６－８", "url": "https://www.kaigokensaku.mhlw.go.jp/04/index.php?action_kouhyou_detail_004_kani=true&JigyosyoCd=0470300864-00&ServiceCd=430&Type=search", "url2": "https://www.big-advance.site/c/194/1397" }, "geometry": { "type": "Point", "coordinates": [ 141.0106796, 38.338423 ] } },
{ "type": "Feature", "properties": { "内容": "塩釜医師会訪問看護ステーション【居宅介護支援】宮城県塩釜市錦町7番10号", "url": "https://www.kaigokensaku.mhlw.go.jp/04/index.php?action_kouhyou_detail_004_kani=true&JigyosyoCd=0460390024-00&ServiceCd=430&Type=search", "url2": "http://shiogama-med.or.jp/hphoumon/" }, "geometry": { "type": "Point", "coordinates": [ 141.018861199999947, 38.3091184 ] } },
{ "type": "Feature", "properties": { "内容": "悠泉居宅介護支援事業所【居宅介護支援】宮城県塩釜市新浜町２丁目1-3", "url": "https://www.kaigokensaku.mhlw.go.jp/04/index.php?action_kouhyou_detail_004_kani=true&JigyosyoCd=0470300591-00&ServiceCd=430&Type=search", "url2": "https://www.yuusen.jp/" }, "geometry": { "type": "Point", "coordinates": [ 141.036341799999974, 38.3280334 ] } },
{ "type": "Feature", "properties": { "内容": "塩竈市立病院【居宅介護支援】宮城県塩竈市香津町7-1", "url": "https://www.kaigokensaku.mhlw.go.jp/04/index.php?action_kouhyou_detail_004_kani=true&JigyosyoCd=0410310023-00&ServiceCd=430&Type=search", "url2": "http://www.city-hospital-shiogama.jp/" }, "geometry": { "type": "Point", "coordinates": [ 141.014756, 38.3112152 ] } },
{ "type": "Feature", "properties": { "内容": "アースサポート塩釜【居宅介護支援】宮城県塩釜市旭町18番13号", "url": "https://www.kaigokensaku.mhlw.go.jp/04/index.php?action_kouhyou_detail_004_kani=true&JigyosyoCd=0470300237-00&ServiceCd=430&Type=search", "url2": "http://www.earthsupport.co.jp" }, "geometry": { "type": "Point", "coordinates": [ 141.023474399999941, 38.3131959 ] } },
{ "type": "Feature", "properties": { "内容": "萩の里介護支援センター【居宅介護支援】宮城県塩竈市月見ケ丘６番１０号", "url": "https://www.kaigokensaku.mhlw.go.jp/04/index.php?action_kouhyou_detail_004_kani=true&JigyosyoCd=0470300427-00&ServiceCd=430&Type=search", "url2": "http://www.shiogama-haginosato.jp" }, "geometry": { "type": "Point", "coordinates": [ 141.00218719999998, 38.3217636 ] } },
{ "type": "Feature", "properties": { "内容": "株式会社ソーシャルライフプラス【居宅介護支援】宮城県塩釜市石堂3-15", "url": "https://www.kaigokensaku.mhlw.go.jp/04/index.php?action_kouhyou_detail_004_kani=true&JigyosyoCd=0470301011-00&ServiceCd=430&Type=search", "url2": "http://care-net.biz/04/sociallp/" }, "geometry": { "type": "Point", "coordinates": [ 141.010975799999983, 38.3122095 ] } },
{ "type": "Feature", "properties": { "内容": "ながい居宅介護支援事業所【居宅介護支援】宮城県塩竈市本町１０番８号", "url": "https://www.kaigokensaku.mhlw.go.jp/04/index.php?action_kouhyou_detail_004_kani=true&JigyosyoCd=0470300898-00&ServiceCd=430&Type=search", "url2": "http://i-nagai.jp" }, "geometry": { "type": "Point", "coordinates": [ 141.016824899999961, 38.3167507 ] } },
{ "type": "Feature", "properties": { "内容": "居宅介護支援事業所　e・ケア【居宅介護支援】宮城県塩竈市牛生町19番3号", "url": "https://www.kaigokensaku.mhlw.go.jp/04/index.php?action_kouhyou_detail_004_kani=true&JigyosyoCd=0470301110-00&ServiceCd=430&Type=search", "url2": null }, "geometry": { "type": "Point", "coordinates": [ 141.0297273, 38.3060528 ] } },
{ "type": "Feature", "properties": { "内容": "にじいろ居宅介護支援事業所【居宅介護支援】宮城県塩釜市玉川3-8-6", "url": "https://www.kaigokensaku.mhlw.go.jp/04/index.php?action_kouhyou_detail_004_kani=true&JigyosyoCd=0470301078-00&ServiceCd=430&Type=search", "url2": "https://niziiro-kyotaku.com/about_nizinotsue/" }, "geometry": { "type": "Point", "coordinates": [ 141.0030042, 38.3117893 ] } },
{ "type": "Feature", "properties": { "内容": "野田サポートハウス【居宅介護支援】宮城県塩竈市玉川三丁目8-11", "url": "https://www.kaigokensaku.mhlw.go.jp/04/index.php?action_kouhyou_detail_004_kani=true&JigyosyoCd=0470300252-00&ServiceCd=430&Type=search", "url2": null }, "geometry": { "type": "Point", "coordinates": [ 141.00286559999995, 38.3122536 ] } },
{ "type": "Feature", "properties": { "内容": "居宅介護支援事業所護療舎【居宅介護支援】宮城県塩竈市清水沢四丁目37番20号", "url": "https://www.kaigokensaku.mhlw.go.jp/04/index.php?action_kouhyou_detail_004_kani=true&JigyosyoCd=0470300468-00&ServiceCd=430&Type=search", "url2": null }, "geometry": { "type": "Point", "coordinates": [ 141.008871699999986, 38.3349955 ] } },
{ "type": "Feature", "properties": { "内容": "やまと塩竈　居宅介護支援事業所【居宅介護支援】宮城県塩竈市字伊保石21－１", "url": "https://www.kaigokensaku.mhlw.go.jp/04/index.php?action_kouhyou_detail_004_kani=true&JigyosyoCd=0450380027-00&ServiceCd=430&Type=search", "url2": "http://www.yamato.or.jp" }, "geometry": { "type": "Point", "coordinates": [ 141.017129869836481, 38.33488890784335 ] } },
{ "type": "Feature", "properties": { "内容": "アーク・ケア清楽苑【居宅介護支援】塩竈市清水沢一丁目１２番２号", "url": "https://www.kaigokensaku.mhlw.go.jp/04/index.php?action_kouhyou_detail_004_kani=true&JigyosyoCd=0470300666-00&ServiceCd=430&Type=search", "url2": "http://www.chiganoura.jp" }, "geometry": { "type": "Point", "coordinates": [ 141.010388222515303, 38.325632638827024 ] } },
{ "type": "Feature", "properties": { "内容": "フルール居宅介護支援事業所【居宅介護支援】宮城県塩竈市桜ケ丘６番２号", "url": "https://www.kaigokensaku.mhlw.go.jp/04/index.php?action_kouhyou_detail_004_kani=true&JigyosyoCd=0470300989-00&ServiceCd=430&Type=search", "url2": null }, "geometry": { "type": "Point", "coordinates": [ 141.0159917, 38.308624 ] } },
{ "type": "Feature", "properties": { "内容": "ケアプランセンターしおがま翔裕園【居宅介護支援】宮城県塩竈市北浜４丁目３－１２", "url": "https://www.kaigokensaku.mhlw.go.jp/04/index.php?action_kouhyou_detail_004_kani=true&JigyosyoCd=0470301193-00&ServiceCd=430&Type=search", "url2": "https://www.genkimuragroup.jp/facilitylist/siogamakyotaku/" }, "geometry": { "type": "Point", "coordinates": [ 141.025761499999987, 38.3225141 ] } },
{ "type": "Feature", "properties": { "内容": "ケアビレッジ塩竈ケアサービスステーション居宅介護支援事業所【居宅介護支援】宮城県塩竈市清水沢4丁目39-1", "url": "https://www.kaigokensaku.mhlw.go.jp/04/index.php?action_kouhyou_detail_004_kani=true&JigyosyoCd=0470300963-00&ServiceCd=430&Type=search", "url2": "http://ritsuwa.com" }, "geometry": { "type": "Point", "coordinates": [ 141.007182899999947, 38.3346011 ] } },
{ "type": "Feature", "properties": { "内容": "ケアプランセンター楽楽館【居宅介護支援】宮城県気仙沼市松崎萱139-1", "url": "https://www.kaigokensaku.mhlw.go.jp/04/index.php?action_kouhyou_detail_004_kani=true&JigyosyoCd=0470501263-00&ServiceCd=430&Type=search", "url2": "https://nakagawa-life.jp" }, "geometry": { "type": "Point", "coordinates": [ 141.56791755581969, 38.879251312512125 ] } },
{ "type": "Feature", "properties": { "内容": "ケア相談センターひまわり【居宅介護支援】宮城県気仙沼市百目木２６９番地１", "url": "https://www.kaigokensaku.mhlw.go.jp/04/index.php?action_kouhyou_detail_004_kani=true&JigyosyoCd=0470501016-00&ServiceCd=430&Type=search", "url2": null }, "geometry": { "type": "Point", "coordinates": [ 141.52931543439334, 38.897791176850326 ] } },
{ "type": "Feature", "properties": { "内容": "広域介護サービス気仙沼【居宅介護支援】宮城県気仙沼市松川前121", "url": "https://www.kaigokensaku.mhlw.go.jp/04/index.php?action_kouhyou_detail_004_kani=true&JigyosyoCd=0470500646-00&ServiceCd=430&Type=search", "url2": "http://www.kaigoservice.co.jp" }, "geometry": { "type": "Point", "coordinates": [ 141.5467688, 38.9131082 ] } },
{ "type": "Feature", "properties": { "内容": "はまなすの丘　居宅介護支援事業所【居宅介護支援】宮城県気仙沼市本吉町外尾25番地", "url": "https://www.kaigokensaku.mhlw.go.jp/04/index.php?action_kouhyou_detail_004_kani=true&JigyosyoCd=0473600393-00&ServiceCd=430&Type=search", "url2": "http://m-koseikai.com" }, "geometry": { "type": "Point", "coordinates": [ 141.499599, 38.7643277 ] } },
{ "type": "Feature", "properties": { "内容": "土筆の里【居宅介護支援】宮城県気仙沼市唐桑町小長根１７２―１", "url": "https://www.kaigokensaku.mhlw.go.jp/04/index.php?action_kouhyou_detail_004_kani=true&JigyosyoCd=0470500547-00&ServiceCd=430&Type=search", "url2": "https://tsukushidotblog.wordpress.com/" }, "geometry": { "type": "Point", "coordinates": [ 141.65865, 38.8907026 ] } },
{ "type": "Feature", "properties": { "内容": "春圃苑指定居宅介護支援事業所【居宅介護支援】宮城県気仙沼市本吉町津谷明戸3番地", "url": "https://www.kaigokensaku.mhlw.go.jp/04/index.php?action_kouhyou_detail_004_kani=true&JigyosyoCd=0470501115-00&ServiceCd=430&Type=search", "url2": "http://syunpo-kai.com/" }, "geometry": { "type": "Point", "coordinates": [ 141.502511, 38.7945906 ] } },
{ "type": "Feature", "properties": { "内容": "あんしん館介護支援センター【居宅介護支援】宮城県気仙沼市常楽203-2", "url": "https://www.kaigokensaku.mhlw.go.jp/04/index.php?action_kouhyou_detail_004_kani=true&JigyosyoCd=0470500406-00&ServiceCd=430&Type=search", "url2": null }, "geometry": { "type": "Point", "coordinates": [ 141.568424364808266, 38.894595771028605 ] } },
{ "type": "Feature", "properties": { "内容": "居宅介護支援センターリンデンバウムの杜【居宅介護支援】宮城県気仙沼市東新城二丁目９番地１", "url": "https://www.kaigokensaku.mhlw.go.jp/04/index.php?action_kouhyou_detail_004_kani=true&JigyosyoCd=0470500240-00&ServiceCd=430&Type=search", "url2": "http://www.kouwakai.biz/" }, "geometry": { "type": "Point", "coordinates": [ 141.549057299999987, 38.9056912 ] } },
{ "type": "Feature", "properties": { "内容": "ほっとケア気仙沼【居宅介護支援】宮城県気仙沼市茗荷沢170－1ー", "url": "https://www.kaigokensaku.mhlw.go.jp/04/index.php?action_kouhyou_detail_004_kani=true&JigyosyoCd=0470500877-00&ServiceCd=430&Type=search", "url2": "http://hotcarekesennuma.web.fc2.com/" }, "geometry": { "type": "Point", "coordinates": [ 141.547569100000032, 38.9027095 ] } },
{ "type": "Feature", "properties": { "内容": "老人保健施設リバーサイド春圃【居宅介護支援】宮城県気仙沼市舘山一丁目１番地４３", "url": "https://www.kaigokensaku.mhlw.go.jp/04/index.php?action_kouhyou_detail_004_kani=true&JigyosyoCd=0450580014-00&ServiceCd=430&Type=search", "url2": "http://riverside.kusanomikai.or.jp/" }, "geometry": { "type": "Point", "coordinates": [ 141.559971997839369, 38.902936064726873 ] } },
{ "type": "Feature", "properties": { "内容": "ケアプランセンターきくや【居宅介護支援】宮城県気仙沼市岩月宝ヶ沢27-23", "url": "https://www.kaigokensaku.mhlw.go.jp/04/index.php?action_kouhyou_detail_004_kani=true&JigyosyoCd=0470500950-00&ServiceCd=430&Type=search", "url2": null }, "geometry": { "type": "Point", "coordinates": [ 141.5782879, 38.8655253 ] } },
{ "type": "Feature", "properties": { "内容": "津谷居宅介護支援事業所【居宅介護支援】宮城県気仙沼市本吉町津谷舘岡51番地6", "url": "https://www.kaigokensaku.mhlw.go.jp/04/index.php?action_kouhyou_detail_004_kani=true&JigyosyoCd=0470500703-00&ServiceCd=430&Type=search", "url2": null }, "geometry": { "type": "Point", "coordinates": [ 141.505390204785158, 38.794896711273424 ] } },
{ "type": "Feature", "properties": { "内容": "ケアマネステーションきくや大島【居宅介護支援】宮城県気仙沼市廻舘116番地1", "url": "https://www.kaigokensaku.mhlw.go.jp/04/index.php?action_kouhyou_detail_004_kani=true&JigyosyoCd=0470501354-00&ServiceCd=430&Type=search", "url2": null }, "geometry": { "type": "Point", "coordinates": [ 141.616625699999986, 38.8573676 ] } },
{ "type": "Feature", "properties": { "内容": "居宅介護支援事業所　山田大名の里【居宅介護支援】宮城県気仙沼市本吉町宮内４４－２３", "url": "https://www.kaigokensaku.mhlw.go.jp/04/index.php?action_kouhyou_detail_004_kani=true&JigyosyoCd=0470500901-00&ServiceCd=430&Type=search", "url2": "https://www.kaientaikoushiki.com/" }, "geometry": { "type": "Point", "coordinates": [ 141.468047251288482, 38.785818516497514 ] } },
{ "type": "Feature", "properties": { "内容": "かなえ居宅介護支援事業所【居宅介護支援】宮城県気仙沼市赤岩杉ノ沢３８－１", "url": "https://www.kaigokensaku.mhlw.go.jp/04/index.php?action_kouhyou_detail_004_kani=true&JigyosyoCd=0470501180-00&ServiceCd=430&Type=search", "url2": null }, "geometry": { "type": "Point", "coordinates": [ 141.5670146, 38.8882484 ] } },
{ "type": "Feature", "properties": { "内容": "一景島在宅介護支援センター【居宅介護支援】宮城県気仙沼市東新城2丁目1番地２", "url": "https://www.kaigokensaku.mhlw.go.jp/04/index.php?action_kouhyou_detail_004_kani=true&JigyosyoCd=0470500596-00&ServiceCd=430&Type=search", "url2": null }, "geometry": { "type": "Point", "coordinates": [ 141.549660921001532, 38.909308627641792 ] } },
{ "type": "Feature", "properties": { "内容": "けあまる介護相談所【居宅介護支援】宮城県気仙沼市東新城二丁目10-2アーバンビュウ・ゼファー102", "url": "https://www.kaigokensaku.mhlw.go.jp/04/index.php?action_kouhyou_detail_004_kani=true&JigyosyoCd=0470501321-00&ServiceCd=430&Type=search", "url2": "https://www.nobumaru.fun/" }, "geometry": { "type": "Point", "coordinates": [ 141.549900799999989, 38.9057848 ] } },
{ "type": "Feature", "properties": { "内容": "大縁ケアセンター【居宅介護支援】宮城県気仙沼市所沢3-1", "url": "https://www.kaigokensaku.mhlw.go.jp/04/index.php?action_kouhyou_detail_004_kani=true&JigyosyoCd=0470501248-00&ServiceCd=430&Type=search", "url2": null }, "geometry": { "type": "Point", "coordinates": [ 141.551861800000012, 38.9014663 ] } },
{ "type": "Feature", "properties": { "内容": "キングスガーデン・ケアプランセンター【居宅介護支援】宮城県気仙沼市岩月星谷64-3", "url": "https://www.kaigokensaku.mhlw.go.jp/04/index.php?action_kouhyou_detail_004_kani=true&JigyosyoCd=0470500141-00&ServiceCd=430&Type=search", "url2": "http://www.kingsgarden.or.jp" }, "geometry": { "type": "Point", "coordinates": [ 141.575457799999981, 38.8585957 ] } },
{ "type": "Feature", "properties": { "内容": "ケアマネステーションきらめき【居宅介護支援】宮城県気仙沼市和野296-3Ｂ101", "url": "https://www.kaigokensaku.mhlw.go.jp/04/index.php?action_kouhyou_detail_004_kani=true&JigyosyoCd=0470501206-00&ServiceCd=430&Type=search", "url2": "http://hp.kaipoke.biz/y1n/" }, "geometry": { "type": "Point", "coordinates": [ 141.533421887835686, 38.903064188650994 ] } },
{ "type": "Feature", "properties": { "内容": "恵潮苑在宅介護支援センター【居宅介護支援】宮城県気仙沼市東新城二丁目2-3", "url": "https://www.kaigokensaku.mhlw.go.jp/04/index.php?action_kouhyou_detail_004_kani=true&JigyosyoCd=0470500059-00&ServiceCd=430&Type=search", "url2": "http://nakatuumikai.or.jp/" }, "geometry": { "type": "Point", "coordinates": [ 141.5483577, 38.909439200000051 ] } },
{ "type": "Feature", "properties": { "内容": "ケアプランセンターぽらん大島【居宅介護支援】宮城県気仙沼市高井７８番地", "url": "https://www.kaigokensaku.mhlw.go.jp/04/index.php?action_kouhyou_detail_004_kani=true&JigyosyoCd=0470501297-00&ServiceCd=430&Type=search", "url2": null }, "geometry": { "type": "Point", "coordinates": [ 141.611515489523242, 38.857480357089408 ] } },
{ "type": "Feature", "properties": { "内容": "みずなし介護センターケアマネステーションまつかわ【居宅介護支援】宮城県気仙沼市松川416番地1", "url": "https://www.kaigokensaku.mhlw.go.jp/04/index.php?action_kouhyou_detail_004_kani=true&JigyosyoCd=0470500430-00&ServiceCd=430&Type=search", "url2": "http://www.k-macs.ne.jp/~yutaka-0168/cgi-bin/index.html" }, "geometry": { "type": "Point", "coordinates": [ 141.54838737065225, 38.912594267510165 ] } },
{ "type": "Feature", "properties": { "内容": "ケアプランセンターポラーノ【居宅介護支援】宮城県気仙沼市上田中一丁目４番地１", "url": "https://www.kaigokensaku.mhlw.go.jp/04/index.php?action_kouhyou_detail_004_kani=true&JigyosyoCd=0470501388-00&ServiceCd=430&Type=search", "url2": null }, "geometry": { "type": "Point", "coordinates": [ 141.551860913491851, 38.887747308701329 ] } },
{ "type": "Feature", "properties": { "内容": "いずみ企画【居宅介護支援】宮城県気仙沼市長磯下原65番地3号", "url": "https://www.kaigokensaku.mhlw.go.jp/04/index.php?action_kouhyou_detail_004_kani=true&JigyosyoCd=0470501412-00&ServiceCd=430&Type=search", "url2": null }, "geometry": { "type": "Point", "coordinates": [ 141.584829, 38.8406124 ] } },
{ "type": "Feature", "properties": { "内容": "ケアプランセンター村伝【居宅介護支援】宮城県気仙沼市上田中2丁目6-4トップビルディング1F", "url": "https://www.kaigokensaku.mhlw.go.jp/04/index.php?action_kouhyou_detail_004_kani=true&JigyosyoCd=0470500794-00&ServiceCd=430&Type=search", "url2": "http://www.muraden-k.jp/" }, "geometry": { "type": "Point", "coordinates": [ 141.555143120592277, 38.886725245409465 ] } },
{ "type": "Feature", "properties": { "内容": "社会福祉法人白石市社会福祉協議会居宅介護支援事業所【居宅介護支援】宮城県白石市福岡蔵本字茶園62-1白石市総合福祉センター", "url": "https://www.kaigokensaku.mhlw.go.jp/04/index.php?action_kouhyou_detail_004_kani=true&JigyosyoCd=0470600057-00&ServiceCd=430&Type=search", "url2": "https://shiroishi-shakyo.jp/" }, "geometry": { "type": "Point", "coordinates": [ 140.603097599999955, 38.0103403 ] } },
{ "type": "Feature", "properties": { "内容": "居宅介護支援センター茶園【居宅介護支援】宮城県白石市福岡蔵本字茶園62－1", "url": "https://www.kaigokensaku.mhlw.go.jp/04/index.php?action_kouhyou_detail_004_kani=true&JigyosyoCd=0470600651-00&ServiceCd=430&Type=search", "url2": "http://www.enjyu.or.jp/" }, "geometry": { "type": "Point", "coordinates": [ 140.6039688, 38.0104009 ] } },
{ "type": "Feature", "properties": { "内容": "ケアサポートあったかい【居宅介護支援】宮城県白石市郡山字雨ヶ作4-20-2", "url": "https://www.kaigokensaku.mhlw.go.jp/04/index.php?action_kouhyou_detail_004_kani=true&JigyosyoCd=0470600321-00&ServiceCd=430&Type=search", "url2": null }, "geometry": { "type": "Point", "coordinates": [ 140.634839701492353, 38.004552898576655 ] } },
{ "type": "Feature", "properties": { "内容": "白石市在宅介護支援センター八宮【居宅介護支援】宮城県白石市福岡八宮字川原１０番地３", "url": "https://www.kaigokensaku.mhlw.go.jp/04/index.php?action_kouhyou_detail_004_kani=true&JigyosyoCd=0470600040-00&ServiceCd=430&Type=search", "url2": "http://huboukai.or.jp/yatsumiya/" }, "geometry": { "type": "Point", "coordinates": [ 140.602385700000013, 38.0259329 ] } },
{ "type": "Feature", "properties": { "内容": "みやぎ仙南農業協同組合　白石介護支援センター【居宅介護支援】宮城県白石市大平中目字八ツ森脇31", "url": "https://www.kaigokensaku.mhlw.go.jp/04/index.php?action_kouhyou_detail_004_kani=true&JigyosyoCd=0490600145-00&ServiceCd=430&Type=search", "url2": "https://www.ja-miyagisennan.jp/" }, "geometry": { "type": "Point", "coordinates": [ 140.6163407, 37.9860469 ] } },
{ "type": "Feature", "properties": { "内容": "居宅介護支援事業所　柊【居宅介護支援】宮城県白石市西益岡町5-53", "url": "https://www.kaigokensaku.mhlw.go.jp/04/index.php?action_kouhyou_detail_004_kani=true&JigyosyoCd=0470600578-00&ServiceCd=430&Type=search", "url2": "http://www.banryoku.jp/" }, "geometry": { "type": "Point", "coordinates": [ 140.613808100000028, 38.0047135 ] } },
{ "type": "Feature", "properties": { "内容": "ソラシエル介護相談事務所【居宅介護支援】宮城県白石市不澄ケ池13ホワイトレジデンス１０１", "url": "https://www.kaigokensaku.mhlw.go.jp/04/index.php?action_kouhyou_detail_004_kani=true&JigyosyoCd=0470600677-00&ServiceCd=430&Type=search", "url2": "http://soraciel-llc.com/index.html" }, "geometry": { "type": "Point", "coordinates": [ 140.625481228836094, 38.005554762071057 ] } },
{ "type": "Feature", "properties": { "内容": "介護サポートいちご倶楽部【居宅介護支援】宮城県白石市福岡蔵本字樋ノ口54-1", "url": "https://www.kaigokensaku.mhlw.go.jp/04/index.php?action_kouhyou_detail_004_kani=true&JigyosyoCd=0470600636-00&ServiceCd=430&Type=search", "url2": "https://www.palm-s.com/" }, "geometry": { "type": "Point", "coordinates": [ 140.607395, 38.001947 ] } },
{ "type": "Feature", "properties": { "内容": "居宅介護支援事業所　清風【居宅介護支援】宮城県白石市大手町2-1老人保健施設清風内　１階", "url": "https://www.kaigokensaku.mhlw.go.jp/04/index.php?action_kouhyou_detail_004_kani=true&JigyosyoCd=0470600263-00&ServiceCd=430&Type=search", "url2": "http://www.sei-fu.com/" }, "geometry": { "type": "Point", "coordinates": [ 140.619054495106553, 38.002976899409582 ] } },
{ "type": "Feature", "properties": { "内容": "デイサービスセンターしろいし【居宅介護支援】宮城県白石市郡山字平成１４１", "url": "https://www.kaigokensaku.mhlw.go.jp/04/index.php?action_kouhyou_detail_004_kani=true&JigyosyoCd=0470600438-00&ServiceCd=430&Type=search", "url2": "http://www.jinsenkai.com/" }, "geometry": { "type": "Point", "coordinates": [ 140.634147699999971, 38.0154906 ] } },
{ "type": "Feature", "properties": { "内容": "わかな【居宅介護支援】宮城県白石市福岡長袋字山ノ下１－７アプリコットハウス１Ｆ", "url": "https://www.kaigokensaku.mhlw.go.jp/04/index.php?action_kouhyou_detail_004_kani=true&JigyosyoCd=0470600529-00&ServiceCd=430&Type=search", "url2": null }, "geometry": { "type": "Point", "coordinates": [ 140.618227402859361, 38.012237028391226 ] } },
{ "type": "Feature", "properties": { "内容": "居宅介護支援センター　リズム白石蔵王【居宅介護支援】宮城県白石市鷹巣東三丁目8-1リズム白石蔵王", "url": "https://www.kaigokensaku.mhlw.go.jp/04/index.php?action_kouhyou_detail_004_kani=true&JigyosyoCd=0470600594-00&ServiceCd=430&Type=search", "url2": null }, "geometry": { "type": "Point", "coordinates": [ 140.639150958196979, 37.997199019052303 ] } },
{ "type": "Feature", "properties": { "内容": "社会福祉法人白石ひまわり　ひまわり福祉センター【居宅介護支援】宮城県白石市福岡蔵本字薬師堂２８番地２", "url": "https://www.kaigokensaku.mhlw.go.jp/04/index.php?action_kouhyou_detail_004_kani=true&JigyosyoCd=0470600370-00&ServiceCd=430&Type=search", "url2": "https://care-net.biz/04/shiroishihimawari/" }, "geometry": { "type": "Point", "coordinates": [ 140.60353046455694, 38.006691628007346 ] } },
{ "type": "Feature", "properties": { "内容": "指定居宅介護支援事業所ほっとなとり【居宅介護支援】宮城県名取市増田5丁目13番35号", "url": "https://www.kaigokensaku.mhlw.go.jp/04/index.php?action_kouhyou_detail_004_kani=true&JigyosyoCd=0470700048-00&ServiceCd=430&Type=search", "url2": "http://www.natorisyakyo.or.jp" }, "geometry": { "type": "Point", "coordinates": [ 140.88855274911711, 38.174912911296957 ] } },
{ "type": "Feature", "properties": { "内容": "指定居宅介護支援事業所　ねむの木【居宅介護支援】宮城県名取市増田字柳田８", "url": "https://www.kaigokensaku.mhlw.go.jp/04/index.php?action_kouhyou_detail_004_kani=true&JigyosyoCd=0470700022-00&ServiceCd=430&Type=search", "url2": "https://www.natorichuo-clinic.jp/" }, "geometry": { "type": "Point", "coordinates": [ 140.8935233, 38.1721696 ] } },
{ "type": "Feature", "properties": { "内容": "居宅介護支援事業所　にっこにこ【居宅介護支援】宮城県名取市みどり台三丁目4番地の5", "url": "https://www.kaigokensaku.mhlw.go.jp/04/index.php?action_kouhyou_detail_004_kani=true&JigyosyoCd=0470701293-00&ServiceCd=430&Type=search", "url2": "https://www.niju-3.com/" }, "geometry": { "type": "Point", "coordinates": [ 140.839377836840043, 38.20088730130113 ] } },
{ "type": "Feature", "properties": { "内容": "エムツー居宅介護支援事業所名取【居宅介護支援】宮城県名取市増田7-3-23マイタウン名取A12-1", "url": "https://www.kaigokensaku.mhlw.go.jp/04/index.php?action_kouhyou_detail_004_kani=true&JigyosyoCd=0470701392-00&ServiceCd=430&Type=search", "url2": "https://www.m2-pharmacy.jp/" }, "geometry": { "type": "Point", "coordinates": [ 140.8871232, 38.1794736 ] } },
{ "type": "Feature", "properties": { "内容": "在宅介護支援センターちとせ【居宅介護支援】宮城県名取市下余田字鹿島８６番地５", "url": "https://www.kaigokensaku.mhlw.go.jp/04/index.php?action_kouhyou_detail_004_kani=true&JigyosyoCd=0470700055-00&ServiceCd=430&Type=search", "url2": "http://www.f-mizuho.or.jp/" }, "geometry": { "type": "Point", "coordinates": [ 140.899073891313179, 38.172755354603929 ] } },
{ "type": "Feature", "properties": { "内容": "にこライフケアセンター【居宅介護支援】宮城県名取市増田6丁目5-24", "url": "https://www.kaigokensaku.mhlw.go.jp/04/index.php?action_kouhyou_detail_004_kani=true&JigyosyoCd=0470700857-00&ServiceCd=430&Type=search", "url2": null }, "geometry": { "type": "Point", "coordinates": [ 140.882838600000014, 38.1778829 ] } },
{ "type": "Feature", "properties": { "内容": "介護サービスセンターたすき【居宅介護支援】宮城県名取市植松１丁目４番１０号", "url": "https://www.kaigokensaku.mhlw.go.jp/04/index.php?action_kouhyou_detail_004_kani=true&JigyosyoCd=0470700303-00&ServiceCd=430&Type=search", "url2": null }, "geometry": { "type": "Point", "coordinates": [ 140.883229, 38.1533578 ] } },
{ "type": "Feature", "properties": { "内容": "いぶき地域医療連携室【居宅介護支援】宮城県名取市ゆりが丘5丁目1-3", "url": "https://www.kaigokensaku.mhlw.go.jp/04/index.php?action_kouhyou_detail_004_kani=true&JigyosyoCd=0470701434-00&ServiceCd=430&Type=search", "url2": "https://www.nursecareweb.com/" }, "geometry": { "type": "Point", "coordinates": [ 140.82768373005942, 38.200466720044197 ] } },
{ "type": "Feature", "properties": { "内容": "居宅介護支援事業所なとり【居宅介護支援】宮城県名取市高舘熊野堂字岩口下１－２", "url": "https://www.kaigokensaku.mhlw.go.jp/04/index.php?action_kouhyou_detail_004_kani=true&JigyosyoCd=0470700709-00&ServiceCd=430&Type=search", "url2": "http://www.jinsenkai.com/" }, "geometry": { "type": "Point", "coordinates": [ 140.846060200000011, 38.1975025 ] } },
{ "type": "Feature", "properties": { "内容": "バイタルケア名取【居宅介護支援】宮城県名取市下余田字鹿島10", "url": "https://www.kaigokensaku.mhlw.go.jp/04/index.php?action_kouhyou_detail_004_kani=true&JigyosyoCd=0470700451-00&ServiceCd=430&Type=search", "url2": "http://www.vitalcare.co.jp" }, "geometry": { "type": "Point", "coordinates": [ 140.89681829999995, 38.1725757 ] } },
{ "type": "Feature", "properties": { "内容": "居宅介護支援事業所　シエスタプランなとり【居宅介護支援】宮城県名取市杜せきのした５丁目１２－８", "url": "https://www.kaigokensaku.mhlw.go.jp/04/index.php?action_kouhyou_detail_004_kani=true&JigyosyoCd=0470700923-00&ServiceCd=430&Type=search", "url2": null }, "geometry": { "type": "Point", "coordinates": [ 140.899143800000047, 38.1619464 ] } },
{ "type": "Feature", "properties": { "内容": "在宅介護支援センター　ハートフル【居宅介護支援】名取市愛島小豆島字山ノ前49-2", "url": "https://www.kaigokensaku.mhlw.go.jp/04/index.php?action_kouhyou_detail_004_kani=true&JigyosyoCd=0470700147-00&ServiceCd=430&Type=search", "url2": "http://natori-ainosato.net/" }, "geometry": { "type": "Point", "coordinates": [ 140.867747199169571, 38.153243268451455 ] } },
{ "type": "Feature", "properties": { "内容": "ケアプランセンター木村【居宅介護支援】宮城県名取市植松三丁目５番２号", "url": "https://www.kaigokensaku.mhlw.go.jp/04/index.php?action_kouhyou_detail_004_kani=true&JigyosyoCd=0470701442-00&ServiceCd=430&Type=search", "url2": null }, "geometry": { "type": "Point", "coordinates": [ 140.8813637, 38.1486549 ] } },
{ "type": "Feature", "properties": { "内容": "名取市在宅介護支援センター　福松苑【居宅介護支援】宮城県名取市手倉田字山208番地の１", "url": "https://www.kaigokensaku.mhlw.go.jp/04/index.php?action_kouhyou_detail_004_kani=true&JigyosyoCd=0470700030-00&ServiceCd=430&Type=search", "url2": "http://www.miyafuku.jp" }, "geometry": { "type": "Point", "coordinates": [ 140.870599821704104, 38.163718657527049 ] } },
{ "type": "Feature", "properties": { "内容": "名取りんくうタウン・クリエイトふくし【居宅介護支援】宮城県名取市美田園6-9-25", "url": "https://www.kaigokensaku.mhlw.go.jp/04/index.php?action_kouhyou_detail_004_kani=true&JigyosyoCd=04A0700017-00&ServiceCd=430&Type=search", "url2": null }, "geometry": { "type": "Point", "coordinates": [ 140.9133993, 38.1584087 ] } },
{ "type": "Feature", "properties": { "内容": "有限会社　東北福祉サービス【居宅介護支援】宮城県名取市大手町5丁目12-5大手町ビル　2F", "url": "https://www.kaigokensaku.mhlw.go.jp/04/index.php?action_kouhyou_detail_004_kani=true&JigyosyoCd=0470700295-00&ServiceCd=430&Type=search", "url2": "https://www.touhokufukushi.com/" }, "geometry": { "type": "Point", "coordinates": [ 140.877278499999989, 38.1699945 ] } },
{ "type": "Feature", "properties": { "内容": "医療法人金上仁友会　居宅介護支援事業所ゆうゆう【居宅介護支援】角田市角田字田町95", "url": "https://www.kaigokensaku.mhlw.go.jp/04/index.php?action_kouhyou_detail_004_kani=true&JigyosyoCd=0470800046-00&ServiceCd=430&Type=search", "url2": "http://www.kanagami.or.jp" }, "geometry": { "type": "Point", "coordinates": [ 140.784797700000013, 37.974339 ] } },
{ "type": "Feature", "properties": { "内容": "デイサービスセンターにこトピア角田【居宅介護支援】宮城県角田市角田字牛舘53番地２号", "url": "https://www.kaigokensaku.mhlw.go.jp/04/index.php?action_kouhyou_detail_004_kani=true&JigyosyoCd=0470800343-00&ServiceCd=430&Type=search", "url2": "http://www.sg-miyagikai.or.jp" }, "geometry": { "type": "Point", "coordinates": [ 140.780382300000042, 37.9713301 ] } },
{ "type": "Feature", "properties": { "内容": "医療法人本多友愛会　はくあい居宅介護支援事業所【居宅介護支援】宮城県角田市角田字町232番地なごみの郷２０３号", "url": "https://www.kaigokensaku.mhlw.go.jp/04/index.php?action_kouhyou_detail_004_kani=true&JigyosyoCd=0470800327-00&ServiceCd=430&Type=search", "url2": "http://www.sennan.or.jp" }, "geometry": { "type": "Point", "coordinates": [ 140.783613300000013, 37.9718112 ] } },
{ "type": "Feature", "properties": { "内容": "医療法人　安達同済会　同済病院【居宅介護支援】宮城県角田市佐倉字上土浮2番地", "url": "https://www.kaigokensaku.mhlw.go.jp/04/index.php?action_kouhyou_detail_004_kani=true&JigyosyoCd=0410810139-00&ServiceCd=430&Type=search", "url2": "http://dosai.sakura.ne.jp/index.html" }, "geometry": { "type": "Point", "coordinates": [ 140.789871599999969, 37.9950496 ] } },
{ "type": "Feature", "properties": { "内容": "居宅介護支援事業所　はなはな【居宅介護支援】宮城県角田市角田字豊町7-1", "url": "https://www.kaigokensaku.mhlw.go.jp/04/index.php?action_kouhyou_detail_004_kani=true&JigyosyoCd=0470800210-00&ServiceCd=430&Type=search", "url2": "http://www.caremixjapan.co.jp" }, "geometry": { "type": "Point", "coordinates": [ 140.776587400000039, 37.9845841 ] } },
{ "type": "Feature", "properties": { "内容": "ツクイ角田北郷【居宅介護支援】宮城県角田市岡字内川232", "url": "https://www.kaigokensaku.mhlw.go.jp/04/index.php?action_kouhyou_detail_004_kani=true&JigyosyoCd=0490800083-00&ServiceCd=430&Type=search", "url2": "http://www.tsukui.net/" }, "geometry": { "type": "Point", "coordinates": [ 140.7742814, 38.0195608 ] } },
{ "type": "Feature", "properties": { "内容": "特定非営利活動法人ふくし＠ＪＭＩ【居宅介護支援】宮城県角田市角田字栄町２２", "url": "https://www.kaigokensaku.mhlw.go.jp/04/index.php?action_kouhyou_detail_004_kani=true&JigyosyoCd=0470800038-00&ServiceCd=430&Type=search", "url2": "http://www.npojmi.com" }, "geometry": { "type": "Point", "coordinates": [ 140.776723800000013, 37.9788014 ] } },
{ "type": "Feature", "properties": { "内容": "健康倶楽部多賀城居宅介護支援事業所【居宅介護支援】宮城県多賀城市高崎2-1-41シェリーパーク高崎201号", "url": "https://www.kaigokensaku.mhlw.go.jp/04/index.php?action_kouhyou_detail_004_kani=true&JigyosyoCd=0470901117-00&ServiceCd=430&Type=search", "url2": null }, "geometry": { "type": "Point", "coordinates": [ 140.9971424, 38.2939979 ] } },
{ "type": "Feature", "properties": { "内容": "SOMPOケア　仙塩七ヶ浜　居宅介護支援【居宅介護支援】宮城県多賀城市大代5-10-45", "url": "https://www.kaigokensaku.mhlw.go.jp/04/index.php?action_kouhyou_detail_004_kani=true&JigyosyoCd=0470900879-00&ServiceCd=430&Type=search", "url2": "https://www.sompocare.com" }, "geometry": { "type": "Point", "coordinates": [ 141.042404600000026, 38.2904856 ] } },
{ "type": "Feature", "properties": { "内容": "公益財団法人宮城厚生協会坂総合クリニック【居宅介護支援】宮城県多賀城市下馬二丁目１３番７号", "url": "https://www.kaigokensaku.mhlw.go.jp/04/index.php?action_kouhyou_detail_004_kani=true&JigyosyoCd=0410910442-00&ServiceCd=430&Type=search", "url2": null }, "geometry": { "type": "Point", "coordinates": [ 141.015554, 38.305867500000041 ] } },
{ "type": "Feature", "properties": { "内容": "アースサポート多賀城【居宅介護支援】宮城県多賀城市伝上山三丁目1番28号", "url": "https://www.kaigokensaku.mhlw.go.jp/04/index.php?action_kouhyou_detail_004_kani=true&JigyosyoCd=0470900424-00&ServiceCd=430&Type=search", "url2": "http://www.earthsupport.co.jp" }, "geometry": { "type": "Point", "coordinates": [ 141.013348700000051, 38.2976918 ] } },
{ "type": "Feature", "properties": { "内容": "和泉介護サービス【居宅介護支援】宮城県多賀城市高橋4丁目10番12号", "url": "https://www.kaigokensaku.mhlw.go.jp/04/index.php?action_kouhyou_detail_004_kani=true&JigyosyoCd=0470900572-00&ServiceCd=430&Type=search", "url2": null }, "geometry": { "type": "Point", "coordinates": [ 140.9827402, 38.2889142 ] } },
{ "type": "Feature", "properties": { "内容": "医療法人兀兀堂　コツコツケアサポート【居宅介護支援】宮城県多賀城市高橋4丁目19-15メリディアンルクス多賀城１０１", "url": "https://www.kaigokensaku.mhlw.go.jp/04/index.php?action_kouhyou_detail_004_kani=true&JigyosyoCd=0470900937-00&ServiceCd=430&Type=search", "url2": null }, "geometry": { "type": "Point", "coordinates": [ 140.980837666934207, 38.289609460977331 ] } },
{ "type": "Feature", "properties": { "内容": "居宅介護支援事業　リハビリパークみやび【居宅介護支援】宮城県多賀城市高橋4丁目17番16号", "url": "https://www.kaigokensaku.mhlw.go.jp/04/index.php?action_kouhyou_detail_004_kani=true&JigyosyoCd=0470900184-00&ServiceCd=430&Type=search", "url2": "http://www.rehabili-park.com" }, "geometry": { "type": "Point", "coordinates": [ 140.981391300000041, 38.2881501 ] } },
{ "type": "Feature", "properties": { "内容": "仙塩総合病院居宅介護支援事業所【居宅介護支援】宮城県多賀城市桜木２丁目１－１", "url": "https://www.kaigokensaku.mhlw.go.jp/04/index.php?action_kouhyou_detail_004_kani=true&JigyosyoCd=0470900010-00&ServiceCd=430&Type=search", "url2": null }, "geometry": { "type": "Point", "coordinates": [ 141.015104400000041, 38.2913704 ] } },
{ "type": "Feature", "properties": { "内容": "社会福祉法人　多賀城市社会福祉協議会【居宅介護支援】宮城県多賀城市中央2丁目１番１号社会福祉センター", "url": "https://www.kaigokensaku.mhlw.go.jp/04/index.php?action_kouhyou_detail_004_kani=true&JigyosyoCd=0470900028-00&ServiceCd=430&Type=search", "url2": "http://tagajo-shakyo.jp" }, "geometry": { "type": "Point", "coordinates": [ 141.0043693, 38.2938031 ] } },
{ "type": "Feature", "properties": { "内容": "ケアプランセンターほの花【居宅介護支援】宮城県多賀城市町前3丁目4-25", "url": "https://www.kaigokensaku.mhlw.go.jp/04/index.php?action_kouhyou_detail_004_kani=true&JigyosyoCd=0490900172-00&ServiceCd=430&Type=search", "url2": null }, "geometry": { "type": "Point", "coordinates": [ 141.00868, 38.286769702284239 ] } },
{ "type": "Feature", "properties": { "内容": "せいふう多賀城駅前居宅ケアプランセンター【居宅介護支援】宮城県多賀城市中央2-8-1多賀城駅北ビルＢ棟1階", "url": "https://www.kaigokensaku.mhlw.go.jp/04/index.php?action_kouhyou_detail_004_kani=true&JigyosyoCd=0470900804-00&ServiceCd=430&Type=search", "url2": "http://www.seifu-miyagi.com/" }, "geometry": { "type": "Point", "coordinates": [ 141.006335900000067, 38.2921867 ] } },
{ "type": "Feature", "properties": { "内容": "千賀の浦居宅介護支援事業所【居宅介護支援】多賀城市鶴ケ谷１丁目6－4", "url": "https://www.kaigokensaku.mhlw.go.jp/04/index.php?action_kouhyou_detail_004_kani=true&JigyosyoCd=0470900051-00&ServiceCd=430&Type=search", "url2": "http://www.chigakyotaku＠chiganoura.jp" }, "geometry": { "type": "Point", "coordinates": [ 141.014968823716117, 38.293333967393117 ] } },
{ "type": "Feature", "properties": { "内容": "居宅介護支援センター　さくらビレッジ【居宅介護支援】宮城県多賀城市八幡4丁目7-50八幡ハイツ", "url": "https://www.kaigokensaku.mhlw.go.jp/04/index.php?action_kouhyou_detail_004_kani=true&JigyosyoCd=0470900754-00&ServiceCd=430&Type=search", "url2": "https://banryoku.jp" }, "geometry": { "type": "Point", "coordinates": [ 141.013459575232076, 38.291337766332163 ] } },
{ "type": "Feature", "properties": { "内容": "指定居宅介護支援事業所　恵愛【居宅介護支援】宮城県多賀城市大代5-16-46介護老人保健施設　恵愛ホーム", "url": "https://www.kaigokensaku.mhlw.go.jp/04/index.php?action_kouhyou_detail_004_kani=true&JigyosyoCd=0470900176-00&ServiceCd=430&Type=search", "url2": "https://www.keiaihome.com/" }, "geometry": { "type": "Point", "coordinates": [ 141.0391539, 38.2936871 ] } },
{ "type": "Feature", "properties": { "内容": "いきいきあぶくま居宅介護支援事業所【居宅介護支援】宮城県岩沼市南長谷字原90番地の2", "url": "https://www.kaigokensaku.mhlw.go.jp/04/index.php?action_kouhyou_detail_004_kani=true&JigyosyoCd=0471100875-00&ServiceCd=430&Type=search", "url2": "http://www.cosmic-i.jp/" }, "geometry": { "type": "Point", "coordinates": [ 140.8532722, 38.0854404 ] } },
{ "type": "Feature", "properties": { "内容": "特定非営利活動法人　やまぼうし【居宅介護支援】宮城県岩沼市桜5丁目11番3号", "url": "https://www.kaigokensaku.mhlw.go.jp/04/index.php?action_kouhyou_detail_004_kani=true&JigyosyoCd=0471100255-00&ServiceCd=430&Type=search", "url2": "http://blog.canpan.info/yamaboushi/" }, "geometry": { "type": "Point", "coordinates": [ 140.872379300000034, 38.1125498 ] } },
{ "type": "Feature", "properties": { "内容": "ひなたぼっこ居宅介護支援事業所【居宅介護支援】宮城県岩沼市二木1丁目3-8-4", "url": "https://www.kaigokensaku.mhlw.go.jp/04/index.php?action_kouhyou_detail_004_kani=true&JigyosyoCd=0471100636-00&ServiceCd=430&Type=search", "url2": null }, "geometry": { "type": "Point", "coordinates": [ 140.858016709216145, 38.104351329175323 ] } },
{ "type": "Feature", "properties": { "内容": "岩沼南居宅介護支援センター【居宅介護支援】宮城県岩沼市桑原四丁目7番34号岩沼南在宅福祉センター", "url": "https://www.kaigokensaku.mhlw.go.jp/04/index.php?action_kouhyou_detail_004_kani=true&JigyosyoCd=0471100297-00&ServiceCd=430&Type=search", "url2": "http://敬長福祉会.jp/" }, "geometry": { "type": "Point", "coordinates": [ 140.8627444, 38.0996532 ] } },
{ "type": "Feature", "properties": { "内容": "セントケア　岩沼【居宅介護支援】宮城県岩沼市大手町8-15", "url": "https://www.kaigokensaku.mhlw.go.jp/04/index.php?action_kouhyou_detail_004_kani=true&JigyosyoCd=0471100339-00&ServiceCd=430&Type=search", "url2": "http://www.saint-care.com/" }, "geometry": { "type": "Point", "coordinates": [ 140.866334299999977, 38.1076192 ] } },
{ "type": "Feature", "properties": { "内容": "南東北相談支援センター【居宅介護支援】宮城県岩沼市里の杜一丁目２番６号", "url": "https://www.kaigokensaku.mhlw.go.jp/04/index.php?action_kouhyou_detail_004_kani=true&JigyosyoCd=0471100016-00&ServiceCd=430&Type=search", "url2": "http://www.minamitohoku.jp/" }, "geometry": { "type": "Point", "coordinates": [ 140.876876399999986, 38.1081141 ] } },
{ "type": "Feature", "properties": { "内容": "マリンホーム介護支援センター【居宅介護支援】宮城県岩沼市恵み野一丁目7番地の1", "url": "https://www.kaigokensaku.mhlw.go.jp/04/index.php?action_kouhyou_detail_004_kani=true&JigyosyoCd=0471100081-00&ServiceCd=430&Type=search", "url2": "http://www.akaikoh.or.jp/" }, "geometry": { "type": "Point", "coordinates": [ 140.904112685705513, 38.108333729118257 ] } },
{ "type": "Feature", "properties": { "内容": "岩沼市社会福祉協議会指定居宅介護支援事業所【居宅介護支援】宮城県岩沼中央一丁目４番２７号", "url": "https://www.kaigokensaku.mhlw.go.jp/04/index.php?action_kouhyou_detail_004_kani=true&JigyosyoCd=0471100321-00&ServiceCd=430&Type=search", "url2": "http://www.iwashakyo.or.jp/" }, "geometry": { "type": "Point", "coordinates": [ 140.867437399336239, 38.107489634046594 ] } },
{ "type": "Feature", "properties": { "内容": "居宅介護支援センター　なでしこ【居宅介護支援】宮城県岩沼市土ヶ崎二丁目９－４", "url": "https://www.kaigokensaku.mhlw.go.jp/04/index.php?action_kouhyou_detail_004_kani=true&JigyosyoCd=0471100511-00&ServiceCd=430&Type=search", "url2": "http://nadeshiko-iwanuma.com/" }, "geometry": { "type": "Point", "coordinates": [ 140.86095537949825, 38.112918255330179 ] } },
{ "type": "Feature", "properties": { "内容": "カーサ岩沼居宅介護支援事業所【居宅介護支援】宮城県岩沼市中央三丁目7番16号高齢者複合施設　カーサ岩沼　４階", "url": "https://www.kaigokensaku.mhlw.go.jp/04/index.php?action_kouhyou_detail_004_kani=true&JigyosyoCd=0471100735-00&ServiceCd=430&Type=search", "url2": "http://casa-iwanuma.jp" }, "geometry": { "type": "Point", "coordinates": [ 140.869157200000018, 38.1135025 ] } },
{ "type": "Feature", "properties": { "内容": "ケアプランセンタープラスワ【居宅介護支援】宮城県登米市迫町佐沼字下田中３９－３", "url": "https://www.kaigokensaku.mhlw.go.jp/04/index.php?action_kouhyou_detail_004_kani=true&JigyosyoCd=0471201798-00&ServiceCd=430&Type=search", "url2": null }, "geometry": { "type": "Point", "coordinates": [ 141.19312217101421, 38.686897600896927 ] } },
{ "type": "Feature", "properties": { "内容": "ケアプランセンター咲良樹【居宅介護支援】中田町浅水字上川面145-3", "url": "https://www.kaigokensaku.mhlw.go.jp/04/index.php?action_kouhyou_detail_004_kani=true&JigyosyoCd=0471201749-00&ServiceCd=430&Type=search", "url2": null }, "geometry": { "type": "Point", "coordinates": [ 141.262342100000012, 38.7179662 ] } },
{ "type": "Feature", "properties": { "内容": "居宅介護支援事業所　穂波の丘【居宅介護支援】宮城県登米市迫町新田字北深沢137番地", "url": "https://www.kaigokensaku.mhlw.go.jp/04/index.php?action_kouhyou_detail_004_kani=true&JigyosyoCd=0471200972-00&ServiceCd=430&Type=search", "url2": null }, "geometry": { "type": "Point", "coordinates": [ 141.112561699999986, 38.6832513 ] } },
{ "type": "Feature", "properties": { "内容": "株式会社　宮城登米広域介護サービス【居宅介護支援】宮城県登米市迫町佐沼字光ヶ丘140-2", "url": "https://www.kaigokensaku.mhlw.go.jp/04/index.php?action_kouhyou_detail_004_kani=true&JigyosyoCd=0471200014-00&ServiceCd=430&Type=search", "url2": "http://www.kaigoservice.co.jp" }, "geometry": { "type": "Point", "coordinates": [ 141.204474600000026, 38.6869653 ] } },
{ "type": "Feature", "properties": { "内容": "ＪＡみやぎ登米介護支援センター【居宅介護支援】宮城県登米市迫町佐沼字末広５９番１", "url": "https://www.kaigokensaku.mhlw.go.jp/04/index.php?action_kouhyou_detail_004_kani=true&JigyosyoCd=0471200279-00&ServiceCd=430&Type=search", "url2": "http://www.miyagitome.or.jp" }, "geometry": { "type": "Point", "coordinates": [ 141.204457700000034, 38.6899344 ] } },
{ "type": "Feature", "properties": { "内容": "はたけやま社会福祉士事務所【居宅介護支援】宮城県登米市中田町上沼字大柳浦99番地5", "url": "https://www.kaigokensaku.mhlw.go.jp/04/index.php?action_kouhyou_detail_004_kani=true&JigyosyoCd=0471201681-00&ServiceCd=430&Type=search", "url2": null }, "geometry": { "type": "Point", "coordinates": [ 141.228679599999964, 38.7130858 ] } },
{ "type": "Feature", "properties": { "内容": "居宅介護支援センター　ひまわりなかだ【居宅介護支援】宮城県登米市中田町浅水字上川面65-1", "url": "https://www.kaigokensaku.mhlw.go.jp/04/index.php?action_kouhyou_detail_004_kani=true&JigyosyoCd=0471200915-00&ServiceCd=430&Type=search", "url2": "http://sg-nakada.jp/net_hinakada.html" }, "geometry": { "type": "Point", "coordinates": [ 141.2619939, 38.7155727 ] } },
{ "type": "Feature", "properties": { "内容": "介護支援センター　にしの【居宅介護支援】宮城県登米市米山町西野字古舘廻8-2特別養護老人ホームにしの内", "url": "https://www.kaigokensaku.mhlw.go.jp/04/index.php?action_kouhyou_detail_004_kani=true&JigyosyoCd=0471201251-00&ServiceCd=430&Type=search", "url2": null }, "geometry": { "type": "Point", "coordinates": [ 141.194316800000024, 38.6343969 ] } },
{ "type": "Feature", "properties": { "内容": "ケアプランセンターあおば【居宅介護支援】宮城県登米市迫町佐沼字中江2丁目1-6", "url": "https://www.kaigokensaku.mhlw.go.jp/04/index.php?action_kouhyou_detail_004_kani=true&JigyosyoCd=0471201665-00&ServiceCd=430&Type=search", "url2": "https://www.aoba-tome.com" }, "geometry": { "type": "Point", "coordinates": [ 141.191375500000049, 38.6904395 ] } },
{ "type": "Feature", "properties": { "内容": "恵泉会介護支援センターらくらく【居宅介護支援】宮城県登米市迫町佐沼字江合三丁目１６番地２", "url": "https://www.kaigokensaku.mhlw.go.jp/04/index.php?action_kouhyou_detail_004_kani=true&JigyosyoCd=0471200162-00&ServiceCd=430&Type=search", "url2": "http://www.keisen-net.jp" }, "geometry": { "type": "Point", "coordinates": [ 141.1858628, 38.6804736 ] } },
{ "type": "Feature", "properties": { "内容": "上舟ポラーノ在宅介護ケアプラン事業所【居宅介護支援】宮城県登米市迫町佐沼字上舟丁33-8", "url": "https://www.kaigokensaku.mhlw.go.jp/04/index.php?action_kouhyou_detail_004_kani=true&JigyosyoCd=0471201558-00&ServiceCd=430&Type=search", "url2": null }, "geometry": { "type": "Point", "coordinates": [ 141.1938642, 38.6911757 ] } },
{ "type": "Feature", "properties": { "内容": "なかなか【居宅介護支援】宮城県登米市迫町佐沼字中江5-11-8中江開発ビル203", "url": "https://www.kaigokensaku.mhlw.go.jp/04/index.php?action_kouhyou_detail_004_kani=true&JigyosyoCd=0471201038-00&ServiceCd=430&Type=search", "url2": "http://cluster35.com/" }, "geometry": { "type": "Point", "coordinates": [ 141.181095899999946, 38.6909752 ] } },
{ "type": "Feature", "properties": { "内容": "グランヴィアケア【居宅介護支援】宮城県登米市迫町佐沼字中江4丁目12番地12", "url": "https://www.kaigokensaku.mhlw.go.jp/04/index.php?action_kouhyou_detail_004_kani=true&JigyosyoCd=0471201871-00&ServiceCd=430&Type=search", "url2": "http://hp.kaipoke.biz/e94/" }, "geometry": { "type": "Point", "coordinates": [ 141.1865805, 38.6892444 ] } },
{ "type": "Feature", "properties": { "内容": "居宅介護支援センターさくら【居宅介護支援】宮城県登米市南方町雷9-1", "url": "https://www.kaigokensaku.mhlw.go.jp/04/index.php?action_kouhyou_detail_004_kani=true&JigyosyoCd=0471200865-00&ServiceCd=430&Type=search", "url2": "http://www.gh-sakura.jp" }, "geometry": { "type": "Point", "coordinates": [ 141.192488723977249, 38.672262966871834 ] } },
{ "type": "Feature", "properties": { "内容": "合同会社たかくら社会福祉士事務所【居宅介護支援】宮城県登米市中田町宝江黒沼字東217", "url": "https://www.kaigokensaku.mhlw.go.jp/04/index.php?action_kouhyou_detail_004_kani=true&JigyosyoCd=0471201061-00&ServiceCd=430&Type=search", "url2": null }, "geometry": { "type": "Point", "coordinates": [ 141.24849, 38.7009986 ] } },
{ "type": "Feature", "properties": { "内容": "株式会社ほがらかさん【居宅介護支援】宮城県登米市中田町石森字白地201", "url": "https://www.kaigokensaku.mhlw.go.jp/04/index.php?action_kouhyou_detail_004_kani=true&JigyosyoCd=0471201640-00&ServiceCd=430&Type=search", "url2": null }, "geometry": { "type": "Point", "coordinates": [ 141.211455900000033, 38.7188319 ] } },
{ "type": "Feature", "properties": { "内容": "登米市社協米山居宅介護支援事業所【居宅介護支援】宮城県登米市米山町西野字古舘廻８番地米山総合保健福祉センター", "url": "https://www.kaigokensaku.mhlw.go.jp/04/index.php?action_kouhyou_detail_004_kani=true&JigyosyoCd=0471200550-00&ServiceCd=430&Type=search", "url2": "http://www.tome-shakyo.jp/" }, "geometry": { "type": "Point", "coordinates": [ 141.193000055819795, 38.634904824270656 ] } },
{ "type": "Feature", "properties": { "内容": "登米市社協中田居宅介護支援事業所【居宅介護支援】宮城県登米市中田町上沼字西桜場１８中田老人福祉センター", "url": "https://www.kaigokensaku.mhlw.go.jp/04/index.php?action_kouhyou_detail_004_kani=true&JigyosyoCd=0471200519-00&ServiceCd=430&Type=search", "url2": "http://www.tome-shakyo.jp/" }, "geometry": { "type": "Point", "coordinates": [ 141.2383261, 38.7146332 ] } },
{ "type": "Feature", "properties": { "内容": "登米市立豊里老人保健施設【居宅介護支援】宮城県登米市豊里町土手下104番地1", "url": "https://www.kaigokensaku.mhlw.go.jp/04/index.php?action_kouhyou_detail_004_kani=true&JigyosyoCd=0451280028-00&ServiceCd=430&Type=search", "url2": "http://www.city.tome.miyagi.jp/iryou/toyosatohl/" }, "geometry": { "type": "Point", "coordinates": [ 141.253272899999956, 38.5872143 ] } },
{ "type": "Feature", "properties": { "内容": "清山会ケアプランセンター【居宅介護支援】宮城県登米市津山町柳津字平形139番地1", "url": "https://www.kaigokensaku.mhlw.go.jp/04/index.php?action_kouhyou_detail_004_kani=true&JigyosyoCd=0471200238-00&ServiceCd=430&Type=search", "url2": "http://seizankai-net.com/" }, "geometry": { "type": "Point", "coordinates": [ 141.3016232, 38.6047636 ] } },
{ "type": "Feature", "properties": { "内容": "南方ナーシングホーム翔裕園居宅介護支援事業所【居宅介護支援】宮城県登米市南方町山成前791-1", "url": "https://www.kaigokensaku.mhlw.go.jp/04/index.php?action_kouhyou_detail_004_kani=true&JigyosyoCd=0471200659-00&ServiceCd=430&Type=search", "url2": "https://www.genkimuragroup.jp/" }, "geometry": { "type": "Point", "coordinates": [ 141.150214600000027, 38.6573663 ] } },
{ "type": "Feature", "properties": { "内容": "介護支援センター錦【居宅介護支援】登米市迫町佐沼字東佐沼３４－１", "url": "https://www.kaigokensaku.mhlw.go.jp/04/index.php?action_kouhyou_detail_004_kani=true&JigyosyoCd=0471201236-00&ServiceCd=430&Type=search", "url2": null }, "geometry": { "type": "Point", "coordinates": [ 141.198111, 38.6915147 ] } },
{ "type": "Feature", "properties": { "内容": "恵泉会東和介護支援センター【居宅介護支援】宮城県登米市東和町米谷字新細待井２番地", "url": "https://www.kaigokensaku.mhlw.go.jp/04/index.php?action_kouhyou_detail_004_kani=true&JigyosyoCd=0471201178-00&ServiceCd=430&Type=search", "url2": "http://www.keisen-net.jp" }, "geometry": { "type": "Point", "coordinates": [ 141.289513271402058, 38.702674079198403 ] } },
{ "type": "Feature", "properties": { "内容": "恵泉会とよま介護支援センター【居宅介護支援】宮城県登米市登米町寺池馬場埣７７７番地", "url": "https://www.kaigokensaku.mhlw.go.jp/04/index.php?action_kouhyou_detail_004_kani=true&JigyosyoCd=0471201343-00&ServiceCd=430&Type=search", "url2": "http://www.keisen-net.jp/" }, "geometry": { "type": "Point", "coordinates": [ 141.272362796820062, 38.654172903722397 ] } },
{ "type": "Feature", "properties": { "内容": "恵泉会介護支援センターいきいき【居宅介護支援】宮城県登米市迫町佐沼字江合三丁目１６番地２", "url": "https://www.kaigokensaku.mhlw.go.jp/04/index.php?action_kouhyou_detail_004_kani=true&JigyosyoCd=0471200188-00&ServiceCd=430&Type=search", "url2": "http://www.keisen-net.jp/" }, "geometry": { "type": "Point", "coordinates": [ 141.1858628, 38.6804736 ] } },
{ "type": "Feature", "properties": { "内容": "介護老人保健施設　高森ロマンホーム【居宅介護支援】宮城県栗原市築館字下高森１２４－１", "url": "https://www.kaigokensaku.mhlw.go.jp/04/index.php?action_kouhyou_detail_004_kani=true&JigyosyoCd=0451380018-00&ServiceCd=430&Type=search", "url2": "http://www.hatayamaclinic.com" }, "geometry": { "type": "Point", "coordinates": [ 140.984322300000031, 38.7159817 ] } },
{ "type": "Feature", "properties": { "内容": "ケアセンターひまわり【居宅介護支援】宮城県栗原市若柳字上畑岡本鹿野５２－１", "url": "https://www.kaigokensaku.mhlw.go.jp/04/index.php?action_kouhyou_detail_004_kani=true&JigyosyoCd=0471301770-00&ServiceCd=430&Type=search", "url2": null }, "geometry": { "type": "Point", "coordinates": [ 141.114936400000033, 38.7374181 ] } },
{ "type": "Feature", "properties": { "内容": "一桝介護支援サービス【居宅介護支援】宮城県栗原市栗駒岩ケ崎神南31番地3", "url": "https://www.kaigokensaku.mhlw.go.jp/04/index.php?action_kouhyou_detail_004_kani=true&JigyosyoCd=0471302505-00&ServiceCd=430&Type=search", "url2": null }, "geometry": { "type": "Point", "coordinates": [ 140.9990737, 38.8319012 ] } },
{ "type": "Feature", "properties": { "内容": "居宅介護支援事業所　せみねの丘【居宅介護支援】宮城県栗原市瀬峰根岸55番地2", "url": "https://www.kaigokensaku.mhlw.go.jp/04/index.php?action_kouhyou_detail_004_kani=true&JigyosyoCd=0471302323-00&ServiceCd=430&Type=search", "url2": "https://www.sg-semine.com/" }, "geometry": { "type": "Point", "coordinates": [ 141.071201765105911, 38.652395716801117 ] } },
{ "type": "Feature", "properties": { "内容": "公益社団法人宮城県看護協会　栗原訪問看護ステーション【居宅介護支援】宮城県栗原市築館伊豆二丁目７-17", "url": "https://www.kaigokensaku.mhlw.go.jp/04/index.php?action_kouhyou_detail_004_kani=true&JigyosyoCd=0461390015-00&ServiceCd=430&Type=search", "url2": null }, "geometry": { "type": "Point", "coordinates": [ 141.02831695159, 38.733293469205563 ] } },
{ "type": "Feature", "properties": { "内容": "指定居宅介護支援事業所　白鳥苑介護相談センター【居宅介護支援】宮城県栗原市瀬峰根岸55番地2", "url": "https://www.kaigokensaku.mhlw.go.jp/04/index.php?action_kouhyou_detail_004_kani=true&JigyosyoCd=0471300525-00&ServiceCd=430&Type=search", "url2": "http://www.hakuchoen.com" }, "geometry": { "type": "Point", "coordinates": [ 141.071527589024299, 38.651663593699205 ] } },
{ "type": "Feature", "properties": { "内容": "ハートケアプラン　しのさんの家【居宅介護支援】宮城県栗原市栗駒岩ケ崎上小路52-1", "url": "https://www.kaigokensaku.mhlw.go.jp/04/index.php?action_kouhyou_detail_004_kani=true&JigyosyoCd=0471301457-00&ServiceCd=430&Type=search", "url2": null }, "geometry": { "type": "Point", "coordinates": [ 140.986062599999968, 38.8324315 ] } },
{ "type": "Feature", "properties": { "内容": "ホワイトベア栗原【居宅介護支援】宮城県栗原市築館薬師3丁目2番1号", "url": "https://www.kaigokensaku.mhlw.go.jp/04/index.php?action_kouhyou_detail_004_kani=true&JigyosyoCd=0471301200-00&ServiceCd=430&Type=search", "url2": "http://www.soin-white.co.jp/" }, "geometry": { "type": "Point", "coordinates": [ 141.018834598818898, 38.733953952442072 ] } },
{ "type": "Feature", "properties": { "内容": "愛光園介護支援サービス【居宅介護支援】宮城県栗原市栗駒岩ヶ崎三島２５５番地", "url": "https://www.kaigokensaku.mhlw.go.jp/04/index.php?action_kouhyou_detail_004_kani=true&JigyosyoCd=0471300103-00&ServiceCd=430&Type=search", "url2": "http://www.k-houjyukai.or.jp" }, "geometry": { "type": "Point", "coordinates": [ 141.003388200000018, 38.8373204 ] } },
{ "type": "Feature", "properties": { "内容": "居宅介護支援事業所イークアル【居宅介護支援】宮城県栗原市築館字下宮野町浦5-3白岩ビル2Ｆ", "url": "https://www.kaigokensaku.mhlw.go.jp/04/index.php?action_kouhyou_detail_004_kani=true&JigyosyoCd=0471301713-00&ServiceCd=430&Type=search", "url2": "https://www.big-advance.site/c/144/2241" }, "geometry": { "type": "Point", "coordinates": [ 141.014778832175864, 38.750023907203762 ] } },
{ "type": "Feature", "properties": { "内容": "ニチイケアセンター高清水【居宅介護支援】宮城県栗原市高清水東浦230-1", "url": "https://www.kaigokensaku.mhlw.go.jp/04/index.php?action_kouhyou_detail_004_kani=true&JigyosyoCd=0471300513-00&ServiceCd=430&Type=search", "url2": "http://www.nichiigakkan.co.jp" }, "geometry": { "type": "Point", "coordinates": [ 141.009278077523845, 38.641850673855615 ] } },
{ "type": "Feature", "properties": { "内容": "社会福祉法人　豊明会　居宅介護支援事業所　マナハウス【居宅介護支援】宮城県栗原市若柳武鎗字藤貫沢８５番地", "url": "https://www.kaigokensaku.mhlw.go.jp/04/index.php?action_kouhyou_detail_004_kani=true&JigyosyoCd=0471300418-00&ServiceCd=430&Type=search", "url2": "http://www.homeikai.or.jp/" }, "geometry": { "type": "Point", "coordinates": [ 141.112306600000011, 38.8071051 ] } },
{ "type": "Feature", "properties": { "内容": "みやぎ介護支援センター【居宅介護支援】宮城県栗原市若柳字川北古川14番地8", "url": "https://www.kaigokensaku.mhlw.go.jp/04/index.php?action_kouhyou_detail_004_kani=true&JigyosyoCd=0471301010-00&ServiceCd=430&Type=search", "url2": null }, "geometry": { "type": "Point", "coordinates": [ 141.135141699999963, 38.771773 ] } },
{ "type": "Feature", "properties": { "内容": "若柳南居宅介護支援事業所【居宅介護支援】宮城県栗原市若柳字下畑岡内谷川86番地1", "url": "https://www.kaigokensaku.mhlw.go.jp/04/index.php?action_kouhyou_detail_004_kani=true&JigyosyoCd=0471302448-00&ServiceCd=430&Type=search", "url2": null }, "geometry": { "type": "Point", "coordinates": [ 141.129607, 38.7418191 ] } },
{ "type": "Feature", "properties": { "内容": "宮野居宅介護支援事業所【居宅介護支援】宮城県栗原市築館宮野中央一丁目10-11", "url": "https://www.kaigokensaku.mhlw.go.jp/04/index.php?action_kouhyou_detail_004_kani=true&JigyosyoCd=0471302471-00&ServiceCd=430&Type=search", "url2": null }, "geometry": { "type": "Point", "coordinates": [ 141.0154283, 38.7484438 ] } },
{ "type": "Feature", "properties": { "内容": "居宅介護事業所支援事業所　「くりこまの里」【居宅介護支援】宮城県栗原市栗駒稲屋敷大鳥東側１－１", "url": "https://www.kaigokensaku.mhlw.go.jp/04/index.php?action_kouhyou_detail_004_kani=true&JigyosyoCd=0471301036-00&ServiceCd=430&Type=search", "url2": "http://www.kou-fuku.or.jp/kuri/" }, "geometry": { "type": "Point", "coordinates": [ 140.985757599999943, 38.8141498 ] } },
{ "type": "Feature", "properties": { "内容": "居宅介護支援事業所　スワン【居宅介護支援】宮城県栗原市金成沢辺町１６４番地1", "url": "https://www.kaigokensaku.mhlw.go.jp/04/index.php?action_kouhyou_detail_004_kani=true&JigyosyoCd=0471302364-00&ServiceCd=430&Type=search", "url2": "www.hakucho-en.com" }, "geometry": { "type": "Point", "coordinates": [ 141.059632099999988, 38.7979616 ] } },
{ "type": "Feature", "properties": { "内容": "居宅介護支援事業所ＰＦＣ藤の里【居宅介護支援】宮城県栗原市瀬峰新田沢１２－１", "url": "https://www.kaigokensaku.mhlw.go.jp/04/index.php?action_kouhyou_detail_004_kani=true&JigyosyoCd=0471302430-00&ServiceCd=430&Type=search", "url2": "https://pfc-fuji.jp" }, "geometry": { "type": "Point", "coordinates": [ 141.07288412764737, 38.666957975262576 ] } },
{ "type": "Feature", "properties": { "内容": "セントケア栗駒【居宅介護支援】宮城県栗原市栗駒岩ケ崎神南35番1号", "url": "https://www.kaigokensaku.mhlw.go.jp/04/index.php?action_kouhyou_detail_004_kani=true&JigyosyoCd=0471301127-00&ServiceCd=430&Type=search", "url2": "http://www.saint-care-tm.com/" }, "geometry": { "type": "Point", "coordinates": [ 141.001585299999959, 38.8309656 ] } },
{ "type": "Feature", "properties": { "内容": "居宅介護支援事業所　おんりープラン【居宅介護支援】宮城県栗原市築館伊豆三丁目246-2", "url": "https://www.kaigokensaku.mhlw.go.jp/04/index.php?action_kouhyou_detail_004_kani=true&JigyosyoCd=0471301614-00&ServiceCd=430&Type=search", "url2": "https://yakusi-only.wixsite.com/yakusi-only" }, "geometry": { "type": "Point", "coordinates": [ 141.029185134539176, 38.73099833847683 ] } },
{ "type": "Feature", "properties": { "内容": "のぎわ居宅介護支援センター【居宅介護支援】栗原市築館字城生野唐崎50番地2", "url": "https://www.kaigokensaku.mhlw.go.jp/04/index.php?action_kouhyou_detail_004_kani=true&JigyosyoCd=0471301366-00&ServiceCd=430&Type=search", "url2": null }, "geometry": { "type": "Point", "coordinates": [ 141.039192060835262, 38.766404341364257 ] } },
{ "type": "Feature", "properties": { "内容": "居宅介護支援事業所　花つつみ【居宅介護支援】宮城県栗原市若柳字川北中町17番7", "url": "https://www.kaigokensaku.mhlw.go.jp/04/index.php?action_kouhyou_detail_004_kani=true&JigyosyoCd=0471301796-00&ServiceCd=430&Type=search", "url2": null }, "geometry": { "type": "Point", "coordinates": [ 141.13182464823484, 38.771427251760144 ] } },
{ "type": "Feature", "properties": { "内容": "栗原市立若柳病院居宅介護支援事業所【居宅介護支援】宮城県栗原市若柳字川北原畑２３－４", "url": "https://www.kaigokensaku.mhlw.go.jp/04/index.php?action_kouhyou_detail_004_kani=true&JigyosyoCd=0471300749-00&ServiceCd=430&Type=search", "url2": "http://www.wakayanagi-hp.jp/" }, "geometry": { "type": "Point", "coordinates": [ 141.1381192, 38.770101 ] } },
{ "type": "Feature", "properties": { "内容": "風和の郷居宅介護支援事業所【居宅介護支援】宮城県栗原市鶯沢南郷下日照７５番地", "url": "https://www.kaigokensaku.mhlw.go.jp/04/index.php?action_kouhyou_detail_004_kani=true&JigyosyoCd=0471302190-00&ServiceCd=430&Type=search", "url2": "fuuna-no-sato.com" }, "geometry": { "type": "Point", "coordinates": [ 140.945137499999987, 38.807104 ] } },
{ "type": "Feature", "properties": { "内容": "居宅介護支援事業所りつわ【居宅介護支援】宮城県栗原市栗駒岩ヶ崎六日町２１－２", "url": "https://www.kaigokensaku.mhlw.go.jp/04/index.php?action_kouhyou_detail_004_kani=true&JigyosyoCd=0471301259-00&ServiceCd=430&Type=search", "url2": "http://ritsuwa.com" }, "geometry": { "type": "Point", "coordinates": [ 140.987021991679399, 38.831266635210646 ] } },
{ "type": "Feature", "properties": { "内容": "居宅介護支援事業所ルグネット岩ケ崎【居宅介護支援】宮城県栗原市栗駒岩ヶ崎下川原19番地", "url": "https://www.kaigokensaku.mhlw.go.jp/04/index.php?action_kouhyou_detail_004_kani=true&JigyosyoCd=0471302307-00&ServiceCd=430&Type=search", "url2": "https://ktk-fukushikai.or.jp/" }, "geometry": { "type": "Point", "coordinates": [ 140.995078, 38.824529 ] } },
{ "type": "Feature", "properties": { "内容": "桜樹居宅介護支援事業所【居宅介護支援】宮城県栗原市若柳字川北元町裏114", "url": "https://www.kaigokensaku.mhlw.go.jp/04/index.php?action_kouhyou_detail_004_kani=true&JigyosyoCd=0471301358-00&ServiceCd=430&Type=search", "url2": "http://oujuhp.wixsite.com/rehasupportouju" }, "geometry": { "type": "Point", "coordinates": [ 141.134629388308554, 38.774340896131925 ] } },
{ "type": "Feature", "properties": { "内容": "社会福祉法人栗原市社会福祉協議会　居宅介護支援事業所【居宅介護支援】宮城県栗原市築館薬師三丁目6-1", "url": "https://www.kaigokensaku.mhlw.go.jp/04/index.php?action_kouhyou_detail_004_kani=true&JigyosyoCd=0471300624-00&ServiceCd=430&Type=search", "url2": null }, "geometry": { "type": "Point", "coordinates": [ 141.01788898414199, 38.73500537149085 ] } },
{ "type": "Feature", "properties": { "内容": "居宅介護支援事業所　アクトプラン【居宅介護支援】宮城県栗原市高清水桜丁8-2", "url": "https://www.kaigokensaku.mhlw.go.jp/04/index.php?action_kouhyou_detail_004_kani=true&JigyosyoCd=0471302240-00&ServiceCd=430&Type=search", "url2": "http://izuminosato.co.jp" }, "geometry": { "type": "Point", "coordinates": [ 141.01351889999998, 38.661321600000029 ] } },
{ "type": "Feature", "properties": { "内容": "佐々木接骨院介護プラン【居宅介護支援】宮城県栗原市高清水五輪３番地１", "url": "https://www.kaigokensaku.mhlw.go.jp/04/index.php?action_kouhyou_detail_004_kani=true&JigyosyoCd=0471301028-00&ServiceCd=430&Type=search", "url2": null }, "geometry": { "type": "Point", "coordinates": [ 141.0073539122684, 38.661289878380224 ] } },
{ "type": "Feature", "properties": { "内容": "在宅複合型施設さくらの里若柳居宅介護支援事業所【居宅介護支援】宮城県栗原市若柳字川北塚原15-5", "url": "https://www.kaigokensaku.mhlw.go.jp/04/index.php?action_kouhyou_detail_004_kani=true&JigyosyoCd=0471301333-00&ServiceCd=430&Type=search", "url2": null }, "geometry": { "type": "Point", "coordinates": [ 141.137161099999958, 38.7681345 ] } },
{ "type": "Feature", "properties": { "内容": "居宅介護支援事業所　シエスタプラン【居宅介護支援】宮城県栗原市金成末野台下31-1", "url": "https://www.kaigokensaku.mhlw.go.jp/04/index.php?action_kouhyou_detail_004_kani=true&JigyosyoCd=0471300368-00&ServiceCd=430&Type=search", "url2": "http://www.siesta.or.jp/" }, "geometry": { "type": "Point", "coordinates": [ 141.100017500000035, 38.8475054 ] } },
{ "type": "Feature", "properties": { "内容": "くりはら介護支援事務所いちょうの里【居宅介護支援】宮城県栗原市築館字下宮野館108", "url": "https://www.kaigokensaku.mhlw.go.jp/04/index.php?action_kouhyou_detail_004_kani=true&JigyosyoCd=0471300129-00&ServiceCd=430&Type=search", "url2": "http://www.ityou.jp/" }, "geometry": { "type": "Point", "coordinates": [ 141.013227, 38.7563499 ] } },
{ "type": "Feature", "properties": { "内容": "栗原市一迫在宅介護支援センター【居宅介護支援】宮城県栗原市一迫真坂字新道満３９", "url": "https://www.kaigokensaku.mhlw.go.jp/04/index.php?action_kouhyou_detail_004_kani=true&JigyosyoCd=0471300095-00&ServiceCd=430&Type=search", "url2": "http://miyafuku.jp" }, "geometry": { "type": "Point", "coordinates": [ 140.950220400000035, 38.7443808 ] } },
{ "type": "Feature", "properties": { "内容": "栗っこ居宅介護支援事業所【居宅介護支援】宮城県栗原市金成沢辺新往還下147番1", "url": "https://www.kaigokensaku.mhlw.go.jp/04/index.php?action_kouhyou_detail_004_kani=true&JigyosyoCd=0471302547-00&ServiceCd=430&Type=search", "url2": null }, "geometry": { "type": "Point", "coordinates": [ 141.068806638900725, 38.797474372176211 ] } },
{ "type": "Feature", "properties": { "内容": "居宅介護支援事業所マイライツ【居宅介護支援】瀬峰下藤沢161-8", "url": "https://www.kaigokensaku.mhlw.go.jp/04/index.php?action_kouhyou_detail_004_kani=true&JigyosyoCd=0471302521-00&ServiceCd=430&Type=search", "url2": null }, "geometry": { "type": "Point", "coordinates": [ 141.0728906, 38.6557126 ] } },
{ "type": "Feature", "properties": { "内容": "石橋病院ケアプランセンター【居宅介護支援】宮城県栗原市若柳字福岡谷地畑浦３５（グレイスガーデン内）", "url": "https://www.kaigokensaku.mhlw.go.jp/04/index.php?action_kouhyou_detail_004_kani=true&JigyosyoCd=0471302513-00&ServiceCd=430&Type=search", "url2": "https://www.kojikai.jp" }, "geometry": { "type": "Point", "coordinates": [ 141.1172655, 38.7836851 ] } },
{ "type": "Feature", "properties": { "内容": "志波姫居宅介護支援センター【居宅介護支援】宮城県栗原市志波姫北郷大門８６ふれあいセンター", "url": "https://www.kaigokensaku.mhlw.go.jp/04/index.php?action_kouhyou_detail_004_kani=true&JigyosyoCd=0471300533-00&ServiceCd=430&Type=search", "url2": "http://www.kurihara.or.jp" }, "geometry": { "type": "Point", "coordinates": [ 141.075501300000042, 38.7604979 ] } },
{ "type": "Feature", "properties": { "内容": "居宅介護支援事業所とおわ【居宅介護支援】宮城県栗原市若柳字川北並柳6番地1", "url": "https://www.kaigokensaku.mhlw.go.jp/04/index.php?action_kouhyou_detail_004_kani=true&JigyosyoCd=0471302331-00&ServiceCd=430&Type=search", "url2": "http://hp.kaipoke.biz/343/" }, "geometry": { "type": "Point", "coordinates": [ 141.142932300000012, 38.7718474 ] } },
{ "type": "Feature", "properties": { "内容": "医療法人社団　仁明会　仁明会東松島居宅介護支援事業所【居宅介護支援】宮城県東松島市矢本字大林２番２", "url": "https://www.kaigokensaku.mhlw.go.jp/04/index.php?action_kouhyou_detail_004_kani=true&JigyosyoCd=0471400549-00&ServiceCd=430&Type=search", "url2": "http://www.jinmei.or.jp/" }, "geometry": { "type": "Point", "coordinates": [ 141.220390437573201, 38.421880170434505 ] } },
{ "type": "Feature", "properties": { "内容": "社会福祉法人慶和会指定居宅介護支援事業所花いちもんめ【居宅介護支援】宮城県東松島市赤井字七反谷地７３番地の２", "url": "https://www.kaigokensaku.mhlw.go.jp/04/index.php?action_kouhyou_detail_004_kani=true&JigyosyoCd=0471400143-00&ServiceCd=430&Type=search", "url2": "http://www.khanaichi.com/" }, "geometry": { "type": "Point", "coordinates": [ 141.253967200000034, 38.4377062 ] } },
{ "type": "Feature", "properties": { "内容": "ケアプランセンターさつき【居宅介護支援】宮城県東松島市小松字上浮足182-11", "url": "https://www.kaigokensaku.mhlw.go.jp/04/index.php?action_kouhyou_detail_004_kani=true&JigyosyoCd=0471400580-00&ServiceCd=430&Type=search", "url2": "http://www.itokukai.or.jp/" }, "geometry": { "type": "Point", "coordinates": [ 141.210817649673487, 38.427175148108411 ] } },
{ "type": "Feature", "properties": { "内容": "四季の里　居宅支援事業所【居宅介護支援】宮城県東松島市小松字稔田60－1", "url": "https://www.kaigokensaku.mhlw.go.jp/04/index.php?action_kouhyou_detail_004_kani=true&JigyosyoCd=0471400564-00&ServiceCd=430&Type=search", "url2": null }, "geometry": { "type": "Point", "coordinates": [ 141.218936288360652, 38.434221303725032 ] } },
{ "type": "Feature", "properties": { "内容": "居宅介護支援事業所　やもと赤井の里【居宅介護支援】宮城県東松島市赤井字川前四番８３番地", "url": "https://www.kaigokensaku.mhlw.go.jp/04/index.php?action_kouhyou_detail_004_kani=true&JigyosyoCd=0471400416-00&ServiceCd=430&Type=search", "url2": "http://hm-hukushikai.or.jp" }, "geometry": { "type": "Point", "coordinates": [ 141.234730200000058, 38.4357698 ] } },
{ "type": "Feature", "properties": { "内容": "東松島市社会福祉協議会　指定居宅介護支援事業所【居宅介護支援】宮城県東松島市小松字上浮足252番3", "url": "https://www.kaigokensaku.mhlw.go.jp/04/index.php?action_kouhyou_detail_004_kani=true&JigyosyoCd=0471400341-00&ServiceCd=430&Type=search", "url2": "http://www.hmfukushi.jp/" }, "geometry": { "type": "Point", "coordinates": [ 141.20980430000003, 38.4266709 ] } },
{ "type": "Feature", "properties": { "内容": "居宅介護支援事業所日和【居宅介護支援】宮城県東松島市赤井字台94-1", "url": "https://www.kaigokensaku.mhlw.go.jp/04/index.php?action_kouhyou_detail_004_kani=true&JigyosyoCd=0471400945-00&ServiceCd=430&Type=search", "url2": null }, "geometry": { "type": "Point", "coordinates": [ 141.2568694, 38.4332081 ] } },
{ "type": "Feature", "properties": { "内容": "居宅介護支援事業所ささもり【居宅介護支援】宮城県大崎市古川清滝字笹森118番地1", "url": "https://www.kaigokensaku.mhlw.go.jp/04/index.php?action_kouhyou_detail_004_kani=true&JigyosyoCd=0471502864-00&ServiceCd=430&Type=search", "url2": "https://juseikai.wixsite.com/sasamorinosato" }, "geometry": { "type": "Point", "coordinates": [ 140.9759933, 38.6645941 ] } },
{ "type": "Feature", "properties": { "内容": "居宅介護支援事業所　ふかふか・はうす【居宅介護支援】宮城県大崎市鳴子温泉字南原１２０番地３", "url": "https://www.kaigokensaku.mhlw.go.jp/04/index.php?action_kouhyou_detail_004_kani=true&JigyosyoCd=0471501353-00&ServiceCd=430&Type=search", "url2": "http://fukafukahouse.jimdo.com/" }, "geometry": { "type": "Point", "coordinates": [ 140.654424100000028, 38.7182437 ] } },
{ "type": "Feature", "properties": { "内容": "株式会社ニコニコcareニコニコケアプランセンター【居宅介護支援】宮城県大崎市鹿島台平渡字西銭神17番地12クレスト銭神A203", "url": "https://www.kaigokensaku.mhlw.go.jp/04/index.php?action_kouhyou_detail_004_kani=true&JigyosyoCd=0471502559-00&ServiceCd=430&Type=search", "url2": null }, "geometry": { "type": "Point", "coordinates": [ 141.096266, 38.4751387 ] } },
{ "type": "Feature", "properties": { "内容": "ケアプランニング　愛【居宅介護支援】宮城県大崎市古川字竹ノ内148-7", "url": "https://www.kaigokensaku.mhlw.go.jp/04/index.php?action_kouhyou_detail_004_kani=true&JigyosyoCd=0471500439-00&ServiceCd=430&Type=search", "url2": null }, "geometry": { "type": "Point", "coordinates": [ 140.939366450262469, 38.574567861136046 ] } },
{ "type": "Feature", "properties": { "内容": "ホワイトベア居宅介護支援事業部【居宅介護支援】宮城県大崎市古川稲葉四丁目１２番１８号", "url": "https://www.kaigokensaku.mhlw.go.jp/04/index.php?action_kouhyou_detail_004_kani=true&JigyosyoCd=0471501403-00&ServiceCd=430&Type=search", "url2": "http://www.soin-white.co.jp/" }, "geometry": { "type": "Point", "coordinates": [ 140.943708199999946, 38.5910415 ] } },
{ "type": "Feature", "properties": { "内容": "公益財団法人宮城厚生協会　ケアステーションあゆみ【居宅介護支援】宮城県大崎市古川駅東2-12-18", "url": "https://www.kaigokensaku.mhlw.go.jp/04/index.php?action_kouhyou_detail_004_kani=true&JigyosyoCd=0471502435-00&ServiceCd=430&Type=search", "url2": null }, "geometry": { "type": "Point", "coordinates": [ 140.974450599999955, 38.5736085 ] } },
{ "type": "Feature", "properties": { "内容": "医療法人社団　健育会　大崎ひまわり訪問看護ステーション【居宅介護支援】宮城県大崎市古川三日町二丁目３－４３", "url": "https://www.kaigokensaku.mhlw.go.jp/04/index.php?action_kouhyou_detail_004_kani=true&JigyosyoCd=0461590085-00&ServiceCd=430&Type=search", "url2": "http://himawari-zaitaku.com/" }, "geometry": { "type": "Point", "coordinates": [ 140.955258500000014, 38.5727705 ] } },
{ "type": "Feature", "properties": { "内容": "居宅介護支援事業所エスペランサ【居宅介護支援】宮城県大崎市鳴子温泉字車湯１番地7", "url": "https://www.kaigokensaku.mhlw.go.jp/04/index.php?action_kouhyou_detail_004_kani=true&JigyosyoCd=0471502476-00&ServiceCd=430&Type=search", "url2": "http://www.kiboukan-pocoapoco.com/esperanza/index.html" }, "geometry": { "type": "Point", "coordinates": [ 140.72270085648347, 38.748049186190919 ] } },
{ "type": "Feature", "properties": { "内容": "介護プラン　ひまわり【居宅介護支援】宮城県大崎市古川幸町一丁目6番8号", "url": "https://www.kaigokensaku.mhlw.go.jp/04/index.php?action_kouhyou_detail_004_kani=true&JigyosyoCd=0471500900-00&ServiceCd=430&Type=search", "url2": "http://fukuju-miyagi.com" }, "geometry": { "type": "Point", "coordinates": [ 140.9678705, 38.576969 ] } },
{ "type": "Feature", "properties": { "内容": "あさひ介護支援センター岩出山【居宅介護支援】宮城県大崎市岩出山字ニノ構79-2", "url": "https://www.kaigokensaku.mhlw.go.jp/04/index.php?action_kouhyou_detail_004_kani=true&JigyosyoCd=0471500793-00&ServiceCd=430&Type=search", "url2": "http://www.asahi-sun-clean.co.jp/" }, "geometry": { "type": "Point", "coordinates": [ 140.865550900000017, 38.652688400000017 ] } },
{ "type": "Feature", "properties": { "内容": "ニチイケアセンター古川【居宅介護支援】宮城県大崎市古川福沼1-14-35", "url": "https://www.kaigokensaku.mhlw.go.jp/04/index.php?action_kouhyou_detail_004_kani=true&JigyosyoCd=0471500116-00&ServiceCd=430&Type=search", "url2": "http://www.nichiigakkan.co.jp" }, "geometry": { "type": "Point", "coordinates": [ 140.973491700000068, 38.5861431 ] } },
{ "type": "Feature", "properties": { "内容": "医療法人　心の郷　居宅介護支援事業所　ここに幸あり【居宅介護支援】宮城県大崎市古川穂波6丁目30-12", "url": "https://www.kaigokensaku.mhlw.go.jp/04/index.php?action_kouhyou_detail_004_kani=true&JigyosyoCd=0471501734-00&ServiceCd=430&Type=search", "url2": null }, "geometry": { "type": "Point", "coordinates": [ 140.939204099999984, 38.5667051 ] } },
{ "type": "Feature", "properties": { "内容": "居宅介護支援事業リハビリパークあやめ【居宅介護支援】宮城県大崎市古川旭三丁目6-1", "url": "https://www.kaigokensaku.mhlw.go.jp/04/index.php?action_kouhyou_detail_004_kani=true&JigyosyoCd=0471500462-00&ServiceCd=430&Type=search", "url2": "http://www.rehabili-park.com" }, "geometry": { "type": "Point", "coordinates": [ 140.974861899999951, 38.5685703 ] } },
{ "type": "Feature", "properties": { "内容": "ケアプラン暖のうつわ【居宅介護支援】宮城県大崎市古川稲葉字大江向20アークヴィレッジC－２", "url": "https://www.kaigokensaku.mhlw.go.jp/04/index.php?action_kouhyou_detail_004_kani=true&JigyosyoCd=0471502625-00&ServiceCd=430&Type=search", "url2": null }, "geometry": { "type": "Point", "coordinates": [ 140.941328463229411, 38.573082296441562 ] } },
{ "type": "Feature", "properties": { "内容": "ケアサポートおたっしゃ館【居宅介護支援】宮城県大崎市古川稲葉字大江向６", "url": "https://www.kaigokensaku.mhlw.go.jp/04/index.php?action_kouhyou_detail_004_kani=true&JigyosyoCd=0471502294-00&ServiceCd=430&Type=search", "url2": "http://carefree-ots.ivalue.info/" }, "geometry": { "type": "Point", "coordinates": [ 140.939537100000052, 38.573546 ] } },
{ "type": "Feature", "properties": { "内容": "介護プラン　こはる【居宅介護支援】宮城県大崎市古川諏訪三丁目５番２５藤ガーデンハイツ１０５号", "url": "https://www.kaigokensaku.mhlw.go.jp/04/index.php?action_kouhyou_detail_004_kani=true&JigyosyoCd=0471502773-00&ServiceCd=430&Type=search", "url2": null }, "geometry": { "type": "Point", "coordinates": [ 140.951544900092387, 38.583596327217002 ] } },
{ "type": "Feature", "properties": { "内容": "有限会社　西古川タクシー　介護福祉事業部　四季のめぐみ【居宅介護支援】宮城県大崎市古川字北田42番1", "url": "https://www.kaigokensaku.mhlw.go.jp/04/index.php?action_kouhyou_detail_004_kani=true&JigyosyoCd=0471500173-00&ServiceCd=430&Type=search", "url2": "http://www.nishitaxi.com" }, "geometry": { "type": "Point", "coordinates": [ 140.894810799999959, 38.5813162 ] } },
{ "type": "Feature", "properties": { "内容": "プロンプター甲斐有限会社【居宅介護支援】宮城県大崎市古川飯川字要害６４９", "url": "https://www.kaigokensaku.mhlw.go.jp/04/index.php?action_kouhyou_detail_004_kani=true&JigyosyoCd=0471500108-00&ServiceCd=430&Type=search", "url2": "http://prompter.co.jp" }, "geometry": { "type": "Point", "coordinates": [ 140.918817200000035, 38.562863 ] } },
{ "type": "Feature", "properties": { "内容": "居宅介護支援事業所ケアトラスト【居宅介護支援】宮城県大崎市鳴子温泉字石ノ梅71-1", "url": "https://www.kaigokensaku.mhlw.go.jp/04/index.php?action_kouhyou_detail_004_kani=true&JigyosyoCd=0471502617-00&ServiceCd=430&Type=search", "url2": null }, "geometry": { "type": "Point", "coordinates": [ 140.756647502652783, 38.732998349875217 ] } },
{ "type": "Feature", "properties": { "内容": "古川スキップケアプランセンター【居宅介護支援】古川稲葉四丁目11-15", "url": "https://www.kaigokensaku.mhlw.go.jp/04/index.php?action_kouhyou_detail_004_kani=true&JigyosyoCd=0471502781-00&ServiceCd=430&Type=search", "url2": "http://www.tajirifukushikai.com" }, "geometry": { "type": "Point", "coordinates": [ 140.9540046, 38.5545651 ] } },
{ "type": "Feature", "properties": { "内容": "アースサポート古川【居宅介護支援】宮城県大崎市古川字上古川145番地", "url": "https://www.kaigokensaku.mhlw.go.jp/04/index.php?action_kouhyou_detail_004_kani=true&JigyosyoCd=0471500082-00&ServiceCd=430&Type=search", "url2": "http://www.earthsupport.co.jp" }, "geometry": { "type": "Point", "coordinates": [ 140.942886199999947, 38.587603 ] } },
{ "type": "Feature", "properties": { "内容": "介護老人保健施設ヒューマンシテイ松山居宅介護支援事業所【居宅介護支援】宮城県大崎市松山千石字広田35", "url": "https://www.kaigokensaku.mhlw.go.jp/04/index.php?action_kouhyou_detail_004_kani=true&JigyosyoCd=0451580039-00&ServiceCd=430&Type=search", "url2": null }, "geometry": { "type": "Point", "coordinates": [ 141.061228699999987, 38.5146609 ] } },
{ "type": "Feature", "properties": { "内容": "ＪＡ新みやぎふれ愛福祉センター鹿島台【居宅介護支援】宮城県大崎市鹿島台広長字内ノ浦８１番地", "url": "https://www.kaigokensaku.mhlw.go.jp/04/index.php?action_kouhyou_detail_004_kani=true&JigyosyoCd=0471500538-00&ServiceCd=430&Type=search", "url2": "https://www.ja-shinmiyagi.or.jp/" }, "geometry": { "type": "Point", "coordinates": [ 141.092781100000025, 38.4638373 ] } },
{ "type": "Feature", "properties": { "内容": "星陵居宅介護支援事業所【居宅介護支援】宮城県大崎市古川小稲葉町3番48号", "url": "https://www.kaigokensaku.mhlw.go.jp/04/index.php?action_kouhyou_detail_004_kani=true&JigyosyoCd=0471500454-00&ServiceCd=430&Type=search", "url2": null }, "geometry": { "type": "Point", "coordinates": [ 140.951549590737926, 38.569435150003855 ] } },
{ "type": "Feature", "properties": { "内容": "大崎市社会福祉協議会田尻居宅介護支援事業所【居宅介護支援】宮城県大崎市田尻沼部字富岡浦29番地田尻福祉センター「虹の郷」", "url": "https://www.kaigokensaku.mhlw.go.jp/04/index.php?action_kouhyou_detail_004_kani=true&JigyosyoCd=0471501429-00&ServiceCd=430&Type=search", "url2": "http://www.osaki-shakyo.com/" }, "geometry": { "type": "Point", "coordinates": [ 141.054424476202286, 38.596026947026765 ] } },
{ "type": "Feature", "properties": { "内容": "ケアプラン三本木【居宅介護支援】宮城県大崎市三本木桑折字相ノ沢3番地14", "url": "https://www.kaigokensaku.mhlw.go.jp/04/index.php?action_kouhyou_detail_004_kani=true&JigyosyoCd=0471502856-00&ServiceCd=430&Type=search", "url2": null }, "geometry": { "type": "Point", "coordinates": [ 140.9540279, 38.5247268 ] } },
{ "type": "Feature", "properties": { "内容": "居宅介護支援事業所　楽笑【居宅介護支援】宮城県大崎市田尻字北大杉５９番地", "url": "https://www.kaigokensaku.mhlw.go.jp/04/index.php?action_kouhyou_detail_004_kani=true&JigyosyoCd=0471501916-00&ServiceCd=430&Type=search", "url2": null }, "geometry": { "type": "Point", "coordinates": [ 141.019088560466002, 38.599041204093766 ] } },
{ "type": "Feature", "properties": { "内容": "セントケア大崎【居宅介護支援】宮城県大崎市古川大宮二丁目1番23号", "url": "https://www.kaigokensaku.mhlw.go.jp/04/index.php?action_kouhyou_detail_004_kani=true&JigyosyoCd=0471501494-00&ServiceCd=430&Type=search", "url2": "http://www.saint-care.com" }, "geometry": { "type": "Point", "coordinates": [ 140.954099853691872, 38.583552594464976 ] } },
{ "type": "Feature", "properties": { "内容": "川渡介護サービス【居宅介護支援】宮城県大崎市鳴子温泉字石ノ梅33番地", "url": "https://www.kaigokensaku.mhlw.go.jp/04/index.php?action_kouhyou_detail_004_kani=true&JigyosyoCd=0471500801-00&ServiceCd=430&Type=search", "url2": "https://www.kamitamatsukurifukushikai.or.jp" }, "geometry": { "type": "Point", "coordinates": [ 140.757813599999963, 38.7311286 ] } },
{ "type": "Feature", "properties": { "内容": "社会福祉法人大崎市社会福祉協議会　大崎西部居宅介護支援事業所【居宅介護支援】宮城県大崎市岩出山字下川原町100番8号", "url": "https://www.kaigokensaku.mhlw.go.jp/04/index.php?action_kouhyou_detail_004_kani=true&JigyosyoCd=0471501023-00&ServiceCd=430&Type=search", "url2": "http://www.osaki-shakyo.com/" }, "geometry": { "type": "Point", "coordinates": [ 140.870930700000031, 38.6559965 ] } },
{ "type": "Feature", "properties": { "内容": "社会福祉法人　大崎福祉会　　ケアプランニングおおさき【居宅介護支援】宮城県大崎市古川下中目字赤山廻51番地", "url": "https://www.kaigokensaku.mhlw.go.jp/04/index.php?action_kouhyou_detail_004_kani=true&JigyosyoCd=0471500371-00&ServiceCd=430&Type=search", "url2": "https://oosaki-home.net" }, "geometry": { "type": "Point", "coordinates": [ 140.9993187, 38.5424287 ] } },
{ "type": "Feature", "properties": { "内容": "居宅介護支援事業所　かがやき【居宅介護支援】宮城県大崎市古川江合本町２丁目2-5介護老人保健施設庭の里内１階", "url": "https://www.kaigokensaku.mhlw.go.jp/04/index.php?action_kouhyou_detail_004_kani=true&JigyosyoCd=0471500470-00&ServiceCd=430&Type=search", "url2": "http://www.tihiro.jp" }, "geometry": { "type": "Point", "coordinates": [ 140.971652899999981, 38.5889538 ] } },
{ "type": "Feature", "properties": { "内容": "まごころケアプラン　結い【居宅介護支援】宮城県大崎市古川字上古川１６５－９", "url": "https://www.kaigokensaku.mhlw.go.jp/04/index.php?action_kouhyou_detail_004_kani=true&JigyosyoCd=0471501908-00&ServiceCd=430&Type=search", "url2": "http://www.showa-taxi.net" }, "geometry": { "type": "Point", "coordinates": [ 140.941289099999949, 38.5889611 ] } },
{ "type": "Feature", "properties": { "内容": "大崎市社会福祉協議会　古川居宅介護支援事業所【居宅介護支援】大崎市古川大宮七丁目2番３号福祉センターおおみや内", "url": "https://www.kaigokensaku.mhlw.go.jp/04/index.php?action_kouhyou_detail_004_kani=true&JigyosyoCd=0471500983-00&ServiceCd=430&Type=search", "url2": "http://www.osaki-shakyo.com/annai/content0076.html" }, "geometry": { "type": "Point", "coordinates": [ 140.9595234, 38.5857067 ] } },
{ "type": "Feature", "properties": { "内容": "福祉施設百才館居宅介護支援事業所【居宅介護支援】宮城県大崎市三本木字大豆坂２４－３", "url": "https://www.kaigokensaku.mhlw.go.jp/04/index.php?action_kouhyou_detail_004_kani=true&JigyosyoCd=0471500652-00&ServiceCd=430&Type=search", "url2": "https://www.eiraku.or.jp/" }, "geometry": { "type": "Point", "coordinates": [ 140.938004747221385, 38.519398445373767 ] } },
{ "type": "Feature", "properties": { "内容": "寿楽苑ケアプランセンター【居宅介護支援】宮城県大崎市古川小野字上蝦沢57番地", "url": "https://www.kaigokensaku.mhlw.go.jp/04/index.php?action_kouhyou_detail_004_kani=true&JigyosyoCd=0471500397-00&ServiceCd=430&Type=search", "url2": "http://o-seishinkai.sakura.ne.jp" }, "geometry": { "type": "Point", "coordinates": [ 140.972378099999986, 38.6348182 ] } },
{ "type": "Feature", "properties": { "内容": "大崎市社会福祉協議会大崎東部居宅介護支援事業所【居宅介護支援】宮城県大崎市鹿島台平渡字上敷19番7号", "url": "https://www.kaigokensaku.mhlw.go.jp/04/index.php?action_kouhyou_detail_004_kani=true&JigyosyoCd=0471501049-00&ServiceCd=430&Type=search", "url2": "http://www.osaki-shakyo.com" }, "geometry": { "type": "Point", "coordinates": [ 141.0895663, 38.4859427 ] } },
{ "type": "Feature", "properties": { "内容": "ケアプランほなみ【居宅介護支援】宮城県大崎市古川休塚字南川原68-10株式会社アルプスビジネスクリエーション古川営業所内", "url": "https://www.kaigokensaku.mhlw.go.jp/04/index.php?action_kouhyou_detail_004_kani=true&JigyosyoCd=0471502039-00&ServiceCd=430&Type=search", "url2": "http://www.alpsbc.co.jp/" }, "geometry": { "type": "Point", "coordinates": [ 140.943717699999979, 38.5636252 ] } },
{ "type": "Feature", "properties": { "内容": "スキップケアプランセンター【居宅介護支援】宮城県大崎市田尻通木字中崎東１０番地１大崎市田尻スキップセンター内", "url": "https://www.kaigokensaku.mhlw.go.jp/04/index.php?action_kouhyou_detail_004_kani=true&JigyosyoCd=0471500868-00&ServiceCd=430&Type=search", "url2": "http://www.tajirifukushikai.com/" }, "geometry": { "type": "Point", "coordinates": [ 141.029491937434386, 38.600442744163239 ] } },
{ "type": "Feature", "properties": { "内容": "ケアプラン　コンシェルジュ【居宅介護支援】宮城県大崎市古川福沼1丁目18-19メモリアルパークB棟202", "url": "https://www.kaigokensaku.mhlw.go.jp/04/index.php?action_kouhyou_detail_004_kani=true&JigyosyoCd=0471502005-00&ServiceCd=430&Type=search", "url2": "https://www.care-concierge.net" }, "geometry": { "type": "Point", "coordinates": [ 140.973644700000023, 38.582113 ] } },
{ "type": "Feature", "properties": { "内容": "SOMPOケア　富谷　居宅介護支援【居宅介護支援】宮城県富谷市日吉台2丁目6-2", "url": "https://www.kaigokensaku.mhlw.go.jp/04/index.php?action_kouhyou_detail_004_kani=true&JigyosyoCd=0471600072-00&ServiceCd=430&Type=search", "url2": "https://www.sompocare.com" }, "geometry": { "type": "Point", "coordinates": [ 140.862814833729544, 38.37455886161505 ] } },
{ "type": "Feature", "properties": { "内容": "ケアプランセンター松の実【居宅介護支援】宮城県富谷市鷹乃杜１丁目３番８号", "url": "https://www.kaigokensaku.mhlw.go.jp/04/index.php?action_kouhyou_detail_004_kani=true&JigyosyoCd=0472701267-00&ServiceCd=430&Type=search", "url2": null }, "geometry": { "type": "Point", "coordinates": [ 140.872269700000061, 38.363493 ] } },
{ "type": "Feature", "properties": { "内容": "いちいの杜介護支援事業所【居宅介護支援】宮城県富谷市富ケ丘二丁目１０番１５号", "url": "https://www.kaigokensaku.mhlw.go.jp/04/index.php?action_kouhyou_detail_004_kani=true&JigyosyoCd=0472700814-00&ServiceCd=430&Type=search", "url2": "http://www.izuminomori.jp" }, "geometry": { "type": "Point", "coordinates": [ 140.868116926983674, 38.363969070908496 ] } },
{ "type": "Feature", "properties": { "内容": "あおい訪問看護ステーション富谷【居宅介護支援】宮城県富谷市富谷一枚沖10", "url": "https://www.kaigokensaku.mhlw.go.jp/04/index.php?action_kouhyou_detail_004_kani=true&JigyosyoCd=0461690026-00&ServiceCd=430&Type=search", "url2": "http://aoi-nurse.com" }, "geometry": { "type": "Point", "coordinates": [ 140.883897599999955, 38.399184 ] } },
{ "type": "Feature", "properties": { "内容": "ケアプランセンター東向陽台【居宅介護支援】宮城県富谷市東向陽台1丁目3-3", "url": "https://www.kaigokensaku.mhlw.go.jp/04/index.php?action_kouhyou_detail_004_kani=true&JigyosyoCd=0472701242-00&ServiceCd=430&Type=search", "url2": "http://www.tender-info.co.jp" }, "geometry": { "type": "Point", "coordinates": [ 140.90577790055201, 38.338544357359602 ] } },
{ "type": "Feature", "properties": { "内容": "居宅介護支援事業所　リーブズ【居宅介護支援】宮城県富谷市成田二丁目1番地の3", "url": "https://www.kaigokensaku.mhlw.go.jp/04/index.php?action_kouhyou_detail_004_kani=true&JigyosyoCd=0472700475-00&ServiceCd=430&Type=search", "url2": "https://www.nakaya-leaves.com" }, "geometry": { "type": "Point", "coordinates": [ 140.8868847, 38.3640041 ] } },
{ "type": "Feature", "properties": { "内容": "ケアプランセンター杜の風【居宅介護支援】宮城県富谷市富谷桜田1番地11", "url": "https://www.kaigokensaku.mhlw.go.jp/04/index.php?action_kouhyou_detail_004_kani=true&JigyosyoCd=0472700301-00&ServiceCd=430&Type=search", "url2": "http://www.eiraku.or.jp" }, "geometry": { "type": "Point", "coordinates": [ 140.900390600000037, 38.396557 ] } },
{ "type": "Feature", "properties": { "内容": "居宅介護支援事業所　成田の里【居宅介護支援】宮城県富谷市成田1丁目5-5", "url": "https://www.kaigokensaku.mhlw.go.jp/04/index.php?action_kouhyou_detail_004_kani=true&JigyosyoCd=0472700905-00&ServiceCd=430&Type=search", "url2": "https://hm-hukushikai.or.jp/free/narita_no_sato" }, "geometry": { "type": "Point", "coordinates": [ 140.894170706745854, 38.363094211724842 ] } },
{ "type": "Feature", "properties": { "内容": "社会福祉法人蔵王町社会福祉協議会【居宅介護支援】宮城県刈田郡蔵王町大字円田字十文字北３番地１", "url": "https://www.kaigokensaku.mhlw.go.jp/04/index.php?action_kouhyou_detail_004_kani=true&JigyosyoCd=0472100015-00&ServiceCd=430&Type=search", "url2": "http://zao-shakyo.net/" }, "geometry": { "type": "Point", "coordinates": [ 140.658605, 38.0990221 ] } },
{ "type": "Feature", "properties": { "内容": "在宅複合型施設ざおうの杜【居宅介護支援】宮城県刈田郡蔵王町大字曲竹字道路西８番地１０", "url": "https://www.kaigokensaku.mhlw.go.jp/04/index.php?action_kouhyou_detail_004_kani=true&JigyosyoCd=0472100114-00&ServiceCd=430&Type=search", "url2": "http://care-net.biz/04/zaonomori" }, "geometry": { "type": "Point", "coordinates": [ 140.656114195106539, 38.080988714838945 ] } },
{ "type": "Feature", "properties": { "内容": "七ヶ宿町居宅介護支援センター【居宅介護支援】宮城県刈田郡七ヶ宿町字関９４七ヶ宿町保健センター", "url": "https://www.kaigokensaku.mhlw.go.jp/04/index.php?action_kouhyou_detail_004_kani=true&JigyosyoCd=0472100171-00&ServiceCd=430&Type=search", "url2": null }, "geometry": { "type": "Point", "coordinates": [ 140.440361899999971, 37.995224100000016 ] } },
{ "type": "Feature", "properties": { "内容": "さくら介護支援事業所【居宅介護支援】宮城県柴田郡大河原町字広表３４番地９", "url": "https://www.kaigokensaku.mhlw.go.jp/04/index.php?action_kouhyou_detail_004_kani=true&JigyosyoCd=0472200294-00&ServiceCd=430&Type=search", "url2": "http://www.izuminomori.jp" }, "geometry": { "type": "Point", "coordinates": [ 140.71730822997327, 38.047895872731154 ] } },
{ "type": "Feature", "properties": { "内容": "ニチイケアセンター大河原【居宅介護支援】宮城県柴田郡大河原町字新青川11-12", "url": "https://www.kaigokensaku.mhlw.go.jp/04/index.php?action_kouhyou_detail_004_kani=true&JigyosyoCd=0472200393-00&ServiceCd=430&Type=search", "url2": "http;//www.nichiigakkan.co.jp" }, "geometry": { "type": "Point", "coordinates": [ 140.738422600000035, 38.0625084 ] } },
{ "type": "Feature", "properties": { "内容": "セントケア大河原【居宅介護支援】宮城県柴田郡大河原町字町55番2号サウスロアヴェール店舗101号", "url": "https://www.kaigokensaku.mhlw.go.jp/04/index.php?action_kouhyou_detail_004_kani=true&JigyosyoCd=0472200856-00&ServiceCd=430&Type=search", "url2": "https://www.saint-care.com/tohokumiyagi/" }, "geometry": { "type": "Point", "coordinates": [ 140.730721, 38.0494926 ] } },
{ "type": "Feature", "properties": { "内容": "大河原南介護支援センター【居宅介護支援】宮城県柴田郡大河原町大谷字上谷前220番地3", "url": "https://www.kaigokensaku.mhlw.go.jp/04/index.php?action_kouhyou_detail_004_kani=true&JigyosyoCd=0472200732-00&ServiceCd=430&Type=search", "url2": "http://www.tokiwa-fukushikai.or.jp" }, "geometry": { "type": "Point", "coordinates": [ 140.731466400000045, 38.0310667 ] } },
{ "type": "Feature", "properties": { "内容": "特定非営利活動法人友愛さくら訪問介護事業所【居宅介護支援】宮城県柴田郡大河原町字新南41-5フジサキ館A号室", "url": "https://www.kaigokensaku.mhlw.go.jp/04/index.php?action_kouhyou_detail_004_kani=true&JigyosyoCd=0472201318-00&ServiceCd=430&Type=search", "url2": null }, "geometry": { "type": "Point", "coordinates": [ 140.729433213251696, 38.049176504156414 ] } },
{ "type": "Feature", "properties": { "内容": "南桜介護支援事業所【居宅介護支援】宮城県柴田郡大河原町字南桜町4-14", "url": "https://www.kaigokensaku.mhlw.go.jp/04/index.php?action_kouhyou_detail_004_kani=true&JigyosyoCd=0492200167-00&ServiceCd=430&Type=search", "url2": null }, "geometry": { "type": "Point", "coordinates": [ 140.7417931, 38.0576007 ] } },
{ "type": "Feature", "properties": { "内容": "居宅介護支援事業所ほっとあい【居宅介護支援】宮城県柴田郡大河原町字町279-1", "url": "https://www.kaigokensaku.mhlw.go.jp/04/index.php?action_kouhyou_detail_004_kani=true&JigyosyoCd=0472200328-00&ServiceCd=430&Type=search", "url2": "http://www.hoteye.net/" }, "geometry": { "type": "Point", "coordinates": [ 140.737853735582007, 38.054280506992278 ] } },
{ "type": "Feature", "properties": { "内容": "谷山介護支援センター【居宅介護支援】宮城県柴田郡村田町足立字上ヶ戸17-5", "url": "https://www.kaigokensaku.mhlw.go.jp/04/index.php?action_kouhyou_detail_004_kani=true&JigyosyoCd=0472200013-00&ServiceCd=430&Type=search", "url2": "http://www.hakushokai.com/" }, "geometry": { "type": "Point", "coordinates": [ 140.705337399999962, 38.1364068 ] } },
{ "type": "Feature", "properties": { "内容": "居宅介護支援事業所　あいやま【居宅介護支援】宮城県柴田郡村田町大字村田字相山100-5", "url": "https://www.kaigokensaku.mhlw.go.jp/04/index.php?action_kouhyou_detail_004_kani=true&JigyosyoCd=0472200815-00&ServiceCd=430&Type=search", "url2": "http://www.miyafuku.jp" }, "geometry": { "type": "Point", "coordinates": [ 140.723141899999973, 38.1288611 ] } },
{ "type": "Feature", "properties": { "内容": "居宅介護支援事業所　かすみ草【居宅介護支援】宮城県柴田郡柴田町船岡土手内2丁目14-23", "url": "https://www.kaigokensaku.mhlw.go.jp/04/index.php?action_kouhyou_detail_004_kani=true&JigyosyoCd=0472201474-00&ServiceCd=430&Type=search", "url2": null }, "geometry": { "type": "Point", "coordinates": [ 140.7749254, 38.0611854 ] } },
{ "type": "Feature", "properties": { "内容": "ＳＯＭＰＯケア　柴田　居宅介護支援【居宅介護支援】宮城県柴田郡柴田町船岡南1丁目1番17号", "url": "https://www.kaigokensaku.mhlw.go.jp/04/index.php?action_kouhyou_detail_004_kani=true&JigyosyoCd=0472201441-00&ServiceCd=430&Type=search", "url2": "http://www.sompocare.com/" }, "geometry": { "type": "Point", "coordinates": [ 140.765515300000061, 38.0536075 ] } },
{ "type": "Feature", "properties": { "内容": "ケアプランセンター・クローバー【居宅介護支援】宮城県柴田郡柴田町船岡土手内3丁目9‐15コーポアトラス107号", "url": "https://www.kaigokensaku.mhlw.go.jp/04/index.php?action_kouhyou_detail_004_kani=true&JigyosyoCd=0472201482-00&ServiceCd=430&Type=search", "url2": null }, "geometry": { "type": "Point", "coordinates": [ 140.787258666201154, 38.063054380238682 ] } },
{ "type": "Feature", "properties": { "内容": "かけはし【居宅介護支援】宮城県柴田郡柴田町槻木白幡2丁目10-35", "url": "https://www.kaigokensaku.mhlw.go.jp/04/index.php?action_kouhyou_detail_004_kani=true&JigyosyoCd=0472201151-00&ServiceCd=430&Type=search", "url2": null }, "geometry": { "type": "Point", "coordinates": [ 140.810055618579582, 38.073081522243278 ] } },
{ "type": "Feature", "properties": { "内容": "みやぎ県南医療生活協同組合しばた協同クリニック【居宅介護支援】宮城県柴田郡柴田町船岡新栄四丁目4番地1", "url": "https://www.kaigokensaku.mhlw.go.jp/04/index.php?action_kouhyou_detail_004_kani=true&JigyosyoCd=0412210866-00&ServiceCd=430&Type=search", "url2": "http://business4.plala.or.jp/sibatacp/" }, "geometry": { "type": "Point", "coordinates": [ 140.783058200000028, 38.0519504 ] } },
{ "type": "Feature", "properties": { "内容": "居宅介護支援事業所リハビリパークさくら【居宅介護支援】宮城県柴田郡柴田町船岡新栄6丁目6番地5", "url": "https://www.kaigokensaku.mhlw.go.jp/04/index.php?action_kouhyou_detail_004_kani=true&JigyosyoCd=0472200435-00&ServiceCd=430&Type=search", "url2": "http://www.rehabili-park.com" }, "geometry": { "type": "Point", "coordinates": [ 140.781464, 38.0481201 ] } },
{ "type": "Feature", "properties": { "内容": "柴田介護支援センター【居宅介護支援】宮城県柴田郡柴田町槻木上町1丁目1番32号", "url": "https://www.kaigokensaku.mhlw.go.jp/04/index.php?action_kouhyou_detail_004_kani=true&JigyosyoCd=0472200302-00&ServiceCd=430&Type=search", "url2": null }, "geometry": { "type": "Point", "coordinates": [ 140.813423195970614, 38.079091394724131 ] } },
{ "type": "Feature", "properties": { "内容": "ピース【居宅介護支援】宮城県柴田郡柴田町船岡東二丁目11番23号", "url": "https://www.kaigokensaku.mhlw.go.jp/04/index.php?action_kouhyou_detail_004_kani=true&JigyosyoCd=0472201185-00&ServiceCd=430&Type=search", "url2": null }, "geometry": { "type": "Point", "coordinates": [ 140.774731, 38.058316 ] } },
{ "type": "Feature", "properties": { "内容": "アルパイン川崎【居宅介護支援】宮城県柴田郡川崎町大字前川字北原59-6", "url": "https://www.kaigokensaku.mhlw.go.jp/04/index.php?action_kouhyou_detail_004_kani=true&JigyosyoCd=0452280019-00&ServiceCd=430&Type=search", "url2": "http://www.matsuda-hp.com/" }, "geometry": { "type": "Point", "coordinates": [ 140.629458699999986, 38.1825884 ] } },
{ "type": "Feature", "properties": { "内容": "社会福祉法人　川崎町社会福祉協議会【居宅介護支援】宮城県柴田郡川崎町大字前川字北原23-1川崎町健康福祉センター", "url": "https://www.kaigokensaku.mhlw.go.jp/04/index.php?action_kouhyou_detail_004_kani=true&JigyosyoCd=0472200062-00&ServiceCd=430&Type=search", "url2": "http://www.kawasaki-shakyo.com" }, "geometry": { "type": "Point", "coordinates": [ 140.630178099999966, 38.1821607 ] } },
{ "type": "Feature", "properties": { "内容": "介護老人保健施設　丸森ロイヤルケアセンター【居宅介護支援】宮城県伊具郡丸森町字鳥屋９番２", "url": "https://www.kaigokensaku.mhlw.go.jp/04/index.php?action_kouhyou_detail_004_kani=true&JigyosyoCd=0452380017-00&ServiceCd=430&Type=search", "url2": "http://www.ims.gr.jp/marumori-royal/index.html" }, "geometry": { "type": "Point", "coordinates": [ 140.766114099999982, 37.9132735 ] } },
{ "type": "Feature", "properties": { "内容": "仙南ジェロントピア在宅介護支援センター【居宅介護支援】宮城県伊具郡丸森町舘矢間松掛字宮田67番地", "url": "https://www.kaigokensaku.mhlw.go.jp/04/index.php?action_kouhyou_detail_004_kani=true&JigyosyoCd=0472300029-00&ServiceCd=430&Type=search", "url2": "http://www.welfare-sendai.or.jp/publics/index/23/" }, "geometry": { "type": "Point", "coordinates": [ 140.758911200000057, 37.938162 ] } },
{ "type": "Feature", "properties": { "内容": "あしすと悠【居宅介護支援】宮城県亘理郡亘理町長瀞字鳥飼24-1", "url": "https://www.kaigokensaku.mhlw.go.jp/04/index.php?action_kouhyou_detail_004_kani=true&JigyosyoCd=0472400738-00&ServiceCd=430&Type=search", "url2": null }, "geometry": { "type": "Point", "coordinates": [ 140.850745910286122, 38.020207373943393 ] } },
{ "type": "Feature", "properties": { "内容": "シトラケア居宅介護支援事業所【居宅介護支援】宮城県亘理郡亘理町字道田西66番地6クレールヴィラ102", "url": "https://www.kaigokensaku.mhlw.go.jp/04/index.php?action_kouhyou_detail_004_kani=true&JigyosyoCd=0472400902-00&ServiceCd=430&Type=search", "url2": null }, "geometry": { "type": "Point", "coordinates": [ 140.8598996, 38.0392402 ] } },
{ "type": "Feature", "properties": { "内容": "和多里ホーム介護支援事業所【居宅介護支援】宮城県亘理郡亘理町字裏城戸179-1", "url": "https://www.kaigokensaku.mhlw.go.jp/04/index.php?action_kouhyou_detail_004_kani=true&JigyosyoCd=0472400035-00&ServiceCd=430&Type=search", "url2": null }, "geometry": { "type": "Point", "coordinates": [ 140.859328299999987, 38.029766099999989 ] } },
{ "type": "Feature", "properties": { "内容": "デイサービスセンターしんまち【居宅介護支援】宮城県亘理郡亘理町字新町40", "url": "https://www.kaigokensaku.mhlw.go.jp/04/index.php?action_kouhyou_detail_004_kani=true&JigyosyoCd=0472400514-00&ServiceCd=430&Type=search", "url2": "http://www.jinsenkai.com/" }, "geometry": { "type": "Point", "coordinates": [ 140.8575641, 38.0370402 ] } },
{ "type": "Feature", "properties": { "内容": "居宅介護支援事業所びおら【居宅介護支援】宮城県亘理郡亘理町逢隈下郡字高躰42-16", "url": "https://www.kaigokensaku.mhlw.go.jp/04/index.php?action_kouhyou_detail_004_kani=true&JigyosyoCd=0472400894-00&ServiceCd=430&Type=search", "url2": null }, "geometry": { "type": "Point", "coordinates": [ 140.8566181, 38.0683006 ] } },
{ "type": "Feature", "properties": { "内容": "相談支援センターともケア【居宅介護支援】宮城県亘理郡亘理町吉田字原247番地19", "url": "https://www.kaigokensaku.mhlw.go.jp/04/index.php?action_kouhyou_detail_004_kani=true&JigyosyoCd=0472400803-00&ServiceCd=430&Type=search", "url2": null }, "geometry": { "type": "Point", "coordinates": [ 140.898684600000024, 38.0137027 ] } },
{ "type": "Feature", "properties": { "内容": "社会福祉法人　亘理町社会福祉協議会　指定居宅介護支援事業所【居宅介護支援】宮城県亘理郡亘理町字旧舘６０－７", "url": "https://www.kaigokensaku.mhlw.go.jp/04/index.php?action_kouhyou_detail_004_kani=true&JigyosyoCd=0472400076-00&ServiceCd=430&Type=search", "url2": "http://www.watarishakyo.or.jp/" }, "geometry": { "type": "Point", "coordinates": [ 140.850828699999965, 38.0344542 ] } },
{ "type": "Feature", "properties": { "内容": "日就苑介護支援センター【居宅介護支援】宮城県亘理郡亘理町字東郷159番地1", "url": "https://www.kaigokensaku.mhlw.go.jp/04/index.php?action_kouhyou_detail_004_kani=true&JigyosyoCd=0472400019-00&ServiceCd=430&Type=search", "url2": "http://www.nissyukai.or.jp/" }, "geometry": { "type": "Point", "coordinates": [ 140.867746904674732, 38.040940630733921 ] } },
{ "type": "Feature", "properties": { "内容": "けいけん荘介護支援センター【居宅介護支援】宮城県亘理郡亘理町逢隈牛袋字境119-1", "url": "https://www.kaigokensaku.mhlw.go.jp/04/index.php?action_kouhyou_detail_004_kani=true&JigyosyoCd=0472400605-00&ServiceCd=430&Type=search", "url2": "http://yunikea.com/" }, "geometry": { "type": "Point", "coordinates": [ 140.882441800000038, 38.0762226 ] } },
{ "type": "Feature", "properties": { "内容": "ほほえみケア【居宅介護支援】宮城県亘理郡亘理町逢隈神宮寺字一郷44-3", "url": "https://www.kaigokensaku.mhlw.go.jp/04/index.php?action_kouhyou_detail_004_kani=true&JigyosyoCd=0472400522-00&ServiceCd=430&Type=search", "url2": null }, "geometry": { "type": "Point", "coordinates": [ 140.864551399999982, 38.0741305 ] } },
{ "type": "Feature", "properties": { "内容": "やまもと風の章居宅介護支援事業所【居宅介護支援】宮城県亘理郡山元町髙瀬字合戦原100-41", "url": "https://www.kaigokensaku.mhlw.go.jp/04/index.php?action_kouhyou_detail_004_kani=true&JigyosyoCd=0472400951-00&ServiceCd=430&Type=search", "url2": null }, "geometry": { "type": "Point", "coordinates": [ 140.8922423, 37.9440202 ] } },
{ "type": "Feature", "properties": { "内容": "指定居宅介護支援事業所ランディング【居宅介護支援】宮城県亘理郡山元町山寺字堤山8番地5", "url": "https://www.kaigokensaku.mhlw.go.jp/04/index.php?action_kouhyou_detail_004_kani=true&JigyosyoCd=0472400225-00&ServiceCd=430&Type=search", "url2": "http://www.ikusikai.jp" }, "geometry": { "type": "Point", "coordinates": [ 140.87121609999997, 37.9634178 ] } },
{ "type": "Feature", "properties": { "内容": "医療法人社団　松村クリニック　やまもとケアプランサービス【居宅介護支援】宮城県亘理郡山元町髙瀬字合戦原54番地2在宅ケアセンターさくら内", "url": "https://www.kaigokensaku.mhlw.go.jp/04/index.php?action_kouhyou_detail_004_kani=true&JigyosyoCd=0472400050-00&ServiceCd=430&Type=search", "url2": null }, "geometry": { "type": "Point", "coordinates": [ 140.894074550262445, 37.946533627777768 ] } },
{ "type": "Feature", "properties": { "内容": "特別養護老人ホームみやま荘　指定居宅介護支援事業所【居宅介護支援】宮城県亘理郡山元町高瀬字合戦原100-40", "url": "https://www.kaigokensaku.mhlw.go.jp/04/index.php?action_kouhyou_detail_004_kani=true&JigyosyoCd=0472400084-00&ServiceCd=430&Type=search", "url2": "http://miyagi-seiwakai.jp/" }, "geometry": { "type": "Point", "coordinates": [ 140.893080402277377, 37.944394105549812 ] } },
{ "type": "Feature", "properties": { "内容": "すみれ居宅介護支援事業所【居宅介護支援】宮城県亘理郡山元町坂元字町44-1", "url": "https://www.kaigokensaku.mhlw.go.jp/04/index.php?action_kouhyou_detail_004_kani=true&JigyosyoCd=0472400753-00&ServiceCd=430&Type=search", "url2": null }, "geometry": { "type": "Point", "coordinates": [ 140.896718299999947, 37.920621 ] } },
{ "type": "Feature", "properties": { "内容": "ライフアップサポート介護相談センター【居宅介護支援】宮城県宮城郡松島町磯崎字白萩163-1", "url": "https://www.kaigokensaku.mhlw.go.jp/04/index.php?action_kouhyou_detail_004_kani=true&JigyosyoCd=0472601053-00&ServiceCd=430&Type=search", "url2": null }, "geometry": { "type": "Point", "coordinates": [ 141.078412152096746, 38.385537807649243 ] } },
{ "type": "Feature", "properties": { "内容": "松島病院訪問看護ステーション居宅介護支援事業所【居宅介護支援】宮城県宮城郡松島町高城字浜1-26", "url": "https://www.kaigokensaku.mhlw.go.jp/04/index.php?action_kouhyou_detail_004_kani=true&JigyosyoCd=0472600196-00&ServiceCd=430&Type=search", "url2": null }, "geometry": { "type": "Point", "coordinates": [ 141.069955336106887, 38.377955050546483 ] } },
{ "type": "Feature", "properties": { "内容": "松島医療生活協同組合　介護相談センター【居宅介護支援】宮城県宮城郡松島町松島字普賢堂1-4まつしまの郷", "url": "https://www.kaigokensaku.mhlw.go.jp/04/index.php?action_kouhyou_detail_004_kani=true&JigyosyoCd=0472600683-00&ServiceCd=430&Type=search", "url2": "http://mmcoop.or.jp" }, "geometry": { "type": "Point", "coordinates": [ 141.063747499999977, 38.3719539 ] } },
{ "type": "Feature", "properties": { "内容": "松島長松園居宅介護支援事業所【居宅介護支援】宮城県宮城郡松島町根廻字上山王6番地27", "url": "https://www.kaigokensaku.mhlw.go.jp/04/index.php?action_kouhyou_detail_004_kani=true&JigyosyoCd=0472600550-00&ServiceCd=430&Type=search", "url2": "http://www.chiganoura.jp/" }, "geometry": { "type": "Point", "coordinates": [ 141.058773699999961, 38.4089548 ] } },
{ "type": "Feature", "properties": { "内容": "松島町社協指定居宅介護支援事業所【居宅介護支援】宮城郡松島町初原字岩清水1-1", "url": "https://www.kaigokensaku.mhlw.go.jp/04/index.php?action_kouhyou_detail_004_kani=true&JigyosyoCd=0472600063-00&ServiceCd=430&Type=search", "url2": "http://r.goope.jp/matsushakyo/" }, "geometry": { "type": "Point", "coordinates": [ 141.056134406329278, 38.39944577042904 ] } },
{ "type": "Feature", "properties": { "内容": "桜の家居宅介護支援事業所【居宅介護支援】宮城県宮城郡松島町高城字町５３-２桜カフェ内", "url": "https://www.kaigokensaku.mhlw.go.jp/04/index.php?action_kouhyou_detail_004_kani=true&JigyosyoCd=0472600485-00&ServiceCd=430&Type=search", "url2": "https://sakuranoie.org" }, "geometry": { "type": "Point", "coordinates": [ 141.069562937911911, 38.384162581329285 ] } },
{ "type": "Feature", "properties": { "内容": "居宅介護支援事業所ひまわりの郷【居宅介護支援】宮城県宮城郡七ヶ浜町遠山5-5-64", "url": "https://www.kaigokensaku.mhlw.go.jp/04/index.php?action_kouhyou_detail_004_kani=true&JigyosyoCd=0472601012-00&ServiceCd=430&Type=search", "url2": "https://www.himawari-7.com/" }, "geometry": { "type": "Point", "coordinates": [ 141.038840419314283, 38.304712007224531 ] } },
{ "type": "Feature", "properties": { "内容": "居宅介護支援事業所　ゆとり【居宅介護支援】宮城県宮城郡七ヶ浜町遠山５丁目１２番７７号", "url": "https://www.kaigokensaku.mhlw.go.jp/04/index.php?action_kouhyou_detail_004_kani=true&JigyosyoCd=0472600972-00&ServiceCd=430&Type=search", "url2": null }, "geometry": { "type": "Point", "coordinates": [ 141.038473599999946, 38.3041006 ] } },
{ "type": "Feature", "properties": { "内容": "七ヶ浜海の宮居宅介護支援事業所【居宅介護支援】宮城県宮城郡七ヶ浜町東宮浜字前畑10番", "url": "https://www.kaigokensaku.mhlw.go.jp/04/index.php?action_kouhyou_detail_004_kani=true&JigyosyoCd=0472600659-00&ServiceCd=430&Type=search", "url2": "https://uminomiya.com" }, "geometry": { "type": "Point", "coordinates": [ 141.056441, 38.31055 ] } },
{ "type": "Feature", "properties": { "内容": "利府仙台ロイヤルケアセンター【居宅介護支援】宮城県宮城郡利府町新中道二丁目1-1", "url": "https://www.kaigokensaku.mhlw.go.jp/04/index.php?action_kouhyou_detail_004_kani=true&JigyosyoCd=0452680028-00&ServiceCd=430&Type=search", "url2": "http://www.ims.gr.jp/rifuroyalcare/" }, "geometry": { "type": "Point", "coordinates": [ 140.975114299999973, 38.3254122 ] } },
{ "type": "Feature", "properties": { "内容": "加瀬ウェルネスタウン　指定居宅介護支援事業所【居宅介護支援】宮城県宮城郡利府町加瀬字北窪16番1", "url": "https://www.kaigokensaku.mhlw.go.jp/04/index.php?action_kouhyou_detail_004_kani=true&JigyosyoCd=0472600428-00&ServiceCd=430&Type=search", "url2": "https://kase-wellnesstown.com/" }, "geometry": { "type": "Point", "coordinates": [ 140.981342, 38.3203575 ] } },
{ "type": "Feature", "properties": { "内容": "居宅介護支援ふれあいホームひなたぼっこ【居宅介護支援】宮城県宮城郡利府町花園三丁目5番地18", "url": "https://www.kaigokensaku.mhlw.go.jp/04/index.php?action_kouhyou_detail_004_kani=true&JigyosyoCd=0472600949-00&ServiceCd=430&Type=search", "url2": null }, "geometry": { "type": "Point", "coordinates": [ 140.976138200000037, 38.3400856 ] } },
{ "type": "Feature", "properties": { "内容": "利府中央居宅介護支援事業所【居宅介護支援】宮城県宮城郡利府町中央二丁目８番地１", "url": "https://www.kaigokensaku.mhlw.go.jp/04/index.php?action_kouhyou_detail_004_kani=true&JigyosyoCd=0472600907-00&ServiceCd=430&Type=search", "url2": null }, "geometry": { "type": "Point", "coordinates": [ 140.981285699999944, 38.3292065 ] } },
{ "type": "Feature", "properties": { "内容": "壱ノ町介護支援センター【居宅介護支援】宮城県宮城郡利府町赤沼字大貝９３番地１", "url": "https://www.kaigokensaku.mhlw.go.jp/04/index.php?action_kouhyou_detail_004_kani=true&JigyosyoCd=0472600766-00&ServiceCd=430&Type=search", "url2": "http://shiogama-haginosato.jp/" }, "geometry": { "type": "Point", "coordinates": [ 141.027268685597164, 38.366241814870861 ] } },
{ "type": "Feature", "properties": { "内容": "利府町社会福祉協議会指定居宅介護支援事業所【居宅介護支援】宮城県宮城郡利府町青葉台1丁目32番地　(利府町保健福祉センター内)", "url": "https://www.kaigokensaku.mhlw.go.jp/04/index.php?action_kouhyou_detail_004_kani=true&JigyosyoCd=0472600097-00&ServiceCd=430&Type=search", "url2": "https://rifu-shakyo.com/" }, "geometry": { "type": "Point", "coordinates": [ 140.96950710752435, 38.333614867900707 ] } },
{ "type": "Feature", "properties": { "内容": "希望の杜指定居宅介護支援事業所【居宅介護支援】宮城県黒川郡大和町吉田字新要害１０番地", "url": "https://www.kaigokensaku.mhlw.go.jp/04/index.php?action_kouhyou_detail_004_kani=true&JigyosyoCd=0472700145-00&ServiceCd=430&Type=search", "url2": "http://www.izuminomori.jp" }, "geometry": { "type": "Point", "coordinates": [ 140.880479499999979, 38.4339985 ] } },
{ "type": "Feature", "properties": { "内容": "居宅介護支援事業所原っぱ【居宅介護支援】黒川郡大和町吉岡字南白鳥37-3", "url": "https://www.kaigokensaku.mhlw.go.jp/04/index.php?action_kouhyou_detail_004_kani=true&JigyosyoCd=0472701390-00&ServiceCd=430&Type=search", "url2": null }, "geometry": { "type": "Point", "coordinates": [ 140.905263600000012, 38.4383508 ] } },
{ "type": "Feature", "properties": { "内容": "まほろばの里たいわ指定居宅介護支援事業所【居宅介護支援】宮城県黒川郡大和町吉岡まほろば2丁目2番地の4", "url": "https://www.kaigokensaku.mhlw.go.jp/04/index.php?action_kouhyou_detail_004_kani=true&JigyosyoCd=0472701192-00&ServiceCd=430&Type=search", "url2": "https://mahoroba-swc.or.jp/" }, "geometry": { "type": "Point", "coordinates": [ 140.877446299999974, 38.4369815 ] } },
{ "type": "Feature", "properties": { "内容": "野のゆりホ－ムケアプランセンタ－【居宅介護支援】宮城県黒川郡大和町宮床字中野40－2", "url": "https://www.kaigokensaku.mhlw.go.jp/04/index.php?action_kouhyou_detail_004_kani=true&JigyosyoCd=0472700731-00&ServiceCd=430&Type=search", "url2": "https://www.nonoyuri.or.jp" }, "geometry": { "type": "Point", "coordinates": [ 140.851204958999688, 38.409178358506793 ] } },
{ "type": "Feature", "properties": { "内容": "ケアプラン七ツの森【居宅介護支援】宮城県黒川郡大和町宮床字森ノ腰132", "url": "https://www.kaigokensaku.mhlw.go.jp/04/index.php?action_kouhyou_detail_004_kani=true&JigyosyoCd=0472701184-00&ServiceCd=430&Type=search", "url2": "http://ritsuwa.com" }, "geometry": { "type": "Point", "coordinates": [ 140.852902800000038, 38.4122066 ] } },
{ "type": "Feature", "properties": { "内容": "公立黒川病院【居宅介護支援】宮城県黒川郡大和町吉岡字西桧木６０", "url": "https://www.kaigokensaku.mhlw.go.jp/04/index.php?action_kouhyou_detail_004_kani=true&JigyosyoCd=0412710360-00&ServiceCd=430&Type=search", "url2": "http://www.jadecom.or.jp/jadecomhp/kurokawa/html" }, "geometry": { "type": "Point", "coordinates": [ 140.88931720000005, 38.4374287 ] } },
{ "type": "Feature", "properties": { "内容": "羽生の丘居宅介護支援事業所【居宅介護支援】宮城県黒川郡大郷町羽生字蒲ヶ沢50番地の1介護老人保健施設　羽生の丘オーベルジュ内", "url": "https://www.kaigokensaku.mhlw.go.jp/04/index.php?action_kouhyou_detail_004_kani=true&JigyosyoCd=0472700434-00&ServiceCd=430&Type=search", "url2": "http://syunkoukai.jp/auberge.goodleaf.jp/index.html" }, "geometry": { "type": "Point", "coordinates": [ 141.015302199999951, 38.424535 ] } },
{ "type": "Feature", "properties": { "内容": "永楽会おもいやりセンター居宅介護支援事業所【居宅介護支援】宮城県黒川郡大郷町大松沢字鶴田山４２－２", "url": "https://www.kaigokensaku.mhlw.go.jp/04/index.php?action_kouhyou_detail_004_kani=true&JigyosyoCd=0472700483-00&ServiceCd=430&Type=search", "url2": "http://www.eiraku.or.jp" }, "geometry": { "type": "Point", "coordinates": [ 141.0072404, 38.4554199 ] } },
{ "type": "Feature", "properties": { "内容": "けあぷらんはうすラーダークリパ【居宅介護支援】宮城県黒川郡大衡村大瓜字長町158", "url": "https://www.kaigokensaku.mhlw.go.jp/04/index.php?action_kouhyou_detail_004_kani=true&JigyosyoCd=0472701374-00&ServiceCd=430&Type=search", "url2": null }, "geometry": { "type": "Point", "coordinates": [ 140.84689, 38.4769077 ] } },
{ "type": "Feature", "properties": { "内容": "大衡村社会福祉協議会居宅介護支援事業所【居宅介護支援】宮城県黒川郡大衡村大衡字平林62番地", "url": "https://www.kaigokensaku.mhlw.go.jp/04/index.php?action_kouhyou_detail_004_kani=true&JigyosyoCd=0472700525-00&ServiceCd=430&Type=search", "url2": "http://shakyo-oohira.com" }, "geometry": { "type": "Point", "coordinates": [ 140.880450500000052, 38.4665731 ] } },
{ "type": "Feature", "properties": { "内容": "ｹｱﾌﾟﾗﾝﾆﾝｸﾞ希望館【居宅介護支援】宮城県加美郡色麻町四竃字瀧118番地1", "url": "https://www.kaigokensaku.mhlw.go.jp/04/index.php?action_kouhyou_detail_004_kani=true&JigyosyoCd=0472800754-00&ServiceCd=430&Type=search", "url2": null }, "geometry": { "type": "Point", "coordinates": [ 140.8504663, 38.5503668 ] } },
{ "type": "Feature", "properties": { "内容": "色麻社協ケアセンター【居宅介護支援】宮城県加美郡色麻町四竃字杉成27番地2", "url": "https://www.kaigokensaku.mhlw.go.jp/04/index.php?action_kouhyou_detail_004_kani=true&JigyosyoCd=0472800382-00&ServiceCd=430&Type=search", "url2": "http://www.shakyo.or.jp/hp/287/" }, "geometry": { "type": "Point", "coordinates": [ 140.850927299999967, 38.551825 ] } },
{ "type": "Feature", "properties": { "内容": "ケアプランニングえん【居宅介護支援】宮城県加美郡加美町字南寺宿５９番地１", "url": "https://www.kaigokensaku.mhlw.go.jp/04/index.php?action_kouhyou_detail_004_kani=true&JigyosyoCd=0472800770-00&ServiceCd=430&Type=search", "url2": "https://careplan.studio.site/" }, "geometry": { "type": "Point", "coordinates": [ 140.7830448, 38.5767439 ] } },
{ "type": "Feature", "properties": { "内容": "やくらい介護サービス【居宅介護支援】宮城県加美郡加美町字中原南143番地", "url": "https://www.kaigokensaku.mhlw.go.jp/04/index.php?action_kouhyou_detail_004_kani=true&JigyosyoCd=0472800135-00&ServiceCd=430&Type=search", "url2": "https://www.kamitamatsukurifukushikai.or.jp/" }, "geometry": { "type": "Point", "coordinates": [ 140.782019, 38.579677 ] } },
{ "type": "Feature", "properties": { "内容": "加美町社協ケアサポートセンター【居宅介護支援】宮城県加美郡加美町字大門110-1", "url": "https://www.kaigokensaku.mhlw.go.jp/04/index.php?action_kouhyou_detail_004_kani=true&JigyosyoCd=0472800390-00&ServiceCd=430&Type=search", "url2": "http://www.shakyo.or.jp/hp/288/" }, "geometry": { "type": "Point", "coordinates": [ 140.861611900000071, 38.5693926 ] } },
{ "type": "Feature", "properties": { "内容": "ゆうらいふ居宅介護支援サービス【居宅介護支援】宮城県遠田郡涌谷町涌谷字新下町浦192", "url": "https://www.kaigokensaku.mhlw.go.jp/04/index.php?action_kouhyou_detail_004_kani=true&JigyosyoCd=0473100550-00&ServiceCd=430&Type=search", "url2": "http://www.wakuya-sfk.net/youlife" }, "geometry": { "type": "Point", "coordinates": [ 141.141148700000031, 38.5394129 ] } },
{ "type": "Feature", "properties": { "内容": "ケアサポート　エルダー【居宅介護支援】宮城県遠田郡涌谷町字渋江１７番地１", "url": "https://www.kaigokensaku.mhlw.go.jp/04/index.php?action_kouhyou_detail_004_kani=true&JigyosyoCd=0473100899-00&ServiceCd=430&Type=search", "url2": null }, "geometry": { "type": "Point", "coordinates": [ 141.122336899999937, 38.541662 ] } },
{ "type": "Feature", "properties": { "内容": "ケアプランセンターひざし【居宅介護支援】宮城県遠田郡涌谷町字桑木荒57番地1", "url": "https://www.kaigokensaku.mhlw.go.jp/04/index.php?action_kouhyou_detail_004_kani=true&JigyosyoCd=0473101137-00&ServiceCd=430&Type=search", "url2": null }, "geometry": { "type": "Point", "coordinates": [ 141.124478, 38.5328158 ] } },
{ "type": "Feature", "properties": { "内容": "涌谷町老人保健施設ケアプランセンターさくらの苑【居宅介護支援】宮城県遠田郡涌谷町涌谷字中江南278", "url": "https://www.kaigokensaku.mhlw.go.jp/04/index.php?action_kouhyou_detail_004_kani=true&JigyosyoCd=0473101145-00&ServiceCd=430&Type=search", "url2": "http://www.town.wakuya.miyagi.jp/kenko/kenko/hospital/kaigo/rouken.html" }, "geometry": { "type": "Point", "coordinates": [ 141.149493500000062, 38.5392185 ] } },
{ "type": "Feature", "properties": { "内容": "みさとの杜翔裕園居宅介護支援事業所【居宅介護支援】宮城県遠田郡美里町駅東二丁目17番5", "url": "https://www.kaigokensaku.mhlw.go.jp/04/index.php?action_kouhyou_detail_004_kani=true&JigyosyoCd=0473100949-00&ServiceCd=430&Type=search", "url2": "http://www.morinomura.com/" }, "geometry": { "type": "Point", "coordinates": [ 141.070065399999976, 38.5413583 ] } },
{ "type": "Feature", "properties": { "内容": "ポプラケアプランセンター【居宅介護支援】宮城県遠田郡美里町牛飼字牛飼38-1", "url": "https://www.kaigokensaku.mhlw.go.jp/04/index.php?action_kouhyou_detail_004_kani=true&JigyosyoCd=0473100592-00&ServiceCd=430&Type=search", "url2": "http://popura-jp.com" }, "geometry": { "type": "Point", "coordinates": [ 141.048975299999938, 38.5552565 ] } },
{ "type": "Feature", "properties": { "内容": "みさと居宅介護支援事業所【居宅介護支援】宮城県遠田郡美里町中埣字丸池29番地", "url": "https://www.kaigokensaku.mhlw.go.jp/04/index.php?action_kouhyou_detail_004_kani=true&JigyosyoCd=0473100824-00&ServiceCd=430&Type=search", "url2": "http://ritsuwa.com/" }, "geometry": { "type": "Point", "coordinates": [ 141.0578372, 38.5565894 ] } },
{ "type": "Feature", "properties": { "内容": "JA新みやぎふれ愛福祉センター小牛田【居宅介護支援】宮城県遠田郡美里町中埣字夘時3-1", "url": "https://www.kaigokensaku.mhlw.go.jp/04/index.php?action_kouhyou_detail_004_kani=true&JigyosyoCd=0473100253-00&ServiceCd=430&Type=search", "url2": "http://www.ja-shinmiyagi.or.jp" }, "geometry": { "type": "Point", "coordinates": [ 141.03452249999998, 38.5792204 ] } },
{ "type": "Feature", "properties": { "内容": "なんごう在宅介護支援センター【居宅介護支援】宮城県遠田郡美里町木間塚字原田７番地", "url": "https://www.kaigokensaku.mhlw.go.jp/04/index.php?action_kouhyou_detail_004_kani=true&JigyosyoCd=0473100014-00&ServiceCd=430&Type=search", "url2": "http://inahonosato.com/" }, "geometry": { "type": "Point", "coordinates": [ 141.1333684, 38.4901935 ] } },
{ "type": "Feature", "properties": { "内容": "ケアトラスト美里【居宅介護支援】宮城県遠田郡美里町北浦字船入２－７７セリーヌ弐番館２０３号室", "url": "https://www.kaigokensaku.mhlw.go.jp/04/index.php?action_kouhyou_detail_004_kani=true&JigyosyoCd=0473101277-00&ServiceCd=430&Type=search", "url2": null }, "geometry": { "type": "Point", "coordinates": [ 141.058287913630636, 38.541400037581347 ] } },
{ "type": "Feature", "properties": { "内容": "女川町地域医療センター居宅介護支援事業所【居宅介護支援】宮城県牡鹿郡女川町鷲神浜字堀切山107番地1", "url": "https://www.kaigokensaku.mhlw.go.jp/04/index.php?action_kouhyou_detail_004_kani=true&JigyosyoCd=0473500205-00&ServiceCd=430&Type=search", "url2": "http://onagawahp.jadecom.or.jp" }, "geometry": { "type": "Point", "coordinates": [ 141.445232499999946, 38.4434142 ] } },
{ "type": "Feature", "properties": { "内容": "ケアプランセンター　慈恵園【居宅介護支援】宮城県本吉郡南三陸町入谷字童子下159番地2", "url": "https://www.kaigokensaku.mhlw.go.jp/04/index.php?action_kouhyou_detail_004_kani=true&JigyosyoCd=0473600484-00&ServiceCd=430&Type=search", "url2": "http://kyokuhokai.jimdo.com/" }, "geometry": { "type": "Point", "coordinates": [ 141.415210900000034, 38.708178 ] } },
{ "type": "Feature", "properties": { "内容": "南三陸居宅介護支援センター【居宅介護支援】宮城県本吉郡南三陸町志津川字天王山38番地152結の里", "url": "https://www.kaigokensaku.mhlw.go.jp/04/index.php?action_kouhyou_detail_004_kani=true&JigyosyoCd=0473600435-00&ServiceCd=430&Type=search", "url2": null }, "geometry": { "type": "Point", "coordinates": [ 141.45791429999997, 38.681390600000029 ] } }
]
}
