{
"type": "FeatureCollection",
"name": "geo_04_小学校",
"crs": { "type": "name", "properties": { "name": "urn:ogc:def:crs:EPSG::6668" } },
"features": [
{ "type": "Feature", "properties": { "P29_001": "04101", "P29_002": "B104110000017", "P29_003": "16001", "P29_004": "宮城教育大学附属小学校", "P29_005": "宮城県仙台市青葉区上杉6-4-1", "P29_006": "1", "P29_007": "1", "P29_008": "00", "P29_009": null }, "geometry": { "type": "Point", "coordinates": [ 140.875773056505551, 38.27788424662468 ] } },
{ "type": "Feature", "properties": { "P29_001": "04101", "P29_002": "B104221010010", "P29_003": "16001", "P29_004": "仙台市立東二番丁小学校", "P29_005": "宮城県仙台市青葉区一番町2-1-4", "P29_006": "3", "P29_007": "1", "P29_008": "00", "P29_009": null }, "geometry": { "type": "Point", "coordinates": [ 140.874624998739449, 38.259359995807429 ] } },
{ "type": "Feature", "properties": { "P29_001": "04101", "P29_002": "B104221010029", "P29_003": "16001", "P29_004": "仙台市立木町通小学校", "P29_005": "宮城県仙台市青葉区木町通1-7-36", "P29_006": "3", "P29_007": "1", "P29_008": "00", "P29_009": null }, "geometry": { "type": "Point", "coordinates": [ 140.864347004475945, 38.271024999125672 ] } },
{ "type": "Feature", "properties": { "P29_001": "04101", "P29_002": "B104221010038", "P29_003": "16001", "P29_004": "仙台市立立町小学校", "P29_005": "宮城県仙台市青葉区立町8-1", "P29_006": "3", "P29_007": "1", "P29_008": "00", "P29_009": null }, "geometry": { "type": "Point", "coordinates": [ 140.863721842700414, 38.262067496261913 ] } },
{ "type": "Feature", "properties": { "P29_001": "04101", "P29_002": "B104221010047", "P29_003": "16001", "P29_004": "仙台市立東六番丁小学校", "P29_005": "宮城県仙台市青葉区宮町1-2-1", "P29_006": "3", "P29_007": "1", "P29_008": "00", "P29_009": null }, "geometry": { "type": "Point", "coordinates": [ 140.88393342063776, 38.266007867422942 ] } },
{ "type": "Feature", "properties": { "P29_001": "04101", "P29_002": "B104221010056", "P29_003": "16001", "P29_004": "仙台市立片平丁小学校", "P29_005": "宮城県仙台市青葉区片平1-7-1", "P29_006": "3", "P29_007": "1", "P29_008": "00", "P29_009": null }, "geometry": { "type": "Point", "coordinates": [ 140.869038290242457, 38.256075354246867 ] } },
{ "type": "Feature", "properties": { "P29_001": "04101", "P29_002": "B104221010065", "P29_003": "16001", "P29_004": "仙台市立上杉山通小学校", "P29_005": "宮城県仙台市青葉区上杉1-10-1", "P29_006": "3", "P29_007": "1", "P29_008": "00", "P29_009": null }, "geometry": { "type": "Point", "coordinates": [ 140.873700400545601, 38.27127729531923 ] } },
{ "type": "Feature", "properties": { "P29_001": "04101", "P29_002": "B104221010074", "P29_003": "16001", "P29_004": "仙台市立通町小学校", "P29_005": "宮城県仙台市青葉区通町1-1-1", "P29_006": "3", "P29_007": "1", "P29_008": "00", "P29_009": null }, "geometry": { "type": "Point", "coordinates": [ 140.863078832516663, 38.276575448129911 ] } },
{ "type": "Feature", "properties": { "P29_001": "04101", "P29_002": "B104221010083", "P29_003": "16001", "P29_004": "仙台市立八幡小学校", "P29_005": "宮城県仙台市青葉区八幡2-9-1", "P29_006": "3", "P29_007": "1", "P29_008": "00", "P29_009": null }, "geometry": { "type": "Point", "coordinates": [ 140.853236998231182, 38.271579997360853 ] } },
{ "type": "Feature", "properties": { "P29_001": "04101", "P29_002": "B104221010092", "P29_003": "16001", "P29_004": "仙台市立旭丘小学校", "P29_005": "宮城県仙台市青葉区旭ヶ丘3-27-1", "P29_006": "3", "P29_007": "1", "P29_008": "00", "P29_009": null }, "geometry": { "type": "Point", "coordinates": [ 140.885325185319886, 38.296928010700391 ] } },
{ "type": "Feature", "properties": { "P29_001": "04101", "P29_002": "B104221010109", "P29_003": "16001", "P29_004": "仙台市立北六番丁小学校", "P29_005": "宮城県仙台市青葉区宮町4-4-17", "P29_006": "3", "P29_007": "1", "P29_008": "00", "P29_009": null }, "geometry": { "type": "Point", "coordinates": [ 140.882462467061799, 38.2762093206318 ] } },
{ "type": "Feature", "properties": { "P29_001": "04101", "P29_002": "B104221010118", "P29_003": "16001", "P29_004": "仙台市立小松島小学校", "P29_005": "宮城県仙台市青葉区小松島2-1-1", "P29_006": "3", "P29_007": "1", "P29_008": "00", "P29_009": null }, "geometry": { "type": "Point", "coordinates": [ 140.889070809191594, 38.280891558452915 ] } },
{ "type": "Feature", "properties": { "P29_001": "04101", "P29_002": "B104221010127", "P29_003": "16001", "P29_004": "仙台市立国見小学校", "P29_005": "宮城県仙台市青葉区国見2-16-1", "P29_006": "3", "P29_007": "1", "P29_008": "00", "P29_009": null }, "geometry": { "type": "Point", "coordinates": [ 140.8444633629328, 38.277088178943281 ] } },
{ "type": "Feature", "properties": { "P29_001": "04101", "P29_002": "B104221010136", "P29_003": "16001", "P29_004": "仙台市立荒巻小学校", "P29_005": "宮城県仙台市青葉区荒巻神明町21-1", "P29_006": "3", "P29_007": "1", "P29_008": "00", "P29_009": null }, "geometry": { "type": "Point", "coordinates": [ 140.85684799843267, 38.286577995889061 ] } },
{ "type": "Feature", "properties": { "P29_001": "04101", "P29_002": "B104221010145", "P29_003": "16001", "P29_004": "仙台市立台原小学校", "P29_005": "宮城県仙台市青葉区台原5-16-1", "P29_006": "3", "P29_007": "1", "P29_008": "00", "P29_009": null }, "geometry": { "type": "Point", "coordinates": [ 140.879944164105581, 38.286300506647279 ] } },
{ "type": "Feature", "properties": { "P29_001": "04101", "P29_002": "B104221010154", "P29_003": "16001", "P29_004": "仙台市立中山小学校", "P29_005": "宮城県仙台市青葉区中山1-6-1", "P29_006": "3", "P29_007": "1", "P29_008": "00", "P29_009": null }, "geometry": { "type": "Point", "coordinates": [ 140.849925297606404, 38.291994114803543 ] } },
{ "type": "Feature", "properties": { "P29_001": "04101", "P29_002": "B104221010163", "P29_003": "16001", "P29_004": "仙台市立北仙台小学校", "P29_005": "宮城県仙台市青葉区東勝山3-6-1", "P29_006": "3", "P29_007": "1", "P29_008": "00", "P29_009": null }, "geometry": { "type": "Point", "coordinates": [ 140.86121791852861, 38.297504677403964 ] } },
{ "type": "Feature", "properties": { "P29_001": "04101", "P29_002": "B104221010172", "P29_003": "16001", "P29_004": "仙台市立折立小学校", "P29_005": "宮城県仙台市青葉区折立4-2-1", "P29_006": "3", "P29_007": "1", "P29_008": "00", "P29_009": null }, "geometry": { "type": "Point", "coordinates": [ 140.808223743359946, 38.260519860095215 ] } },
{ "type": "Feature", "properties": { "P29_001": "04101", "P29_002": "B104221010181", "P29_003": "16001", "P29_004": "仙台市立広瀬小学校", "P29_005": "宮城県仙台市青葉区下愛子字二本松40", "P29_006": "3", "P29_007": "1", "P29_008": "00", "P29_009": null }, "geometry": { "type": "Point", "coordinates": [ 140.776511383159431, 38.271819739216831 ] } },
{ "type": "Feature", "properties": { "P29_001": "04101", "P29_002": "B104221010190", "P29_003": "16001", "P29_004": "仙台市立上愛子小学校", "P29_005": "宮城県仙台市青葉区上愛子字白沢14", "P29_006": "3", "P29_007": "1", "P29_008": "00", "P29_009": null }, "geometry": { "type": "Point", "coordinates": [ 140.693434725391825, 38.284985339748616 ] } },
{ "type": "Feature", "properties": { "P29_001": "04101", "P29_002": "B104221010207", "P29_003": "16001", "P29_004": "仙台市立大沢小学校", "P29_005": "宮城県仙台市青葉区芋沢字長坂22", "P29_006": "3", "P29_007": "1", "P29_008": "00", "P29_009": null }, "geometry": { "type": "Point", "coordinates": [ 140.773248995636521, 38.299760998494598 ] } },
{ "type": "Feature", "properties": { "P29_001": "04101", "P29_002": "B104221010216", "P29_003": "16001", "P29_004": "仙台市立川前小学校", "P29_005": "宮城県仙台市青葉区芋沢字赤坂16", "P29_006": "3", "P29_007": "1", "P29_008": "00", "P29_009": null }, "geometry": { "type": "Point", "coordinates": [ 140.747007491957476, 38.290169171016743 ] } },
{ "type": "Feature", "properties": { "P29_001": "04101", "P29_002": "B104221010225", "P29_003": "16001", "P29_004": "仙台市立桜丘小学校", "P29_005": "宮城県仙台市青葉区桜ヶ丘8-1-1", "P29_006": "3", "P29_007": "1", "P29_008": "00", "P29_009": null }, "geometry": { "type": "Point", "coordinates": [ 140.849553332505252, 38.303095673960229 ] } },
{ "type": "Feature", "properties": { "P29_001": "04101", "P29_002": "B104221010234", "P29_003": "16001", "P29_004": "仙台市立川平小学校", "P29_005": "宮城県仙台市青葉区川平3-36-1", "P29_006": "3", "P29_007": "1", "P29_008": "00", "P29_009": null }, "geometry": { "type": "Point", "coordinates": [ 140.837409418644, 38.305660964213303 ] } },
{ "type": "Feature", "properties": { "P29_001": "04101", "P29_002": "B104221010243", "P29_003": "16001", "P29_004": "仙台市立吉成小学校", "P29_005": "宮城県仙台市青葉区吉成1-12-2", "P29_006": "3", "P29_007": "1", "P29_008": "00", "P29_009": null }, "geometry": { "type": "Point", "coordinates": [ 140.825633826146742, 38.290676067740939 ] } },
{ "type": "Feature", "properties": { "P29_001": "04101", "P29_002": "B104221010252", "P29_003": "16001", "P29_004": "仙台市立南吉成小学校", "P29_005": "宮城県仙台市青葉区南吉成5-18-1", "P29_006": "3", "P29_007": "1", "P29_008": "00", "P29_009": null }, "geometry": { "type": "Point", "coordinates": [ 140.813990758686742, 38.291210528086935 ] } },
{ "type": "Feature", "properties": { "P29_001": "04101", "P29_002": "B104221010261", "P29_003": "16001", "P29_004": "仙台市立栗生小学校", "P29_005": "宮城県仙台市青葉区栗生6-6-1", "P29_006": "3", "P29_007": "1", "P29_008": "00", "P29_009": null }, "geometry": { "type": "Point", "coordinates": [ 140.786209001170192, 38.267495999640431 ] } },
{ "type": "Feature", "properties": { "P29_001": "04101", "P29_002": "B104221010270", "P29_003": "16001", "P29_004": "仙台市立木町通小学校東北大学病院分校", "P29_005": "宮城県仙台市青葉区星陵町1-1", "P29_006": "3", "P29_007": "1", "P29_008": "00", "P29_009": null }, "geometry": { "type": "Point", "coordinates": [ 140.861035029615891, 38.272434948064152 ] } },
{ "type": "Feature", "properties": { "P29_001": "04101", "P29_002": "B104221010289", "P29_003": "16001", "P29_004": "仙台市立愛子小学校", "P29_005": "宮城県仙台市青葉区上愛子字新宮前1", "P29_006": "3", "P29_007": "1", "P29_008": "00", "P29_009": null }, "geometry": { "type": "Point", "coordinates": [ 140.758758999011491, 38.268516998137962 ] } },
{ "type": "Feature", "properties": { "P29_001": "04101", "P29_002": "B104221010298", "P29_003": "16001", "P29_004": "仙台市立錦ケ丘小学校", "P29_005": "宮城県仙台市青葉区錦ケ丘7-28-1", "P29_006": "3", "P29_007": "1", "P29_008": "00", "P29_009": null }, "geometry": { "type": "Point", "coordinates": [ 140.761030504881205, 38.256260626305988 ] } },
{ "type": "Feature", "properties": { "P29_001": "04102", "P29_002": "B104221020018", "P29_003": "16001", "P29_004": "仙台市立榴岡小学校", "P29_005": "宮城県仙台市宮城野区榴ケ岡103-2", "P29_006": "3", "P29_007": "1", "P29_008": "00", "P29_009": null }, "geometry": { "type": "Point", "coordinates": [ 140.890717931732212, 38.2616112959033 ] } },
{ "type": "Feature", "properties": { "P29_001": "04102", "P29_002": "B104221020027", "P29_003": "16001", "P29_004": "仙台市立原町小学校", "P29_005": "宮城県仙台市宮城野区原町2-6-1", "P29_006": "3", "P29_007": "1", "P29_008": "00", "P29_009": null }, "geometry": { "type": "Point", "coordinates": [ 140.902967018184739, 38.26659669003881 ] } },
{ "type": "Feature", "properties": { "P29_001": "04102", "P29_002": "B104221020036", "P29_003": "16001", "P29_004": "仙台市立岩切小学校", "P29_005": "宮城県仙台市宮城野区岩切字今市東1-2", "P29_006": "3", "P29_007": "1", "P29_008": "00", "P29_009": null }, "geometry": { "type": "Point", "coordinates": [ 140.942571013045466, 38.29982877781795 ] } },
{ "type": "Feature", "properties": { "P29_001": "04102", "P29_002": "B104221020045", "P29_003": "16001", "P29_004": "仙台市立高砂小学校", "P29_005": "宮城県仙台市宮城野区福田町1-11-1", "P29_006": "3", "P29_007": "1", "P29_008": "00", "P29_009": null }, "geometry": { "type": "Point", "coordinates": [ 140.958272077848562, 38.27359340900378 ] } },
{ "type": "Feature", "properties": { "P29_001": "04102", "P29_002": "B104221020054", "P29_003": "16001", "P29_004": "仙台市立岡田小学校", "P29_005": "宮城県仙台市宮城野区岡田字北在家67", "P29_006": "3", "P29_007": "1", "P29_008": "00", "P29_009": null }, "geometry": { "type": "Point", "coordinates": [ 140.978613547190719, 38.256673774498694 ] } },
{ "type": "Feature", "properties": { "P29_001": "04102", "P29_002": "B104221020063", "P29_003": "16001", "P29_004": "仙台市立東仙台小学校", "P29_005": "宮城県仙台市宮城野区東仙台5-26-1", "P29_006": "3", "P29_007": "1", "P29_008": "00", "P29_009": null }, "geometry": { "type": "Point", "coordinates": [ 140.912570669332496, 38.277523457154025 ] } },
{ "type": "Feature", "properties": { "P29_001": "04102", "P29_002": "B104221020072", "P29_003": "16001", "P29_004": "仙台市立新田小学校", "P29_005": "宮城県仙台市宮城野区新田4-30-1", "P29_006": "3", "P29_007": "1", "P29_008": "00", "P29_009": null }, "geometry": { "type": "Point", "coordinates": [ 140.928596000353622, 38.276206996021649 ] } },
{ "type": "Feature", "properties": { "P29_001": "04102", "P29_002": "B104221020081", "P29_003": "16001", "P29_004": "仙台市立宮城野小学校", "P29_005": "宮城県仙台市宮城野区東宮城野2-1", "P29_006": "3", "P29_007": "1", "P29_008": "00", "P29_009": null }, "geometry": { "type": "Point", "coordinates": [ 140.916041437706269, 38.260829568612884 ] } },
{ "type": "Feature", "properties": { "P29_001": "04102", "P29_002": "B104221020090", "P29_003": "16001", "P29_004": "仙台市立福室小学校", "P29_005": "宮城県仙台市宮城野区福室5-16-1", "P29_006": "3", "P29_007": "1", "P29_008": "00", "P29_009": null }, "geometry": { "type": "Point", "coordinates": [ 140.971726613039948, 38.280357211044581 ] } },
{ "type": "Feature", "properties": { "P29_001": "04102", "P29_002": "B104221020107", "P29_003": "16001", "P29_004": "仙台市立鶴谷小学校", "P29_005": "宮城県仙台市宮城野区鶴ヶ谷3-17", "P29_006": "3", "P29_007": "1", "P29_008": "00", "P29_009": null }, "geometry": { "type": "Point", "coordinates": [ 140.91071764786048, 38.291075441453231 ] } },
{ "type": "Feature", "properties": { "P29_001": "04102", "P29_002": "B104221020116", "P29_003": "16001", "P29_004": "仙台市立幸町小学校", "P29_005": "宮城県仙台市宮城野区幸町2-19-1", "P29_006": "3", "P29_007": "1", "P29_008": "00", "P29_009": null }, "geometry": { "type": "Point", "coordinates": [ 140.897978768224476, 38.276932365056453 ] } },
{ "type": "Feature", "properties": { "P29_001": "04102", "P29_002": "B104221020125", "P29_003": "16001", "P29_004": "仙台市立鶴谷東小学校", "P29_005": "宮城県仙台市宮城野区鶴ヶ谷6-2", "P29_006": "3", "P29_007": "1", "P29_008": "00", "P29_009": null }, "geometry": { "type": "Point", "coordinates": [ 140.919722016483291, 38.29073153580574 ] } },
{ "type": "Feature", "properties": { "P29_001": "04102", "P29_002": "B104221020134", "P29_003": "16001", "P29_004": "仙台市立燕沢小学校", "P29_005": "宮城県仙台市宮城野区燕沢東3-8-1", "P29_006": "3", "P29_007": "1", "P29_008": "00", "P29_009": null }, "geometry": { "type": "Point", "coordinates": [ 140.929639725157358, 38.288432613232771 ] } },
{ "type": "Feature", "properties": { "P29_001": "04102", "P29_002": "B104221020143", "P29_003": "16001", "P29_004": "仙台市立中野栄小学校", "P29_005": "宮城県仙台市宮城野区栄3-12-1", "P29_006": "3", "P29_007": "1", "P29_008": "00", "P29_009": null }, "geometry": { "type": "Point", "coordinates": [ 140.982440544705526, 38.282918651926906 ] } },
{ "type": "Feature", "properties": { "P29_001": "04102", "P29_002": "B104221020152", "P29_003": "16001", "P29_004": "仙台市立枡江小学校", "P29_005": "宮城県仙台市宮城野区枡江15-1", "P29_006": "3", "P29_007": "1", "P29_008": "00", "P29_009": null }, "geometry": { "type": "Point", "coordinates": [ 140.904250978504109, 38.281101924233667 ] } },
{ "type": "Feature", "properties": { "P29_001": "04102", "P29_002": "B104221020161", "P29_003": "16001", "P29_004": "仙台市立鶴巻小学校", "P29_005": "宮城県仙台市宮城野区鶴巻1-15-1", "P29_006": "3", "P29_007": "1", "P29_008": "00", "P29_009": null }, "geometry": { "type": "Point", "coordinates": [ 140.967745899229783, 38.263031971526758 ] } },
{ "type": "Feature", "properties": { "P29_001": "04102", "P29_002": "B104221020170", "P29_003": "16001", "P29_004": "仙台市立東宮城野小学校", "P29_005": "宮城県仙台市宮城野区東宮城野5-1", "P29_006": "3", "P29_007": "1", "P29_008": "00", "P29_009": null }, "geometry": { "type": "Point", "coordinates": [ 140.919491629281424, 38.259239789591739 ] } },
{ "type": "Feature", "properties": { "P29_001": "04102", "P29_002": "B104221020189", "P29_003": "16001", "P29_004": "仙台市立田子小学校", "P29_005": "宮城県仙台市宮城野区田子2-1-1", "P29_006": "3", "P29_007": "1", "P29_008": "00", "P29_009": null }, "geometry": { "type": "Point", "coordinates": [ 140.962315807944037, 38.280021903258216 ] } },
{ "type": "Feature", "properties": { "P29_001": "04102", "P29_002": "B104221020198", "P29_003": "16001", "P29_004": "仙台市立幸町南小学校", "P29_005": "宮城県仙台市宮城野区幸町5-2-1", "P29_006": "3", "P29_007": "1", "P29_008": "00", "P29_009": null }, "geometry": { "type": "Point", "coordinates": [ 140.8994432377919, 38.274080187698573 ] } },
{ "type": "Feature", "properties": { "P29_001": "04102", "P29_002": "B104221020205", "P29_003": "16001", "P29_004": "仙台市立西山小学校", "P29_005": "宮城県仙台市宮城野区燕沢2-23-1", "P29_006": "3", "P29_007": "1", "P29_008": "00", "P29_009": null }, "geometry": { "type": "Point", "coordinates": [ 140.91504563190324, 38.283342196801009 ] } },
{ "type": "Feature", "properties": { "P29_001": "04103", "P29_002": "B104221030016", "P29_003": "16001", "P29_004": "仙台市立南材木町小学校", "P29_005": "宮城県仙台市若林区南材木町84", "P29_006": "3", "P29_007": "1", "P29_008": "00", "P29_009": null }, "geometry": { "type": "Point", "coordinates": [ 140.889475370432422, 38.241216425664724 ] } },
{ "type": "Feature", "properties": { "P29_001": "04103", "P29_002": "B104221030025", "P29_003": "16001", "P29_004": "仙台市立荒町小学校", "P29_005": "宮城県仙台市若林区荒町86", "P29_006": "3", "P29_007": "1", "P29_008": "00", "P29_009": null }, "geometry": { "type": "Point", "coordinates": [ 140.880974979314914, 38.248564069688129 ] } },
{ "type": "Feature", "properties": { "P29_001": "04103", "P29_002": "B104221030034", "P29_003": "16001", "P29_004": "仙台市立連坊小路小学校", "P29_005": "宮城県仙台市若林区連坊1-7-27", "P29_006": "3", "P29_007": "1", "P29_008": "00", "P29_009": null }, "geometry": { "type": "Point", "coordinates": [ 140.888561550250387, 38.252933954881819 ] } },
{ "type": "Feature", "properties": { "P29_001": "04103", "P29_002": "B104221030043", "P29_003": "16001", "P29_004": "仙台市立南小泉小学校", "P29_005": "宮城県仙台市若林区一本杉町17-10", "P29_006": "3", "P29_007": "1", "P29_008": "00", "P29_009": null }, "geometry": { "type": "Point", "coordinates": [ 140.905881161269889, 38.244315904940663 ] } },
{ "type": "Feature", "properties": { "P29_001": "04103", "P29_002": "B104221030052", "P29_003": "16001", "P29_004": "仙台市立六郷小学校", "P29_005": "宮城県仙台市若林区六郷11-11", "P29_006": "3", "P29_007": "1", "P29_008": "00", "P29_009": null }, "geometry": { "type": "Point", "coordinates": [ 140.932940018411671, 38.215375718326491 ] } },
{ "type": "Feature", "properties": { "P29_001": "04103", "P29_002": "B104221030061", "P29_003": "16001", "P29_004": "仙台市立七郷小学校", "P29_005": "宮城県仙台市若林区荒井3-17-1", "P29_006": "3", "P29_007": "1", "P29_008": "00", "P29_009": null }, "geometry": { "type": "Point", "coordinates": [ 140.942078710528108, 38.241025887965399 ] } },
{ "type": "Feature", "properties": { "P29_001": "04103", "P29_002": "B104221030070", "P29_003": "16001", "P29_004": "仙台市立若林小学校", "P29_005": "宮城県仙台市若林区若林4-3-1", "P29_006": "3", "P29_007": "1", "P29_008": "00", "P29_009": null }, "geometry": { "type": "Point", "coordinates": [ 140.899188143288995, 38.229621905118549 ] } },
{ "type": "Feature", "properties": { "P29_001": "04103", "P29_002": "B104221030089", "P29_003": "16001", "P29_004": "仙台市立遠見塚小学校", "P29_005": "宮城県仙台市若林区遠見塚1-22-1", "P29_006": "3", "P29_007": "1", "P29_008": "00", "P29_009": null }, "geometry": { "type": "Point", "coordinates": [ 140.912605409056567, 38.238596190216811 ] } },
{ "type": "Feature", "properties": { "P29_001": "04103", "P29_002": "B104221030098", "P29_003": "16001", "P29_004": "仙台市立大和小学校", "P29_005": "宮城県仙台市若林区大和町3-16-1", "P29_006": "3", "P29_007": "1", "P29_008": "00", "P29_009": null }, "geometry": { "type": "Point", "coordinates": [ 140.917379413965676, 38.246751656895476 ] } },
{ "type": "Feature", "properties": { "P29_001": "04103", "P29_002": "B104221030105", "P29_003": "16001", "P29_004": "仙台市立沖野小学校", "P29_005": "宮城県仙台市若林区沖野3-20-1", "P29_006": "3", "P29_007": "1", "P29_008": "00", "P29_009": null }, "geometry": { "type": "Point", "coordinates": [ 140.913983721852901, 38.225951452382581 ] } },
{ "type": "Feature", "properties": { "P29_001": "04103", "P29_002": "B104221030114", "P29_003": "16001", "P29_004": "仙台市立古城小学校", "P29_005": "宮城県仙台市若林区古城2-1-1", "P29_006": "3", "P29_007": "1", "P29_008": "00", "P29_009": null }, "geometry": { "type": "Point", "coordinates": [ 140.896998882852102, 38.23616949141762 ] } },
{ "type": "Feature", "properties": { "P29_001": "04103", "P29_002": "B104221030123", "P29_003": "16001", "P29_004": "仙台市立蒲町小学校", "P29_005": "宮城県仙台市若林区蒲町41-1", "P29_006": "3", "P29_007": "1", "P29_008": "00", "P29_009": null }, "geometry": { "type": "Point", "coordinates": [ 140.929241285299952, 38.242406322167653 ] } },
{ "type": "Feature", "properties": { "P29_001": "04103", "P29_002": "B104221030132", "P29_003": "16001", "P29_004": "仙台市立沖野東小学校", "P29_005": "宮城県仙台市若林区沖野字高野南89", "P29_006": "3", "P29_007": "1", "P29_008": "00", "P29_009": null }, "geometry": { "type": "Point", "coordinates": [ 140.922626989669169, 38.222549617857645 ] } },
{ "type": "Feature", "properties": { "P29_001": "04103", "P29_002": "B104221030141", "P29_003": "16001", "P29_004": "仙台市立荒井小学校", "P29_005": "宮城県仙台市若林区伊在3-2-1", "P29_006": "3", "P29_007": "1", "P29_008": "00", "P29_009": null }, "geometry": { "type": "Point", "coordinates": [ 140.940594831990722, 38.247740131638793 ] } },
{ "type": "Feature", "properties": { "P29_001": "04104", "P29_002": "B104221040014", "P29_003": "16001", "P29_004": "仙台市立長町小学校", "P29_005": "宮城県仙台市太白区長町4-6-1", "P29_006": "3", "P29_007": "1", "P29_008": "00", "P29_009": null }, "geometry": { "type": "Point", "coordinates": [ 140.88092380850162, 38.232184477946511 ] } },
{ "type": "Feature", "properties": { "P29_001": "04104", "P29_002": "B104221040023", "P29_003": "16001", "P29_004": "仙台市立向山小学校", "P29_005": "宮城県仙台市太白区向山3-19-1", "P29_006": "3", "P29_007": "1", "P29_008": "00", "P29_009": null }, "geometry": { "type": "Point", "coordinates": [ 140.866981976734621, 38.243785912418119 ] } },
{ "type": "Feature", "properties": { "P29_001": "04104", "P29_002": "B104221040032", "P29_003": "16001", "P29_004": "仙台市立西多賀小学校", "P29_005": "宮城県仙台市太白区西多賀2-3-1", "P29_006": "3", "P29_007": "1", "P29_008": "00", "P29_009": null }, "geometry": { "type": "Point", "coordinates": [ 140.858661968824975, 38.219653705158528 ] } },
{ "type": "Feature", "properties": { "P29_001": "04104", "P29_002": "B104221040041", "P29_003": "16001", "P29_004": "仙台市立中田小学校", "P29_005": "宮城県仙台市太白区中田4-1-1", "P29_006": "3", "P29_007": "1", "P29_008": "00", "P29_009": null }, "geometry": { "type": "Point", "coordinates": [ 140.887290766455692, 38.200461691701499 ] } },
{ "type": "Feature", "properties": { "P29_001": "04104", "P29_002": "B104221040050", "P29_003": "16001", "P29_004": "仙台市立四郎丸小学校", "P29_005": "宮城県仙台市太白区四郎丸字吹上6-3", "P29_006": "3", "P29_007": "1", "P29_008": "00", "P29_009": null }, "geometry": { "type": "Point", "coordinates": [ 140.910773023269257, 38.193710718366717 ] } },
{ "type": "Feature", "properties": { "P29_001": "04104", "P29_002": "B104221040069", "P29_003": "16001", "P29_004": "仙台市立東長町小学校", "P29_005": "宮城県仙台市太白区郡山6-5-1", "P29_006": "3", "P29_007": "1", "P29_008": "00", "P29_009": null }, "geometry": { "type": "Point", "coordinates": [ 140.889172815697719, 38.218932518622942 ] } },
{ "type": "Feature", "properties": { "P29_001": "04104", "P29_002": "B104221040078", "P29_003": "16001", "P29_004": "仙台市立鹿野小学校", "P29_005": "宮城県仙台市太白区鹿野2-9-1", "P29_006": "3", "P29_007": "1", "P29_008": "00", "P29_009": null }, "geometry": { "type": "Point", "coordinates": [ 140.870250455769053, 38.228571663554725 ] } },
{ "type": "Feature", "properties": { "P29_001": "04104", "P29_002": "B104221040087", "P29_003": "16001", "P29_004": "仙台市立生出小学校", "P29_005": "宮城県仙台市太白区茂庭字中の瀬西5-2", "P29_006": "3", "P29_007": "1", "P29_008": "00", "P29_009": null }, "geometry": { "type": "Point", "coordinates": [ 140.788740767068248, 38.220091069818842 ] } },
{ "type": "Feature", "properties": { "P29_001": "04104", "P29_002": "B104221040103", "P29_003": "16001", "P29_004": "仙台市立八本松小学校", "P29_005": "宮城県仙台市太白区八本松1-16-1", "P29_006": "3", "P29_007": "1", "P29_008": "00", "P29_009": null }, "geometry": { "type": "Point", "coordinates": [ 140.897563341123544, 38.225816057991445 ] } },
{ "type": "Feature", "properties": { "P29_001": "04104", "P29_002": "B104221040112", "P29_003": "16001", "P29_004": "仙台市立上野山小学校", "P29_005": "宮城県仙台市太白区上野山1-20-1", "P29_006": "3", "P29_007": "1", "P29_008": "00", "P29_009": null }, "geometry": { "type": "Point", "coordinates": [ 140.829606648118755, 38.226783864058717 ] } },
{ "type": "Feature", "properties": { "P29_001": "04104", "P29_002": "B104221040121", "P29_003": "16001", "P29_004": "仙台市立八木山小学校", "P29_005": "宮城県仙台市太白区八木山本町1-40-1", "P29_006": "3", "P29_007": "1", "P29_008": "00", "P29_009": null }, "geometry": { "type": "Point", "coordinates": [ 140.848270650909427, 38.239579441924207 ] } },
{ "type": "Feature", "properties": { "P29_001": "04104", "P29_002": "B104221040130", "P29_003": "16001", "P29_004": "仙台市立秋保小学校", "P29_005": "宮城県仙台市太白区秋保町長袋字町15", "P29_006": "3", "P29_007": "1", "P29_008": "00", "P29_009": null }, "geometry": { "type": "Point", "coordinates": [ 140.680288357153188, 38.256130944841203 ] } },
{ "type": "Feature", "properties": { "P29_001": "04104", "P29_002": "B104221040149", "P29_003": "16001", "P29_004": "仙台市立湯元小学校", "P29_005": "宮城県仙台市太白区秋保町湯元字湯向29-3", "P29_006": "3", "P29_007": "1", "P29_008": "00", "P29_009": null }, "geometry": { "type": "Point", "coordinates": [ 140.719491996621173, 38.23057100189255 ] } },
{ "type": "Feature", "properties": { "P29_001": "04104", "P29_002": "B104221040158", "P29_003": "16001", "P29_004": "仙台市立馬場小学校", "P29_005": "宮城県仙台市太白区秋保町馬場字町北25", "P29_006": "3", "P29_007": "1", "P29_008": "00", "P29_009": null }, "geometry": { "type": "Point", "coordinates": [ 140.644186284621128, 38.270536058419552 ] } },
{ "type": "Feature", "properties": { "P29_001": "04104", "P29_002": "B104221040167", "P29_003": "16001", "P29_004": "仙台市立金剛沢小学校", "P29_005": "宮城県仙台市太白区金剛沢1-1-1", "P29_006": "3", "P29_007": "1", "P29_008": "00", "P29_009": null }, "geometry": { "type": "Point", "coordinates": [ 140.848620692429421, 38.229292840097429 ] } },
{ "type": "Feature", "properties": { "P29_001": "04104", "P29_002": "B104221040176", "P29_003": "16001", "P29_004": "仙台市立大野田小学校", "P29_005": "宮城県仙台市太白区大野田5-27-2", "P29_006": "3", "P29_007": "1", "P29_008": "00", "P29_009": null }, "geometry": { "type": "Point", "coordinates": [ 140.874881464081398, 38.217175910169502 ] } },
{ "type": "Feature", "properties": { "P29_001": "04104", "P29_002": "B104221040185", "P29_003": "16001", "P29_004": "仙台市立袋原小学校", "P29_005": "宮城県仙台市太白区中田町字法地南4-2", "P29_006": "3", "P29_007": "1", "P29_008": "00", "P29_009": null }, "geometry": { "type": "Point", "coordinates": [ 140.902780872856255, 38.196459500439708 ] } },
{ "type": "Feature", "properties": { "P29_001": "04104", "P29_002": "B104221040194", "P29_003": "16001", "P29_004": "仙台市立八木山南小学校", "P29_005": "宮城県仙台市太白区八木山南5-3-2", "P29_006": "3", "P29_007": "1", "P29_008": "00", "P29_009": null }, "geometry": { "type": "Point", "coordinates": [ 140.831803349974479, 38.234147409063993 ] } },
{ "type": "Feature", "properties": { "P29_001": "04104", "P29_002": "B104221040201", "P29_003": "16001", "P29_004": "仙台市立太白小学校", "P29_005": "宮城県仙台市太白区太白1-5-1", "P29_006": "3", "P29_007": "1", "P29_008": "00", "P29_009": null }, "geometry": { "type": "Point", "coordinates": [ 140.81730256821541, 38.231348182168468 ] } },
{ "type": "Feature", "properties": { "P29_001": "04104", "P29_002": "B104221040210", "P29_003": "16001", "P29_004": "仙台市立芦口小学校", "P29_005": "宮城県仙台市太白区芦の口1-1", "P29_006": "3", "P29_007": "1", "P29_008": "00", "P29_009": null }, "geometry": { "type": "Point", "coordinates": [ 140.855950724687602, 38.230705589544549 ] } },
{ "type": "Feature", "properties": { "P29_001": "04104", "P29_002": "B104221040229", "P29_003": "16001", "P29_004": "仙台市立東四郎丸小学校", "P29_005": "宮城県仙台市太白区四郎丸字昭和北1", "P29_006": "3", "P29_007": "1", "P29_008": "00", "P29_009": null }, "geometry": { "type": "Point", "coordinates": [ 140.92379707164838, 38.193299183806758 ] } },
{ "type": "Feature", "properties": { "P29_001": "04104", "P29_002": "B104221040238", "P29_003": "16001", "P29_004": "仙台市立人来田小学校", "P29_005": "宮城県仙台市太白区人来田1-1-1", "P29_006": "3", "P29_007": "1", "P29_008": "00", "P29_009": null }, "geometry": { "type": "Point", "coordinates": [ 140.809882563366273, 38.224872706685467 ] } },
{ "type": "Feature", "properties": { "P29_001": "04104", "P29_002": "B104221040247", "P29_003": "16001", "P29_004": "仙台市立西中田小学校", "P29_005": "宮城県仙台市太白区西中田7-7-1", "P29_006": "3", "P29_007": "1", "P29_008": "00", "P29_009": null }, "geometry": { "type": "Point", "coordinates": [ 140.876071446960566, 38.192708840318325 ] } },
{ "type": "Feature", "properties": { "P29_001": "04104", "P29_002": "B104221040256", "P29_003": "16001", "P29_004": "仙台市立郡山小学校", "P29_005": "宮城県仙台市太白区郡山字行新田1-1", "P29_006": "3", "P29_007": "1", "P29_008": "00", "P29_009": null }, "geometry": { "type": "Point", "coordinates": [ 140.899638135205663, 38.216448112011285 ] } },
{ "type": "Feature", "properties": { "P29_001": "04104", "P29_002": "B104221040265", "P29_003": "16001", "P29_004": "仙台市立茂庭台小学校", "P29_005": "宮城県仙台市太白区茂庭台4-17-1", "P29_006": "3", "P29_007": "1", "P29_008": "00", "P29_009": null }, "geometry": { "type": "Point", "coordinates": [ 140.783814967985194, 38.237271352114064 ] } },
{ "type": "Feature", "properties": { "P29_001": "04104", "P29_002": "B104221040274", "P29_003": "16001", "P29_004": "仙台市立長町南小学校", "P29_005": "宮城県仙台市太白区長町7-23-1", "P29_006": "3", "P29_007": "1", "P29_008": "00", "P29_009": null }, "geometry": { "type": "Point", "coordinates": [ 140.874074993648406, 38.226106668571568 ] } },
{ "type": "Feature", "properties": { "P29_001": "04104", "P29_002": "B104221040283", "P29_003": "16001", "P29_004": "仙台市立柳生小学校", "P29_005": "宮城県仙台市太白区柳生字台畑100", "P29_006": "3", "P29_007": "1", "P29_008": "00", "P29_009": null }, "geometry": { "type": "Point", "coordinates": [ 140.871791622024148, 38.19875609125863 ] } },
{ "type": "Feature", "properties": { "P29_001": "04104", "P29_002": "B104221040292", "P29_003": "16001", "P29_004": "仙台市立富沢小学校", "P29_005": "宮城県仙台市太白区富沢西4-12-1", "P29_006": "3", "P29_007": "1", "P29_008": "00", "P29_009": null }, "geometry": { "type": "Point", "coordinates": [ 140.862975003447531, 38.209760996165407 ] } },
{ "type": "Feature", "properties": { "P29_001": "04105", "P29_002": "B104221050011", "P29_003": "16001", "P29_004": "仙台市立根白石小学校", "P29_005": "宮城県仙台市泉区根白石字杉下前15", "P29_006": "3", "P29_007": "1", "P29_008": "00", "P29_009": null }, "geometry": { "type": "Point", "coordinates": [ 140.796484693737654, 38.341495178172153 ] } },
{ "type": "Feature", "properties": { "P29_001": "04105", "P29_002": "B104221050020", "P29_003": "16001", "P29_004": "仙台市立実沢小学校", "P29_005": "宮城県仙台市泉区実沢字一本橋20", "P29_006": "3", "P29_007": "9", "P29_008": "00", "P29_009": null }, "geometry": { "type": "Point", "coordinates": [ 140.82180086533242, 38.328831604609263 ] } },
{ "type": "Feature", "properties": { "P29_001": "04105", "P29_002": "B104221050039", "P29_003": "16001", "P29_004": "仙台市立福岡小学校", "P29_005": "宮城県仙台市泉区福岡字堰添10", "P29_006": "3", "P29_007": "1", "P29_008": "00", "P29_009": null }, "geometry": { "type": "Point", "coordinates": [ 140.781849896914196, 38.354303853955756 ] } },
{ "type": "Feature", "properties": { "P29_001": "04105", "P29_002": "B104221050048", "P29_003": "16001", "P29_004": "仙台市立七北田小学校", "P29_005": "宮城県仙台市泉区七北田字東裏90", "P29_006": "3", "P29_007": "1", "P29_008": "00", "P29_009": null }, "geometry": { "type": "Point", "coordinates": [ 140.892618284040367, 38.322983609609928 ] } },
{ "type": "Feature", "properties": { "P29_001": "04105", "P29_002": "B104221050057", "P29_003": "16001", "P29_004": "仙台市立野村小学校", "P29_005": "宮城県仙台市泉区野村字東原前7", "P29_006": "3", "P29_007": "1", "P29_008": "00", "P29_009": null }, "geometry": { "type": "Point", "coordinates": [ 140.861066983624141, 38.325069108750235 ] } },
{ "type": "Feature", "properties": { "P29_001": "04105", "P29_002": "B104221050066", "P29_003": "16001", "P29_004": "仙台市立黒松小学校", "P29_005": "宮城県仙台市泉区黒松3-11-1", "P29_006": "3", "P29_007": "1", "P29_008": "00", "P29_009": null }, "geometry": { "type": "Point", "coordinates": [ 140.885942849654015, 38.30855075937933 ] } },
{ "type": "Feature", "properties": { "P29_001": "04105", "P29_002": "B104221050075", "P29_003": "16001", "P29_004": "仙台市立南光台小学校", "P29_005": "宮城県仙台市泉区南光台7-10-1", "P29_006": "3", "P29_007": "1", "P29_008": "00", "P29_009": null }, "geometry": { "type": "Point", "coordinates": [ 140.900737481224695, 38.300705776252919 ] } },
{ "type": "Feature", "properties": { "P29_001": "04105", "P29_002": "B104221050084", "P29_003": "16001", "P29_004": "仙台市立将監小学校", "P29_005": "宮城県仙台市泉区将監3-10-1", "P29_006": "3", "P29_007": "1", "P29_008": "00", "P29_009": null }, "geometry": { "type": "Point", "coordinates": [ 140.882953828823531, 38.3339385006675 ] } },
{ "type": "Feature", "properties": { "P29_001": "04105", "P29_002": "B104221050093", "P29_003": "16001", "P29_004": "仙台市立向陽台小学校", "P29_005": "宮城県仙台市泉区向陽台5-6-12", "P29_006": "3", "P29_007": "1", "P29_008": "00", "P29_009": null }, "geometry": { "type": "Point", "coordinates": [ 140.898073231326208, 38.335241213503188 ] } },
{ "type": "Feature", "properties": { "P29_001": "04105", "P29_002": "B104221050100", "P29_003": "16001", "P29_004": "仙台市立将監西小学校", "P29_005": "宮城県仙台市泉区将監10-29-1", "P29_006": "3", "P29_007": "1", "P29_008": "00", "P29_009": null }, "geometry": { "type": "Point", "coordinates": [ 140.869621005129062, 38.334906001253458 ] } },
{ "type": "Feature", "properties": { "P29_001": "04105", "P29_002": "B104221050119", "P29_003": "16001", "P29_004": "仙台市立南光台東小学校", "P29_005": "宮城県仙台市泉区南光台東2-16-1", "P29_006": "3", "P29_007": "1", "P29_008": "00", "P29_009": null }, "geometry": { "type": "Point", "coordinates": [ 140.911789282185907, 38.298753930646875 ] } },
{ "type": "Feature", "properties": { "P29_001": "04105", "P29_002": "B104221050128", "P29_003": "16001", "P29_004": "仙台市立高森小学校", "P29_005": "宮城県仙台市泉区高森3-1", "P29_006": "3", "P29_007": "1", "P29_008": "00", "P29_009": null }, "geometry": { "type": "Point", "coordinates": [ 140.845455997678073, 38.340737996829596 ] } },
{ "type": "Feature", "properties": { "P29_001": "04105", "P29_002": "B104221050137", "P29_003": "16001", "P29_004": "仙台市立松森小学校", "P29_005": "宮城県仙台市泉区鶴が丘2-2", "P29_006": "3", "P29_007": "1", "P29_008": "00", "P29_009": null }, "geometry": { "type": "Point", "coordinates": [ 140.919276994852481, 38.319753672328055 ] } },
{ "type": "Feature", "properties": { "P29_001": "04105", "P29_002": "B104221050146", "P29_003": "16001", "P29_004": "仙台市立泉ケ丘小学校", "P29_005": "宮城県仙台市泉区明通4-12-1", "P29_006": "3", "P29_007": "1", "P29_008": "00", "P29_009": null }, "geometry": { "type": "Point", "coordinates": [ 140.861782076007245, 38.356540534145942 ] } },
{ "type": "Feature", "properties": { "P29_001": "04105", "P29_002": "B104221050155", "P29_003": "16001", "P29_004": "仙台市立加茂小学校", "P29_005": "宮城県仙台市泉区加茂4-3", "P29_006": "3", "P29_007": "1", "P29_008": "00", "P29_009": null }, "geometry": { "type": "Point", "coordinates": [ 140.853824294034865, 38.313393882921524 ] } },
{ "type": "Feature", "properties": { "P29_001": "04105", "P29_002": "B104221050164", "P29_003": "16001", "P29_004": "仙台市立将監中央小学校", "P29_005": "宮城県仙台市泉区将監10-3-1", "P29_006": "3", "P29_007": "1", "P29_008": "00", "P29_009": null }, "geometry": { "type": "Point", "coordinates": [ 140.873732978004284, 38.336591461213331 ] } },
{ "type": "Feature", "properties": { "P29_001": "04105", "P29_002": "B104221050173", "P29_003": "16001", "P29_004": "仙台市立長命ヶ丘小学校", "P29_005": "宮城県仙台市泉区長命ヶ丘5-14-1", "P29_006": "3", "P29_007": "1", "P29_008": "00", "P29_009": null }, "geometry": { "type": "Point", "coordinates": [ 140.833578016244502, 38.314898348245649 ] } },
{ "type": "Feature", "properties": { "P29_001": "04105", "P29_002": "B104221050182", "P29_003": "16001", "P29_004": "仙台市立八乙女小学校", "P29_005": "宮城県仙台市泉区松森字不動148", "P29_006": "3", "P29_007": "1", "P29_008": "00", "P29_009": null }, "geometry": { "type": "Point", "coordinates": [ 140.894475759100061, 38.307461591146129 ] } },
{ "type": "Feature", "properties": { "P29_001": "04105", "P29_002": "B104221050191", "P29_003": "16001", "P29_004": "仙台市立鶴が丘小学校", "P29_005": "宮城県仙台市泉区鶴が丘1-350", "P29_006": "3", "P29_007": "1", "P29_008": "00", "P29_009": null }, "geometry": { "type": "Point", "coordinates": [ 140.930240791994862, 38.315976359039048 ] } },
{ "type": "Feature", "properties": { "P29_001": "04105", "P29_002": "B104221050208", "P29_003": "16001", "P29_004": "仙台市立寺岡小学校", "P29_005": "宮城県仙台市泉区寺岡2-14-1", "P29_006": "3", "P29_007": "1", "P29_008": "00", "P29_009": null }, "geometry": { "type": "Point", "coordinates": [ 140.828352643730312, 38.340338521871864 ] } },
{ "type": "Feature", "properties": { "P29_001": "04105", "P29_002": "B104221050217", "P29_003": "16001", "P29_004": "仙台市立南中山小学校", "P29_005": "宮城県仙台市泉区南中山2-24-14", "P29_006": "3", "P29_007": "1", "P29_008": "00", "P29_009": null }, "geometry": { "type": "Point", "coordinates": [ 140.823238933533844, 38.308411897781461 ] } },
{ "type": "Feature", "properties": { "P29_001": "04105", "P29_002": "B104221050226", "P29_003": "16001", "P29_004": "仙台市立虹の丘小学校", "P29_005": "宮城県仙台市泉区虹の丘1-10-1", "P29_006": "3", "P29_007": "1", "P29_008": "00", "P29_009": null }, "geometry": { "type": "Point", "coordinates": [ 140.873033229010616, 38.307897513109886 ] } },
{ "type": "Feature", "properties": { "P29_001": "04105", "P29_002": "B104221050235", "P29_003": "16001", "P29_004": "仙台市立住吉台小学校", "P29_005": "宮城県仙台市泉区住吉台西4-1-1", "P29_006": "3", "P29_007": "1", "P29_008": "00", "P29_009": null }, "geometry": { "type": "Point", "coordinates": [ 140.782339430462201, 38.329526720273456 ] } },
{ "type": "Feature", "properties": { "P29_001": "04105", "P29_002": "B104221050244", "P29_003": "16001", "P29_004": "仙台市立館小学校", "P29_005": "宮城県仙台市泉区館7-1-17", "P29_006": "3", "P29_007": "1", "P29_008": "00", "P29_009": null }, "geometry": { "type": "Point", "coordinates": [ 140.798761525660183, 38.312345090907911 ] } },
{ "type": "Feature", "properties": { "P29_001": "04105", "P29_002": "B104221050253", "P29_003": "16001", "P29_004": "仙台市立高森東小学校", "P29_005": "宮城県仙台市泉区高森7-1-1", "P29_006": "3", "P29_007": "1", "P29_008": "00", "P29_009": null }, "geometry": { "type": "Point", "coordinates": [ 140.855028862873866, 38.339250564656723 ] } },
{ "type": "Feature", "properties": { "P29_001": "04105", "P29_002": "B104221050262", "P29_003": "16001", "P29_004": "仙台市立北中山小学校", "P29_005": "宮城県仙台市泉区北中山2-27-5", "P29_006": "3", "P29_007": "1", "P29_008": "00", "P29_009": null }, "geometry": { "type": "Point", "coordinates": [ 140.815019935688667, 38.315796933352011 ] } },
{ "type": "Feature", "properties": { "P29_001": "04105", "P29_002": "B104221050271", "P29_003": "16001", "P29_004": "仙台市立桂小学校", "P29_005": "宮城県仙台市泉区桂3-1-1", "P29_006": "3", "P29_007": "1", "P29_008": "00", "P29_009": null }, "geometry": { "type": "Point", "coordinates": [ 140.864862158300411, 38.338717934687594 ] } },
{ "type": "Feature", "properties": { "P29_001": "04105", "P29_002": "B104221050280", "P29_003": "16001", "P29_004": "仙台市立市名坂小学校", "P29_005": "宮城県仙台市泉区市名坂字高玉1", "P29_006": "3", "P29_007": "1", "P29_008": "00", "P29_009": null }, "geometry": { "type": "Point", "coordinates": [ 140.890834425177331, 38.317833861854304 ] } },
{ "type": "Feature", "properties": { "P29_001": "04105", "P29_002": "B104221050299", "P29_003": "16001", "P29_004": "仙台市立泉松陵小学校", "P29_005": "宮城県仙台市泉区泉松陵3-35", "P29_006": "3", "P29_007": "1", "P29_008": "00", "P29_009": null }, "geometry": { "type": "Point", "coordinates": [ 140.907265574674341, 38.331190802878481 ] } },
{ "type": "Feature", "properties": { "P29_001": "04202", "P29_002": "B104222020016", "P29_003": "16001", "P29_004": "石巻市立石巻小学校", "P29_005": "宮城県石巻市泉町1-1-2", "P29_006": "3", "P29_007": "1", "P29_008": "00", "P29_009": null }, "geometry": { "type": "Point", "coordinates": [ 141.305414702251738, 38.428925016278804 ] } },
{ "type": "Feature", "properties": { "P29_001": "04202", "P29_002": "B104222020025", "P29_003": "16001", "P29_004": "石巻市立住吉小学校", "P29_005": "宮城県石巻市住吉町2-4-27", "P29_006": "3", "P29_007": "1", "P29_008": "00", "P29_009": null }, "geometry": { "type": "Point", "coordinates": [ 141.312392208045537, 38.437556982046843 ] } },
{ "type": "Feature", "properties": { "P29_001": "04202", "P29_002": "B104222020034", "P29_003": "16001", "P29_004": "石巻市立湊小学校", "P29_005": "宮城県石巻市吉野町1-3-21", "P29_006": "3", "P29_007": "1", "P29_008": "00", "P29_009": null }, "geometry": { "type": "Point", "coordinates": [ 141.316529229817519, 38.427223596743822 ] } },
{ "type": "Feature", "properties": { "P29_001": "04202", "P29_002": "B104222020043", "P29_003": "16001", "P29_004": "石巻市立釜小学校", "P29_005": "宮城県石巻市大街道西2-5-1", "P29_006": "3", "P29_007": "1", "P29_008": "00", "P29_009": null }, "geometry": { "type": "Point", "coordinates": [ 141.273869443178626, 38.432537754996162 ] } },
{ "type": "Feature", "properties": { "P29_001": "04202", "P29_002": "B104222020052", "P29_003": "16001", "P29_004": "石巻市立山下小学校", "P29_005": "宮城県石巻市山下町1-10-10", "P29_006": "3", "P29_007": "1", "P29_008": "00", "P29_009": null }, "geometry": { "type": "Point", "coordinates": [ 141.295883622238449, 38.432380273825309 ] } },
{ "type": "Feature", "properties": { "P29_001": "04202", "P29_002": "B104222020070", "P29_003": "16001", "P29_004": "石巻市立蛇田小学校", "P29_005": "宮城県石巻市蛇田字上中埣97-1", "P29_006": "3", "P29_007": "1", "P29_008": "00", "P29_009": null }, "geometry": { "type": "Point", "coordinates": [ 141.279177007370606, 38.445087483236151 ] } },
{ "type": "Feature", "properties": { "P29_001": "04202", "P29_002": "B104222020089", "P29_003": "16001", "P29_004": "石巻市立渡波小学校", "P29_005": "宮城県石巻市渡波町1-5-22", "P29_006": "3", "P29_007": "1", "P29_008": "00", "P29_009": null }, "geometry": { "type": "Point", "coordinates": [ 141.364551699144897, 38.418557202715327 ] } },
{ "type": "Feature", "properties": { "P29_001": "04202", "P29_002": "B104222020098", "P29_003": "16001", "P29_004": "石巻市立向陽小学校", "P29_005": "宮城県石巻市向陽町4-13-24", "P29_006": "3", "P29_007": "1", "P29_008": "00", "P29_009": null }, "geometry": { "type": "Point", "coordinates": [ 141.278799997259142, 38.452038965104464 ] } },
{ "type": "Feature", "properties": { "P29_001": "04202", "P29_002": "B104222020105", "P29_003": "16001", "P29_004": "石巻市立飯野川小学校", "P29_005": "宮城県石巻市相野谷字旧屋敷56", "P29_006": "3", "P29_007": "1", "P29_008": "00", "P29_009": null }, "geometry": { "type": "Point", "coordinates": [ 141.31725417777497, 38.517506691170496 ] } },
{ "type": "Feature", "properties": { "P29_001": "04202", "P29_002": "B104222020114", "P29_003": "16001", "P29_004": "石巻市立大谷地小学校", "P29_005": "宮城県石巻市小船越字角田16-2", "P29_006": "3", "P29_007": "1", "P29_008": "00", "P29_009": null }, "geometry": { "type": "Point", "coordinates": [ 141.284043593646516, 38.510948859717516 ] } },
{ "type": "Feature", "properties": { "P29_001": "04202", "P29_002": "B104222020123", "P29_003": "16001", "P29_004": "石巻市立二俣小学校", "P29_005": "宮城県石巻市大森字大平6", "P29_006": "3", "P29_007": "1", "P29_008": "00", "P29_009": null }, "geometry": { "type": "Point", "coordinates": [ 141.316850770293598, 38.501614184105676 ] } },
{ "type": "Feature", "properties": { "P29_001": "04202", "P29_002": "B104222020132", "P29_003": "16001", "P29_004": "石巻市立広渕小学校", "P29_005": "宮城県石巻市広渕字町北233", "P29_006": "3", "P29_007": "1", "P29_008": "00", "P29_009": null }, "geometry": { "type": "Point", "coordinates": [ 141.209460465472063, 38.473225480585356 ] } },
{ "type": "Feature", "properties": { "P29_001": "04202", "P29_002": "B104222020141", "P29_003": "16001", "P29_004": "石巻市立須江小学校", "P29_005": "宮城県石巻市須江字代官43", "P29_006": "3", "P29_007": "1", "P29_008": "00", "P29_009": null }, "geometry": { "type": "Point", "coordinates": [ 141.241335569918363, 38.472702563043953 ] } },
{ "type": "Feature", "properties": { "P29_001": "04202", "P29_002": "B104222020150", "P29_003": "16001", "P29_004": "石巻市立北村小学校", "P29_005": "宮城県石巻市北村字幕ケ崎一17", "P29_006": "3", "P29_007": "1", "P29_008": "00", "P29_009": null }, "geometry": { "type": "Point", "coordinates": [ 141.192114820517361, 38.48439836980846 ] } },
{ "type": "Feature", "properties": { "P29_001": "04202", "P29_002": "B104222020169", "P29_003": "16001", "P29_004": "石巻市立前谷地小学校", "P29_005": "宮城県石巻市前谷地字沖埣125", "P29_006": "3", "P29_007": "1", "P29_008": "00", "P29_009": null }, "geometry": { "type": "Point", "coordinates": [ 141.189810846432181, 38.52043176755479 ] } },
{ "type": "Feature", "properties": { "P29_001": "04202", "P29_002": "B104222020178", "P29_003": "16001", "P29_004": "石巻市立和渕小学校", "P29_005": "宮城県石巻市和渕字佐沼川200", "P29_006": "3", "P29_007": "1", "P29_008": "00", "P29_009": null }, "geometry": { "type": "Point", "coordinates": [ 141.225121897082374, 38.525058199588415 ] } },
{ "type": "Feature", "properties": { "P29_001": "04202", "P29_002": "B104222020187", "P29_003": "16001", "P29_004": "石巻市立鹿又小学校", "P29_005": "宮城県石巻市鹿又字矢袋屋敷合31", "P29_006": "3", "P29_007": "1", "P29_008": "00", "P29_009": null }, "geometry": { "type": "Point", "coordinates": [ 141.281840883080378, 38.483831868785501 ] } },
{ "type": "Feature", "properties": { "P29_001": "04202", "P29_002": "B104222020196", "P29_003": "16001", "P29_004": "石巻市立中津山第一小学校", "P29_005": "宮城県石巻市桃生町給人町字東町96", "P29_006": "3", "P29_007": "1", "P29_008": "00", "P29_009": null }, "geometry": { "type": "Point", "coordinates": [ 141.238414544276679, 38.541424257263799 ] } },
{ "type": "Feature", "properties": { "P29_001": "04202", "P29_002": "B104222020203", "P29_003": "16001", "P29_004": "石巻市立中津山第二小学校", "P29_005": "宮城県石巻市桃生町中津山字江下57", "P29_006": "3", "P29_007": "1", "P29_008": "00", "P29_009": null }, "geometry": { "type": "Point", "coordinates": [ 141.24375830582855, 38.561271307943052 ] } },
{ "type": "Feature", "properties": { "P29_001": "04202", "P29_002": "B104222020212", "P29_003": "16001", "P29_004": "石巻市立桃生小学校", "P29_005": "宮城県石巻市桃生町樫崎字高附5", "P29_006": "3", "P29_007": "1", "P29_008": "00", "P29_009": null }, "geometry": { "type": "Point", "coordinates": [ 141.276309641340617, 38.566409329206657 ] } },
{ "type": "Feature", "properties": { "P29_001": "04202", "P29_002": "B104222020221", "P29_003": "16001", "P29_004": "石巻市立鮎川小学校", "P29_005": "宮城県石巻市鮎川浜清崎山1-1", "P29_006": "3", "P29_007": "1", "P29_008": "00", "P29_009": null }, "geometry": { "type": "Point", "coordinates": [ 141.50172365960924, 38.302813967408724 ] } },
{ "type": "Feature", "properties": { "P29_001": "04202", "P29_002": "B104222020230", "P29_003": "16001", "P29_004": "石巻市立大原小学校", "P29_005": "宮城県石巻市大原浜大光寺1", "P29_006": "3", "P29_007": "1", "P29_008": "00", "P29_009": null }, "geometry": { "type": "Point", "coordinates": [ 141.475213261266362, 38.334468085603106 ] } },
{ "type": "Feature", "properties": { "P29_001": "04202", "P29_002": "B104222020249", "P29_003": "16001", "P29_004": "石巻市立寄磯小学校", "P29_005": "宮城県石巻市寄磯浜五梅沢24", "P29_006": "3", "P29_007": "1", "P29_008": "00", "P29_009": null }, "geometry": { "type": "Point", "coordinates": [ 141.523134239507186, 38.391521572798069 ] } },
{ "type": "Feature", "properties": { "P29_001": "04202", "P29_002": "B104222020258", "P29_003": "16001", "P29_004": "石巻市立貞山小学校", "P29_005": "宮城県石巻市貞山5-3-1", "P29_006": "3", "P29_007": "1", "P29_008": "00", "P29_009": null }, "geometry": { "type": "Point", "coordinates": [ 141.28414299266322, 38.437360339097744 ] } },
{ "type": "Feature", "properties": { "P29_001": "04202", "P29_002": "B104222020267", "P29_003": "16001", "P29_004": "石巻市立開北小学校", "P29_005": "宮城県石巻市大橋1-2-1", "P29_006": "3", "P29_007": "1", "P29_008": "00", "P29_009": null }, "geometry": { "type": "Point", "coordinates": [ 141.314295858173693, 38.442984485649013 ] } },
{ "type": "Feature", "properties": { "P29_001": "04202", "P29_002": "B104222020276", "P29_003": "16001", "P29_004": "石巻市立万石浦小学校", "P29_005": "宮城県石巻市渡波字境釜1-1", "P29_006": "3", "P29_007": "1", "P29_008": "00", "P29_009": null }, "geometry": { "type": "Point", "coordinates": [ 141.37428800198478, 38.423800002472262 ] } },
{ "type": "Feature", "properties": { "P29_001": "04202", "P29_002": "B104222020285", "P29_003": "16001", "P29_004": "石巻市立大街道小学校", "P29_005": "宮城県石巻市大街道南1-3-1", "P29_006": "3", "P29_007": "1", "P29_008": "00", "P29_009": null }, "geometry": { "type": "Point", "coordinates": [ 141.282168745821252, 38.428255773510458 ] } },
{ "type": "Feature", "properties": { "P29_001": "04202", "P29_002": "B104222020294", "P29_003": "16001", "P29_004": "石巻市立中里小学校", "P29_005": "宮城県石巻市中里5-7-1", "P29_006": "3", "P29_007": "1", "P29_008": "00", "P29_009": null }, "geometry": { "type": "Point", "coordinates": [ 141.297291255616756, 38.444054151540946 ] } },
{ "type": "Feature", "properties": { "P29_001": "04202", "P29_002": "B104222020301", "P29_003": "16001", "P29_004": "石巻市立稲井小学校", "P29_005": "宮城県石巻市真野字八の坪116-1", "P29_006": "3", "P29_007": "1", "P29_008": "00", "P29_009": null }, "geometry": { "type": "Point", "coordinates": [ 141.35716289062961, 38.448104232319146 ] } },
{ "type": "Feature", "properties": { "P29_001": "04202", "P29_002": "B104222020310", "P29_003": "16001", "P29_004": "石巻市立鹿妻小学校", "P29_005": "宮城県石巻市鹿妻北2-2-1", "P29_006": "3", "P29_007": "1", "P29_008": "00", "P29_009": null }, "geometry": { "type": "Point", "coordinates": [ 141.346412327899657, 38.423764520451272 ] } },
{ "type": "Feature", "properties": { "P29_001": "04202", "P29_002": "B104222020329", "P29_003": "16001", "P29_004": "石巻市立北上小学校", "P29_005": "宮城県石巻市北上町十三浜字小田93-4", "P29_006": "3", "P29_007": "1", "P29_008": "00", "P29_009": null }, "geometry": { "type": "Point", "coordinates": [ 141.425536514955979, 38.568683513638732 ] } },
{ "type": "Feature", "properties": { "P29_001": "04202", "P29_002": "B104222020338", "P29_003": "16001", "P29_004": "石巻市立雄勝小学校", "P29_005": "宮城県石巻市雄勝町大浜字小滝浜2-2", "P29_006": "3", "P29_007": "1", "P29_008": "00", "P29_009": null }, "geometry": { "type": "Point", "coordinates": [ 141.504188871890477, 38.51248929845638 ] } },
{ "type": "Feature", "properties": { "P29_001": "04203", "P29_002": "B104222030014", "P29_003": "16001", "P29_004": "塩竈市立第一小学校", "P29_005": "宮城県塩竈市泉ケ岡1-1", "P29_006": "3", "P29_007": "1", "P29_008": "00", "P29_009": null }, "geometry": { "type": "Point", "coordinates": [ 141.015430967175178, 38.315257261522959 ] } },
{ "type": "Feature", "properties": { "P29_001": "04203", "P29_002": "B104222030023", "P29_003": "16001", "P29_004": "塩竈市立第二小学校", "P29_005": "宮城県塩竈市小松崎10-1", "P29_006": "3", "P29_007": "1", "P29_008": "00", "P29_009": null }, "geometry": { "type": "Point", "coordinates": [ 141.020439999171913, 38.324912997799281 ] } },
{ "type": "Feature", "properties": { "P29_001": "04203", "P29_002": "B104222030032", "P29_003": "16001", "P29_004": "塩竈市立第三小学校", "P29_005": "宮城県塩竈市花立町15-1", "P29_006": "3", "P29_007": "1", "P29_008": "00", "P29_009": null }, "geometry": { "type": "Point", "coordinates": [ 141.02060441422941, 38.308789129866184 ] } },
{ "type": "Feature", "properties": { "P29_001": "04203", "P29_002": "B104222030041", "P29_003": "16001", "P29_004": "塩竈市立浦戸小学校", "P29_005": "宮城県塩竈市浦戸野々島字馬越8", "P29_006": "3", "P29_007": "1", "P29_008": "00", "P29_009": null }, "geometry": { "type": "Point", "coordinates": [ 141.116481632021731, 38.339325664244981 ] } },
{ "type": "Feature", "properties": { "P29_001": "04203", "P29_002": "B104222030050", "P29_003": "16001", "P29_004": "塩竈市立月見ヶ丘小学校", "P29_005": "宮城県塩竈市月見ヶ丘2-1", "P29_006": "3", "P29_007": "1", "P29_008": "00", "P29_009": null }, "geometry": { "type": "Point", "coordinates": [ 141.003870680340924, 38.319153120562994 ] } },
{ "type": "Feature", "properties": { "P29_001": "04203", "P29_002": "B104222030069", "P29_003": "16001", "P29_004": "塩竈市立杉の入小学校", "P29_005": "宮城県塩竈市杉の入1-19-1", "P29_006": "3", "P29_007": "1", "P29_008": "00", "P29_009": null }, "geometry": { "type": "Point", "coordinates": [ 141.034791748043574, 38.331196301163075 ] } },
{ "type": "Feature", "properties": { "P29_001": "04203", "P29_002": "B104222030078", "P29_003": "16001", "P29_004": "塩竈市立玉川小学校", "P29_005": "宮城県塩竈市玉川2-9-1", "P29_006": "3", "P29_007": "1", "P29_008": "00", "P29_009": null }, "geometry": { "type": "Point", "coordinates": [ 141.007264987038326, 38.310825299914441 ] } },
{ "type": "Feature", "properties": { "P29_001": "04205", "P29_002": "B104222050019", "P29_003": "16001", "P29_004": "気仙沼市立気仙沼小学校", "P29_005": "宮城県気仙沼市笹が陣3-1", "P29_006": "3", "P29_007": "1", "P29_008": "00", "P29_009": null }, "geometry": { "type": "Point", "coordinates": [ 141.571567449278973, 38.90312453093177 ] } },
{ "type": "Feature", "properties": { "P29_001": "04205", "P29_002": "B104222050028", "P29_003": "16001", "P29_004": "気仙沼市立九条小学校", "P29_005": "宮城県気仙沼市九条327", "P29_006": "3", "P29_007": "1", "P29_008": "00", "P29_009": null }, "geometry": { "type": "Point", "coordinates": [ 141.553198273228475, 38.893903420732968 ] } },
{ "type": "Feature", "properties": { "P29_001": "04205", "P29_002": "B104222050037", "P29_003": "16001", "P29_004": "気仙沼市立松岩小学校", "P29_005": "宮城県気仙沼市松崎五駄鱈5", "P29_006": "3", "P29_007": "1", "P29_008": "00", "P29_009": null }, "geometry": { "type": "Point", "coordinates": [ 141.572461992111585, 38.878552989622143 ] } },
{ "type": "Feature", "properties": { "P29_001": "04205", "P29_002": "B104222050046", "P29_003": "16001", "P29_004": "気仙沼市立鹿折小学校", "P29_005": "宮城県気仙沼市西八幡町54-1", "P29_006": "3", "P29_007": "1", "P29_008": "00", "P29_009": null }, "geometry": { "type": "Point", "coordinates": [ 141.581937505799118, 38.922259216099512 ] } },
{ "type": "Feature", "properties": { "P29_001": "04205", "P29_002": "B104222050055", "P29_003": "16001", "P29_004": "気仙沼市立階上小学校", "P29_005": "宮城県気仙沼市長磯鳥子沢23", "P29_006": "3", "P29_007": "1", "P29_008": "00", "P29_009": null }, "geometry": { "type": "Point", "coordinates": [ 141.57938033356595, 38.842846494008818 ] } },
{ "type": "Feature", "properties": { "P29_001": "04205", "P29_002": "B104222050064", "P29_003": "16001", "P29_004": "気仙沼市立新城小学校", "P29_005": "宮城県気仙沼市茗荷沢239-13", "P29_006": "3", "P29_007": "1", "P29_008": "00", "P29_009": null }, "geometry": { "type": "Point", "coordinates": [ 141.538934804857035, 38.902590943705029 ] } },
{ "type": "Feature", "properties": { "P29_001": "04205", "P29_002": "B104222050073", "P29_003": "16001", "P29_004": "気仙沼市立月立小学校", "P29_005": "宮城県気仙沼市塚沢65", "P29_006": "3", "P29_007": "1", "P29_008": "00", "P29_009": null }, "geometry": { "type": "Point", "coordinates": [ 141.520566576880299, 38.953092352989252 ] } },
{ "type": "Feature", "properties": { "P29_001": "04205", "P29_002": "B104222050082", "P29_003": "16001", "P29_004": "気仙沼市立大島小学校", "P29_005": "宮城県気仙沼市高井40-2", "P29_006": "3", "P29_007": "1", "P29_008": "00", "P29_009": null }, "geometry": { "type": "Point", "coordinates": [ 141.615775980656849, 38.856613173893741 ] } },
{ "type": "Feature", "properties": { "P29_001": "04205", "P29_002": "B104222050091", "P29_003": "16001", "P29_004": "気仙沼市立津谷小学校", "P29_005": "宮城県気仙沼市本吉町津谷松岡126", "P29_006": "3", "P29_007": "1", "P29_008": "00", "P29_009": null }, "geometry": { "type": "Point", "coordinates": [ 141.507180321521275, 38.790403913909131 ] } },
{ "type": "Feature", "properties": { "P29_001": "04205", "P29_002": "B104222050108", "P29_003": "16001", "P29_004": "気仙沼市立小泉小学校", "P29_005": "宮城県気仙沼市本吉町平貝63", "P29_006": "3", "P29_007": "1", "P29_008": "00", "P29_009": null }, "geometry": { "type": "Point", "coordinates": [ 141.506557811353161, 38.766130609587215 ] } },
{ "type": "Feature", "properties": { "P29_001": "04205", "P29_002": "B104222050117", "P29_003": "16001", "P29_004": "気仙沼市立大谷小学校", "P29_005": "宮城県気仙沼市本吉町三島28", "P29_006": "3", "P29_007": "1", "P29_008": "00", "P29_009": null }, "geometry": { "type": "Point", "coordinates": [ 141.562248303355517, 38.81765355284751 ] } },
{ "type": "Feature", "properties": { "P29_001": "04205", "P29_002": "B104222050126", "P29_003": "16001", "P29_004": "気仙沼市立唐桑小学校", "P29_005": "宮城県気仙沼市唐桑町明戸208-6", "P29_006": "3", "P29_007": "1", "P29_008": "00", "P29_009": null }, "geometry": { "type": "Point", "coordinates": [ 141.646565984062477, 38.905682358415014 ] } },
{ "type": "Feature", "properties": { "P29_001": "04205", "P29_002": "B104222050135", "P29_003": "16001", "P29_004": "気仙沼市立中井小学校", "P29_005": "宮城県気仙沼市唐桑町中井134-3", "P29_006": "3", "P29_007": "1", "P29_008": "00", "P29_009": null }, "geometry": { "type": "Point", "coordinates": [ 141.660072388882355, 38.880667008119588 ] } },
{ "type": "Feature", "properties": { "P29_001": "04205", "P29_002": "B104222050144", "P29_003": "16001", "P29_004": "気仙沼市立面瀬小学校", "P29_005": "宮城県気仙沼市松崎下赤田58", "P29_006": "3", "P29_007": "1", "P29_008": "00", "P29_009": null }, "geometry": { "type": "Point", "coordinates": [ 141.573245201100548, 38.866860273568406 ] } },
{ "type": "Feature", "properties": { "P29_001": "04206", "P29_002": "B104222060017", "P29_003": "16001", "P29_004": "白石市立白石第一小学校", "P29_005": "宮城県白石市字半沢屋敷前2-2", "P29_006": "3", "P29_007": "1", "P29_008": "00", "P29_009": null }, "geometry": { "type": "Point", "coordinates": [ 140.622120174920298, 38.009465927679791 ] } },
{ "type": "Feature", "properties": { "P29_001": "04206", "P29_002": "B104222060026", "P29_003": "16001", "P29_004": "白石市立白石第二小学校", "P29_005": "宮城県白石市字白石沖29", "P29_006": "3", "P29_007": "1", "P29_008": "00", "P29_009": null }, "geometry": { "type": "Point", "coordinates": [ 140.623112865811436, 37.998662253135706 ] } },
{ "type": "Feature", "properties": { "P29_001": "04206", "P29_002": "B104222060035", "P29_003": "16001", "P29_004": "白石市立福岡小学校公立刈田綜合病院分校", "P29_005": "宮城県白石市福岡蔵本字下原沖36", "P29_006": "3", "P29_007": "1", "P29_008": "00", "P29_009": null }, "geometry": { "type": "Point", "coordinates": [ 140.609424941927529, 38.011890431229979 ] } },
{ "type": "Feature", "properties": { "P29_001": "04206", "P29_002": "B104222060044", "P29_003": "16001", "P29_004": "白石市立越河小学校", "P29_005": "宮城県白石市越河字丑山下44", "P29_006": "3", "P29_007": "1", "P29_008": "00", "P29_009": null }, "geometry": { "type": "Point", "coordinates": [ 140.59793410840976, 37.921893394611203 ] } },
{ "type": "Feature", "properties": { "P29_001": "04206", "P29_002": "B104222060053", "P29_003": "16001", "P29_004": "白石市立大平小学校", "P29_005": "宮城県白石市大平森合字権現山1", "P29_006": "3", "P29_007": "1", "P29_008": "00", "P29_009": null }, "geometry": { "type": "Point", "coordinates": [ 140.60938100026209, 37.987990001860766 ] } },
{ "type": "Feature", "properties": { "P29_001": "04206", "P29_002": "B104222060062", "P29_003": "16001", "P29_004": "白石市立大鷹沢小学校", "P29_005": "宮城県白石市大鷹沢三沢字5-24-1", "P29_006": "3", "P29_007": "1", "P29_008": "00", "P29_009": null }, "geometry": { "type": "Point", "coordinates": [ 140.645650466876134, 37.985371883326984 ] } },
{ "type": "Feature", "properties": { "P29_001": "04206", "P29_002": "B104222060071", "P29_003": "16001", "P29_004": "白石市立白川小学校", "P29_005": "宮城県白石市白川津田字大淵30", "P29_006": "3", "P29_007": "1", "P29_008": "00", "P29_009": null }, "geometry": { "type": "Point", "coordinates": [ 140.676754467566866, 38.020421889721959 ] } },
{ "type": "Feature", "properties": { "P29_001": "04206", "P29_002": "B104222060080", "P29_003": "16001", "P29_004": "白石市立福岡小学校", "P29_005": "宮城県白石市福岡蔵本字陣場1", "P29_006": "3", "P29_007": "1", "P29_008": "00", "P29_009": null }, "geometry": { "type": "Point", "coordinates": [ 140.615391901873465, 38.012136397197736 ] } },
{ "type": "Feature", "properties": { "P29_001": "04206", "P29_002": "B104222060099", "P29_003": "16001", "P29_004": "白石市立福岡小学校八宮分校", "P29_005": "宮城県白石市福岡八宮字坂の上14-16", "P29_006": "3", "P29_007": "1", "P29_008": "00", "P29_009": null }, "geometry": { "type": "Point", "coordinates": [ 140.585362314324499, 38.041606263989401 ] } },
{ "type": "Feature", "properties": { "P29_001": "04206", "P29_002": "B104222060106", "P29_003": "16001", "P29_004": "白石市立福岡小学校長峰分校", "P29_005": "宮城県白石市福岡蔵本字長峰14", "P29_006": "3", "P29_007": "1", "P29_008": "00", "P29_009": null }, "geometry": { "type": "Point", "coordinates": [ 140.538439905620379, 38.019862224153762 ] } },
{ "type": "Feature", "properties": { "P29_001": "04206", "P29_002": "B104222060115", "P29_003": "16001", "P29_004": "白石市立福岡小学校不忘分校", "P29_005": "宮城県白石市福岡八宮字不忘107", "P29_006": "3", "P29_007": "1", "P29_008": "00", "P29_009": null }, "geometry": { "type": "Point", "coordinates": [ 140.509594282624533, 38.047722077944393 ] } },
{ "type": "Feature", "properties": { "P29_001": "04206", "P29_002": "B104222060124", "P29_003": "16001", "P29_004": "白石市立深谷小学校", "P29_005": "宮城県白石市福岡深谷字松田23", "P29_006": "3", "P29_007": "1", "P29_008": "00", "P29_009": null }, "geometry": { "type": "Point", "coordinates": [ 140.628095816634357, 38.037422790879823 ] } },
{ "type": "Feature", "properties": { "P29_001": "04206", "P29_002": "B104222060133", "P29_003": "16001", "P29_004": "白石市立深谷小学校三住分校", "P29_005": "宮城県白石市福岡深谷字三住70-3", "P29_006": "3", "P29_007": "1", "P29_008": "00", "P29_009": null }, "geometry": { "type": "Point", "coordinates": [ 140.564164933989872, 38.075565198369993 ] } },
{ "type": "Feature", "properties": { "P29_001": "04206", "P29_002": "B104222060142", "P29_003": "16001", "P29_004": "白石市立小原小学校", "P29_005": "宮城県白石市小原字伊勢原道上1", "P29_006": "3", "P29_007": "1", "P29_008": "00", "P29_009": null }, "geometry": { "type": "Point", "coordinates": [ 140.560289043079365, 37.952814866310696 ] } },
{ "type": "Feature", "properties": { "P29_001": "04206", "P29_002": "B104222060151", "P29_003": "16001", "P29_004": "白石市立白石南小学校", "P29_005": "宮城県白石市越河平字平合23-1", "P29_006": "3", "P29_007": "1", "P29_008": "00", "P29_009": null }, "geometry": { "type": "Point", "coordinates": [ 140.615816133215361, 37.940643347360378 ] } },
{ "type": "Feature", "properties": { "P29_001": "04207", "P29_002": "B104222070015", "P29_003": "16001", "P29_004": "名取市立増田小学校", "P29_005": "宮城県名取市増田3-9-20", "P29_006": "3", "P29_007": "1", "P29_008": "00", "P29_009": null }, "geometry": { "type": "Point", "coordinates": [ 140.888547030743609, 38.171787606362606 ] } },
{ "type": "Feature", "properties": { "P29_001": "04207", "P29_002": "B104222070024", "P29_003": "16001", "P29_004": "名取市立高舘小学校", "P29_005": "宮城県名取市高舘吉田字長六反117-3", "P29_006": "3", "P29_007": "1", "P29_008": "00", "P29_009": null }, "geometry": { "type": "Point", "coordinates": [ 140.855498120100094, 38.187540728799718 ] } },
{ "type": "Feature", "properties": { "P29_001": "04207", "P29_002": "B104222070033", "P29_003": "16001", "P29_004": "名取市立愛島小学校", "P29_005": "宮城県名取市愛島笠島字東蔵神34", "P29_006": "3", "P29_007": "1", "P29_008": "00", "P29_009": null }, "geometry": { "type": "Point", "coordinates": [ 140.848018776361926, 38.151772832080063 ] } },
{ "type": "Feature", "properties": { "P29_001": "04207", "P29_002": "B104222070042", "P29_003": "16001", "P29_004": "名取市立館腰小学校", "P29_005": "宮城県名取市植松1-2-17", "P29_006": "3", "P29_007": "1", "P29_008": "00", "P29_009": null }, "geometry": { "type": "Point", "coordinates": [ 140.882009129195353, 38.151461494480216 ] } },
{ "type": "Feature", "properties": { "P29_001": "04207", "P29_002": "B104222070051", "P29_003": "16001", "P29_004": "名取市立下増田小学校", "P29_005": "宮城県名取市美田園7-23-3", "P29_006": "3", "P29_007": "1", "P29_008": "00", "P29_009": null }, "geometry": { "type": "Point", "coordinates": [ 140.910074562339133, 38.157862311965545 ] } },
{ "type": "Feature", "properties": { "P29_001": "04207", "P29_002": "B104222070060", "P29_003": "16001", "P29_004": "名取市立不二が丘小学校", "P29_005": "宮城県名取市名取が丘6-11-1", "P29_006": "3", "P29_007": "1", "P29_008": "00", "P29_009": null }, "geometry": { "type": "Point", "coordinates": [ 140.870787911410133, 38.154846491027406 ] } },
{ "type": "Feature", "properties": { "P29_001": "04207", "P29_002": "B104222070079", "P29_003": "16001", "P29_004": "名取市立増田西小学校", "P29_005": "宮城県名取市手倉田字堰根330", "P29_006": "3", "P29_007": "1", "P29_008": "00", "P29_009": null }, "geometry": { "type": "Point", "coordinates": [ 140.871270392150592, 38.172715883464065 ] } },
{ "type": "Feature", "properties": { "P29_001": "04207", "P29_002": "B104222070088", "P29_003": "16001", "P29_004": "名取市立ゆりが丘小学校", "P29_005": "宮城県名取市ゆりが丘3-21", "P29_006": "3", "P29_007": "1", "P29_008": "00", "P29_009": null }, "geometry": { "type": "Point", "coordinates": [ 140.830079379405106, 38.200992509633622 ] } },
{ "type": "Feature", "properties": { "P29_001": "04207", "P29_002": "B104222070097", "P29_003": "16001", "P29_004": "名取市立相互台小学校", "P29_005": "宮城県名取市相互台1-27-1", "P29_006": "3", "P29_007": "1", "P29_008": "00", "P29_009": null }, "geometry": { "type": "Point", "coordinates": [ 140.811082806584693, 38.209485152420022 ] } },
{ "type": "Feature", "properties": { "P29_001": "04207", "P29_002": "B104222070104", "P29_003": "16001", "P29_004": "名取市立那智が丘小学校", "P29_005": "宮城県名取市那智が丘2-1-1", "P29_006": "3", "P29_007": "1", "P29_008": "00", "P29_009": null }, "geometry": { "type": "Point", "coordinates": [ 140.841482356010943, 38.191046836822125 ] } },
{ "type": "Feature", "properties": { "P29_001": "04208", "P29_002": "B104222080013", "P29_003": "16001", "P29_004": "角田市立角田小学校", "P29_005": "宮城県角田市角田字牛舘41", "P29_006": "3", "P29_007": "1", "P29_008": "00", "P29_009": null }, "geometry": { "type": "Point", "coordinates": [ 140.781023567614113, 37.970705856806525 ] } },
{ "type": "Feature", "properties": { "P29_001": "04208", "P29_002": "B104222080040", "P29_003": "16001", "P29_004": "角田市立桜小学校", "P29_005": "宮城県角田市佐倉字小山78-1", "P29_006": "3", "P29_007": "1", "P29_008": "00", "P29_009": null }, "geometry": { "type": "Point", "coordinates": [ 140.792463141269252, 37.992132606972163 ] } },
{ "type": "Feature", "properties": { "P29_001": "04208", "P29_002": "B104222080068", "P29_003": "16001", "P29_004": "角田市立北郷小学校", "P29_005": "宮城県角田市岡字阿弥陀入11-2", "P29_006": "3", "P29_007": "1", "P29_008": "00", "P29_009": null }, "geometry": { "type": "Point", "coordinates": [ 140.772834527807873, 38.020363171182431 ] } },
{ "type": "Feature", "properties": { "P29_001": "04208", "P29_002": "B104222080086", "P29_003": "16001", "P29_004": "角田市立横倉小学校", "P29_005": "宮城県角田市横倉字杉の堂7", "P29_006": "3", "P29_007": "1", "P29_008": "00", "P29_009": null }, "geometry": { "type": "Point", "coordinates": [ 140.771596017678235, 37.987895562221979 ] } },
{ "type": "Feature", "properties": { "P29_001": "04208", "P29_002": "B104222080095", "P29_003": "16001", "P29_004": "角田市立金津小学校", "P29_005": "宮城県角田市尾山荒町125-1", "P29_006": "3", "P29_007": "1", "P29_008": "00", "P29_009": null }, "geometry": { "type": "Point", "coordinates": [ 140.825676857865119, 37.958012127079385 ] } },
{ "type": "Feature", "properties": { "P29_001": "04209", "P29_002": "B104222090011", "P29_003": "16001", "P29_004": "多賀城市立多賀城小学校", "P29_005": "宮城県多賀城市伝上山1-1-1", "P29_006": "3", "P29_007": "1", "P29_008": "00", "P29_009": null }, "geometry": { "type": "Point", "coordinates": [ 141.009800399093905, 38.29540523258904 ] } },
{ "type": "Feature", "properties": { "P29_001": "04209", "P29_002": "B104222090020", "P29_003": "16001", "P29_004": "多賀城市立多賀城東小学校", "P29_005": "宮城県多賀城市笠神5-8-1", "P29_006": "3", "P29_007": "1", "P29_008": "00", "P29_009": null }, "geometry": { "type": "Point", "coordinates": [ 141.034317895794544, 38.300082485552927 ] } },
{ "type": "Feature", "properties": { "P29_001": "04209", "P29_002": "B104222090039", "P29_003": "16001", "P29_004": "多賀城市立山王小学校", "P29_005": "宮城県多賀城市新田字北320", "P29_006": "3", "P29_007": "1", "P29_008": "00", "P29_009": null }, "geometry": { "type": "Point", "coordinates": [ 140.970316353038811, 38.295020621534178 ] } },
{ "type": "Feature", "properties": { "P29_001": "04209", "P29_002": "B104222090048", "P29_003": "16001", "P29_004": "多賀城市立天真小学校", "P29_005": "宮城県多賀城市鶴ヶ谷2-21-1", "P29_006": "3", "P29_007": "1", "P29_008": "00", "P29_009": null }, "geometry": { "type": "Point", "coordinates": [ 141.017223900572077, 38.296871323001582 ] } },
{ "type": "Feature", "properties": { "P29_001": "04209", "P29_002": "B104222090057", "P29_003": "16001", "P29_004": "多賀城市立城南小学校", "P29_005": "宮城県多賀城市城南1-17-1", "P29_006": "3", "P29_007": "1", "P29_008": "00", "P29_009": null }, "geometry": { "type": "Point", "coordinates": [ 140.991797896257111, 38.299748807987257 ] } },
{ "type": "Feature", "properties": { "P29_001": "04209", "P29_002": "B104222090066", "P29_003": "16001", "P29_004": "多賀城市立多賀城八幡小学校", "P29_005": "宮城県多賀城市八幡字六貫田172", "P29_006": "3", "P29_007": "1", "P29_008": "00", "P29_009": null }, "geometry": { "type": "Point", "coordinates": [ 140.993940505125522, 38.287540163459717 ] } },
{ "type": "Feature", "properties": { "P29_001": "04211", "P29_002": "B104222110017", "P29_003": "16001", "P29_004": "岩沼市立岩沼小学校", "P29_005": "宮城県岩沼市中央2-1-1", "P29_006": "3", "P29_007": "1", "P29_008": "00", "P29_009": null }, "geometry": { "type": "Point", "coordinates": [ 140.86584082740444, 38.109599321366233 ] } },
{ "type": "Feature", "properties": { "P29_001": "04211", "P29_002": "B104222110026", "P29_003": "16001", "P29_004": "岩沼市立玉浦小学校", "P29_005": "宮城県岩沼市早股字小林396-1", "P29_006": "3", "P29_007": "1", "P29_008": "00", "P29_009": null }, "geometry": { "type": "Point", "coordinates": [ 140.910033713289266, 38.104624316822949 ] } },
{ "type": "Feature", "properties": { "P29_001": "04211", "P29_002": "B104222110035", "P29_003": "16001", "P29_004": "岩沼市立岩沼西小学校", "P29_005": "宮城県岩沼市松ヶ丘1-17", "P29_006": "3", "P29_007": "1", "P29_008": "00", "P29_009": null }, "geometry": { "type": "Point", "coordinates": [ 140.851710859908707, 38.110733925347347 ] } },
{ "type": "Feature", "properties": { "P29_001": "04211", "P29_002": "B104222110044", "P29_003": "16001", "P29_004": "岩沼市立岩沼南小学校", "P29_005": "宮城県岩沼市桑原4-4-1", "P29_006": "3", "P29_007": "1", "P29_008": "00", "P29_009": null }, "geometry": { "type": "Point", "coordinates": [ 140.865728437032459, 38.099583731438379 ] } },
{ "type": "Feature", "properties": { "P29_001": "04212", "P29_002": "B104222120015", "P29_003": "16001", "P29_004": "登米市立佐沼小学校", "P29_005": "宮城県登米市迫町佐沼字錦108", "P29_006": "3", "P29_007": "1", "P29_008": "00", "P29_009": null }, "geometry": { "type": "Point", "coordinates": [ 141.202122308407127, 38.688259004489829 ] } },
{ "type": "Feature", "properties": { "P29_001": "04212", "P29_002": "B104222120024", "P29_003": "16001", "P29_004": "登米市立北方小学校", "P29_005": "宮城県登米市迫町北方字富永110-5", "P29_006": "3", "P29_007": "1", "P29_008": "00", "P29_009": null }, "geometry": { "type": "Point", "coordinates": [ 141.160355208664441, 38.701338269848172 ] } },
{ "type": "Feature", "properties": { "P29_001": "04212", "P29_002": "B104222120033", "P29_003": "16001", "P29_004": "登米市立登米小学校", "P29_005": "宮城県登米市登米町寺池桜小路6", "P29_006": "3", "P29_007": "1", "P29_008": "00", "P29_009": null }, "geometry": { "type": "Point", "coordinates": [ 141.280473781423439, 38.656302554843762 ] } },
{ "type": "Feature", "properties": { "P29_001": "04212", "P29_002": "B104222120042", "P29_003": "16001", "P29_004": "登米市立米谷小学校", "P29_005": "宮城県登米市東和町米谷字越路75", "P29_006": "3", "P29_007": "1", "P29_008": "00", "P29_009": null }, "geometry": { "type": "Point", "coordinates": [ 141.296311524751985, 38.707529061955903 ] } },
{ "type": "Feature", "properties": { "P29_001": "04212", "P29_002": "B104222120051", "P29_003": "16001", "P29_004": "登米市立錦織小学校", "P29_005": "宮城県登米市東和町錦織字山居沢15", "P29_006": "3", "P29_007": "1", "P29_008": "00", "P29_009": null }, "geometry": { "type": "Point", "coordinates": [ 141.274424723678464, 38.729659419084996 ] } },
{ "type": "Feature", "properties": { "P29_001": "04212", "P29_002": "B104222120060", "P29_003": "16001", "P29_004": "登米市立米川小学校", "P29_005": "宮城県登米市東和町米川字東綱木31", "P29_006": "3", "P29_007": "1", "P29_008": "00", "P29_009": null }, "geometry": { "type": "Point", "coordinates": [ 141.331062890684848, 38.773357649846432 ] } },
{ "type": "Feature", "properties": { "P29_001": "04212", "P29_002": "B104222120079", "P29_003": "16001", "P29_004": "登米市立石森小学校", "P29_005": "宮城県登米市中田町石森字前田29", "P29_006": "3", "P29_007": "1", "P29_008": "00", "P29_009": null }, "geometry": { "type": "Point", "coordinates": [ 141.211129386243073, 38.723269163036441 ] } },
{ "type": "Feature", "properties": { "P29_001": "04212", "P29_002": "B104222120088", "P29_003": "16001", "P29_004": "登米市立加賀野小学校", "P29_005": "宮城県登米市中田町石森字加賀野1-17-1", "P29_006": "3", "P29_007": "1", "P29_008": "00", "P29_009": null }, "geometry": { "type": "Point", "coordinates": [ 141.216056943477042, 38.703368414128008 ] } },
{ "type": "Feature", "properties": { "P29_001": "04212", "P29_002": "B104222120097", "P29_003": "16001", "P29_004": "登米市立浅水小学校", "P29_005": "宮城県登米市中田町浅水字下川面188", "P29_006": "3", "P29_007": "1", "P29_008": "00", "P29_009": null }, "geometry": { "type": "Point", "coordinates": [ 141.266016244911697, 38.708476587364764 ] } },
{ "type": "Feature", "properties": { "P29_001": "04212", "P29_002": "B104222120104", "P29_003": "16001", "P29_004": "登米市立豊里小学校", "P29_005": "宮城県登米市豊里町上町裏100", "P29_006": "3", "P29_007": "1", "P29_008": "00", "P29_009": null }, "geometry": { "type": "Point", "coordinates": [ 141.25203946140374, 38.583235764715546 ] } },
{ "type": "Feature", "properties": { "P29_001": "04212", "P29_002": "B104222120113", "P29_003": "16001", "P29_004": "登米市立中津山小学校", "P29_005": "宮城県登米市米山町中津山字城内前4", "P29_006": "3", "P29_007": "1", "P29_008": "00", "P29_009": null }, "geometry": { "type": "Point", "coordinates": [ 141.16559711274229, 38.623914050622894 ] } },
{ "type": "Feature", "properties": { "P29_001": "04212", "P29_002": "B104222120122", "P29_003": "16001", "P29_004": "登米市立米岡小学校", "P29_005": "宮城県登米市米山町西野字古舘廻27-2", "P29_006": "3", "P29_007": "1", "P29_008": "00", "P29_009": null }, "geometry": { "type": "Point", "coordinates": [ 141.197239401087046, 38.633106788672258 ] } },
{ "type": "Feature", "properties": { "P29_001": "04212", "P29_002": "B104222120131", "P29_003": "16001", "P29_004": "登米市立米山東小学校", "P29_005": "宮城県登米市米山町字桜岡鈴根1", "P29_006": "3", "P29_007": "1", "P29_008": "00", "P29_009": null }, "geometry": { "type": "Point", "coordinates": [ 141.217361481410762, 38.620149016879004 ] } },
{ "type": "Feature", "properties": { "P29_001": "04212", "P29_002": "B104222120140", "P29_003": "16001", "P29_004": "登米市立石越小学校", "P29_005": "宮城県登米市石越町北郷字長根134", "P29_006": "3", "P29_007": "1", "P29_008": "00", "P29_009": null }, "geometry": { "type": "Point", "coordinates": [ 141.182276891651554, 38.758040446743692 ] } },
{ "type": "Feature", "properties": { "P29_001": "04212", "P29_002": "B104222120159", "P29_003": "16001", "P29_004": "登米市立南方小学校", "P29_005": "宮城県登米市南方町山成95-6", "P29_006": "3", "P29_007": "1", "P29_008": "00", "P29_009": null }, "geometry": { "type": "Point", "coordinates": [ 141.166243167783705, 38.659264142683369 ] } },
{ "type": "Feature", "properties": { "P29_001": "04212", "P29_002": "B104222120168", "P29_003": "16001", "P29_004": "登米市立西郷小学校", "P29_005": "宮城県登米市南方町尼池10-1", "P29_006": "3", "P29_007": "1", "P29_008": "00", "P29_009": null }, "geometry": { "type": "Point", "coordinates": [ 141.119408109954492, 38.658108300172806 ] } },
{ "type": "Feature", "properties": { "P29_001": "04212", "P29_002": "B104222120177", "P29_003": "16001", "P29_004": "登米市立東郷小学校", "P29_005": "宮城県登米市南方町堂地193-2", "P29_006": "3", "P29_007": "1", "P29_008": "00", "P29_009": null }, "geometry": { "type": "Point", "coordinates": [ 141.194253303921158, 38.660966402794521 ] } },
{ "type": "Feature", "properties": { "P29_001": "04212", "P29_002": "B104222120202", "P29_003": "16001", "P29_004": "登米市立宝江小学校", "P29_005": "宮城県登米市中田町宝江新井田字後田22", "P29_006": "3", "P29_007": "1", "P29_008": "00", "P29_009": null }, "geometry": { "type": "Point", "coordinates": [ 141.243116466411095, 38.693894007576695 ] } },
{ "type": "Feature", "properties": { "P29_001": "04212", "P29_002": "B104222120211", "P29_003": "16001", "P29_004": "登米市立上沼小学校", "P29_005": "宮城県登米市中田町上沼字弥勒寺大下91-2", "P29_006": "3", "P29_007": "1", "P29_008": "00", "P29_009": null }, "geometry": { "type": "Point", "coordinates": [ 141.258184901277474, 38.730915267885521 ] } },
{ "type": "Feature", "properties": { "P29_001": "04212", "P29_002": "B104222120220", "P29_003": "16001", "P29_004": "登米市立新田小学校", "P29_005": "宮城県登米市迫町新田字山居37-1", "P29_006": "3", "P29_007": "1", "P29_008": "00", "P29_009": null }, "geometry": { "type": "Point", "coordinates": [ 141.109050852860946, 38.699634118391437 ] } },
{ "type": "Feature", "properties": { "P29_001": "04212", "P29_002": "B104222120239", "P29_003": "16001", "P29_004": "登米市立津山小学校", "P29_005": "宮城県登米市津山町横山字本町91", "P29_006": "3", "P29_007": "1", "P29_008": "00", "P29_009": null }, "geometry": { "type": "Point", "coordinates": [ 141.352815851797061, 38.632407130804594 ] } },
{ "type": "Feature", "properties": { "P29_001": "04213", "P29_002": "B104222130013", "P29_003": "16001", "P29_004": "栗原市立宮野小学校", "P29_005": "宮城県栗原市築館字上宮野台291", "P29_006": "3", "P29_007": "1", "P29_008": "00", "P29_009": null }, "geometry": { "type": "Point", "coordinates": [ 141.005102322824513, 38.751944457907179 ] } },
{ "type": "Feature", "properties": { "P29_001": "04213", "P29_002": "B104222130022", "P29_003": "16001", "P29_004": "栗原市立高清水小学校", "P29_005": "宮城県栗原市高清水西善光寺21", "P29_006": "3", "P29_007": "1", "P29_008": "00", "P29_009": null }, "geometry": { "type": "Point", "coordinates": [ 141.008264755581081, 38.6621263638568 ] } },
{ "type": "Feature", "properties": { "P29_001": "04213", "P29_002": "B104222130031", "P29_003": "16001", "P29_004": "栗原市立瀬峰小学校", "P29_005": "宮城県栗原市瀬峰清水山15-1", "P29_006": "3", "P29_007": "1", "P29_008": "00", "P29_009": null }, "geometry": { "type": "Point", "coordinates": [ 141.060362482650902, 38.654281269176685 ] } },
{ "type": "Feature", "properties": { "P29_001": "04213", "P29_002": "B104222130040", "P29_003": "16001", "P29_004": "栗原市立花山小学校", "P29_005": "宮城県栗原市花山字本沢鯨ケ森33-3", "P29_006": "3", "P29_007": "1", "P29_008": "00", "P29_009": null }, "geometry": { "type": "Point", "coordinates": [ 140.845510178615257, 38.785793907286589 ] } },
{ "type": "Feature", "properties": { "P29_001": "04213", "P29_002": "B104222130059", "P29_003": "16001", "P29_004": "栗原市立志波姫小学校", "P29_005": "宮城県栗原市志波姫沼崎新田64", "P29_006": "3", "P29_007": "1", "P29_008": "00", "P29_009": null }, "geometry": { "type": "Point", "coordinates": [ 141.061750866757876, 38.753025705202326 ] } },
{ "type": "Feature", "properties": { "P29_001": "04213", "P29_002": "B104222130068", "P29_003": "16001", "P29_004": "栗原市立栗駒南小学校", "P29_005": "宮城県栗原市栗駒稲屋敷後原前9-2", "P29_006": "3", "P29_007": "1", "P29_008": "00", "P29_009": null }, "geometry": { "type": "Point", "coordinates": [ 140.988832952773606, 38.812644612832962 ] } },
{ "type": "Feature", "properties": { "P29_001": "04213", "P29_002": "B104222130077", "P29_003": "16001", "P29_004": "栗原市立鶯沢小学校", "P29_005": "宮城県栗原市鶯沢南郷辻前10", "P29_006": "3", "P29_007": "1", "P29_008": "00", "P29_009": null }, "geometry": { "type": "Point", "coordinates": [ 140.947116984641013, 38.811843250389501 ] } },
{ "type": "Feature", "properties": { "P29_001": "04213", "P29_002": "B104222130086", "P29_003": "16001", "P29_004": "栗原市立栗駒小学校", "P29_005": "宮城県栗原市栗駒岩ヶ崎下小路1", "P29_006": "3", "P29_007": "1", "P29_008": "00", "P29_009": null }, "geometry": { "type": "Point", "coordinates": [ 140.991380997956327, 38.833670002569377 ] } },
{ "type": "Feature", "properties": { "P29_001": "04213", "P29_002": "B104222130095", "P29_003": "16001", "P29_004": "栗原市立一迫小学校", "P29_005": "宮城県栗原市一迫真坂字新道満30", "P29_006": "3", "P29_007": "1", "P29_008": "00", "P29_009": null }, "geometry": { "type": "Point", "coordinates": [ 140.952354727584691, 38.742577606909883 ] } },
{ "type": "Feature", "properties": { "P29_001": "04213", "P29_002": "B104222130102", "P29_003": "16001", "P29_004": "栗原市立若柳小学校", "P29_005": "宮城県栗原市若柳字川北塚原55", "P29_006": "3", "P29_007": "1", "P29_008": "00", "P29_009": null }, "geometry": { "type": "Point", "coordinates": [ 141.136551492837128, 38.766967796471029 ] } },
{ "type": "Feature", "properties": { "P29_001": "04213", "P29_002": "B104222130120", "P29_003": "16001", "P29_004": "栗原市立築館小学校", "P29_005": "宮城県栗原市築館薬師1-6-1", "P29_006": "3", "P29_007": "1", "P29_008": "00", "P29_009": null }, "geometry": { "type": "Point", "coordinates": [ 141.020546028930085, 38.730954924788165 ] } },
{ "type": "Feature", "properties": { "P29_001": "04214", "P29_002": "B104222140011", "P29_003": "16001", "P29_004": "東松島市立矢本東小学校", "P29_005": "宮城県東松島市矢本字大溜126-1", "P29_006": "3", "P29_007": "1", "P29_008": "00", "P29_009": null }, "geometry": { "type": "Point", "coordinates": [ 141.213503056973252, 38.425937498718213 ] } },
{ "type": "Feature", "properties": { "P29_001": "04214", "P29_002": "B104222140020", "P29_003": "16001", "P29_004": "東松島市立大曲小学校", "P29_005": "宮城県東松島市大曲字寺前5-2", "P29_006": "3", "P29_007": "1", "P29_008": "00", "P29_009": null }, "geometry": { "type": "Point", "coordinates": [ 141.234934726187078, 38.42553415999452 ] } },
{ "type": "Feature", "properties": { "P29_001": "04214", "P29_002": "B104222140039", "P29_003": "16001", "P29_004": "東松島市立赤井小学校", "P29_005": "宮城県東松島市赤井字中2-11-1", "P29_006": "3", "P29_007": "1", "P29_008": "00", "P29_009": null }, "geometry": { "type": "Point", "coordinates": [ 141.226799994434771, 38.446571000124365 ] } },
{ "type": "Feature", "properties": { "P29_001": "04214", "P29_002": "B104222140048", "P29_003": "16001", "P29_004": "東松島市立赤井南小学校", "P29_005": "宮城県東松島市赤井字川前一107", "P29_006": "3", "P29_007": "1", "P29_008": "00", "P29_009": null }, "geometry": { "type": "Point", "coordinates": [ 141.242947439661293, 38.433605749442052 ] } },
{ "type": "Feature", "properties": { "P29_001": "04214", "P29_002": "B104222140057", "P29_003": "16001", "P29_004": "東松島市立大塩小学校", "P29_005": "宮城県東松島市大塩字中沢下5", "P29_006": "3", "P29_007": "1", "P29_008": "00", "P29_009": null }, "geometry": { "type": "Point", "coordinates": [ 141.177218908779338, 38.441824761785675 ] } },
{ "type": "Feature", "properties": { "P29_001": "04214", "P29_002": "B104222140066", "P29_003": "16001", "P29_004": "東松島市立矢本西小学校", "P29_005": "宮城県東松島市矢本字四反走63", "P29_006": "3", "P29_007": "1", "P29_008": "00", "P29_009": null }, "geometry": { "type": "Point", "coordinates": [ 141.20337194240858, 38.422382760932045 ] } },
{ "type": "Feature", "properties": { "P29_001": "04214", "P29_002": "B104222140075", "P29_003": "16001", "P29_004": "東松島市立鳴瀬桜華小学校", "P29_005": "宮城県東松島市小野字裏丁39", "P29_006": "3", "P29_007": "1", "P29_008": "00", "P29_009": null }, "geometry": { "type": "Point", "coordinates": [ 141.167453167740916, 38.399843966632972 ] } },
{ "type": "Feature", "properties": { "P29_001": "04214", "P29_002": "B104222140084", "P29_003": "16001", "P29_004": "東松島市立宮野森小学校", "P29_005": "宮城県東松島市野蒜ヶ丘2-1-1", "P29_006": "3", "P29_007": "1", "P29_008": "00", "P29_009": null }, "geometry": { "type": "Point", "coordinates": [ 141.150327235817883, 38.377878666434526 ] } },
{ "type": "Feature", "properties": { "P29_001": "04215", "P29_002": "B104222150018", "P29_003": "16001", "P29_004": "大崎市立古川第一小学校", "P29_005": "宮城県大崎市古川二ノ構7-67", "P29_006": "3", "P29_007": "1", "P29_008": "00", "P29_009": null }, "geometry": { "type": "Point", "coordinates": [ 140.952745395817175, 38.577648230409345 ] } },
{ "type": "Feature", "properties": { "P29_001": "04215", "P29_002": "B104222150027", "P29_003": "16001", "P29_004": "大崎市立古川第二小学校", "P29_005": "宮城県大崎市古川福沼3-16-1", "P29_006": "3", "P29_007": "1", "P29_008": "00", "P29_009": null }, "geometry": { "type": "Point", "coordinates": [ 140.976288768005929, 38.576858735519629 ] } },
{ "type": "Feature", "properties": { "P29_001": "04215", "P29_002": "B104222150090", "P29_003": "16001", "P29_004": "大崎市立敷玉小学校", "P29_005": "宮城県大崎市古川石森字石神10-1", "P29_006": "3", "P29_007": "1", "P29_008": "00", "P29_009": null }, "geometry": { "type": "Point", "coordinates": [ 140.991469855254678, 38.545301259443903 ] } },
{ "type": "Feature", "properties": { "P29_001": "04215", "P29_002": "B104222150116", "P29_003": "16001", "P29_004": "大崎市立松山小学校", "P29_005": "宮城県大崎市松山千石字舛形133", "P29_006": "3", "P29_007": "1", "P29_008": "00", "P29_009": null }, "geometry": { "type": "Point", "coordinates": [ 141.058196280225445, 38.516331431669421 ] } },
{ "type": "Feature", "properties": { "P29_001": "04215", "P29_002": "B104222150125", "P29_003": "16001", "P29_004": "大崎市立三本木小学校", "P29_005": "宮城県大崎市三本木字天王沢19", "P29_006": "3", "P29_007": "1", "P29_008": "00", "P29_009": null }, "geometry": { "type": "Point", "coordinates": [ 140.943509382382302, 38.524374898515092 ] } },
{ "type": "Feature", "properties": { "P29_001": "04215", "P29_002": "B104222150134", "P29_003": "16001", "P29_004": "大崎市立鹿島台小学校", "P29_005": "宮城県大崎市鹿島台平渡字上戸1", "P29_006": "3", "P29_007": "1", "P29_008": "00", "P29_009": null }, "geometry": { "type": "Point", "coordinates": [ 141.096658769725252, 38.479301170396553 ] } },
{ "type": "Feature", "properties": { "P29_001": "04215", "P29_002": "B104222150143", "P29_003": "16001", "P29_004": "大崎市立鳴子小学校", "P29_005": "宮城県大崎市鳴子温泉字湯元29", "P29_006": "3", "P29_007": "1", "P29_008": "00", "P29_009": null }, "geometry": { "type": "Point", "coordinates": [ 140.715029064534349, 38.741233532961886 ] } },
{ "type": "Feature", "properties": { "P29_001": "04215", "P29_002": "B104222150152", "P29_003": "16001", "P29_004": "大崎市立川渡小学校", "P29_005": "宮城県大崎市鳴子温泉字築沢29", "P29_006": "3", "P29_007": "1", "P29_008": "00", "P29_009": null }, "geometry": { "type": "Point", "coordinates": [ 140.763534999235077, 38.732353995949374 ] } },
{ "type": "Feature", "properties": { "P29_001": "04215", "P29_002": "B104222150161", "P29_003": "16001", "P29_004": "大崎市立鬼首小学校", "P29_005": "宮城県大崎市鳴子温泉鬼首字八幡原19", "P29_006": "3", "P29_007": "1", "P29_008": "00", "P29_009": null }, "geometry": { "type": "Point", "coordinates": [ 140.650573277173464, 38.800657499688448 ] } },
{ "type": "Feature", "properties": { "P29_001": "04215", "P29_002": "B104222150170", "P29_003": "16001", "P29_004": "大崎市立田尻小学校", "P29_005": "宮城県大崎市田尻通木字一所谷10-3", "P29_006": "3", "P29_007": "1", "P29_008": "00", "P29_009": null }, "geometry": { "type": "Point", "coordinates": [ 141.020589847409781, 38.605143231484675 ] } },
{ "type": "Feature", "properties": { "P29_001": "04215", "P29_002": "B104222150189", "P29_003": "16001", "P29_004": "大崎市立沼部小学校", "P29_005": "宮城県大崎市田尻沼部字山崎一7", "P29_006": "3", "P29_007": "1", "P29_008": "00", "P29_009": null }, "geometry": { "type": "Point", "coordinates": [ 141.055157354131978, 38.60014144338934 ] } },
{ "type": "Feature", "properties": { "P29_001": "04215", "P29_002": "B104222150198", "P29_003": "16001", "P29_004": "大崎市立大貫小学校", "P29_005": "宮城県大崎市田尻大貫字境37-1", "P29_006": "3", "P29_007": "1", "P29_008": "00", "P29_009": null }, "geometry": { "type": "Point", "coordinates": [ 141.107864573064688, 38.609221360504648 ] } },
{ "type": "Feature", "properties": { "P29_001": "04215", "P29_002": "B104222150205", "P29_003": "16001", "P29_004": "大崎市立岩出山小学校", "P29_005": "宮城県大崎市岩出山字城山31", "P29_006": "3", "P29_007": "1", "P29_008": "00", "P29_009": null }, "geometry": { "type": "Point", "coordinates": [ 140.862753817056472, 38.653419536245686 ] } },
{ "type": "Feature", "properties": { "P29_001": "04215", "P29_002": "B104222150214", "P29_003": "16001", "P29_004": "大崎市立古川第三小学校", "P29_005": "宮城県大崎市古川金五輪1-13-1", "P29_006": "3", "P29_007": "1", "P29_008": "00", "P29_009": null }, "geometry": { "type": "Point", "coordinates": [ 140.959124139505406, 38.560496078881947 ] } },
{ "type": "Feature", "properties": { "P29_001": "04215", "P29_002": "B104222150232", "P29_003": "16001", "P29_004": "大崎市立古川第四小学校", "P29_005": "宮城県大崎市古川大宮8-2-1", "P29_006": "3", "P29_007": "1", "P29_008": "00", "P29_009": null }, "geometry": { "type": "Point", "coordinates": [ 140.955106707267532, 38.588364884587193 ] } },
{ "type": "Feature", "properties": { "P29_001": "04215", "P29_002": "B104222150241", "P29_003": "16001", "P29_004": "大崎市立下伊場野小学校", "P29_005": "宮城県大崎市松山下伊場野字大柳22", "P29_006": "3", "P29_007": "1", "P29_008": "00", "P29_009": null }, "geometry": { "type": "Point", "coordinates": [ 141.003886887710792, 38.529975158500491 ] } },
{ "type": "Feature", "properties": { "P29_001": "04215", "P29_002": "B104222150250", "P29_003": "16001", "P29_004": "大崎市立古川第五小学校", "P29_005": "宮城県大崎市古川穂波3-5-7", "P29_006": "3", "P29_007": "1", "P29_008": "00", "P29_009": null }, "geometry": { "type": "Point", "coordinates": [ 140.9449870016322, 38.564519998815911 ] } },
{ "type": "Feature", "properties": { "P29_001": "04215", "P29_002": "B104222150269", "P29_003": "16001", "P29_004": "大崎市立古川北小学校", "P29_005": "宮城県大崎市古川荒谷字樋の口62-2", "P29_006": "3", "P29_007": "1", "P29_008": "00", "P29_009": null }, "geometry": { "type": "Point", "coordinates": [ 140.975772203418643, 38.616434082146057 ] } },
{ "type": "Feature", "properties": { "P29_001": "04216", "P29_002": "B104222160016", "P29_003": "16001", "P29_004": "富谷市立富谷小学校", "P29_005": "宮城県富谷市富谷字狸屋敷85", "P29_006": "3", "P29_007": "1", "P29_008": "00", "P29_009": null }, "geometry": { "type": "Point", "coordinates": [ 140.892128714181041, 38.400808767158757 ] } },
{ "type": "Feature", "properties": { "P29_001": "04216", "P29_002": "B104222160025", "P29_003": "16001", "P29_004": "富谷市立富ケ丘小学校", "P29_005": "宮城県富谷市富ヶ丘1-17-37", "P29_006": "3", "P29_007": "1", "P29_008": "00", "P29_009": null }, "geometry": { "type": "Point", "coordinates": [ 140.868989269017874, 38.360744366431724 ] } },
{ "type": "Feature", "properties": { "P29_001": "04216", "P29_002": "B104222160034", "P29_003": "16001", "P29_004": "富谷市立東向陽台小学校", "P29_005": "宮城県富谷市明石台1-37-13", "P29_006": "3", "P29_007": "1", "P29_008": "00", "P29_009": null }, "geometry": { "type": "Point", "coordinates": [ 140.896994507695297, 38.347052177159007 ] } },
{ "type": "Feature", "properties": { "P29_001": "04216", "P29_002": "B104222160043", "P29_003": "16001", "P29_004": "富谷市立あけの平小学校", "P29_005": "宮城県富谷市あけの平2-18-1", "P29_006": "3", "P29_007": "1", "P29_008": "00", "P29_009": null }, "geometry": { "type": "Point", "coordinates": [ 140.879618005581506, 38.380457995249614 ] } },
{ "type": "Feature", "properties": { "P29_001": "04216", "P29_002": "B104222160052", "P29_003": "16001", "P29_004": "富谷市立日吉台小学校", "P29_005": "宮城県富谷市日吉台1-13-1", "P29_006": "3", "P29_007": "1", "P29_008": "00", "P29_009": null }, "geometry": { "type": "Point", "coordinates": [ 140.866242490404005, 38.373176013410479 ] } },
{ "type": "Feature", "properties": { "P29_001": "04216", "P29_002": "B104222160061", "P29_003": "16001", "P29_004": "富谷市立成田東小学校", "P29_005": "宮城県富谷市成田6-36-1", "P29_006": "3", "P29_007": "1", "P29_008": "00", "P29_009": null }, "geometry": { "type": "Point", "coordinates": [ 140.900895898906356, 38.359512053221351 ] } },
{ "type": "Feature", "properties": { "P29_001": "04216", "P29_002": "B104222160070", "P29_003": "16001", "P29_004": "富谷市立成田小学校", "P29_005": "宮城県富谷市成田3-1-1", "P29_006": "3", "P29_007": "1", "P29_008": "00", "P29_009": null }, "geometry": { "type": "Point", "coordinates": [ 140.893683994222727, 38.367059996557835 ] } },
{ "type": "Feature", "properties": { "P29_001": "04216", "P29_002": "B104222160089", "P29_003": "16001", "P29_004": "富谷市立明石台小学校", "P29_005": "宮城県富谷市明石台5-15-1", "P29_006": "3", "P29_007": "1", "P29_008": "00", "P29_009": null }, "geometry": { "type": "Point", "coordinates": [ 140.892023562205907, 38.352755083269997 ] } },
{ "type": "Feature", "properties": { "P29_001": "04301", "P29_002": "B104223010016", "P29_003": "16001", "P29_004": "蔵王町立宮小学校", "P29_005": "宮城県刈田郡蔵王町宮字井戸井33", "P29_006": "3", "P29_007": "1", "P29_008": "00", "P29_009": null }, "geometry": { "type": "Point", "coordinates": [ 140.650687465164452, 38.04407500637987 ] } },
{ "type": "Feature", "properties": { "P29_001": "04301", "P29_002": "B104223010025", "P29_003": "16001", "P29_004": "蔵王町立遠刈田小学校", "P29_005": "宮城県刈田郡蔵王町遠刈田温泉字小妻坂山25", "P29_006": "3", "P29_007": "1", "P29_008": "00", "P29_009": null }, "geometry": { "type": "Point", "coordinates": [ 140.580816236625111, 38.123453282394273 ] } },
{ "type": "Feature", "properties": { "P29_001": "04301", "P29_002": "B104223010034", "P29_003": "16001", "P29_004": "蔵王町立円田小学校", "P29_005": "宮城県刈田郡蔵王町大字円田字堀の内28", "P29_006": "3", "P29_007": "1", "P29_008": "00", "P29_009": null }, "geometry": { "type": "Point", "coordinates": [ 140.677843993175713, 38.104057165317862 ] } },
{ "type": "Feature", "properties": { "P29_001": "04301", "P29_002": "B104223010043", "P29_003": "16001", "P29_004": "蔵王町立平沢小学校", "P29_005": "宮城県刈田郡蔵王町大字平沢字台屋敷62", "P29_006": "3", "P29_007": "1", "P29_008": "00", "P29_009": null }, "geometry": { "type": "Point", "coordinates": [ 140.68092931028724, 38.12374259211532 ] } },
{ "type": "Feature", "properties": { "P29_001": "04301", "P29_002": "B104223010052", "P29_003": "16001", "P29_004": "蔵王町立永野小学校", "P29_005": "宮城県刈田郡蔵王町大字円田字北浦16", "P29_006": "3", "P29_007": "1", "P29_008": "00", "P29_009": null }, "geometry": { "type": "Point", "coordinates": [ 140.661609402396067, 38.09618311324374 ] } },
{ "type": "Feature", "properties": { "P29_001": "04302", "P29_002": "B104223020014", "P29_003": "16001", "P29_004": "七ヶ宿町立七ヶ宿小学校", "P29_005": "宮城県刈田郡七ヶ宿町字利津保16-1", "P29_006": "3", "P29_007": "1", "P29_008": "00", "P29_009": null }, "geometry": { "type": "Point", "coordinates": [ 140.441414004266733, 37.991055003763208 ] } },
{ "type": "Feature", "properties": { "P29_001": "04321", "P29_002": "B104223210014", "P29_003": "16001", "P29_004": "大河原町立大河原小学校", "P29_005": "宮城県柴田郡大河原町字町100", "P29_006": "3", "P29_007": "1", "P29_008": "00", "P29_009": null }, "geometry": { "type": "Point", "coordinates": [ 140.735669465641053, 38.054402764524305 ] } },
{ "type": "Feature", "properties": { "P29_001": "04321", "P29_002": "B104223210023", "P29_003": "16001", "P29_004": "大河原町立金ケ瀬小学校", "P29_005": "宮城県柴田郡大河原町金ヶ瀬字居掛21", "P29_006": "3", "P29_007": "1", "P29_008": "00", "P29_009": null }, "geometry": { "type": "Point", "coordinates": [ 140.703258235560753, 38.04282302304437 ] } },
{ "type": "Feature", "properties": { "P29_001": "04321", "P29_002": "B104223210032", "P29_003": "16001", "P29_004": "大河原町立大河原南小学校", "P29_005": "宮城県柴田郡大河原町大谷字鷺沼入27-1", "P29_006": "3", "P29_007": "1", "P29_008": "00", "P29_009": null }, "geometry": { "type": "Point", "coordinates": [ 140.737937780450864, 38.034159051165069 ] } },
{ "type": "Feature", "properties": { "P29_001": "04322", "P29_002": "B104223220012", "P29_003": "16001", "P29_004": "村田町立村田第二小学校", "P29_005": "宮城県柴田郡村田町大字沼辺字籠田72", "P29_006": "3", "P29_007": "1", "P29_008": "00", "P29_009": null }, "geometry": { "type": "Point", "coordinates": [ 140.733271103762519, 38.079786592834182 ] } },
{ "type": "Feature", "properties": { "P29_001": "04322", "P29_002": "B104223220021", "P29_003": "16001", "P29_004": "村田町立村田小学校", "P29_005": "宮城県柴田郡村田町大字村田字迫6", "P29_006": "3", "P29_007": "1", "P29_008": "00", "P29_009": null }, "geometry": { "type": "Point", "coordinates": [ 140.722171512893169, 38.117939710946239 ] } },
{ "type": "Feature", "properties": { "P29_001": "04323", "P29_002": "B104223230010", "P29_003": "16001", "P29_004": "柴田町立槻木小学校", "P29_005": "宮城県柴田郡柴田町槻木駅西2-14-1", "P29_006": "3", "P29_007": "1", "P29_008": "00", "P29_009": null }, "geometry": { "type": "Point", "coordinates": [ 140.810030279169837, 38.083476555071471 ] } },
{ "type": "Feature", "properties": { "P29_001": "04323", "P29_002": "B104223230029", "P29_003": "16001", "P29_004": "柴田町立柴田小学校", "P29_005": "宮城県柴田郡柴田町大字葉坂字鍛冶内30", "P29_006": "3", "P29_007": "1", "P29_008": "00", "P29_009": null }, "geometry": { "type": "Point", "coordinates": [ 140.787136740118285, 38.095445340247906 ] } },
{ "type": "Feature", "properties": { "P29_001": "04323", "P29_002": "B104223230038", "P29_003": "16001", "P29_004": "柴田町立船岡小学校", "P29_005": "宮城県柴田郡柴田町船岡東1-2-60", "P29_006": "3", "P29_007": "1", "P29_008": "00", "P29_009": null }, "geometry": { "type": "Point", "coordinates": [ 140.774384367190919, 38.059811631679786 ] } },
{ "type": "Feature", "properties": { "P29_001": "04323", "P29_002": "B104223230047", "P29_003": "16001", "P29_004": "柴田町立船迫小学校", "P29_005": "宮城県柴田郡柴田町西船迫3-1-3", "P29_006": "3", "P29_007": "1", "P29_008": "00", "P29_009": null }, "geometry": { "type": "Point", "coordinates": [ 140.762699687939147, 38.068562352175206 ] } },
{ "type": "Feature", "properties": { "P29_001": "04323", "P29_002": "B104223230056", "P29_003": "16001", "P29_004": "柴田町立西住小学校", "P29_005": "宮城県柴田郡柴田町船岡字大住町16-1", "P29_006": "3", "P29_007": "1", "P29_008": "00", "P29_009": null }, "geometry": { "type": "Point", "coordinates": [ 140.752808738406486, 38.044539979238436 ] } },
{ "type": "Feature", "properties": { "P29_001": "04323", "P29_002": "B104223230065", "P29_003": "16001", "P29_004": "柴田町立東船岡小学校", "P29_005": "宮城県柴田郡柴田町大字上名生字下中川93-1", "P29_006": "3", "P29_007": "1", "P29_008": "00", "P29_009": null }, "geometry": { "type": "Point", "coordinates": [ 140.791679598801721, 38.055252644129439 ] } },
{ "type": "Feature", "properties": { "P29_001": "04324", "P29_002": "B104223240018", "P29_003": "16001", "P29_004": "川崎町立川崎小学校", "P29_005": "宮城県柴田郡川崎町大字前川字館山西5-1", "P29_006": "3", "P29_007": "1", "P29_008": "00", "P29_009": null }, "geometry": { "type": "Point", "coordinates": [ 140.64643585566111, 38.179615205217139 ] } },
{ "type": "Feature", "properties": { "P29_001": "04324", "P29_002": "B104223240027", "P29_003": "16001", "P29_004": "川崎町立川崎第二小学校", "P29_005": "宮城県柴田郡川崎町大字今宿字町尻1", "P29_006": "3", "P29_007": "1", "P29_008": "00", "P29_009": null }, "geometry": { "type": "Point", "coordinates": [ 140.601332401187477, 38.193919008658952 ] } },
{ "type": "Feature", "properties": { "P29_001": "04324", "P29_002": "B104223240045", "P29_003": "16001", "P29_004": "川崎町立富岡小学校", "P29_005": "宮城県柴田郡川崎町大字支倉字川向49-5", "P29_006": "3", "P29_007": "1", "P29_008": "00", "P29_009": null }, "geometry": { "type": "Point", "coordinates": [ 140.723914211706017, 38.199039110912253 ] } },
{ "type": "Feature", "properties": { "P29_001": "04341", "P29_002": "B104223410012", "P29_003": "16001", "P29_004": "丸森町立丸森小学校", "P29_005": "宮城県伊具郡丸森町字菱川内39-1", "P29_006": "3", "P29_007": "1", "P29_008": "00", "P29_009": null }, "geometry": { "type": "Point", "coordinates": [ 140.760275873969846, 37.914882554102867 ] } },
{ "type": "Feature", "properties": { "P29_001": "04341", "P29_002": "B104223410067", "P29_003": "16001", "P29_004": "丸森町立舘矢間小学校", "P29_005": "宮城県伊具郡丸森町舘矢間舘山字玉川29-1", "P29_006": "3", "P29_007": "1", "P29_008": "00", "P29_009": null }, "geometry": { "type": "Point", "coordinates": [ 140.772425735614917, 37.924221087097919 ] } },
{ "type": "Feature", "properties": { "P29_001": "04361", "P29_002": "B104223610010", "P29_003": "16001", "P29_004": "亘理町立亘理小学校", "P29_005": "宮城県亘理郡亘理町字下小路22-2", "P29_006": "3", "P29_007": "1", "P29_008": "00", "P29_009": null }, "geometry": { "type": "Point", "coordinates": [ 140.853489707025858, 38.036505311060139 ] } },
{ "type": "Feature", "properties": { "P29_001": "04361", "P29_002": "B104223610029", "P29_003": "16001", "P29_004": "亘理町立吉田小学校", "P29_005": "宮城県亘理郡亘理町吉田字宮前63", "P29_006": "3", "P29_007": "1", "P29_008": "00", "P29_009": null }, "geometry": { "type": "Point", "coordinates": [ 140.857303242114995, 38.013670344509578 ] } },
{ "type": "Feature", "properties": { "P29_001": "04361", "P29_002": "B104223610038", "P29_003": "16001", "P29_004": "亘理町立長瀞小学校", "P29_005": "宮城県亘理郡亘理町長瀞字南原193-76", "P29_006": "3", "P29_007": "1", "P29_008": "00", "P29_009": null }, "geometry": { "type": "Point", "coordinates": [ 140.893844128621822, 38.018991469755321 ] } },
{ "type": "Feature", "properties": { "P29_001": "04361", "P29_002": "B104223610047", "P29_003": "16001", "P29_004": "亘理町立逢隈小学校", "P29_005": "宮城県亘理郡亘理町逢隈田沢字鈴木堀93-1", "P29_006": "3", "P29_007": "1", "P29_008": "00", "P29_009": null }, "geometry": { "type": "Point", "coordinates": [ 140.866006100707011, 38.073198936427225 ] } },
{ "type": "Feature", "properties": { "P29_001": "04361", "P29_002": "B104223610056", "P29_003": "16001", "P29_004": "亘理町立高屋小学校", "P29_005": "宮城県亘理郡亘理町逢隈高屋字保戸原54-2", "P29_006": "3", "P29_007": "1", "P29_008": "00", "P29_009": null }, "geometry": { "type": "Point", "coordinates": [ 140.883401312994437, 38.046596443029657 ] } },
{ "type": "Feature", "properties": { "P29_001": "04361", "P29_002": "B104223610065", "P29_003": "16001", "P29_004": "亘理町立荒浜小学校", "P29_005": "宮城県亘理郡亘理町荒浜字隈潟67", "P29_006": "3", "P29_007": "1", "P29_008": "00", "P29_009": null }, "geometry": { "type": "Point", "coordinates": [ 140.90923809711623, 38.048641256182918 ] } },
{ "type": "Feature", "properties": { "P29_001": "04362", "P29_002": "B104223620018", "P29_003": "16001", "P29_004": "山元町立坂元小学校", "P29_005": "宮城県亘理郡山元町坂元字舘下159-1", "P29_006": "3", "P29_007": "1", "P29_008": "00", "P29_009": null }, "geometry": { "type": "Point", "coordinates": [ 140.893713048639341, 37.918932211966052 ] } },
{ "type": "Feature", "properties": { "P29_001": "04362", "P29_002": "B104223620027", "P29_003": "16001", "P29_004": "山元町立山下小学校", "P29_005": "宮城県亘理郡山元町山寺字樋前12", "P29_006": "3", "P29_007": "1", "P29_008": "00", "P29_009": null }, "geometry": { "type": "Point", "coordinates": [ 140.874207370195137, 37.96971161903668 ] } },
{ "type": "Feature", "properties": { "P29_001": "04362", "P29_002": "B104223620036", "P29_003": "16001", "P29_004": "山元町立山下第一小学校", "P29_005": "宮城県亘理郡山元町大平字握6", "P29_006": "3", "P29_007": "1", "P29_008": "00", "P29_009": null }, "geometry": { "type": "Point", "coordinates": [ 140.866825444183661, 37.991775946741882 ] } },
{ "type": "Feature", "properties": { "P29_001": "04362", "P29_002": "B104223620045", "P29_003": "16001", "P29_004": "山元町立山下第二小学校", "P29_005": "宮城県亘理郡山元町つばめの杜1-3", "P29_006": "3", "P29_007": "1", "P29_008": "00", "P29_009": null }, "geometry": { "type": "Point", "coordinates": [ 140.886137272598461, 37.96537109572396 ] } },
{ "type": "Feature", "properties": { "P29_001": "04401", "P29_002": "B104224010014", "P29_003": "16001", "P29_004": "松島町立松島第一小学校", "P29_005": "宮城県宮城郡松島町松島字道珍浜10", "P29_006": "3", "P29_007": "1", "P29_008": "00", "P29_009": null }, "geometry": { "type": "Point", "coordinates": [ 141.067473511917058, 38.375931858847245 ] } },
{ "type": "Feature", "properties": { "P29_001": "04401", "P29_002": "B104224010023", "P29_003": "16001", "P29_004": "松島町立松島第二小学校", "P29_005": "宮城県宮城郡松島町高城字反町五14", "P29_006": "3", "P29_007": "1", "P29_008": "00", "P29_009": null }, "geometry": { "type": "Point", "coordinates": [ 141.062813032661438, 38.395333957234023 ] } },
{ "type": "Feature", "properties": { "P29_001": "04401", "P29_002": "B104224010032", "P29_003": "16001", "P29_004": "松島町立松島第五小学校", "P29_005": "宮城県宮城郡松島町幡谷字新田5-1", "P29_006": "3", "P29_007": "1", "P29_008": "00", "P29_009": null }, "geometry": { "type": "Point", "coordinates": [ 141.078053011383389, 38.430246150197824 ] } },
{ "type": "Feature", "properties": { "P29_001": "04404", "P29_002": "B104224040018", "P29_003": "16001", "P29_004": "七ヶ浜町立亦楽小学校", "P29_005": "宮城県宮城郡七ヶ浜町代ヶ崎浜字細田54-1", "P29_006": "3", "P29_007": "1", "P29_008": "00", "P29_009": null }, "geometry": { "type": "Point", "coordinates": [ 141.061533557307172, 38.305307062155514 ] } },
{ "type": "Feature", "properties": { "P29_001": "04404", "P29_002": "B104224040027", "P29_003": "16001", "P29_004": "七ヶ浜町立松ヶ浜小学校", "P29_005": "宮城県宮城郡七ヶ浜町松ヶ浜字神明裏52", "P29_006": "3", "P29_007": "1", "P29_008": "00", "P29_009": null }, "geometry": { "type": "Point", "coordinates": [ 141.056620471897929, 38.282390213168334 ] } },
{ "type": "Feature", "properties": { "P29_001": "04404", "P29_002": "B104224040036", "P29_003": "16001", "P29_004": "七ヶ浜町立汐見小学校", "P29_005": "宮城県宮城郡七ヶ浜町汐見台3-1-3", "P29_006": "3", "P29_007": "1", "P29_008": "00", "P29_009": null }, "geometry": { "type": "Point", "coordinates": [ 141.046390741147491, 38.298180660115626 ] } },
{ "type": "Feature", "properties": { "P29_001": "04406", "P29_002": "B104224060013", "P29_003": "16001", "P29_004": "利府町立利府小学校", "P29_005": "宮城県宮城郡利府町利府字城内1", "P29_006": "3", "P29_007": "1", "P29_008": "00", "P29_009": null }, "geometry": { "type": "Point", "coordinates": [ 140.979701526908912, 38.333512971231784 ] } },
{ "type": "Feature", "properties": { "P29_001": "04406", "P29_002": "B104224060022", "P29_003": "16001", "P29_004": "利府町立利府第二小学校", "P29_005": "宮城県宮城郡利府町神谷沢字後沢31-1", "P29_006": "3", "P29_007": "1", "P29_008": "00", "P29_009": null }, "geometry": { "type": "Point", "coordinates": [ 140.953536620888713, 38.318056017960515 ] } },
{ "type": "Feature", "properties": { "P29_001": "04406", "P29_002": "B104224060031", "P29_003": "16001", "P29_004": "利府町立利府第三小学校", "P29_005": "宮城県宮城郡利府町森郷字後楽東1-5", "P29_006": "3", "P29_007": "1", "P29_008": "00", "P29_009": null }, "geometry": { "type": "Point", "coordinates": [ 140.999181654456351, 38.329850196312407 ] } },
{ "type": "Feature", "properties": { "P29_001": "04406", "P29_002": "B104224060040", "P29_003": "16001", "P29_004": "利府町立しらかし台小学校", "P29_005": "宮城県宮城郡利府町しらかし台1-9", "P29_006": "3", "P29_007": "1", "P29_008": "00", "P29_009": null }, "geometry": { "type": "Point", "coordinates": [ 140.96362346734071, 38.350028853175097 ] } },
{ "type": "Feature", "properties": { "P29_001": "04406", "P29_002": "B104224060059", "P29_003": "16001", "P29_004": "利府町立青山小学校", "P29_005": "宮城県宮城郡利府町青山3-45-1", "P29_006": "3", "P29_007": "1", "P29_008": "00", "P29_009": null }, "geometry": { "type": "Point", "coordinates": [ 140.97405987258756, 38.347474390015378 ] } },
{ "type": "Feature", "properties": { "P29_001": "04406", "P29_002": "B104224060068", "P29_003": "16001", "P29_004": "利府町立菅谷台小学校", "P29_005": "宮城県宮城郡利府町菅谷台4-40", "P29_006": "3", "P29_007": "1", "P29_008": "00", "P29_009": null }, "geometry": { "type": "Point", "coordinates": [ 140.957364823642394, 38.333160801545162 ] } },
{ "type": "Feature", "properties": { "P29_001": "04421", "P29_002": "B104224210012", "P29_003": "16001", "P29_004": "大和町立吉岡小学校", "P29_005": "宮城県黒川郡大和町吉岡字町裏32", "P29_006": "3", "P29_007": "1", "P29_008": "00", "P29_009": null }, "geometry": { "type": "Point", "coordinates": [ 140.887950266981221, 38.44735839286534 ] } },
{ "type": "Feature", "properties": { "P29_001": "04421", "P29_002": "B104224210021", "P29_003": "16001", "P29_004": "大和町立宮床小学校", "P29_005": "宮城県黒川郡大和町宮床字四辻85-6", "P29_006": "3", "P29_007": "1", "P29_008": "00", "P29_009": null }, "geometry": { "type": "Point", "coordinates": [ 140.847837569824549, 38.402694382816264 ] } },
{ "type": "Feature", "properties": { "P29_001": "04421", "P29_002": "B104224210030", "P29_003": "16001", "P29_004": "大和町立吉田小学校", "P29_005": "宮城県黒川郡大和町吉田字寺野東62-1", "P29_006": "3", "P29_007": "1", "P29_008": "00", "P29_009": null }, "geometry": { "type": "Point", "coordinates": [ 140.83048307509199, 38.452620369936859 ] } },
{ "type": "Feature", "properties": { "P29_001": "04421", "P29_002": "B104224210049", "P29_003": "16001", "P29_004": "大和町立鶴巣小学校", "P29_005": "宮城県黒川郡大和町鶴巣北目大崎字岸172", "P29_006": "3", "P29_007": "1", "P29_008": "00", "P29_009": null }, "geometry": { "type": "Point", "coordinates": [ 140.934528850452836, 38.42081644418478 ] } },
{ "type": "Feature", "properties": { "P29_001": "04421", "P29_002": "B104224210058", "P29_003": "16001", "P29_004": "大和町立落合小学校", "P29_005": "宮城県黒川郡大和町落合相川字若木164-1", "P29_006": "3", "P29_007": "1", "P29_008": "00", "P29_009": null }, "geometry": { "type": "Point", "coordinates": [ 140.929393054424963, 38.43794446167211 ] } },
{ "type": "Feature", "properties": { "P29_001": "04421", "P29_002": "B104224210067", "P29_003": "16001", "P29_004": "大和町立小野小学校", "P29_005": "宮城県黒川郡大和町もみじヶ丘2-3", "P29_006": "3", "P29_007": "1", "P29_008": "00", "P29_009": null }, "geometry": { "type": "Point", "coordinates": [ 140.860655590917645, 38.38205345449726 ] } },
{ "type": "Feature", "properties": { "P29_001": "04422", "P29_002": "B104224220010", "P29_003": "16001", "P29_004": "大郷町立大郷小学校", "P29_005": "宮城県黒川郡大郷町中村字屋敷前98", "P29_006": "3", "P29_007": "1", "P29_008": "00", "P29_009": null }, "geometry": { "type": "Point", "coordinates": [ 141.001654329757542, 38.420573182865951 ] } },
{ "type": "Feature", "properties": { "P29_001": "04424", "P29_002": "B104224240016", "P29_003": "16001", "P29_004": "大衡村立大衡小学校", "P29_005": "宮城県黒川郡大衡村大衡字平林13", "P29_006": "3", "P29_007": "1", "P29_008": "00", "P29_009": null }, "geometry": { "type": "Point", "coordinates": [ 140.880955495300014, 38.464997518418521 ] } },
{ "type": "Feature", "properties": { "P29_001": "04445", "P29_002": "B104224450011", "P29_003": "16001", "P29_004": "加美町立中新田小学校", "P29_005": "宮城県加美郡加美町字西田4-7-1", "P29_006": "3", "P29_007": "1", "P29_008": "00", "P29_009": null }, "geometry": { "type": "Point", "coordinates": [ 140.854316753765801, 38.57089787014224 ] } },
{ "type": "Feature", "properties": { "P29_001": "04445", "P29_002": "B104224450020", "P29_003": "16001", "P29_004": "加美町立広原小学校", "P29_005": "宮城県加美郡加美町上狼塚字東北原12-1", "P29_006": "3", "P29_007": "1", "P29_008": "00", "P29_009": null }, "geometry": { "type": "Point", "coordinates": [ 140.865424986964399, 38.595318109228707 ] } },
{ "type": "Feature", "properties": { "P29_001": "04445", "P29_002": "B104224450039", "P29_003": "16001", "P29_004": "加美町立鳴瀬小学校", "P29_005": "宮城県加美郡加美町四日市場字舟橋250", "P29_006": "3", "P29_007": "1", "P29_008": "00", "P29_009": null }, "geometry": { "type": "Point", "coordinates": [ 140.878867437101661, 38.557098880868907 ] } },
{ "type": "Feature", "properties": { "P29_001": "04445", "P29_002": "B104224450048", "P29_003": "16001", "P29_004": "加美町立東小野田小学校", "P29_005": "宮城県加美郡加美町字南寺宿45", "P29_006": "3", "P29_007": "1", "P29_008": "00", "P29_009": null }, "geometry": { "type": "Point", "coordinates": [ 140.782383126230144, 38.575998704267604 ] } },
{ "type": "Feature", "properties": { "P29_001": "04445", "P29_002": "B104224450057", "P29_003": "16001", "P29_004": "加美町立鹿原小学校", "P29_005": "宮城県加美郡加美町字鹿原水堀3-1", "P29_006": "3", "P29_007": "1", "P29_008": "00", "P29_009": null }, "geometry": { "type": "Point", "coordinates": [ 140.743643872995364, 38.56708371007592 ] } },
{ "type": "Feature", "properties": { "P29_001": "04445", "P29_002": "B104224450066", "P29_003": "16001", "P29_004": "加美町立西小野田小学校", "P29_005": "宮城県加美郡加美町字上野目高畑5", "P29_006": "3", "P29_007": "1", "P29_008": "00", "P29_009": null }, "geometry": { "type": "Point", "coordinates": [ 140.730653174133437, 38.588682216723313 ] } },
{ "type": "Feature", "properties": { "P29_001": "04445", "P29_002": "B104224450075", "P29_003": "16001", "P29_004": "加美町立宮崎小学校", "P29_005": "宮城県加美郡加美町宮崎字屋敷1-6-2", "P29_006": "3", "P29_007": "1", "P29_008": "00", "P29_009": null }, "geometry": { "type": "Point", "coordinates": [ 140.759395610597494, 38.615109840465749 ] } },
{ "type": "Feature", "properties": { "P29_001": "04445", "P29_002": "B104224450084", "P29_003": "16001", "P29_004": "加美町立賀美石小学校", "P29_005": "宮城県加美郡加美町鳥屋ヶ崎字神明127", "P29_006": "3", "P29_007": "1", "P29_008": "00", "P29_009": null }, "geometry": { "type": "Point", "coordinates": [ 140.803108504399233, 38.591625802387121 ] } },
{ "type": "Feature", "properties": { "P29_001": "04501", "P29_002": "B104225010011", "P29_003": "16001", "P29_004": "涌谷町立涌谷第一小学校", "P29_005": "宮城県遠田郡涌谷町字立町15", "P29_006": "3", "P29_007": "1", "P29_008": "00", "P29_009": null }, "geometry": { "type": "Point", "coordinates": [ 141.129228180492333, 38.54298169510632 ] } },
{ "type": "Feature", "properties": { "P29_001": "04501", "P29_002": "B104225010020", "P29_003": "16001", "P29_004": "涌谷町立月将館小学校", "P29_005": "宮城県遠田郡涌谷町涌谷字小人町1", "P29_006": "3", "P29_007": "1", "P29_008": "00", "P29_009": null }, "geometry": { "type": "Point", "coordinates": [ 141.134428496292031, 38.543323656056558 ] } },
{ "type": "Feature", "properties": { "P29_001": "04501", "P29_002": "B104225010039", "P29_003": "16001", "P29_004": "涌谷町立箟岳白山小学校", "P29_005": "宮城県遠田郡涌谷町太田字台78-2", "P29_006": "3", "P29_007": "1", "P29_008": "00", "P29_009": null }, "geometry": { "type": "Point", "coordinates": [ 141.183749512759022, 38.573567500477921 ] } },
{ "type": "Feature", "properties": { "P29_001": "04505", "P29_002": "B104225050012", "P29_003": "16001", "P29_004": "美里町立小牛田小学校", "P29_005": "宮城県遠田郡美里町牛飼字清水江220", "P29_006": "3", "P29_007": "1", "P29_008": "00", "P29_009": null }, "geometry": { "type": "Point", "coordinates": [ 141.056600864610175, 38.551875092875079 ] } },
{ "type": "Feature", "properties": { "P29_001": "04505", "P29_002": "B104225050021", "P29_003": "16001", "P29_004": "美里町立不動堂小学校", "P29_005": "宮城県遠田郡美里町峯山12-1", "P29_006": "3", "P29_007": "1", "P29_008": "00", "P29_009": null }, "geometry": { "type": "Point", "coordinates": [ 141.073874139604072, 38.536710417217023 ] } },
{ "type": "Feature", "properties": { "P29_001": "04505", "P29_002": "B104225050030", "P29_003": "16001", "P29_004": "美里町立北浦小学校", "P29_005": "宮城県遠田郡美里町北浦字浦田上129", "P29_006": "3", "P29_007": "1", "P29_008": "00", "P29_009": null }, "geometry": { "type": "Point", "coordinates": [ 141.022359659963683, 38.564852754673538 ] } },
{ "type": "Feature", "properties": { "P29_001": "04505", "P29_002": "B104225050049", "P29_003": "16001", "P29_004": "美里町立中埣小学校", "P29_005": "宮城県遠田郡美里町荻埣字朝日壇78", "P29_006": "3", "P29_007": "1", "P29_008": "00", "P29_009": null }, "geometry": { "type": "Point", "coordinates": [ 141.028524940146951, 38.57646630314364 ] } },
{ "type": "Feature", "properties": { "P29_001": "04505", "P29_002": "B104225050058", "P29_003": "16001", "P29_004": "美里町立青生小学校", "P29_005": "宮城県遠田郡美里町青生字中ノ橋128-1", "P29_006": "3", "P29_007": "1", "P29_008": "00", "P29_009": null }, "geometry": { "type": "Point", "coordinates": [ 141.043374320184654, 38.536588863134888 ] } },
{ "type": "Feature", "properties": { "P29_001": "04505", "P29_002": "B104225050067", "P29_003": "16001", "P29_004": "美里町立南郷小学校", "P29_005": "宮城県遠田郡美里町木間塚字高田5", "P29_006": "3", "P29_007": "1", "P29_008": "00", "P29_009": null }, "geometry": { "type": "Point", "coordinates": [ 141.133024217631856, 38.487736801450545 ] } },
{ "type": "Feature", "properties": { "P29_001": "04581", "P29_002": "B104225810013", "P29_003": "16001", "P29_004": "女川町立女川小学校", "P29_005": "宮城県牡鹿郡女川町女川1-2-1", "P29_006": "3", "P29_007": "1", "P29_008": "00", "P29_009": null }, "geometry": { "type": "Point", "coordinates": [ 141.44320790130331, 38.444249539947776 ] } },
{ "type": "Feature", "properties": { "P29_001": "04606", "P29_002": "B104226060018", "P29_003": "16001", "P29_004": "南三陸町立志津川小学校", "P29_005": "宮城県本吉郡南三陸町志津川字城場75-2", "P29_006": "3", "P29_007": "1", "P29_008": "00", "P29_009": null }, "geometry": { "type": "Point", "coordinates": [ 141.448861477249409, 38.683594336826751 ] } },
{ "type": "Feature", "properties": { "P29_001": "04606", "P29_002": "B104226060027", "P29_003": "16001", "P29_004": "南三陸町立戸倉小学校", "P29_005": "宮城県本吉郡南三陸町戸倉字宇津野50-1", "P29_006": "3", "P29_007": "1", "P29_008": "00", "P29_009": null }, "geometry": { "type": "Point", "coordinates": [ 141.438634332945554, 38.638551087058552 ] } },
{ "type": "Feature", "properties": { "P29_001": "04606", "P29_002": "B104226060036", "P29_003": "16001", "P29_004": "南三陸町立入谷小学校", "P29_005": "宮城県本吉郡南三陸町入谷字童子下193-2", "P29_006": "3", "P29_007": "1", "P29_008": "00", "P29_009": null }, "geometry": { "type": "Point", "coordinates": [ 141.415131756119507, 38.705485119800322 ] } },
{ "type": "Feature", "properties": { "P29_001": "04606", "P29_002": "B104226060045", "P29_003": "16001", "P29_004": "南三陸町立伊里前小学校", "P29_005": "宮城県本吉郡南三陸町歌津字伊里前113", "P29_006": "3", "P29_007": "1", "P29_008": "00", "P29_009": null }, "geometry": { "type": "Point", "coordinates": [ 141.52167390161091, 38.71863822223817 ] } },
{ "type": "Feature", "properties": { "P29_001": "04606", "P29_002": "B104226060054", "P29_003": "16001", "P29_004": "南三陸町立名足小学校", "P29_005": "宮城県本吉郡南三陸町歌津字中山14", "P29_006": "3", "P29_007": "1", "P29_008": "00", "P29_009": null }, "geometry": { "type": "Point", "coordinates": [ 141.555244523803935, 38.722221286204991 ] } },
{ "type": "Feature", "properties": { "P29_001": "04101", "P29_002": "B104391010011", "P29_003": "16001", "P29_004": "聖ドミニコ学院小学校", "P29_005": "宮城県仙台市青葉区角五郎2-2-14", "P29_006": "4", "P29_007": "1", "P29_008": "00", "P29_009": null }, "geometry": { "type": "Point", "coordinates": [ 140.848658980302247, 38.266059697354841 ] } },
{ "type": "Feature", "properties": { "P29_001": "04103", "P29_002": "B104391030017", "P29_003": "16001", "P29_004": "聖ウルスラ学院英智小学校", "P29_005": "宮城県仙台市若林区一本杉町1-2", "P29_006": "4", "P29_007": "1", "P29_008": "00", "P29_009": null }, "geometry": { "type": "Point", "coordinates": [ 140.902952403460176, 38.24426919027772 ] } },
{ "type": "Feature", "properties": { "P29_001": "04104", "P29_002": "B104391040015", "P29_003": "16001", "P29_004": "ろりぽっぷ小学校", "P29_005": "宮城県仙台市太白区坪沼長田中9-1", "P29_006": "4", "P29_007": "1", "P29_008": "00", "P29_009": null }, "geometry": { "type": "Point", "coordinates": [ 140.77135367080777, 38.191897359114883 ] } },
{ "type": "Feature", "properties": { "P29_001": "04421", "P29_002": "B104391050012", "P29_003": "16001", "P29_004": "仙台白百合学園小学校", "P29_005": "宮城県仙台市泉区紫山1-2-1", "P29_006": "4", "P29_007": "1", "P29_008": "00", "P29_009": null }, "geometry": { "type": "Point", "coordinates": [ 140.834299959019745, 38.34779578232726 ] } },
{ "type": "Feature", "properties": { "P29_001": "04105", "P29_002": "B104391050021", "P29_003": "16001", "P29_004": "ホライゾン学園仙台小学校", "P29_005": "宮城県仙台市泉区高森4-2-540", "P29_006": "4", "P29_007": "1", "P29_008": "00", "P29_009": null }, "geometry": { "type": "Point", "coordinates": [ 140.848183998438969, 38.33152825453913 ] } },
{ "type": "Feature", "properties": { "P29_001": "04341", "P29_002": "B104393410013", "P29_003": "16001", "P29_004": "啓明宮城小学校", "P29_005": "宮城県伊具郡丸森町雁歌62", "P29_006": "4", "P29_007": "1", "P29_008": "00", "P29_009": null }, "geometry": { "type": "Point", "coordinates": [ 140.762896025201371, 37.906512428764707 ] } }
]
}
