{
"type": "FeatureCollection",
"name": "geo_4_2",
"crs": { "type": "name", "properties": { "name": "urn:ogc:def:crs:OGC:1.3:CRS84" } },
"features": [
{ "type": "Feature", "properties": { "ID": 42702256, "正式名称": "ＴＣＢ　東京中央美容外科・ＴＣＢ　スキンクリニック　ＢＳクリニック　仙台駅前院", "機関区分": 2, "都道府県コード": 4, "市区町村コード": 101, "所在地": "宮城県仙台市青葉区中央３－６－１仙台ＴＲビル東館７Ｆ", "緯度": 38.2597083, "経度": 140.8787431, "url": "https://www.iryou.teikyouseido.mhlw.go.jp/znk-web/juminkanja/S2430/initialize?prefCd=04&kikanCd=2702256&kikanKbn=2", "url2": null, "内容": "ＴＣＢ　東京中央美容外科・ＴＣＢ　スキンクリニック　ＢＳクリニック　仙台駅前院【2:診療所】【診療科目:0】宮城県仙台市青葉区中央３－６－１仙台ＴＲビル東館７Ｆ" }, "geometry": { "type": "Point", "coordinates": [ 140.8787431, 38.2597083 ] } },
{ "type": "Feature", "properties": { "ID": 42705000, "正式名称": "医療法人社団宏樹会　やたべ内科・訪問診療クリニック", "機関区分": 2, "都道府県コード": 4, "市区町村コード": 101, "所在地": "宮城県仙台市青葉区錦町１丁目９番８号", "緯度": 38.268841, "経度": 140.87558, "url": "https://www.iryou.teikyouseido.mhlw.go.jp/znk-web/juminkanja/S2430/initialize?prefCd=04&kikanCd=2705000&kikanKbn=2", "url2": null, "内容": "医療法人社団宏樹会　やたべ内科・訪問診療クリニック【2:診療所】【診療科目:0】宮城県仙台市青葉区錦町１丁目９番８号" }, "geometry": { "type": "Point", "coordinates": [ 140.87558, 38.268841 ] } },
{ "type": "Feature", "properties": { "ID": 42705002, "正式名称": "医療法人モクシン　堀田　修　クリニック", "機関区分": 2, "都道府県コード": 4, "市区町村コード": 103, "所在地": "宮城県仙台市若林区六丁の目南町２－３９", "緯度": 38.250183, "経度": 140.93721, "url": "https://www.iryou.teikyouseido.mhlw.go.jp/znk-web/juminkanja/S2430/initialize?prefCd=04&kikanCd=2705002&kikanKbn=2", "url2": "https://www.hoc.ne.jp", "内容": "医療法人モクシン　堀田　修　クリニック【2:診療所】【診療科目:0】宮城県仙台市若林区六丁の目南町２－３９" }, "geometry": { "type": "Point", "coordinates": [ 140.93721, 38.250183 ] } },
{ "type": "Feature", "properties": { "ID": 42705003, "正式名称": "ＧＩスズキクリニック", "機関区分": 2, "都道府県コード": 4, "市区町村コード": 103, "所在地": "宮城県仙台市若林区新寺２丁目２－１１　新寺２１１ビル４Ｆ", "緯度": 38.257114, "経度": 140.886627, "url": "https://www.iryou.teikyouseido.mhlw.go.jp/znk-web/juminkanja/S2430/initialize?prefCd=04&kikanCd=2705003&kikanKbn=2", "url2": "http://www.gi-suzuki.com/", "内容": "ＧＩスズキクリニック【2:診療所】【診療科目:0】宮城県仙台市若林区新寺２丁目２－１１　新寺２１１ビル４Ｆ" }, "geometry": { "type": "Point", "coordinates": [ 140.886627, 38.257114 ] } },
{ "type": "Feature", "properties": { "ID": 42705004, "正式名称": "医療法人はやし會　はやし内科クリニック", "機関区分": 2, "都道府県コード": 4, "市区町村コード": 103, "所在地": "宮城県仙台市若林区大和町２丁目６－３　大和町メディカルセンター２Ｆ", "緯度": 38.248531, "経度": 140.914276, "url": "https://www.iryou.teikyouseido.mhlw.go.jp/znk-web/juminkanja/S2430/initialize?prefCd=04&kikanCd=2705004&kikanKbn=2", "url2": "http://hayashinaika-cl.jp", "内容": "医療法人はやし會　はやし内科クリニック【2:診療所】【診療科目:0】宮城県仙台市若林区大和町２丁目６－３　大和町メディカルセンター２Ｆ" }, "geometry": { "type": "Point", "coordinates": [ 140.914276, 38.248531 ] } },
{ "type": "Feature", "properties": { "ID": 42705005, "正式名称": "しばた整形外科", "機関区分": 2, "都道府県コード": 4, "市区町村コード": 103, "所在地": "宮城県仙台市若林区大和町２丁目６－３", "緯度": 38.248531, "経度": 140.914276, "url": "https://www.iryou.teikyouseido.mhlw.go.jp/znk-web/juminkanja/S2430/initialize?prefCd=04&kikanCd=2705005&kikanKbn=2", "url2": null, "内容": "しばた整形外科【2:診療所】【診療科目:0】宮城県仙台市若林区大和町２丁目６－３" }, "geometry": { "type": "Point", "coordinates": [ 140.914276, 38.248531 ] } },
{ "type": "Feature", "properties": { "ID": 42705006, "正式名称": "河原町泌尿器科クリニック", "機関区分": 2, "都道府県コード": 4, "市区町村コード": 103, "所在地": "宮城県仙台市若林区河原町１丁目１－５　リライアンス河原町４階", "緯度": 38.240479, "経度": 140.888382, "url": "https://www.iryou.teikyouseido.mhlw.go.jp/znk-web/juminkanja/S2430/initialize?prefCd=04&kikanCd=2705006&kikanKbn=2", "url2": "http://www.kawaramachi-uro.jp", "内容": "河原町泌尿器科クリニック【2:診療所】【診療科目:0】宮城県仙台市若林区河原町１丁目１－５　リライアンス河原町４階" }, "geometry": { "type": "Point", "coordinates": [ 140.888382, 38.240479 ] } },
{ "type": "Feature", "properties": { "ID": 42705007, "正式名称": "かの耳鼻咽喉科クリニック", "機関区分": 2, "都道府県コード": 4, "市区町村コード": 103, "所在地": "宮城県仙台市若林区荒井６丁目２－２", "緯度": 38.243208, "経度": 140.945524, "url": "https://www.iryou.teikyouseido.mhlw.go.jp/znk-web/juminkanja/S2430/initialize?prefCd=04&kikanCd=2705007&kikanKbn=2", "url2": "http://kano-jibika.com", "内容": "かの耳鼻咽喉科クリニック【2:診療所】【診療科目:0】宮城県仙台市若林区荒井６丁目２－２" }, "geometry": { "type": "Point", "coordinates": [ 140.945524, 38.243208 ] } },
{ "type": "Feature", "properties": { "ID": 42705008, "正式名称": "医療法人悠聡会　仙台やまと町脳外科クリニック", "機関区分": 2, "都道府県コード": 4, "市区町村コード": 103, "所在地": "宮城県仙台市若林区大和町２丁目６－３", "緯度": 38.248531, "経度": 140.914276, "url": "https://www.iryou.teikyouseido.mhlw.go.jp/znk-web/juminkanja/S2430/initialize?prefCd=04&kikanCd=2705008&kikanKbn=2", "url2": "https://www.asahi-net.or.jp/~sy4a-utnm/index.html", "内容": "医療法人悠聡会　仙台やまと町脳外科クリニック【2:診療所】【診療科目:0】宮城県仙台市若林区大和町２丁目６－３" }, "geometry": { "type": "Point", "coordinates": [ 140.914276, 38.248531 ] } },
{ "type": "Feature", "properties": { "ID": 42705009, "正式名称": "医療法人明星会　あけぼのクリニック", "機関区分": 2, "都道府県コード": 4, "市区町村コード": 202, "所在地": "宮城県石巻市蛇田字上中埣２６番１", "緯度": 38.444193, "経度": 141.273614, "url": "https://www.iryou.teikyouseido.mhlw.go.jp/znk-web/juminkanja/S2430/initialize?prefCd=04&kikanCd=2705009&kikanKbn=2", "url2": "https://akebono-clinic.jp", "内容": "医療法人明星会　あけぼのクリニック【2:診療所】【診療科目:0】宮城県石巻市蛇田字上中埣２６番１" }, "geometry": { "type": "Point", "coordinates": [ 141.273614, 38.444193 ] } },
{ "type": "Feature", "properties": { "ID": 42705012, "正式名称": "石巻市雄勝診療所", "機関区分": 2, "都道府県コード": 4, "市区町村コード": 202, "所在地": "宮城県石巻市雄勝町小島字和田１２３", "緯度": 38.512211, "経度": 141.502548, "url": "https://www.iryou.teikyouseido.mhlw.go.jp/znk-web/juminkanja/S2430/initialize?prefCd=04&kikanCd=2705012&kikanKbn=2", "url2": null, "内容": "石巻市雄勝診療所【2:診療所】【診療科目:0】宮城県石巻市雄勝町小島字和田１２３" }, "geometry": { "type": "Point", "coordinates": [ 141.502548, 38.512211 ] } },
{ "type": "Feature", "properties": { "ID": 42705014, "正式名称": "医療法人社団互仁会　萩眼科", "機関区分": 2, "都道府県コード": 4, "市区町村コード": 104, "所在地": "宮城県仙台市太白区長町７丁目２０－５　ララガーデン長町４０２号Ｄ室", "緯度": 38.225304, "経度": 140.875748, "url": "https://www.iryou.teikyouseido.mhlw.go.jp/znk-web/juminkanja/S2430/initialize?prefCd=04&kikanCd=2705014&kikanKbn=2", "url2": null, "内容": "医療法人社団互仁会　萩眼科【2:診療所】【診療科目:0】宮城県仙台市太白区長町７丁目２０－５　ララガーデン長町４０２号Ｄ室" }, "geometry": { "type": "Point", "coordinates": [ 140.875748, 38.225304 ] } },
{ "type": "Feature", "properties": { "ID": 42705016, "正式名称": "本島内科胃腸科クリニック", "機関区分": 2, "都道府県コード": 4, "市区町村コード": 104, "所在地": "宮城県仙台市太白区西中田７丁目２６－３０", "緯度": 38.190796, "経度": 140.874084, "url": "https://www.iryou.teikyouseido.mhlw.go.jp/znk-web/juminkanja/S2430/initialize?prefCd=04&kikanCd=2705016&kikanKbn=2", "url2": null, "内容": "本島内科胃腸科クリニック【2:診療所】【診療科目:0】宮城県仙台市太白区西中田７丁目２６－３０" }, "geometry": { "type": "Point", "coordinates": [ 140.874084, 38.190796 ] } },
{ "type": "Feature", "properties": { "ID": 42705019, "正式名称": "医療法人　なとり整形外科クリニック", "機関区分": 2, "都道府県コード": 4, "市区町村コード": 207, "所在地": "宮城県名取市小山２丁目１－５", "緯度": 38.164951, "経度": 140.88118, "url": "https://www.iryou.teikyouseido.mhlw.go.jp/znk-web/juminkanja/S2430/initialize?prefCd=04&kikanCd=2705019&kikanKbn=2", "url2": null, "内容": "医療法人　なとり整形外科クリニック【2:診療所】【診療科目:0】宮城県名取市小山２丁目１－５" }, "geometry": { "type": "Point", "coordinates": [ 140.88118, 38.164951 ] } },
{ "type": "Feature", "properties": { "ID": 42705020, "正式名称": "沖野眼科クリニック", "機関区分": 2, "都道府県コード": 4, "市区町村コード": 103, "所在地": "宮城県仙台市若林区沖野５丁目７－５", "緯度": 38.224312, "経度": 140.912094, "url": "https://www.iryou.teikyouseido.mhlw.go.jp/znk-web/juminkanja/S2430/initialize?prefCd=04&kikanCd=2705020&kikanKbn=2", "url2": null, "内容": "沖野眼科クリニック【2:診療所】【診療科目:0】宮城県仙台市若林区沖野５丁目７－５" }, "geometry": { "type": "Point", "coordinates": [ 140.912094, 38.224312 ] } },
{ "type": "Feature", "properties": { "ID": 42705021, "正式名称": "森内科クリニック", "機関区分": 2, "都道府県コード": 4, "市区町村コード": 207, "所在地": "宮城県名取市下余田字鹿島８６－５", "緯度": 38.172402, "経度": 140.899283, "url": "https://www.iryou.teikyouseido.mhlw.go.jp/znk-web/juminkanja/S2430/initialize?prefCd=04&kikanCd=2705021&kikanKbn=2", "url2": "http://mori.symphie.jp", "内容": "森内科クリニック【2:診療所】【診療科目:0】宮城県名取市下余田字鹿島８６－５" }, "geometry": { "type": "Point", "coordinates": [ 140.899283, 38.172402 ] } },
{ "type": "Feature", "properties": { "ID": 42705022, "正式名称": "八乙女駅前内科小児科クリニック", "機関区分": 2, "都道府県コード": 4, "市区町村コード": 105, "所在地": "宮城県仙台市泉区八乙女中央１丁目３－２６", "緯度": 38.312051, "経度": 140.884357, "url": "https://www.iryou.teikyouseido.mhlw.go.jp/znk-web/juminkanja/S2430/initialize?prefCd=04&kikanCd=2705022&kikanKbn=2", "url2": "http://www.yaotome-ekimae-clinic.org", "内容": "八乙女駅前内科小児科クリニック【2:診療所】【診療科目:0】宮城県仙台市泉区八乙女中央１丁目３－２６" }, "geometry": { "type": "Point", "coordinates": [ 140.884357, 38.312051 ] } },
{ "type": "Feature", "properties": { "ID": 42705024, "正式名称": "あおばの杜診療所", "機関区分": 2, "都道府県コード": 4, "市区町村コード": 101, "所在地": "宮城県仙台市青葉区国分町３丁目４－５　クライスビル２Ｆ", "緯度": 38.265606, "経度": 140.866913, "url": "https://www.iryou.teikyouseido.mhlw.go.jp/znk-web/juminkanja/S2430/initialize?prefCd=04&kikanCd=2705024&kikanKbn=2", "url2": "https://www.izuminomori.jp", "内容": "あおばの杜診療所【2:診療所】【診療科目:0】宮城県仙台市青葉区国分町３丁目４－５　クライスビル２Ｆ" }, "geometry": { "type": "Point", "coordinates": [ 140.866913, 38.265606 ] } },
{ "type": "Feature", "properties": { "ID": 42705026, "正式名称": "共立美容外科　仙台院", "機関区分": 2, "都道府県コード": 4, "市区町村コード": 102, "所在地": "宮城県仙台市宮城野区榴岡２丁目１－２０　ＨＰビル４Ｆ", "緯度": 38.261147, "経度": 140.884262, "url": "https://www.iryou.teikyouseido.mhlw.go.jp/znk-web/juminkanja/S2430/initialize?prefCd=04&kikanCd=2705026&kikanKbn=2", "url2": "http://www.s-kyoritsu.com/", "内容": "共立美容外科　仙台院【2:診療所】【診療科目:0】宮城県仙台市宮城野区榴岡２丁目１－２０　ＨＰビル４Ｆ" }, "geometry": { "type": "Point", "coordinates": [ 140.884262, 38.261147 ] } },
{ "type": "Feature", "properties": { "ID": 42705028, "正式名称": "メンタルヘルス北仙台クリニック", "機関区分": 2, "都道府県コード": 4, "市区町村コード": 101, "所在地": "宮城県仙台市青葉区昭和町５－２８　ロイヤルオフィス北仙台４Ｆ", "緯度": 38.281971, "経度": 140.867767, "url": "https://www.iryou.teikyouseido.mhlw.go.jp/znk-web/juminkanja/S2430/initialize?prefCd=04&kikanCd=2705028&kikanKbn=2", "url2": "http://www.mentalkitasen.com", "内容": "メンタルヘルス北仙台クリニック【2:診療所】【診療科目:0】宮城県仙台市青葉区昭和町５－２８　ロイヤルオフィス北仙台４Ｆ" }, "geometry": { "type": "Point", "coordinates": [ 140.867767, 38.281971 ] } },
{ "type": "Feature", "properties": { "ID": 42705029, "正式名称": "とみや眼科", "機関区分": 2, "都道府県コード": 4, "市区町村コード": 216, "所在地": "宮城県富谷市大清水一丁目３３－１　イオンモール富谷２階", "緯度": 38.364771, "経度": 140.875061, "url": "https://www.iryou.teikyouseido.mhlw.go.jp/znk-web/juminkanja/S2430/initialize?prefCd=04&kikanCd=2705029&kikanKbn=2", "url2": "https://tomiya-ganka.navi-clinic.jp/", "内容": "とみや眼科【2:診療所】【診療科目:0】宮城県富谷市大清水一丁目３３－１　イオンモール富谷２階" }, "geometry": { "type": "Point", "coordinates": [ 140.875061, 38.364771 ] } },
{ "type": "Feature", "properties": { "ID": 42705030, "正式名称": "まだらめ内科医院", "機関区分": 2, "都道府県コード": 4, "市区町村コード": 202, "所在地": "宮城県石巻市わかば２丁目１－５", "緯度": 38.455181, "経度": 141.282349, "url": "https://www.iryou.teikyouseido.mhlw.go.jp/znk-web/juminkanja/S2430/initialize?prefCd=04&kikanCd=2705030&kikanKbn=2", "url2": null, "内容": "まだらめ内科医院【2:診療所】【診療科目:0】宮城県石巻市わかば２丁目１－５" }, "geometry": { "type": "Point", "coordinates": [ 141.282349, 38.455181 ] } },
{ "type": "Feature", "properties": { "ID": 42705031, "正式名称": "しな子女性クリニック", "機関区分": 2, "都道府県コード": 4, "市区町村コード": 104, "所在地": "宮城県仙台市太白区長町南３丁目１－５０　４Ｆ", "緯度": 38.22414, "経度": 140.875092, "url": "https://www.iryou.teikyouseido.mhlw.go.jp/znk-web/juminkanja/S2430/initialize?prefCd=04&kikanCd=2705031&kikanKbn=2", "url2": "http://www.shinako-lc.com", "内容": "しな子女性クリニック【2:診療所】【診療科目:0】宮城県仙台市太白区長町南３丁目１－５０　４Ｆ" }, "geometry": { "type": "Point", "coordinates": [ 140.875092, 38.22414 ] } },
{ "type": "Feature", "properties": { "ID": 42705032, "正式名称": "医療法人　春ウイメンズクリニック", "機関区分": 2, "都道府県コード": 4, "市区町村コード": 207, "所在地": "宮城県名取市田高字南２７－１", "緯度": 38.182678, "経度": 140.875885, "url": "https://www.iryou.teikyouseido.mhlw.go.jp/znk-web/juminkanja/S2430/initialize?prefCd=04&kikanCd=2705032&kikanKbn=2", "url2": "http://www.haru-wc.jp/", "内容": "医療法人　春ウイメンズクリニック【2:診療所】【診療科目:0】宮城県名取市田高字南２７－１" }, "geometry": { "type": "Point", "coordinates": [ 140.875885, 38.182678 ] } },
{ "type": "Feature", "properties": { "ID": 42705033, "正式名称": "ストレスケア・クリニック　ルメート", "機関区分": 2, "都道府県コード": 4, "市区町村コード": 207, "所在地": "宮城県名取市杜せきのした５－１２－１", "緯度": 38.162476, "経度": 140.898483, "url": "https://www.iryou.teikyouseido.mhlw.go.jp/znk-web/juminkanja/S2430/initialize?prefCd=04&kikanCd=2705033&kikanKbn=2", "url2": "http://www.scc-l.net", "内容": "ストレスケア・クリニック　ルメート【2:診療所】【診療科目:0】宮城県名取市杜せきのした５－１２－１" }, "geometry": { "type": "Point", "coordinates": [ 140.898483, 38.162476 ] } },
{ "type": "Feature", "properties": { "ID": 42705034, "正式名称": "清水外科医院", "機関区分": 2, "都道府県コード": 4, "市区町村コード": 102, "所在地": "宮城県仙台市宮城野区新田１丁目２０－１０", "緯度": 38.275135, "経度": 140.920029, "url": "https://www.iryou.teikyouseido.mhlw.go.jp/znk-web/juminkanja/S2430/initialize?prefCd=04&kikanCd=2705034&kikanKbn=2", "url2": null, "内容": "清水外科医院【2:診療所】【診療科目:0】宮城県仙台市宮城野区新田１丁目２０－１０" }, "geometry": { "type": "Point", "coordinates": [ 140.920029, 38.275135 ] } },
{ "type": "Feature", "properties": { "ID": 42705035, "正式名称": "おかだ小児科", "機関区分": 2, "都道府県コード": 4, "市区町村コード": 105, "所在地": "宮城県仙台市泉区黒松１丁目３－５", "緯度": 38.304646, "経度": 140.881714, "url": "https://www.iryou.teikyouseido.mhlw.go.jp/znk-web/juminkanja/S2430/initialize?prefCd=04&kikanCd=2705035&kikanKbn=2", "url2": "http://okada-kids.com/", "内容": "おかだ小児科【2:診療所】【診療科目:0】宮城県仙台市泉区黒松１丁目３－５" }, "geometry": { "type": "Point", "coordinates": [ 140.881714, 38.304646 ] } },
{ "type": "Feature", "properties": { "ID": 42705036, "正式名称": "ささはら総合診療科", "機関区分": 2, "都道府県コード": 4, "市区町村コード": 212, "所在地": "宮城県登米市迫町佐沼字江合１丁目８－８", "緯度": 38.683674, "経度": 141.187347, "url": "https://www.iryou.teikyouseido.mhlw.go.jp/znk-web/juminkanja/S2430/initialize?prefCd=04&kikanCd=2705036&kikanKbn=2", "url2": "http://www.sasahara.jp", "内容": "ささはら総合診療科【2:診療所】【診療科目:0】宮城県登米市迫町佐沼字江合１丁目８－８" }, "geometry": { "type": "Point", "coordinates": [ 141.187347, 38.683674 ] } },
{ "type": "Feature", "properties": { "ID": 42705038, "正式名称": "ともみ皮フ科", "機関区分": 2, "都道府県コード": 4, "市区町村コード": 101, "所在地": "宮城県仙台市青葉区一番町３丁目６－１　一番町平和ビル５階", "緯度": 38.261147, "経度": 140.874008, "url": "https://www.iryou.teikyouseido.mhlw.go.jp/znk-web/juminkanja/S2430/initialize?prefCd=04&kikanCd=2705038&kikanKbn=2", "url2": "http://www.tomomi-hifuka.com", "内容": "ともみ皮フ科【2:診療所】【診療科目:0】宮城県仙台市青葉区一番町３丁目６－１　一番町平和ビル５階" }, "geometry": { "type": "Point", "coordinates": [ 140.874008, 38.261147 ] } },
{ "type": "Feature", "properties": { "ID": 42705039, "正式名称": "一番町南診療所仙台心臓血圧総合クリニック", "機関区分": 2, "都道府県コード": 4, "市区町村コード": 101, "所在地": "宮城県仙台市青葉区北目町３番９号―２階", "緯度": 38.255112, "経度": 140.875565, "url": "https://www.iryou.teikyouseido.mhlw.go.jp/znk-web/juminkanja/S2430/initialize?prefCd=04&kikanCd=2705039&kikanKbn=2", "url2": "http://www.1stsc.co.jp/secondfloor/index.html", "内容": "一番町南診療所仙台心臓血圧総合クリニック【2:診療所】【診療科目:0】宮城県仙台市青葉区北目町３番９号―２階" }, "geometry": { "type": "Point", "coordinates": [ 140.875565, 38.255112 ] } },
{ "type": "Feature", "properties": { "ID": 42705040, "正式名称": "医療法人　木島医院　一番町きじまクリニック", "機関区分": 2, "都道府県コード": 4, "市区町村コード": 101, "所在地": "宮城県仙台市青葉区一番町３丁目６－１　一番町平和ビル５階", "緯度": 38.261147, "経度": 140.874008, "url": "https://www.iryou.teikyouseido.mhlw.go.jp/znk-web/juminkanja/S2430/initialize?prefCd=04&kikanCd=2705040&kikanKbn=2", "url2": "https://www.kijima-clinic.com", "内容": "医療法人　木島医院　一番町きじまクリニック【2:診療所】【診療科目:0】宮城県仙台市青葉区一番町３丁目６－１　一番町平和ビル５階" }, "geometry": { "type": "Point", "coordinates": [ 140.874008, 38.261147 ] } },
{ "type": "Feature", "properties": { "ID": 42705041, "正式名称": "泉七北田こどもの杜クリニック", "機関区分": 2, "都道府県コード": 4, "市区町村コード": 105, "所在地": "宮城県仙台市泉区七北田字東裏２７－２", "緯度": 38.323875, "経度": 140.890121, "url": "https://www.iryou.teikyouseido.mhlw.go.jp/znk-web/juminkanja/S2430/initialize?prefCd=04&kikanCd=2705041&kikanKbn=2", "url2": "http://www.nanakita-kodomo.com", "内容": "泉七北田こどもの杜クリニック【2:診療所】【診療科目:0】宮城県仙台市泉区七北田字東裏２７－２" }, "geometry": { "type": "Point", "coordinates": [ 140.890121, 38.323875 ] } },
{ "type": "Feature", "properties": { "ID": 42705042, "正式名称": "杉田眼科", "機関区分": 2, "都道府県コード": 4, "市区町村コード": 101, "所在地": "宮城県仙台市青葉区一番町３－６－１　一番町平和ビル５０３", "緯度": 38.261147, "経度": 140.874008, "url": "https://www.iryou.teikyouseido.mhlw.go.jp/znk-web/juminkanja/S2430/initialize?prefCd=04&kikanCd=2705042&kikanKbn=2", "url2": "http://www.sugitaganka.com", "内容": "杉田眼科【2:診療所】【診療科目:0】宮城県仙台市青葉区一番町３－６－１　一番町平和ビル５０３" }, "geometry": { "type": "Point", "coordinates": [ 140.874008, 38.261147 ] } },
{ "type": "Feature", "properties": { "ID": 42705043, "正式名称": "北四番丁なかがわ皮フ科クリニック", "機関区分": 2, "都道府県コード": 4, "市区町村コード": 101, "所在地": "宮城県仙台市青葉区上杉２丁目３ー１９", "緯度": 38.272923, "経度": 140.869064, "url": "https://www.iryou.teikyouseido.mhlw.go.jp/znk-web/juminkanja/S2430/initialize?prefCd=04&kikanCd=2705043&kikanKbn=2", "url2": "http://www.kita4-hifuka.jp", "内容": "北四番丁なかがわ皮フ科クリニック【2:診療所】【診療科目:0】宮城県仙台市青葉区上杉２丁目３ー１９" }, "geometry": { "type": "Point", "coordinates": [ 140.869064, 38.272923 ] } },
{ "type": "Feature", "properties": { "ID": 42705044, "正式名称": "医療法人　清宮眼科医院", "機関区分": 2, "都道府県コード": 4, "市区町村コード": 445, "所在地": "宮城県加美郡加美町字大門５０－１", "緯度": 38.57766, "経度": 140.854553, "url": "https://www.iryou.teikyouseido.mhlw.go.jp/znk-web/juminkanja/S2430/initialize?prefCd=04&kikanCd=2705044&kikanKbn=2", "url2": "http://www.seimiyagankaiin.com/", "内容": "医療法人　清宮眼科医院【2:診療所】【診療科目:0】宮城県加美郡加美町字大門５０－１" }, "geometry": { "type": "Point", "coordinates": [ 140.854553, 38.57766 ] } },
{ "type": "Feature", "properties": { "ID": 42705047, "正式名称": "太子堂駅前ひふ科", "機関区分": 2, "都道府県コード": 4, "市区町村コード": 104, "所在地": "宮城県仙台市太白区あすと長町３丁目１０－２３", "緯度": 38.218407, "経度": 140.884796, "url": "https://www.iryou.teikyouseido.mhlw.go.jp/znk-web/juminkanja/S2430/initialize?prefCd=04&kikanCd=2705047&kikanKbn=2", "url2": "http://www2.gol.com/users/ip1206118881/index.html", "内容": "太子堂駅前ひふ科【2:診療所】【診療科目:0】宮城県仙台市太白区あすと長町３丁目１０－２３" }, "geometry": { "type": "Point", "coordinates": [ 140.884796, 38.218407 ] } },
{ "type": "Feature", "properties": { "ID": 42705048, "正式名称": "おおぬま小児科", "機関区分": 2, "都道府県コード": 4, "市区町村コード": 323, "所在地": "宮城県柴田郡柴田町槻木上町１丁目１－５１", "緯度": 38.078175, "経度": 140.812714, "url": "https://www.iryou.teikyouseido.mhlw.go.jp/znk-web/juminkanja/S2430/initialize?prefCd=04&kikanCd=2705048&kikanKbn=2", "url2": "http://ohnuma-shounika.jp/", "内容": "おおぬま小児科【2:診療所】【診療科目:0】宮城県柴田郡柴田町槻木上町１丁目１－５１" }, "geometry": { "type": "Point", "coordinates": [ 140.812714, 38.078175 ] } },
{ "type": "Feature", "properties": { "ID": 42705049, "正式名称": "一般財団法人　周行会上杉クリニック", "機関区分": 2, "都道府県コード": 4, "市区町村コード": 101, "所在地": "宮城県仙台市青葉区上杉２丁目３－３　ノースフォー１階", "緯度": 38.272755, "経度": 140.869751, "url": "https://www.iryou.teikyouseido.mhlw.go.jp/znk-web/juminkanja/S2430/initialize?prefCd=04&kikanCd=2705049&kikanKbn=2", "url2": "http://www.shukokai.or.jp", "内容": "一般財団法人　周行会上杉クリニック【2:診療所】【診療科目:0】宮城県仙台市青葉区上杉２丁目３－３　ノースフォー１階" }, "geometry": { "type": "Point", "coordinates": [ 140.869751, 38.272755 ] } },
{ "type": "Feature", "properties": { "ID": 42705050, "正式名称": "てっぽう町かず内科", "機関区分": 2, "都道府県コード": 4, "市区町村コード": 102, "所在地": "宮城県仙台市宮城野区鉄砲町東３番地の１６", "緯度": 38.263805, "経度": 140.892868, "url": "https://www.iryou.teikyouseido.mhlw.go.jp/znk-web/juminkanja/S2430/initialize?prefCd=04&kikanCd=2705050&kikanKbn=2", "url2": "http://www.kazu-naika.jp", "内容": "てっぽう町かず内科【2:診療所】【診療科目:0】宮城県仙台市宮城野区鉄砲町東３番地の１６" }, "geometry": { "type": "Point", "coordinates": [ 140.892868, 38.263805 ] } },
{ "type": "Feature", "properties": { "ID": 42705052, "正式名称": "村田透析クリニック", "機関区分": 2, "都道府県コード": 4, "市区町村コード": 322, "所在地": "宮城県柴田郡村田町沼辺字新小谷地２７－２", "緯度": 38.069317, "経度": 140.73848, "url": "https://www.iryou.teikyouseido.mhlw.go.jp/znk-web/juminkanja/S2430/initialize?prefCd=04&kikanCd=2705052&kikanKbn=2", "url2": "http://medical-senshoukai.or.jp", "内容": "村田透析クリニック【2:診療所】【診療科目:0】宮城県柴田郡村田町沼辺字新小谷地２７－２" }, "geometry": { "type": "Point", "coordinates": [ 140.73848, 38.069317 ] } },
{ "type": "Feature", "properties": { "ID": 42705054, "正式名称": "医療法人　豊生会　むらた日帰り外科手術クリニック", "機関区分": 2, "都道府県コード": 4, "市区町村コード": 104, "所在地": "宮城県仙台市太白区あすと長町１丁目２－１　仙台長町メディカルプラザ２階", "緯度": 38.231094, "経度": 140.887756, "url": "https://www.iryou.teikyouseido.mhlw.go.jp/znk-web/juminkanja/S2430/initialize?prefCd=04&kikanCd=2705054&kikanKbn=2", "url2": "http://www.murata-higaerigeka.com", "内容": "医療法人　豊生会　むらた日帰り外科手術クリニック【2:診療所】【診療科目:0】宮城県仙台市太白区あすと長町１丁目２－１　仙台長町メディカルプラザ２階" }, "geometry": { "type": "Point", "coordinates": [ 140.887756, 38.231094 ] } },
{ "type": "Feature", "properties": { "ID": 42705055, "正式名称": "医療法人　ＳＯＵＮＤ　ＳＬＥＥＰ　仙台内科睡眠クリニック", "機関区分": 2, "都道府県コード": 4, "市区町村コード": 101, "所在地": "宮城県仙台市青葉区中央１丁目１－１　エスパル仙台４階", "緯度": 38.260284, "経度": 140.882248, "url": "https://www.iryou.teikyouseido.mhlw.go.jp/znk-web/juminkanja/S2430/initialize?prefCd=04&kikanCd=2705055&kikanKbn=2", "url2": "https://sendai-sleep.net", "内容": "医療法人　ＳＯＵＮＤ　ＳＬＥＥＰ　仙台内科睡眠クリニック【2:診療所】【診療科目:0】宮城県仙台市青葉区中央１丁目１－１　エスパル仙台４階" }, "geometry": { "type": "Point", "coordinates": [ 140.882248, 38.260284 ] } },
{ "type": "Feature", "properties": { "ID": 42705056, "正式名称": "医療法人社団ＫＮＩ　北原ライフサポートクリニック東松島", "機関区分": 2, "都道府県コード": 4, "市区町村コード": 214, "所在地": "宮城県東松島市野蒜ケ丘二丁目２５－２", "緯度": 38.377554, "経度": 141.146058, "url": "https://www.iryou.teikyouseido.mhlw.go.jp/znk-web/juminkanja/S2430/initialize?prefCd=04&kikanCd=2705056&kikanKbn=2", "url2": "https://ls-hm.kitaharahosp.com/", "内容": "医療法人社団ＫＮＩ　北原ライフサポートクリニック東松島【2:診療所】【診療科目:0】宮城県東松島市野蒜ケ丘二丁目２５－２" }, "geometry": { "type": "Point", "coordinates": [ 141.146058, 38.377554 ] } },
{ "type": "Feature", "properties": { "ID": 42705057, "正式名称": "石巻市夜間急患センター", "機関区分": 2, "都道府県コード": 4, "市区町村コード": 202, "所在地": "宮城県石巻市蛇田字西道下７１", "緯度": 38.45948, "経度": 141.280228, "url": "https://www.iryou.teikyouseido.mhlw.go.jp/znk-web/juminkanja/S2430/initialize?prefCd=04&kikanCd=2705057&kikanKbn=2", "url2": null, "内容": "石巻市夜間急患センター【2:診療所】【診療科目:0】宮城県石巻市蛇田字西道下７１" }, "geometry": { "type": "Point", "coordinates": [ 141.280228, 38.45948 ] } },
{ "type": "Feature", "properties": { "ID": 42705058, "正式名称": "予防福祉クリニック", "機関区分": 2, "都道府県コード": 4, "市区町村コード": 101, "所在地": "宮城県仙台市青葉区国見１－１９－１", "緯度": 38.279949, "経度": 140.843033, "url": "https://www.iryou.teikyouseido.mhlw.go.jp/znk-web/juminkanja/S2430/initialize?prefCd=04&kikanCd=2705058&kikanKbn=2", "url2": null, "内容": "予防福祉クリニック【2:診療所】【診療科目:0】宮城県仙台市青葉区国見１－１９－１" }, "geometry": { "type": "Point", "coordinates": [ 140.843033, 38.279949 ] } },
{ "type": "Feature", "properties": { "ID": 42705060, "正式名称": "さの整形外科クリニック", "機関区分": 2, "都道府県コード": 4, "市区町村コード": 215, "所在地": "宮城県大崎市古川駅東", "緯度": 38.573952, "経度": 140.975418, "url": "https://www.iryou.teikyouseido.mhlw.go.jp/znk-web/juminkanja/S2430/initialize?prefCd=04&kikanCd=2705060&kikanKbn=2", "url2": null, "内容": "さの整形外科クリニック【2:診療所】【診療科目:0】宮城県大崎市古川駅東" }, "geometry": { "type": "Point", "coordinates": [ 140.975418, 38.573952 ] } },
{ "type": "Feature", "properties": { "ID": 42705061, "正式名称": "イオンタウン矢本内科", "機関区分": 2, "都道府県コード": 4, "市区町村コード": 214, "所在地": "宮城県東松島市小松字谷地２２６", "緯度": 38.429054, "経度": 141.200897, "url": "https://www.iryou.teikyouseido.mhlw.go.jp/znk-web/juminkanja/S2430/initialize?prefCd=04&kikanCd=2705061&kikanKbn=2", "url2": "https://www.yamoto-cl.jp", "内容": "イオンタウン矢本内科【2:診療所】【診療科目:0】宮城県東松島市小松字谷地２２６" }, "geometry": { "type": "Point", "coordinates": [ 141.200897, 38.429054 ] } },
{ "type": "Feature", "properties": { "ID": 42705062, "正式名称": "きぬかわ眼科内科医院", "機関区分": 2, "都道府県コード": 4, "市区町村コード": 101, "所在地": "宮城県仙台市青葉区二日町１６－１５　プライムゲート晩翠通１Ｆ", "緯度": 38.271332, "経度": 140.865143, "url": "https://www.iryou.teikyouseido.mhlw.go.jp/znk-web/juminkanja/S2430/initialize?prefCd=04&kikanCd=2705062&kikanKbn=2", "url2": "https://hutukamachiganka.jp/", "内容": "きぬかわ眼科内科医院【2:診療所】【診療科目:0】宮城県仙台市青葉区二日町１６－１５　プライムゲート晩翠通１Ｆ" }, "geometry": { "type": "Point", "coordinates": [ 140.865143, 38.271332 ] } },
{ "type": "Feature", "properties": { "ID": 42705064, "正式名称": "東あおば整形外科スポーツ・リハビリクリニック", "機関区分": 2, "都道府県コード": 4, "市区町村コード": 102, "所在地": "宮城県仙台市宮城野区新田東１−９−１", "緯度": 38.277012, "経度": 140.934464, "url": "https://www.iryou.teikyouseido.mhlw.go.jp/znk-web/juminkanja/S2430/initialize?prefCd=04&kikanCd=2705064&kikanKbn=2", "url2": "https://www.h-aoba.jp", "内容": "東あおば整形外科スポーツ・リハビリクリニック【2:診療所】【診療科目:0】宮城県仙台市宮城野区新田東１−９−１" }, "geometry": { "type": "Point", "coordinates": [ 140.934464, 38.277012 ] } },
{ "type": "Feature", "properties": { "ID": 42705065, "正式名称": "医療法人　かんのキッズクリニック", "機関区分": 2, "都道府県コード": 4, "市区町村コード": 103, "所在地": "宮城県仙台市若林区大和町２丁目６－３", "緯度": 38.248531, "経度": 140.914276, "url": "https://www.iryou.teikyouseido.mhlw.go.jp/znk-web/juminkanja/S2430/initialize?prefCd=04&kikanCd=2705065&kikanKbn=2", "url2": "http://www.yamatomachi-kannokids.jp", "内容": "医療法人　かんのキッズクリニック【2:診療所】【診療科目:0】宮城県仙台市若林区大和町２丁目６－３" }, "geometry": { "type": "Point", "coordinates": [ 140.914276, 38.248531 ] } },
{ "type": "Feature", "properties": { "ID": 42705066, "正式名称": "医療法人　やまとまちレディースクリニック", "機関区分": 2, "都道府県コード": 4, "市区町村コード": 103, "所在地": "宮城県仙台市若林区大和町２丁目６－３", "緯度": 38.248531, "経度": 140.914276, "url": "https://www.iryou.teikyouseido.mhlw.go.jp/znk-web/juminkanja/S2430/initialize?prefCd=04&kikanCd=2705066&kikanKbn=2", "url2": "http://www.yamatomachi-cl.jp", "内容": "医療法人　やまとまちレディースクリニック【2:診療所】【診療科目:0】宮城県仙台市若林区大和町２丁目６－３" }, "geometry": { "type": "Point", "coordinates": [ 140.914276, 38.248531 ] } },
{ "type": "Feature", "properties": { "ID": 42705067, "正式名称": "みやぎ健診プラザ", "機関区分": 2, "都道府県コード": 4, "市区町村コード": 103, "所在地": "宮城県仙台市若林区卸町１丁目６－９", "緯度": 38.256454, "経度": 140.920258, "url": "https://www.iryou.teikyouseido.mhlw.go.jp/znk-web/juminkanja/S2430/initialize?prefCd=04&kikanCd=2705067&kikanKbn=2", "url2": "https://miyagi-kenshin.jp/", "内容": "みやぎ健診プラザ【2:診療所】【診療科目:0】宮城県仙台市若林区卸町１丁目６－９" }, "geometry": { "type": "Point", "coordinates": [ 140.920258, 38.256454 ] } },
{ "type": "Feature", "properties": { "ID": 42705068, "正式名称": "医療法人　きんぱらクリニック", "機関区分": 2, "都道府県コード": 4, "市区町村コード": 104, "所在地": "宮城県仙台市太白区西中田３丁目６－４６", "緯度": 38.201199, "経度": 140.876862, "url": "https://www.iryou.teikyouseido.mhlw.go.jp/znk-web/juminkanja/S2430/initialize?prefCd=04&kikanCd=2705068&kikanKbn=2", "url2": null, "内容": "医療法人　きんぱらクリニック【2:診療所】【診療科目:0】宮城県仙台市太白区西中田３丁目６－４６" }, "geometry": { "type": "Point", "coordinates": [ 140.876862, 38.201199 ] } },
{ "type": "Feature", "properties": { "ID": 42705069, "正式名称": "仙台市南部発達相談支援センター", "機関区分": 2, "都道府県コード": 4, "市区町村コード": 104, "所在地": "宮城県仙台市太白区長町南３丁目１－３０", "緯度": 38.224144, "経度": 140.875565, "url": "https://www.iryou.teikyouseido.mhlw.go.jp/znk-web/juminkanja/S2430/initialize?prefCd=04&kikanCd=2705069&kikanKbn=2", "url2": "https://www.city.sendai.jp/kikakusomu/kurashi/kenkotofukushi/shogai/shien/shiencenter/sodanshien/", "内容": "仙台市南部発達相談支援センター【2:診療所】【診療科目:0】宮城県仙台市太白区長町南３丁目１－３０" }, "geometry": { "type": "Point", "coordinates": [ 140.875565, 38.224144 ] } },
{ "type": "Feature", "properties": { "ID": 42705079, "正式名称": "医療法人　七郷クリニック", "機関区分": 2, "都道府県コード": 4, "市区町村コード": 103, "所在地": "宮城県仙台市若林区荒井３丁目２５－４", "緯度": 38.240869, "経度": 140.944694, "url": "https://www.iryou.teikyouseido.mhlw.go.jp/znk-web/juminkanja/S2430/initialize?prefCd=04&kikanCd=2705079&kikanKbn=2", "url2": "http://www.75clinic.com", "内容": "医療法人　七郷クリニック【2:診療所】【診療科目:0】宮城県仙台市若林区荒井３丁目２５－４" }, "geometry": { "type": "Point", "coordinates": [ 140.944694, 38.240869 ] } },
{ "type": "Feature", "properties": { "ID": 42705080, "正式名称": "いずみの杜診療所", "機関区分": 2, "都道府県コード": 4, "市区町村コード": 105, "所在地": "宮城県仙台市泉区松森字下町８番地の１", "緯度": 38.316542, "経度": 140.914328, "url": "https://www.iryou.teikyouseido.mhlw.go.jp/znk-web/juminkanja/S2430/initialize?prefCd=04&kikanCd=2705080&kikanKbn=2", "url2": "https://www.izuminomori.jp", "内容": "いずみの杜診療所【2:診療所】【診療科目:0】宮城県仙台市泉区松森字下町８番地の１" }, "geometry": { "type": "Point", "coordinates": [ 140.914328, 38.316542 ] } },
{ "type": "Feature", "properties": { "ID": 42705081, "正式名称": "宗像靖彦クリニック", "機関区分": 2, "都道府県コード": 4, "市区町村コード": 101, "所在地": "宮城県仙台市青葉区下愛子字観音堂１－１", "緯度": 38.268758, "経度": 140.761968, "url": "https://www.iryou.teikyouseido.mhlw.go.jp/znk-web/juminkanja/S2430/initialize?prefCd=04&kikanCd=2705081&kikanKbn=2", "url2": "http://www.munakata-cl.jp/", "内容": "宗像靖彦クリニック【2:診療所】【診療科目:0】宮城県仙台市青葉区下愛子字観音堂１－１" }, "geometry": { "type": "Point", "coordinates": [ 140.761968, 38.268758 ] } },
{ "type": "Feature", "properties": { "ID": 42705082, "正式名称": "大山内科胃腸科", "機関区分": 2, "都道府県コード": 4, "市区町村コード": 102, "所在地": "宮城県仙台市宮城野区燕沢３丁目１９－１", "緯度": 38.287506, "経度": 140.92215, "url": "https://www.iryou.teikyouseido.mhlw.go.jp/znk-web/juminkanja/S2430/initialize?prefCd=04&kikanCd=2705082&kikanKbn=2", "url2": "http://homepage2.nifty.com/ooyama-naika/", "内容": "大山内科胃腸科【2:診療所】【診療科目:0】宮城県仙台市宮城野区燕沢３丁目１９－１" }, "geometry": { "type": "Point", "coordinates": [ 140.92215, 38.287506 ] } },
{ "type": "Feature", "properties": { "ID": 42705083, "正式名称": "泉こころのクリニック", "機関区分": 2, "都道府県コード": 4, "市区町村コード": 105, "所在地": "宮城県仙台市泉区泉中央１丁目１２－２　泉パークビル３階", "緯度": 38.322109, "経度": 140.879196, "url": "https://www.iryou.teikyouseido.mhlw.go.jp/znk-web/juminkanja/S2430/initialize?prefCd=04&kikanCd=2705083&kikanKbn=2", "url2": "http://izumi-kokoro.jp/", "内容": "泉こころのクリニック【2:診療所】【診療科目:0】宮城県仙台市泉区泉中央１丁目１２－２　泉パークビル３階" }, "geometry": { "type": "Point", "coordinates": [ 140.879196, 38.322109 ] } },
{ "type": "Feature", "properties": { "ID": 42705085, "正式名称": "棚橋よしかつ＋泌尿器科", "機関区分": 2, "都道府県コード": 4, "市区町村コード": 101, "所在地": "宮城県仙台市青葉区国分町２丁目２－１１　オパール仙台ビル３階", "緯度": 38.262199, "経度": 140.868591, "url": "https://www.iryou.teikyouseido.mhlw.go.jp/znk-web/juminkanja/S2430/initialize?prefCd=04&kikanCd=2705085&kikanKbn=2", "url2": "http://www.0028.jp", "内容": "棚橋よしかつ＋泌尿器科【2:診療所】【診療科目:0】宮城県仙台市青葉区国分町２丁目２－１１　オパール仙台ビル３階" }, "geometry": { "type": "Point", "coordinates": [ 140.868591, 38.262199 ] } },
{ "type": "Feature", "properties": { "ID": 42705086, "正式名称": "たんぽぽレディースクリニック仙台長町", "機関区分": 2, "都道府県コード": 4, "市区町村コード": 104, "所在地": "宮城県仙台市太白区鹿野３丁目２５番２１号", "緯度": 38.226421, "経度": 140.889755, "url": "https://www.iryou.teikyouseido.mhlw.go.jp/znk-web/juminkanja/S2430/initialize?prefCd=04&kikanCd=2705086&kikanKbn=2", "url2": "https://www.tanpopo-ladies.jp", "内容": "たんぽぽレディースクリニック仙台長町【2:診療所】【診療科目:0】宮城県仙台市太白区鹿野３丁目２５番２１号" }, "geometry": { "type": "Point", "coordinates": [ 140.889755, 38.226421 ] } },
{ "type": "Feature", "properties": { "ID": 42705087, "正式名称": "安倍整形外科", "機関区分": 2, "都道府県コード": 4, "市区町村コード": 103, "所在地": "宮城県仙台市若林区河原町１丁目５－１５　ツインタワー広瀬川・春圃１０５", "緯度": 38.239738, "経度": 140.887772, "url": "https://www.iryou.teikyouseido.mhlw.go.jp/znk-web/juminkanja/S2430/initialize?prefCd=04&kikanCd=2705087&kikanKbn=2", "url2": null, "内容": "安倍整形外科【2:診療所】【診療科目:0】宮城県仙台市若林区河原町１丁目５－１５　ツインタワー広瀬川・春圃１０５" }, "geometry": { "type": "Point", "coordinates": [ 140.887772, 38.239738 ] } },
{ "type": "Feature", "properties": { "ID": 42705088, "正式名称": "医療法人　仙台甲状腺クリニック", "機関区分": 2, "都道府県コード": 4, "市区町村コード": 101, "所在地": "宮城県仙台市青葉区中央３丁目１－２２　エキニア青葉通り３階", "緯度": 38.260292, "経度": 140.878738, "url": "https://www.iryou.teikyouseido.mhlw.go.jp/znk-web/juminkanja/S2430/initialize?prefCd=04&kikanCd=2705088&kikanKbn=2", "url2": "http://sendaikojosen.com/", "内容": "医療法人　仙台甲状腺クリニック【2:診療所】【診療科目:0】宮城県仙台市青葉区中央３丁目１－２２　エキニア青葉通り３階" }, "geometry": { "type": "Point", "coordinates": [ 140.878738, 38.260292 ] } },
{ "type": "Feature", "properties": { "ID": 42705090, "正式名称": "糖尿病・代謝内科ＥＭＧクリニック", "機関区分": 2, "都道府県コード": 4, "市区町村コード": 101, "所在地": "宮城県仙台市青葉区春日町９番１５", "緯度": 38.266582, "経度": 140.863327, "url": "https://www.iryou.teikyouseido.mhlw.go.jp/znk-web/juminkanja/S2430/initialize?prefCd=04&kikanCd=2705090&kikanKbn=2", "url2": null, "内容": "糖尿病・代謝内科ＥＭＧクリニック【2:診療所】【診療科目:0】宮城県仙台市青葉区春日町９番１５" }, "geometry": { "type": "Point", "coordinates": [ 140.863327, 38.266582 ] } },
{ "type": "Feature", "properties": { "ID": 42705091, "正式名称": "医療法人社団茜会　一番町南診療所　あかねクリニック", "機関区分": 2, "都道府県コード": 4, "市区町村コード": 101, "所在地": "宮城県仙台市青葉区北目町３－９　３階", "緯度": 38.255112, "経度": 140.875565, "url": "https://www.iryou.teikyouseido.mhlw.go.jp/znk-web/juminkanja/S2430/initialize?prefCd=04&kikanCd=2705091&kikanKbn=2", "url2": "http://www.1stsc.co.jp/thirdfloor", "内容": "医療法人社団茜会　一番町南診療所　あかねクリニック【2:診療所】【診療科目:0】宮城県仙台市青葉区北目町３－９　３階" }, "geometry": { "type": "Point", "coordinates": [ 140.875565, 38.255112 ] } },
{ "type": "Feature", "properties": { "ID": 42705093, "正式名称": "上杉山整形外科クリニック", "機関区分": 2, "都道府県コード": 4, "市区町村コード": 101, "所在地": "宮城県仙台市青葉区上杉５－８－４０", "緯度": 38.275013, "経度": 140.873993, "url": "https://www.iryou.teikyouseido.mhlw.go.jp/znk-web/juminkanja/S2430/initialize?prefCd=04&kikanCd=2705093&kikanKbn=2", "url2": "https://www.kamisugiyamaseikeigeka.jp", "内容": "上杉山整形外科クリニック【2:診療所】【診療科目:0】宮城県仙台市青葉区上杉５－８－４０" }, "geometry": { "type": "Point", "coordinates": [ 140.873993, 38.275013 ] } },
{ "type": "Feature", "properties": { "ID": 42705095, "正式名称": "ＡＧＡスキンクリニック仙台院", "機関区分": 2, "都道府県コード": 4, "市区町村コード": 101, "所在地": "宮城県仙台市青葉区中央３－１－２１　ＵＳビル１９・ナインティーン５Ｆ", "緯度": 38.2604, "経度": 140.87858, "url": "https://www.iryou.teikyouseido.mhlw.go.jp/znk-web/juminkanja/S2430/initialize?prefCd=04&kikanCd=2705095&kikanKbn=2", "url2": "https://www.agaskin.net/sd/", "内容": "ＡＧＡスキンクリニック仙台院【2:診療所】【診療科目:0】宮城県仙台市青葉区中央３－１－２１　ＵＳビル１９・ナインティーン５Ｆ" }, "geometry": { "type": "Point", "coordinates": [ 140.87858, 38.2604 ] } },
{ "type": "Feature", "properties": { "ID": 42705096, "正式名称": "ＴＯＭクリニック", "機関区分": 2, "都道府県コード": 4, "市区町村コード": 103, "所在地": "宮城県仙台市若林区連坊小路４５－３　鈴木コーポ１階", "緯度": 38.251194, "経度": 140.891873, "url": "https://www.iryou.teikyouseido.mhlw.go.jp/znk-web/juminkanja/S2430/initialize?prefCd=04&kikanCd=2705096&kikanKbn=2", "url2": "https://www.tomclinic.net", "内容": "ＴＯＭクリニック【2:診療所】【診療科目:0】宮城県仙台市若林区連坊小路４５－３　鈴木コーポ１階" }, "geometry": { "type": "Point", "coordinates": [ 140.891873, 38.251194 ] } },
{ "type": "Feature", "properties": { "ID": 42705097, "正式名称": "医療法人　王心会　五橋駅前クリニック", "機関区分": 2, "都道府県コード": 4, "市区町村コード": 103, "所在地": "宮城県仙台市若林区清水小路８　マルタマファイブリッジビル２階", "緯度": 38.252502, "経度": 140.881653, "url": "https://www.iryou.teikyouseido.mhlw.go.jp/znk-web/juminkanja/S2430/initialize?prefCd=04&kikanCd=2705097&kikanKbn=2", "url2": "http://www.secl.jp/5bcl/", "内容": "医療法人　王心会　五橋駅前クリニック【2:診療所】【診療科目:0】宮城県仙台市若林区清水小路８　マルタマファイブリッジビル２階" }, "geometry": { "type": "Point", "coordinates": [ 140.881653, 38.252502 ] } },
{ "type": "Feature", "properties": { "ID": 42705098, "正式名称": "かくだ西川耳鼻咽喉科クリニック", "機関区分": 2, "都道府県コード": 4, "市区町村コード": 207, "所在地": "宮城県名取市高舘吉田字前沖２１１－４", "緯度": 38.176937, "経度": 140.871597, "url": "https://www.iryou.teikyouseido.mhlw.go.jp/znk-web/juminkanja/S2430/initialize?prefCd=04&kikanCd=2705098&kikanKbn=2", "url2": "https://kakudanishikawa-ent.com", "内容": "かくだ西川耳鼻咽喉科クリニック【2:診療所】【診療科目:0】宮城県名取市高舘吉田字前沖２１１－４" }, "geometry": { "type": "Point", "coordinates": [ 140.871597, 38.176937 ] } },
{ "type": "Feature", "properties": { "ID": 42705099, "正式名称": "光が丘内科クリニック", "機関区分": 2, "都道府県コード": 4, "市区町村コード": 102, "所在地": "宮城県仙台市宮城野区幸町", "緯度": 38.273233, "経度": 140.900522, "url": "https://www.iryou.teikyouseido.mhlw.go.jp/znk-web/juminkanja/S2430/initialize?prefCd=04&kikanCd=2705099&kikanKbn=2", "url2": "https://www.hikarigaoka-clinic.jp/", "内容": "光が丘内科クリニック【2:診療所】【診療科目:0】宮城県仙台市宮城野区幸町" }, "geometry": { "type": "Point", "coordinates": [ 140.900522, 38.273233 ] } },
{ "type": "Feature", "properties": { "ID": 42705100, "正式名称": "富沢ホームケアクリニック", "機関区分": 2, "都道府県コード": 4, "市区町村コード": 104, "所在地": "宮城県仙台市太白区富沢１－５－３－１０２", "緯度": 38.218624, "経度": 140.868965, "url": "https://www.iryou.teikyouseido.mhlw.go.jp/znk-web/juminkanja/S2430/initialize?prefCd=04&kikanCd=2705100&kikanKbn=2", "url2": null, "内容": "富沢ホームケアクリニック【2:診療所】【診療科目:0】宮城県仙台市太白区富沢１－５－３－１０２" }, "geometry": { "type": "Point", "coordinates": [ 140.868965, 38.218624 ] } },
{ "type": "Feature", "properties": { "ID": 42705101, "正式名称": "瀬上整形外科医院", "機関区分": 2, "都道府県コード": 4, "市区町村コード": 101, "所在地": "宮城県仙台市青葉区中央２丁目８－３２　生活文化ビル２Ｆ", "緯度": 38.261822, "経度": 140.875504, "url": "https://www.iryou.teikyouseido.mhlw.go.jp/znk-web/juminkanja/S2430/initialize?prefCd=04&kikanCd=2705101&kikanKbn=2", "url2": null, "内容": "瀬上整形外科医院【2:診療所】【診療科目:0】宮城県仙台市青葉区中央２丁目８－３２　生活文化ビル２Ｆ" }, "geometry": { "type": "Point", "coordinates": [ 140.875504, 38.261822 ] } },
{ "type": "Feature", "properties": { "ID": 42705102, "正式名称": "医療法人フェリーチェ　錦ヶ丘ヒルズクリニック", "機関区分": 2, "都道府県コード": 4, "市区町村コード": 101, "所在地": "宮城県仙台市青葉区錦ケ丘７丁目２０－２", "緯度": 38.257359, "経度": 140.758987, "url": "https://www.iryou.teikyouseido.mhlw.go.jp/znk-web/juminkanja/S2430/initialize?prefCd=04&kikanCd=2705102&kikanKbn=2", "url2": "http://hills-cl.jp", "内容": "医療法人フェリーチェ　錦ヶ丘ヒルズクリニック【2:診療所】【診療科目:0】宮城県仙台市青葉区錦ケ丘７丁目２０－２" }, "geometry": { "type": "Point", "coordinates": [ 140.758987, 38.257359 ] } },
{ "type": "Feature", "properties": { "ID": 42705103, "正式名称": "さはた内科クリニック", "機関区分": 2, "都道府県コード": 4, "市区町村コード": 101, "所在地": "宮城県仙台市青葉区一番町３丁目６－１　一番町平和ビル５Ｆ　５０４", "緯度": 38.261147, "経度": 140.874008, "url": "https://www.iryou.teikyouseido.mhlw.go.jp/znk-web/juminkanja/S2430/initialize?prefCd=04&kikanCd=2705103&kikanKbn=2", "url2": "http://www.sahata-clinic.com", "内容": "さはた内科クリニック【2:診療所】【診療科目:0】宮城県仙台市青葉区一番町３丁目６－１　一番町平和ビル５Ｆ　５０４" }, "geometry": { "type": "Point", "coordinates": [ 140.874008, 38.261147 ] } },
{ "type": "Feature", "properties": { "ID": 42705104, "正式名称": "若山医院　内科・循環器内科", "機関区分": 2, "都道府県コード": 4, "市区町村コード": 101, "所在地": "宮城県仙台市青葉区東勝山３丁目４－５", "緯度": 38.296726, "経度": 140.863541, "url": "https://www.iryou.teikyouseido.mhlw.go.jp/znk-web/juminkanja/S2430/initialize?prefCd=04&kikanCd=2705104&kikanKbn=2", "url2": "http://www.wakayama-iin.jp/", "内容": "若山医院　内科・循環器内科【2:診療所】【診療科目:0】宮城県仙台市青葉区東勝山３丁目４－５" }, "geometry": { "type": "Point", "coordinates": [ 140.863541, 38.296726 ] } },
{ "type": "Feature", "properties": { "ID": 42705105, "正式名称": "北四番丁さくら眼科", "機関区分": 2, "都道府県コード": 4, "市区町村コード": 101, "所在地": "宮城県仙台市青葉区上杉２丁目３－１９　オオノビル４Ｆ", "緯度": 38.272923, "経度": 140.869064, "url": "https://www.iryou.teikyouseido.mhlw.go.jp/znk-web/juminkanja/S2430/initialize?prefCd=04&kikanCd=2705105&kikanKbn=2", "url2": "http://ganka-sakura.jp", "内容": "北四番丁さくら眼科【2:診療所】【診療科目:0】宮城県仙台市青葉区上杉２丁目３－１９　オオノビル４Ｆ" }, "geometry": { "type": "Point", "coordinates": [ 140.869064, 38.272923 ] } },
{ "type": "Feature", "properties": { "ID": 42705106, "正式名称": "医療法人　愛日会　日野クリニック", "機関区分": 2, "都道府県コード": 4, "市区町村コード": 101, "所在地": "宮城県仙台市青葉区愛子東２－３－１８", "緯度": 38.273594, "経度": 140.77597, "url": "https://www.iryou.teikyouseido.mhlw.go.jp/znk-web/juminkanja/S2430/initialize?prefCd=04&kikanCd=2705106&kikanKbn=2", "url2": null, "内容": "医療法人　愛日会　日野クリニック【2:診療所】【診療科目:0】宮城県仙台市青葉区愛子東２－３－１８" }, "geometry": { "type": "Point", "coordinates": [ 140.77597, 38.273594 ] } },
{ "type": "Feature", "properties": { "ID": 42705107, "正式名称": "セイントマザークリニック", "機関区分": 2, "都道府県コード": 4, "市区町村コード": 101, "所在地": "宮城県仙台市青葉区支倉町１－３１　支倉メディカルビル内", "緯度": 38.266335, "経度": 140.862625, "url": "https://www.iryou.teikyouseido.mhlw.go.jp/znk-web/juminkanja/S2430/initialize?prefCd=04&kikanCd=2705107&kikanKbn=2", "url2": "http://www.saint-mothers.jp/", "内容": "セイントマザークリニック【2:診療所】【診療科目:0】宮城県仙台市青葉区支倉町１－３１　支倉メディカルビル内" }, "geometry": { "type": "Point", "coordinates": [ 140.862625, 38.266335 ] } },
{ "type": "Feature", "properties": { "ID": 42705108, "正式名称": "あらい整形外科クリニック", "機関区分": 2, "都道府県コード": 4, "市区町村コード": 103, "所在地": "宮城県仙台市若林区荒井５－８－２３", "緯度": 38.24574, "経度": 140.945156, "url": "https://www.iryou.teikyouseido.mhlw.go.jp/znk-web/juminkanja/S2430/initialize?prefCd=04&kikanCd=2705108&kikanKbn=2", "url2": null, "内容": "あらい整形外科クリニック【2:診療所】【診療科目:0】宮城県仙台市若林区荒井５－８－２３" }, "geometry": { "type": "Point", "coordinates": [ 140.945156, 38.24574 ] } },
{ "type": "Feature", "properties": { "ID": 42705109, "正式名称": "よしだ耳鼻咽喉科クリニック", "機関区分": 2, "都道府県コード": 4, "市区町村コード": 104, "所在地": "宮城県仙台市太白区柳生１丁目１２－３", "緯度": 38.19804, "経度": 140.870453, "url": "https://www.iryou.teikyouseido.mhlw.go.jp/znk-web/juminkanja/S2430/initialize?prefCd=04&kikanCd=2705109&kikanKbn=2", "url2": null, "内容": "よしだ耳鼻咽喉科クリニック【2:診療所】【診療科目:0】宮城県仙台市太白区柳生１丁目１２－３" }, "geometry": { "type": "Point", "coordinates": [ 140.870453, 38.19804 ] } },
{ "type": "Feature", "properties": { "ID": 42705111, "正式名称": "将監皮膚科医院", "機関区分": 2, "都道府県コード": 4, "市区町村コード": 105, "所在地": "宮城県仙台市泉区将監１３丁目７－４", "緯度": 38.339165, "経度": 140.869125, "url": "https://www.iryou.teikyouseido.mhlw.go.jp/znk-web/juminkanja/S2430/initialize?prefCd=04&kikanCd=2705111&kikanKbn=2", "url2": null, "内容": "将監皮膚科医院【2:診療所】【診療科目:0】宮城県仙台市泉区将監１３丁目７－４" }, "geometry": { "type": "Point", "coordinates": [ 140.869125, 38.339165 ] } },
{ "type": "Feature", "properties": { "ID": 42705112, "正式名称": "医療法人　こせき皮膚科クリニック", "機関区分": 2, "都道府県コード": 4, "市区町村コード": 207, "所在地": "宮城県名取市愛の杜２丁目１－６", "緯度": 38.154671, "経度": 140.864792, "url": "https://www.iryou.teikyouseido.mhlw.go.jp/znk-web/juminkanja/S2430/initialize?prefCd=04&kikanCd=2705112&kikanKbn=2", "url2": "http://koseki-derma.com/", "内容": "医療法人　こせき皮膚科クリニック【2:診療所】【診療科目:0】宮城県名取市愛の杜２丁目１－６" }, "geometry": { "type": "Point", "coordinates": [ 140.864792, 38.154671 ] } },
{ "type": "Feature", "properties": { "ID": 42705113, "正式名称": "じょうなんファミリークリニック", "機関区分": 2, "都道府県コード": 4, "市区町村コード": 209, "所在地": "宮城県多賀城市城南１丁目１０－６", "緯度": 38.298504, "経度": 140.988983, "url": "https://www.iryou.teikyouseido.mhlw.go.jp/znk-web/juminkanja/S2430/initialize?prefCd=04&kikanCd=2705113&kikanKbn=2", "url2": "https://johnan-family-cl.net/", "内容": "じょうなんファミリークリニック【2:診療所】【診療科目:0】宮城県多賀城市城南１丁目１０－６" }, "geometry": { "type": "Point", "coordinates": [ 140.988983, 38.298504 ] } },
{ "type": "Feature", "properties": { "ID": 42705114, "正式名称": "さざんか往診クリニック", "機関区分": 2, "都道府県コード": 4, "市区町村コード": 209, "所在地": "宮城県多賀城市東田中２丁目２番３号ベルステーションビル３Ｂ", "緯度": 38.291676, "経度": 141.003891, "url": "https://www.iryou.teikyouseido.mhlw.go.jp/znk-web/juminkanja/S2430/initialize?prefCd=04&kikanCd=2705114&kikanKbn=2", "url2": null, "内容": "さざんか往診クリニック【2:診療所】【診療科目:0】宮城県多賀城市東田中２丁目２番３号ベルステーションビル３Ｂ" }, "geometry": { "type": "Point", "coordinates": [ 141.003891, 38.291676 ] } },
{ "type": "Feature", "properties": { "ID": 42705115, "正式名称": "医療法人社団やまと　やまと在宅診療所登米", "機関区分": 2, "都道府県コード": 4, "市区町村コード": 212, "所在地": "宮城県登米市迫町佐沼字南元丁７２", "緯度": 38.684532, "経度": 141.193304, "url": "https://www.iryou.teikyouseido.mhlw.go.jp/znk-web/juminkanja/S2430/initialize?prefCd=04&kikanCd=2705115&kikanKbn=2", "url2": "https://tome.yamatoclinic.org", "内容": "医療法人社団やまと　やまと在宅診療所登米【2:診療所】【診療科目:0】宮城県登米市迫町佐沼字南元丁７２" }, "geometry": { "type": "Point", "coordinates": [ 141.193304, 38.684532 ] } },
{ "type": "Feature", "properties": { "ID": 42705117, "正式名称": "佐藤裕也眼科登米分院", "機関区分": 2, "都道府県コード": 4, "市区町村コード": 212, "所在地": "宮城県登米市中田町石森字西細谷４１１", "緯度": 38.710773, "経度": 141.197006, "url": "https://www.iryou.teikyouseido.mhlw.go.jp/znk-web/juminkanja/S2430/initialize?prefCd=04&kikanCd=2705117&kikanKbn=2", "url2": "http://www.sendai-lasik.jp", "内容": "佐藤裕也眼科登米分院【2:診療所】【診療科目:0】宮城県登米市中田町石森字西細谷４１１" }, "geometry": { "type": "Point", "coordinates": [ 141.197006, 38.710773 ] } },
{ "type": "Feature", "properties": { "ID": 42705118, "正式名称": "石巻市寄磯診療所", "機関区分": 2, "都道府県コード": 4, "市区町村コード": 202, "所在地": "宮城県石巻市寄磯浜赤島２－１", "緯度": 38.391041, "経度": 141.521011, "url": "https://www.iryou.teikyouseido.mhlw.go.jp/znk-web/juminkanja/S2430/initialize?prefCd=04&kikanCd=2705118&kikanKbn=2", "url2": null, "内容": "石巻市寄磯診療所【2:診療所】【診療科目:0】宮城県石巻市寄磯浜赤島２－１" }, "geometry": { "type": "Point", "coordinates": [ 141.521011, 38.391041 ] } },
{ "type": "Feature", "properties": { "ID": 42705119, "正式名称": "仙台在宅支援たいようクリニック", "機関区分": 2, "都道府県コード": 4, "市区町村コード": 103, "所在地": "宮城県仙台市若林区蒲町３０番３号", "緯度": 38.244244, "経度": 140.926025, "url": "https://www.iryou.teikyouseido.mhlw.go.jp/znk-web/juminkanja/S2430/initialize?prefCd=04&kikanCd=2705119&kikanKbn=2", "url2": "http://www.taiyokai-zaitaku.jp", "内容": "仙台在宅支援たいようクリニック【2:診療所】【診療科目:0】宮城県仙台市若林区蒲町３０番３号" }, "geometry": { "type": "Point", "coordinates": [ 140.926025, 38.244244 ] } },
{ "type": "Feature", "properties": { "ID": 42705120, "正式名称": "仙台クローバークリニック", "機関区分": 2, "都道府県コード": 4, "市区町村コード": 104, "所在地": "宮城県仙台市太白区あすと長町１－２－１　仙台長町メディカルプラザ３階", "緯度": 38.231094, "経度": 140.887756, "url": "https://www.iryou.teikyouseido.mhlw.go.jp/znk-web/juminkanja/S2430/initialize?prefCd=04&kikanCd=2705120&kikanKbn=2", "url2": "http://www.sendai968.jp", "内容": "仙台クローバークリニック【2:診療所】【診療科目:0】宮城県仙台市太白区あすと長町１－２－１　仙台長町メディカルプラザ３階" }, "geometry": { "type": "Point", "coordinates": [ 140.887756, 38.231094 ] } },
{ "type": "Feature", "properties": { "ID": 42705121, "正式名称": "照井在宅緩和クリニック", "機関区分": 2, "都道府県コード": 4, "市区町村コード": 101, "所在地": "宮城県仙台市青葉区錦町一丁目１２番１５号１０２号室", "緯度": 38.2696011, "経度": 140.8764006, "url": "https://www.iryou.teikyouseido.mhlw.go.jp/znk-web/juminkanja/S2430/initialize?prefCd=04&kikanCd=2705121&kikanKbn=2", "url2": null, "内容": "照井在宅緩和クリニック【2:診療所】【診療科目:0】宮城県仙台市青葉区錦町一丁目１２番１５号１０２号室" }, "geometry": { "type": "Point", "coordinates": [ 140.876400600000011, 38.2696011 ] } },
{ "type": "Feature", "properties": { "ID": 42705123, "正式名称": "ワイズスキンケアクリニック", "機関区分": 2, "都道府県コード": 4, "市区町村コード": 102, "所在地": "宮城県仙台市宮城野区二十人町３０６ー２４", "緯度": 38.262726, "経度": 140.89122, "url": "https://www.iryou.teikyouseido.mhlw.go.jp/znk-web/juminkanja/S2430/initialize?prefCd=04&kikanCd=2705123&kikanKbn=2", "url2": "https://www.ys-skincare.com", "内容": "ワイズスキンケアクリニック【2:診療所】【診療科目:0】宮城県仙台市宮城野区二十人町３０６ー２４" }, "geometry": { "type": "Point", "coordinates": [ 140.89122, 38.262726 ] } },
{ "type": "Feature", "properties": { "ID": 42705124, "正式名称": "泉中央心療内科クリニック", "機関区分": 2, "都道府県コード": 4, "市区町村コード": 105, "所在地": "宮城県仙台市泉区泉中央３丁目２９－７　ウイング２１医療ビル３階", "緯度": 38.323338, "経度": 140.885956, "url": "https://www.iryou.teikyouseido.mhlw.go.jp/znk-web/juminkanja/S2430/initialize?prefCd=04&kikanCd=2705124&kikanKbn=2", "url2": "http://izumi-mental.com", "内容": "泉中央心療内科クリニック【2:診療所】【診療科目:0】宮城県仙台市泉区泉中央３丁目２９－７　ウイング２１医療ビル３階" }, "geometry": { "type": "Point", "coordinates": [ 140.885956, 38.323338 ] } },
{ "type": "Feature", "properties": { "ID": 42705125, "正式名称": "青葉通り一番町内科クリニック", "機関区分": 2, "都道府県コード": 4, "市区町村コード": 101, "所在地": "宮城県仙台市青葉区一番町２丁目４－１９　シリウス・一番町３階", "緯度": 38.259403, "経度": 140.87265, "url": "https://www.iryou.teikyouseido.mhlw.go.jp/znk-web/juminkanja/S2430/initialize?prefCd=04&kikanCd=2705125&kikanKbn=2", "url2": null, "内容": "青葉通り一番町内科クリニック【2:診療所】【診療科目:0】宮城県仙台市青葉区一番町２丁目４－１９　シリウス・一番町３階" }, "geometry": { "type": "Point", "coordinates": [ 140.87265, 38.259403 ] } },
{ "type": "Feature", "properties": { "ID": 42705127, "正式名称": "やおとめ整形外科", "機関区分": 2, "都道府県コード": 4, "市区町村コード": 105, "所在地": "宮城県仙台市泉区八乙女４ー４ー１", "緯度": 38.31044, "経度": 140.897171, "url": "https://www.iryou.teikyouseido.mhlw.go.jp/znk-web/juminkanja/S2430/initialize?prefCd=04&kikanCd=2705127&kikanKbn=2", "url2": "http://yaotome.jp", "内容": "やおとめ整形外科【2:診療所】【診療科目:0】宮城県仙台市泉区八乙女４ー４ー１" }, "geometry": { "type": "Point", "coordinates": [ 140.897171, 38.31044 ] } },
{ "type": "Feature", "properties": { "ID": 42705128, "正式名称": "八乙女あらい内科クリニック", "機関区分": 2, "都道府県コード": 4, "市区町村コード": 105, "所在地": "宮城県仙台市泉区八乙女４－４－３", "緯度": 38.310366, "経度": 140.897656, "url": "https://www.iryou.teikyouseido.mhlw.go.jp/znk-web/juminkanja/S2430/initialize?prefCd=04&kikanCd=2705128&kikanKbn=2", "url2": "http://www.yaotome-arai.com", "内容": "八乙女あらい内科クリニック【2:診療所】【診療科目:0】宮城県仙台市泉区八乙女４－４－３" }, "geometry": { "type": "Point", "coordinates": [ 140.897656, 38.310366 ] } },
{ "type": "Feature", "properties": { "ID": 42705131, "正式名称": "一番町耳鼻科", "機関区分": 2, "都道府県コード": 4, "市区町村コード": 101, "所在地": "宮城県仙台市青葉区一番町３丁目５ー１６アクアビル２階", "緯度": 38.260902, "経度": 140.87207, "url": "https://www.iryou.teikyouseido.mhlw.go.jp/znk-web/juminkanja/S2430/initialize?prefCd=04&kikanCd=2705131&kikanKbn=2", "url2": "https://ichibancho-ent.jp", "内容": "一番町耳鼻科【2:診療所】【診療科目:0】宮城県仙台市青葉区一番町３丁目５ー１６アクアビル２階" }, "geometry": { "type": "Point", "coordinates": [ 140.87207, 38.260902 ] } },
{ "type": "Feature", "properties": { "ID": 42705134, "正式名称": "なかやま整形外科クリニック", "機関区分": 2, "都道府県コード": 4, "市区町村コード": 211, "所在地": "宮城県岩沼市押分字間畑１０－１", "緯度": 38.102257, "経度": 140.880203, "url": "https://www.iryou.teikyouseido.mhlw.go.jp/znk-web/juminkanja/S2430/initialize?prefCd=04&kikanCd=2705134&kikanKbn=2", "url2": null, "内容": "なかやま整形外科クリニック【2:診療所】【診療科目:0】宮城県岩沼市押分字間畑１０－１" }, "geometry": { "type": "Point", "coordinates": [ 140.880203, 38.102257 ] } },
{ "type": "Feature", "properties": { "ID": 42705135, "正式名称": "仙台ペインクリニック石巻分院", "機関区分": 2, "都道府県コード": 4, "市区町村コード": 214, "所在地": "宮城県東松島市赤井字八反谷地９９－１", "緯度": 38.431324, "経度": 141.251389, "url": "https://www.iryou.teikyouseido.mhlw.go.jp/znk-web/juminkanja/S2430/initialize?prefCd=04&kikanCd=2705135&kikanKbn=2", "url2": "http://www.itamitoru2.jp", "内容": "仙台ペインクリニック石巻分院【2:診療所】【診療科目:0】宮城県東松島市赤井字八反谷地９９－１" }, "geometry": { "type": "Point", "coordinates": [ 141.251389, 38.431324 ] } },
{ "type": "Feature", "properties": { "ID": 42705136, "正式名称": "やまだクリニック", "機関区分": 2, "都道府県コード": 4, "市区町村コード": 103, "所在地": "宮城県仙台市若林区南小泉２丁目１４－１７", "緯度": 38.240063, "経度": 140.90686, "url": "https://www.iryou.teikyouseido.mhlw.go.jp/znk-web/juminkanja/S2430/initialize?prefCd=04&kikanCd=2705136&kikanKbn=2", "url2": "http://yamadaclinic-sendai.jp/", "内容": "やまだクリニック【2:診療所】【診療科目:0】宮城県仙台市若林区南小泉２丁目１４－１７" }, "geometry": { "type": "Point", "coordinates": [ 140.90686, 38.240063 ] } },
{ "type": "Feature", "properties": { "ID": 42705138, "正式名称": "湘南美容クリニック仙台院", "機関区分": 2, "都道府県コード": 4, "市区町村コード": 101, "所在地": "宮城県仙台市青葉区中央１－２－３　仙台マークワン１７階", "緯度": 38.262089, "経度": 140.881653, "url": "https://www.iryou.teikyouseido.mhlw.go.jp/znk-web/juminkanja/S2430/initialize?prefCd=04&kikanCd=2705138&kikanKbn=2", "url2": "https://www.s-b-c.net/clinic/branch/sendai/", "内容": "湘南美容クリニック仙台院【2:診療所】【診療科目:0】宮城県仙台市青葉区中央１－２－３　仙台マークワン１７階" }, "geometry": { "type": "Point", "coordinates": [ 140.881653, 38.262089 ] } },
{ "type": "Feature", "properties": { "ID": 42705139, "正式名称": "仙台市夜間休日こども急病診療所", "機関区分": 2, "都道府県コード": 4, "市区町村コード": 104, "所在地": "宮城県仙台市太白区あすと長町１丁目１－１　仙台市立病院１階", "緯度": 38.231888, "経度": 140.888168, "url": "https://www.iryou.teikyouseido.mhlw.go.jp/znk-web/juminkanja/S2430/initialize?prefCd=04&kikanCd=2705139&kikanKbn=2", "url2": "http://www.sendai-emsf.jp/", "内容": "仙台市夜間休日こども急病診療所【2:診療所】【診療科目:0】宮城県仙台市太白区あすと長町１丁目１－１　仙台市立病院１階" }, "geometry": { "type": "Point", "coordinates": [ 140.888168, 38.231888 ] } },
{ "type": "Feature", "properties": { "ID": 42705140, "正式名称": "やまとクリニック", "機関区分": 2, "都道府県コード": 4, "市区町村コード": 203, "所在地": "宮城県塩竈市字伊保石２１番地１", "緯度": 38.334851, "経度": 141.017106, "url": "https://www.iryou.teikyouseido.mhlw.go.jp/znk-web/juminkanja/S2430/initialize?prefCd=04&kikanCd=2705140&kikanKbn=2", "url2": "http://www.yamato.or.jp", "内容": "やまとクリニック【2:診療所】【診療科目:0】宮城県塩竈市字伊保石２１番地１" }, "geometry": { "type": "Point", "coordinates": [ 141.017106, 38.334851 ] } },
{ "type": "Feature", "properties": { "ID": 42705141, "正式名称": "さくらい循環器・内科クリニック", "機関区分": 2, "都道府県コード": 4, "市区町村コード": 103, "所在地": "宮城県仙台市若林区河原町１－１－５リライアンス河原町２階", "緯度": 38.240479, "経度": 140.888382, "url": "https://www.iryou.teikyouseido.mhlw.go.jp/znk-web/juminkanja/S2430/initialize?prefCd=04&kikanCd=2705141&kikanKbn=2", "url2": "http://www.sakurai-cl.jp", "内容": "さくらい循環器・内科クリニック【2:診療所】【診療科目:0】宮城県仙台市若林区河原町１－１－５リライアンス河原町２階" }, "geometry": { "type": "Point", "coordinates": [ 140.888382, 38.240479 ] } },
{ "type": "Feature", "properties": { "ID": 42705142, "正式名称": "あすと長町みんなのクリニック", "機関区分": 2, "都道府県コード": 4, "市区町村コード": 104, "所在地": "宮城県仙台市太白区あすと長町１丁目３－１　ＳＨＩＰ仙台２Ｆ", "緯度": 38.23053, "経度": 140.88916, "url": "https://www.iryou.teikyouseido.mhlw.go.jp/znk-web/juminkanja/S2430/initialize?prefCd=04&kikanCd=2705142&kikanKbn=2", "url2": "http://www.anm-clinic.com", "内容": "あすと長町みんなのクリニック【2:診療所】【診療科目:0】宮城県仙台市太白区あすと長町１丁目３－１　ＳＨＩＰ仙台２Ｆ" }, "geometry": { "type": "Point", "coordinates": [ 140.88916, 38.23053 ] } },
{ "type": "Feature", "properties": { "ID": 42705143, "正式名称": "あすとながまち心身クリニック", "機関区分": 2, "都道府県コード": 4, "市区町村コード": 104, "所在地": "宮城県仙台市太白区あすと長町１－２－１　メディカルプラザ２階", "緯度": 38.231094, "経度": 140.887756, "url": "https://www.iryou.teikyouseido.mhlw.go.jp/znk-web/juminkanja/S2430/initialize?prefCd=04&kikanCd=2705143&kikanKbn=2", "url2": "http://sinsin-cl.byoinnavi.jp/pc/", "内容": "あすとながまち心身クリニック【2:診療所】【診療科目:0】宮城県仙台市太白区あすと長町１－２－１　メディカルプラザ２階" }, "geometry": { "type": "Point", "coordinates": [ 140.887756, 38.231094 ] } },
{ "type": "Feature", "properties": { "ID": 42705149, "正式名称": "シャントクリニック仙台東", "機関区分": 2, "都道府県コード": 4, "市区町村コード": 102, "所在地": "宮城県仙台市宮城野区東仙台２丁目１７－２５", "緯度": 38.278065, "経度": 140.917023, "url": "https://www.iryou.teikyouseido.mhlw.go.jp/znk-web/juminkanja/S2430/initialize?prefCd=04&kikanCd=2705149&kikanKbn=2", "url2": null, "内容": "シャントクリニック仙台東【2:診療所】【診療科目:0】宮城県仙台市宮城野区東仙台２丁目１７－２５" }, "geometry": { "type": "Point", "coordinates": [ 140.917023, 38.278065 ] } },
{ "type": "Feature", "properties": { "ID": 42705150, "正式名称": "医療法人悠康会　すがわら内科クリニック", "機関区分": 2, "都道府県コード": 4, "市区町村コード": 205, "所在地": "宮城県気仙沼市松崎萱", "緯度": 38.879745, "経度": 141.569794, "url": "https://www.iryou.teikyouseido.mhlw.go.jp/znk-web/juminkanja/S2430/initialize?prefCd=04&kikanCd=2705150&kikanKbn=2", "url2": "http://www.sugawara-cl.com", "内容": "医療法人悠康会　すがわら内科クリニック【2:診療所】【診療科目:0】宮城県気仙沼市松崎萱" }, "geometry": { "type": "Point", "coordinates": [ 141.569794, 38.879745 ] } },
{ "type": "Feature", "properties": { "ID": 42705152, "正式名称": "桂高森Ｓ・Ｓレディースクリニック", "機関区分": 2, "都道府県コード": 4, "市区町村コード": 105, "所在地": "宮城県仙台市泉区高森１丁目１－１９４", "緯度": 38.338062, "経度": 140.843903, "url": "https://www.iryou.teikyouseido.mhlw.go.jp/znk-web/juminkanja/S2430/initialize?prefCd=04&kikanCd=2705152&kikanKbn=2", "url2": "http://ktlc.jp/", "内容": "桂高森Ｓ・Ｓレディースクリニック【2:診療所】【診療科目:0】宮城県仙台市泉区高森１丁目１－１９４" }, "geometry": { "type": "Point", "coordinates": [ 140.843903, 38.338062 ] } },
{ "type": "Feature", "properties": { "ID": 42705155, "正式名称": "医療法人社団藤仁会　ごとう耳鼻咽喉科", "機関区分": 2, "都道府県コード": 4, "市区町村コード": 103, "所在地": "宮城県仙台市若林区一本杉町８－１６", "緯度": 38.242817, "経度": 140.907669, "url": "https://www.iryou.teikyouseido.mhlw.go.jp/znk-web/juminkanja/S2430/initialize?prefCd=04&kikanCd=2705155&kikanKbn=2", "url2": "http://www.goto-ent.com", "内容": "医療法人社団藤仁会　ごとう耳鼻咽喉科【2:診療所】【診療科目:0】宮城県仙台市若林区一本杉町８－１６" }, "geometry": { "type": "Point", "coordinates": [ 140.907669, 38.242817 ] } },
{ "type": "Feature", "properties": { "ID": 42705156, "正式名称": "医療法人宏誠会　大和町たかはし整形外科クリニック", "機関区分": 2, "都道府県コード": 4, "市区町村コード": 103, "所在地": "宮城県仙台市若林区大和町１丁目４－１３", "緯度": 38.248888, "経度": 140.909838, "url": "https://www.iryou.teikyouseido.mhlw.go.jp/znk-web/juminkanja/S2430/initialize?prefCd=04&kikanCd=2705156&kikanKbn=2", "url2": "http://www.takahashi-seikei-cl.jp/", "内容": "医療法人宏誠会　大和町たかはし整形外科クリニック【2:診療所】【診療科目:0】宮城県仙台市若林区大和町１丁目４－１３" }, "geometry": { "type": "Point", "coordinates": [ 140.909838, 38.248888 ] } },
{ "type": "Feature", "properties": { "ID": 42705157, "正式名称": "河原町メンタルクリニック", "機関区分": 2, "都道府県コード": 4, "市区町村コード": 103, "所在地": "宮城県仙台市若林区河原町１－１－５　リライアンス河原町４階", "緯度": 38.240479, "経度": 140.888382, "url": "https://www.iryou.teikyouseido.mhlw.go.jp/znk-web/juminkanja/S2430/initialize?prefCd=04&kikanCd=2705157&kikanKbn=2", "url2": null, "内容": "河原町メンタルクリニック【2:診療所】【診療科目:0】宮城県仙台市若林区河原町１－１－５　リライアンス河原町４階" }, "geometry": { "type": "Point", "coordinates": [ 140.888382, 38.240479 ] } },
{ "type": "Feature", "properties": { "ID": 42705158, "正式名称": "あすと長町皮ふ科クリニック", "機関区分": 2, "都道府県コード": 4, "市区町村コード": 104, "所在地": "宮城県仙台市太白区あすと長町１丁目３－１　ＳＨＩＰ仙台ビル　２Ｆ", "緯度": 38.23053, "経度": 140.88916, "url": "https://www.iryou.teikyouseido.mhlw.go.jp/znk-web/juminkanja/S2430/initialize?prefCd=04&kikanCd=2705158&kikanKbn=2", "url2": "http://nagamachi-derma.com", "内容": "あすと長町皮ふ科クリニック【2:診療所】【診療科目:0】宮城県仙台市太白区あすと長町１丁目３－１　ＳＨＩＰ仙台ビル　２Ｆ" }, "geometry": { "type": "Point", "coordinates": [ 140.88916, 38.23053 ] } },
{ "type": "Feature", "properties": { "ID": 42705159, "正式名称": "あすと耳鼻科", "機関区分": 2, "都道府県コード": 4, "市区町村コード": 104, "所在地": "宮城県仙台市太白区あすと長町１－３－１　ＳＨＩＰ仙台ビル２Ｆ", "緯度": 38.23053, "経度": 140.88916, "url": "https://www.iryou.teikyouseido.mhlw.go.jp/znk-web/juminkanja/S2430/initialize?prefCd=04&kikanCd=2705159&kikanKbn=2", "url2": "http://www.asto3387.com", "内容": "あすと耳鼻科【2:診療所】【診療科目:0】宮城県仙台市太白区あすと長町１－３－１　ＳＨＩＰ仙台ビル２Ｆ" }, "geometry": { "type": "Point", "coordinates": [ 140.88916, 38.23053 ] } },
{ "type": "Feature", "properties": { "ID": 42705160, "正式名称": "ほそごえ整形外科", "機関区分": 2, "都道府県コード": 4, "市区町村コード": 421, "所在地": "宮城県黒川郡大和町吉岡まほろば１－７－９", "緯度": 38.436543, "経度": 140.88118, "url": "https://www.iryou.teikyouseido.mhlw.go.jp/znk-web/juminkanja/S2430/initialize?prefCd=04&kikanCd=2705160&kikanKbn=2", "url2": "https://hosogoeseikei.com", "内容": "ほそごえ整形外科【2:診療所】【診療科目:0】宮城県黒川郡大和町吉岡まほろば１－７－９" }, "geometry": { "type": "Point", "coordinates": [ 140.88118, 38.436543 ] } },
{ "type": "Feature", "properties": { "ID": 42705162, "正式名称": "富谷ファミリーメンタルクリニック", "機関区分": 2, "都道府県コード": 4, "市区町村コード": 216, "所在地": "宮城県富谷市上桜木２丁目３－６", "緯度": 38.358618, "経度": 140.880205, "url": "https://www.iryou.teikyouseido.mhlw.go.jp/znk-web/juminkanja/S2430/initialize?prefCd=04&kikanCd=2705162&kikanKbn=2", "url2": null, "内容": "富谷ファミリーメンタルクリニック【2:診療所】【診療科目:0】宮城県富谷市上桜木２丁目３－６" }, "geometry": { "type": "Point", "coordinates": [ 140.880205, 38.358618 ] } },
{ "type": "Feature", "properties": { "ID": 42705165, "正式名称": "医療法人社団ヴェリタス　亘理往診クリニック", "機関区分": 2, "都道府県コード": 4, "市区町村コード": 361, "所在地": "宮城県亘理郡亘理町逢隈中泉字本木４番１号１階", "緯度": 38.089138, "経度": 140.874237, "url": "https://www.iryou.teikyouseido.mhlw.go.jp/znk-web/juminkanja/S2430/initialize?prefCd=04&kikanCd=2705165&kikanKbn=2", "url2": null, "内容": "医療法人社団ヴェリタス　亘理往診クリニック【2:診療所】【診療科目:0】宮城県亘理郡亘理町逢隈中泉字本木４番１号１階" }, "geometry": { "type": "Point", "coordinates": [ 140.874237, 38.089138 ] } },
{ "type": "Feature", "properties": { "ID": 42705167, "正式名称": "やまだクリニック", "機関区分": 2, "都道府県コード": 4, "市区町村コード": 361, "所在地": "宮城県亘理郡亘理町字下小路１６－１", "緯度": 38.037571, "経度": 140.853149, "url": "https://www.iryou.teikyouseido.mhlw.go.jp/znk-web/juminkanja/S2430/initialize?prefCd=04&kikanCd=2705167&kikanKbn=2", "url2": "http://xn--g9jzcra8oa3j6bwp.jp/", "内容": "やまだクリニック【2:診療所】【診療科目:0】宮城県亘理郡亘理町字下小路１６－１" }, "geometry": { "type": "Point", "coordinates": [ 140.853149, 38.037571 ] } },
{ "type": "Feature", "properties": { "ID": 42705170, "正式名称": "せきのした皮フ科", "機関区分": 2, "都道府県コード": 4, "市区町村コード": 207, "所在地": "宮城県名取市杜せきのした２丁目５－８", "緯度": 38.166012, "経度": 140.89801, "url": "https://www.iryou.teikyouseido.mhlw.go.jp/znk-web/juminkanja/S2430/initialize?prefCd=04&kikanCd=2705170&kikanKbn=2", "url2": "http://sekinoshita-hifuka.com/", "内容": "せきのした皮フ科【2:診療所】【診療科目:0】宮城県名取市杜せきのした２丁目５－８" }, "geometry": { "type": "Point", "coordinates": [ 140.89801, 38.166012 ] } },
{ "type": "Feature", "properties": { "ID": 42705171, "正式名称": "名取たにぐちクリニック", "機関区分": 2, "都道府県コード": 4, "市区町村コード": 207, "所在地": "宮城県名取市杜せきのした２丁目５－７", "緯度": 38.166, "経度": 140.898178, "url": "https://www.iryou.teikyouseido.mhlw.go.jp/znk-web/juminkanja/S2430/initialize?prefCd=04&kikanCd=2705171&kikanKbn=2", "url2": "http://natori-taniguchi-clinic.com", "内容": "名取たにぐちクリニック【2:診療所】【診療科目:0】宮城県名取市杜せきのした２丁目５－７" }, "geometry": { "type": "Point", "coordinates": [ 140.898178, 38.166 ] } },
{ "type": "Feature", "properties": { "ID": 42705176, "正式名称": "医療法人兀兀堂　コツコツクリニック多賀城整形外科", "機関区分": 2, "都道府県コード": 4, "市区町村コード": 209, "所在地": "宮城県多賀城市高橋４丁目２０－５", "緯度": 38.289429, "経度": 140.980316, "url": "https://www.iryou.teikyouseido.mhlw.go.jp/znk-web/juminkanja/S2430/initialize?prefCd=04&kikanCd=2705176&kikanKbn=2", "url2": "http://www.5252clinic.com", "内容": "医療法人兀兀堂　コツコツクリニック多賀城整形外科【2:診療所】【診療科目:0】宮城県多賀城市高橋４丁目２０－５" }, "geometry": { "type": "Point", "coordinates": [ 140.980316, 38.289429 ] } },
{ "type": "Feature", "properties": { "ID": 42705178, "正式名称": "青葉通り中央みよしメンタルクリニック", "機関区分": 2, "都道府県コード": 4, "市区町村コード": 101, "所在地": "宮城県仙台市青葉区中央２丁目２－１０　仙都会館４階", "緯度": 38.260857, "経度": 140.876526, "url": "https://www.iryou.teikyouseido.mhlw.go.jp/znk-web/juminkanja/S2430/initialize?prefCd=04&kikanCd=2705178&kikanKbn=2", "url2": "http://miyoshi-mental.jp", "内容": "青葉通り中央みよしメンタルクリニック【2:診療所】【診療科目:0】宮城県仙台市青葉区中央２丁目２－１０　仙都会館４階" }, "geometry": { "type": "Point", "coordinates": [ 140.876526, 38.260857 ] } },
{ "type": "Feature", "properties": { "ID": 42705180, "正式名称": "医療法人一秀会　プレシオーソクリニック", "機関区分": 2, "都道府県コード": 4, "市区町村コード": 105, "所在地": "宮城県仙台市泉区南光台７丁目１－１８", "緯度": 38.298752, "経度": 140.899185, "url": "https://www.iryou.teikyouseido.mhlw.go.jp/znk-web/juminkanja/S2430/initialize?prefCd=04&kikanCd=2705180&kikanKbn=2", "url2": null, "内容": "医療法人一秀会　プレシオーソクリニック【2:診療所】【診療科目:0】宮城県仙台市泉区南光台７丁目１－１８" }, "geometry": { "type": "Point", "coordinates": [ 140.899185, 38.298752 ] } },
{ "type": "Feature", "properties": { "ID": 42705181, "正式名称": "吉岡まほろばクリニック", "機関区分": 2, "都道府県コード": 4, "市区町村コード": 421, "所在地": "宮城県黒川郡大和町吉岡まほろば一丁目５番地の４", "緯度": 38.437082, "経度": 140.884264, "url": "https://www.iryou.teikyouseido.mhlw.go.jp/znk-web/juminkanja/S2430/initialize?prefCd=04&kikanCd=2705181&kikanKbn=2", "url2": "http://www.seisuikai.com/mahoroba/index.html", "内容": "吉岡まほろばクリニック【2:診療所】【診療科目:0】宮城県黒川郡大和町吉岡まほろば一丁目５番地の４" }, "geometry": { "type": "Point", "coordinates": [ 140.884264, 38.437082 ] } },
{ "type": "Feature", "properties": { "ID": 42705185, "正式名称": "五十嵐内科", "機関区分": 2, "都道府県コード": 4, "市区町村コード": 102, "所在地": "宮城県仙台市宮城野区福室３丁目３７番５号", "緯度": 38.279541, "経度": 140.968597, "url": "https://www.iryou.teikyouseido.mhlw.go.jp/znk-web/juminkanja/S2430/initialize?prefCd=04&kikanCd=2705185&kikanKbn=2", "url2": "https://igarashi.mycl.me/", "内容": "五十嵐内科【2:診療所】【診療科目:0】宮城県仙台市宮城野区福室３丁目３７番５号" }, "geometry": { "type": "Point", "coordinates": [ 140.968597, 38.279541 ] } },
{ "type": "Feature", "properties": { "ID": 42705186, "正式名称": "おおがわら皮膚科クリニック", "機関区分": 2, "都道府県コード": 4, "市区町村コード": 321, "所在地": "宮城県柴田郡大河原町住吉町", "緯度": 38.04422, "経度": 140.741989, "url": "https://www.iryou.teikyouseido.mhlw.go.jp/znk-web/juminkanja/S2430/initialize?prefCd=04&kikanCd=2705186&kikanKbn=2", "url2": "http://www.ogahifu.com", "内容": "おおがわら皮膚科クリニック【2:診療所】【診療科目:0】宮城県柴田郡大河原町住吉町" }, "geometry": { "type": "Point", "coordinates": [ 140.741989, 38.04422 ] } },
{ "type": "Feature", "properties": { "ID": 42705187, "正式名称": "島守クリニック", "機関区分": 2, "都道府県コード": 4, "市区町村コード": 101, "所在地": "宮城県仙台市青葉区中央２丁目１１－１　オルタス仙台ビル８階", "緯度": 38.262569, "経度": 140.877823, "url": "https://www.iryou.teikyouseido.mhlw.go.jp/znk-web/juminkanja/S2430/initialize?prefCd=04&kikanCd=2705187&kikanKbn=2", "url2": "http://www.shimamori-cl.jp", "内容": "島守クリニック【2:診療所】【診療科目:0】宮城県仙台市青葉区中央２丁目１１－１　オルタス仙台ビル８階" }, "geometry": { "type": "Point", "coordinates": [ 140.877823, 38.262569 ] } },
{ "type": "Feature", "properties": { "ID": 42705188, "正式名称": "大崎市夜間急患センター", "機関区分": 2, "都道府県コード": 4, "市区町村コード": 215, "所在地": "宮城県大崎市古川千手寺町二丁目３番１５号", "緯度": 38.579852, "経度": 140.955711, "url": "https://www.iryou.teikyouseido.mhlw.go.jp/znk-web/juminkanja/S2430/initialize?prefCd=04&kikanCd=2705188&kikanKbn=2", "url2": "http://www.city.osaki.miyagi.jp/", "内容": "大崎市夜間急患センター【2:診療所】【診療科目:0】宮城県大崎市古川千手寺町二丁目３番１５号" }, "geometry": { "type": "Point", "coordinates": [ 140.955711, 38.579852 ] } },
{ "type": "Feature", "properties": { "ID": 42705189, "正式名称": "キッズクリニック田子", "機関区分": 2, "都道府県コード": 4, "市区町村コード": 102, "所在地": "宮城県仙台市宮城野区田子西１丁目１０－９", "緯度": 38.28735, "経度": 140.958206, "url": "https://www.iryou.teikyouseido.mhlw.go.jp/znk-web/juminkanja/S2430/initialize?prefCd=04&kikanCd=2705189&kikanKbn=2", "url2": "https://kc-tago.com/", "内容": "キッズクリニック田子【2:診療所】【診療科目:0】宮城県仙台市宮城野区田子西１丁目１０－９" }, "geometry": { "type": "Point", "coordinates": [ 140.958206, 38.28735 ] } },
{ "type": "Feature", "properties": { "ID": 42705190, "正式名称": "医療法人明葉会　明石台こどもクリニック", "機関区分": 2, "都道府県コード": 4, "市区町村コード": 216, "所在地": "宮城県富谷市明石台６丁目１－２０　生協ショッピングセンター内", "緯度": 38.349155, "経度": 140.893689, "url": "https://www.iryou.teikyouseido.mhlw.go.jp/znk-web/juminkanja/S2430/initialize?prefCd=04&kikanCd=2705190&kikanKbn=2", "url2": "http://akaishidai-kodomo.net/", "内容": "医療法人明葉会　明石台こどもクリニック【2:診療所】【診療科目:0】宮城県富谷市明石台６丁目１－２０　生協ショッピングセンター内" }, "geometry": { "type": "Point", "coordinates": [ 140.893689, 38.349155 ] } },
{ "type": "Feature", "properties": { "ID": 42705191, "正式名称": "貝が森皮ふ科", "機関区分": 2, "都道府県コード": 4, "市区町村コード": 101, "所在地": "宮城県仙台市青葉区貝ケ森　６‐１５‑１", "緯度": 38.283867, "経度": 140.843964, "url": "https://www.iryou.teikyouseido.mhlw.go.jp/znk-web/juminkanja/S2430/initialize?prefCd=04&kikanCd=2705191&kikanKbn=2", "url2": "http://www.kaigamorihifuka.com/", "内容": "貝が森皮ふ科【2:診療所】【診療科目:0】宮城県仙台市青葉区貝ケ森　６‐１５‑１" }, "geometry": { "type": "Point", "coordinates": [ 140.843964, 38.283867 ] } },
{ "type": "Feature", "properties": { "ID": 42705193, "正式名称": "医療法人松田会　八木山内科・皮膚科クリニック", "機関区分": 2, "都道府県コード": 4, "市区町村コード": 104, "所在地": "宮城県仙台市太白区八木山本町１丁目１３－６", "緯度": 38.244286, "経度": 140.846649, "url": "https://www.iryou.teikyouseido.mhlw.go.jp/znk-web/juminkanja/S2430/initialize?prefCd=04&kikanCd=2705193&kikanKbn=2", "url2": "http://www.matsuda-hp.com/matsuda/yagiyama-cl/", "内容": "医療法人松田会　八木山内科・皮膚科クリニック【2:診療所】【診療科目:0】宮城県仙台市太白区八木山本町１丁目１３－６" }, "geometry": { "type": "Point", "coordinates": [ 140.846649, 38.244286 ] } },
{ "type": "Feature", "properties": { "ID": 42705194, "正式名称": "医療法人爽緑会　八木山すずきクリニック", "機関区分": 2, "都道府県コード": 4, "市区町村コード": 104, "所在地": "宮城県仙台市太白区八木山本町１丁目２１－１７", "緯度": 38.240963, "経度": 140.847321, "url": "https://www.iryou.teikyouseido.mhlw.go.jp/znk-web/juminkanja/S2430/initialize?prefCd=04&kikanCd=2705194&kikanKbn=2", "url2": "http://www.yagiyama-cl.jp", "内容": "医療法人爽緑会　八木山すずきクリニック【2:診療所】【診療科目:0】宮城県仙台市太白区八木山本町１丁目２１－１７" }, "geometry": { "type": "Point", "coordinates": [ 140.847321, 38.240963 ] } },
{ "type": "Feature", "properties": { "ID": 42705195, "正式名称": "医療法人社団爽秋会　岡部医院仙台", "機関区分": 2, "都道府県コード": 4, "市区町村コード": 101, "所在地": "宮城県仙台市青葉区柏木２丁目４－７６　ガーデンテラス柏木１０６", "緯度": 38.273853, "経度": 140.855682, "url": "https://www.iryou.teikyouseido.mhlw.go.jp/znk-web/juminkanja/S2430/initialize?prefCd=04&kikanCd=2705195&kikanKbn=2", "url2": "https://www.soshukai.jp", "内容": "医療法人社団爽秋会　岡部医院仙台【2:診療所】【診療科目:0】宮城県仙台市青葉区柏木２丁目４－７６　ガーデンテラス柏木１０６" }, "geometry": { "type": "Point", "coordinates": [ 140.855682, 38.273853 ] } },
{ "type": "Feature", "properties": { "ID": 42705196, "正式名称": "医療法人社団桜蘭会　Ｍ＆Ｔ在宅クリニック", "機関区分": 2, "都道府県コード": 4, "市区町村コード": 103, "所在地": "宮城県仙台市若林区舟丁３番地", "緯度": 38.24122, "経度": 140.887467, "url": "https://www.iryou.teikyouseido.mhlw.go.jp/znk-web/juminkanja/S2430/initialize?prefCd=04&kikanCd=2705196&kikanKbn=2", "url2": "http://www17.plala.or.jp/mt-clinic", "内容": "医療法人社団桜蘭会　Ｍ＆Ｔ在宅クリニック【2:診療所】【診療科目:0】宮城県仙台市若林区舟丁３番地" }, "geometry": { "type": "Point", "coordinates": [ 140.887467, 38.24122 ] } },
{ "type": "Feature", "properties": { "ID": 42705197, "正式名称": "わたなべ産婦人科内科・小児科", "機関区分": 2, "都道府県コード": 4, "市区町村コード": 215, "所在地": "宮城県大崎市松山千石字松山４４０", "緯度": 38.51486, "経度": 141.050974, "url": "https://www.iryou.teikyouseido.mhlw.go.jp/znk-web/juminkanja/S2430/initialize?prefCd=04&kikanCd=2705197&kikanKbn=2", "url2": "http://w-keyaki.clinic", "内容": "わたなべ産婦人科内科・小児科【2:診療所】【診療科目:0】宮城県大崎市松山千石字松山４４０" }, "geometry": { "type": "Point", "coordinates": [ 141.050974, 38.51486 ] } },
{ "type": "Feature", "properties": { "ID": 42705199, "正式名称": "医療法人而成会　大崎ミッドタウン総合メディケアクリニック", "機関区分": 2, "都道府県コード": 4, "市区町村コード": 215, "所在地": "宮城県大崎市松山金谷字中田７６－１", "緯度": 38.51482, "経度": 141.06221, "url": "https://www.iryou.teikyouseido.mhlw.go.jp/znk-web/juminkanja/S2430/initialize?prefCd=04&kikanCd=2705199&kikanKbn=2", "url2": null, "内容": "医療法人而成会　大崎ミッドタウン総合メディケアクリニック【2:診療所】【診療科目:0】宮城県大崎市松山金谷字中田７６－１" }, "geometry": { "type": "Point", "coordinates": [ 141.06221, 38.51482 ] } },
{ "type": "Feature", "properties": { "ID": 42705204, "正式名称": "特別養護老人ホーム　愛泉荘～きずな館～医務室", "機関区分": 2, "都道府県コード": 4, "市区町村コード": 105, "所在地": "宮城県仙台市泉区七北田字道２４－２", "緯度": 38.32888, "経度": 140.870132, "url": "https://www.iryou.teikyouseido.mhlw.go.jp/znk-web/juminkanja/S2430/initialize?prefCd=04&kikanCd=2705204&kikanKbn=2", "url2": "http://www.aisenkai.or.jp", "内容": "特別養護老人ホーム　愛泉荘～きずな館～医務室【2:診療所】【診療科目:0】宮城県仙台市泉区七北田字道２４－２" }, "geometry": { "type": "Point", "coordinates": [ 140.870132, 38.32888 ] } },
{ "type": "Feature", "properties": { "ID": 42705205, "正式名称": "医療法人雄美会　吉成台内科胃腸科", "機関区分": 2, "都道府県コード": 4, "市区町村コード": 101, "所在地": "宮城県仙台市青葉区吉成台１丁目２－５", "緯度": 38.293331, "経度": 140.823135, "url": "https://www.iryou.teikyouseido.mhlw.go.jp/znk-web/juminkanja/S2430/initialize?prefCd=04&kikanCd=2705205&kikanKbn=2", "url2": null, "内容": "医療法人雄美会　吉成台内科胃腸科【2:診療所】【診療科目:0】宮城県仙台市青葉区吉成台１丁目２－５" }, "geometry": { "type": "Point", "coordinates": [ 140.823135, 38.293331 ] } },
{ "type": "Feature", "properties": { "ID": 42705206, "正式名称": "医療法人宏真会　定禅寺フローレンスクリニック", "機関区分": 2, "都道府県コード": 4, "市区町村コード": 101, "所在地": "宮城県仙台市青葉区国分町２丁目１３－２１　定禅寺アップルスクエア６階", "緯度": 38.265121, "経度": 140.867462, "url": "https://www.iryou.teikyouseido.mhlw.go.jp/znk-web/juminkanja/S2430/initialize?prefCd=04&kikanCd=2705206&kikanKbn=2", "url2": "http://www.J-Florence.com", "内容": "医療法人宏真会　定禅寺フローレンスクリニック【2:診療所】【診療科目:0】宮城県仙台市青葉区国分町２丁目１３－２１　定禅寺アップルスクエア６階" }, "geometry": { "type": "Point", "coordinates": [ 140.867462, 38.265121 ] } },
{ "type": "Feature", "properties": { "ID": 42705207, "正式名称": "北仙台はせがわクリニック", "機関区分": 2, "都道府県コード": 4, "市区町村コード": 101, "所在地": "宮城県仙台市青葉区昭和町４ー３　北仙台ひまわりビル２階", "緯度": 38.279835, "経度": 140.869217, "url": "https://www.iryou.teikyouseido.mhlw.go.jp/znk-web/juminkanja/S2430/initialize?prefCd=04&kikanCd=2705207&kikanKbn=2", "url2": "http://kitasendai-hasegawa.clinic", "内容": "北仙台はせがわクリニック【2:診療所】【診療科目:0】宮城県仙台市青葉区昭和町４ー３　北仙台ひまわりビル２階" }, "geometry": { "type": "Point", "coordinates": [ 140.869217, 38.279835 ] } },
{ "type": "Feature", "properties": { "ID": 42705208, "正式名称": "河村内科外科クリニック", "機関区分": 2, "都道府県コード": 4, "市区町村コード": 101, "所在地": "宮城県仙台市青葉区中山５－６－１", "緯度": 38.291668, "経度": 140.843414, "url": "https://www.iryou.teikyouseido.mhlw.go.jp/znk-web/juminkanja/S2430/initialize?prefCd=04&kikanCd=2705208&kikanKbn=2", "url2": "http://www.sendai-kawamura-clinic.com", "内容": "河村内科外科クリニック【2:診療所】【診療科目:0】宮城県仙台市青葉区中山５－６－１" }, "geometry": { "type": "Point", "coordinates": [ 140.843414, 38.291668 ] } },
{ "type": "Feature", "properties": { "ID": 42705210, "正式名称": "仙南夜間初期急患センター", "機関区分": 2, "都道府県コード": 4, "市区町村コード": 321, "所在地": "宮城県柴田郡大河原町字西３８番地１", "緯度": 38.060998, "経度": 140.735015, "url": "https://www.iryou.teikyouseido.mhlw.go.jp/znk-web/juminkanja/S2430/initialize?prefCd=04&kikanCd=2705210&kikanKbn=2", "url2": null, "内容": "仙南夜間初期急患センター【2:診療所】【診療科目:0】宮城県柴田郡大河原町字西３８番地１" }, "geometry": { "type": "Point", "coordinates": [ 140.735015, 38.060998 ] } },
{ "type": "Feature", "properties": { "ID": 42705211, "正式名称": "あかま皮膚科クリニック", "機関区分": 2, "都道府県コード": 4, "市区町村コード": 211, "所在地": "宮城県岩沼市桜２－４－１", "緯度": 38.10569, "経度": 140.869644, "url": "https://www.iryou.teikyouseido.mhlw.go.jp/znk-web/juminkanja/S2430/initialize?prefCd=04&kikanCd=2705211&kikanKbn=2", "url2": "https://akama-derma.jp", "内容": "あかま皮膚科クリニック【2:診療所】【診療科目:0】宮城県岩沼市桜２－４－１" }, "geometry": { "type": "Point", "coordinates": [ 140.869644, 38.10569 ] } },
{ "type": "Feature", "properties": { "ID": 42705213, "正式名称": "医療法人まつもり耳鼻咽喉科", "機関区分": 2, "都道府県コード": 4, "市区町村コード": 105, "所在地": "宮城県仙台市泉区松森字前沼３９－９", "緯度": 38.315056, "経度": 140.91777, "url": "https://www.iryou.teikyouseido.mhlw.go.jp/znk-web/juminkanja/S2430/initialize?prefCd=04&kikanCd=2705213&kikanKbn=2", "url2": "http://matsumorient.jp/", "内容": "医療法人まつもり耳鼻咽喉科【2:診療所】【診療科目:0】宮城県仙台市泉区松森字前沼３９－９" }, "geometry": { "type": "Point", "coordinates": [ 140.91777, 38.315056 ] } },
{ "type": "Feature", "properties": { "ID": 42705214, "正式名称": "医療法人社団　花だて内科循環器科", "機関区分": 2, "都道府県コード": 4, "市区町村コード": 104, "所在地": "宮城県仙台市太白区大野田５丁目３８－３", "緯度": 38.213898, "経度": 140.87291, "url": "https://www.iryou.teikyouseido.mhlw.go.jp/znk-web/juminkanja/S2430/initialize?prefCd=04&kikanCd=2705214&kikanKbn=2", "url2": "http://website2.infomity.net/8070000281/", "内容": "医療法人社団　花だて内科循環器科【2:診療所】【診療科目:0】宮城県仙台市太白区大野田５丁目３８－３" }, "geometry": { "type": "Point", "coordinates": [ 140.87291, 38.213898 ] } },
{ "type": "Feature", "properties": { "ID": 42705215, "正式名称": "とみざわ腎泌尿器科", "機関区分": 2, "都道府県コード": 4, "市区町村コード": 104, "所在地": "宮城県仙台市太白区富沢南１丁目１０－４", "緯度": 38.213825, "経度": 140.86554, "url": "https://www.iryou.teikyouseido.mhlw.go.jp/znk-web/juminkanja/S2430/initialize?prefCd=04&kikanCd=2705215&kikanKbn=2", "url2": "http://www.tomizawa-urology.com/", "内容": "とみざわ腎泌尿器科【2:診療所】【診療科目:0】宮城県仙台市太白区富沢南１丁目１０－４" }, "geometry": { "type": "Point", "coordinates": [ 140.86554, 38.213825 ] } },
{ "type": "Feature", "properties": { "ID": 42705216, "正式名称": "みのりファミリークリニック", "機関区分": 2, "都道府県コード": 4, "市区町村コード": 104, "所在地": "宮城県仙台市太白区長町５丁目９−１３", "緯度": 38.227032, "経度": 140.88205, "url": "https://www.iryou.teikyouseido.mhlw.go.jp/znk-web/juminkanja/S2430/initialize?prefCd=04&kikanCd=2705216&kikanKbn=2", "url2": "https://minori-family.jp/", "内容": "みのりファミリークリニック【2:診療所】【診療科目:0】宮城県仙台市太白区長町５丁目９−１３" }, "geometry": { "type": "Point", "coordinates": [ 140.88205, 38.227032 ] } },
{ "type": "Feature", "properties": { "ID": 42705217, "正式名称": "往診クリニック　ビーナス", "機関区分": 2, "都道府県コード": 4, "市区町村コード": 104, "所在地": "宮城県仙台市太白区袋原３丁目１－３１", "緯度": 38.203583, "経度": 140.908905, "url": "https://www.iryou.teikyouseido.mhlw.go.jp/znk-web/juminkanja/S2430/initialize?prefCd=04&kikanCd=2705217&kikanKbn=2", "url2": "http://sendai-venus.jp/", "内容": "往診クリニック　ビーナス【2:診療所】【診療科目:0】宮城県仙台市太白区袋原３丁目１－３１" }, "geometry": { "type": "Point", "coordinates": [ 140.908905, 38.203583 ] } },
{ "type": "Feature", "properties": { "ID": 42705218, "正式名称": "仙台頭痛脳神経クリニック", "機関区分": 2, "都道府県コード": 4, "市区町村コード": 104, "所在地": "宮城県仙台市太白区大野田５丁目３８ー２", "緯度": 38.214157, "経度": 140.873001, "url": "https://www.iryou.teikyouseido.mhlw.go.jp/znk-web/juminkanja/S2430/initialize?prefCd=04&kikanCd=2705218&kikanKbn=2", "url2": "http://www.sendai-zutsu.com", "内容": "仙台頭痛脳神経クリニック【2:診療所】【診療科目:0】宮城県仙台市太白区大野田５丁目３８ー２" }, "geometry": { "type": "Point", "coordinates": [ 140.873001, 38.214157 ] } },
{ "type": "Feature", "properties": { "ID": 42705221, "正式名称": "名取透析クリニック", "機関区分": 2, "都道府県コード": 4, "市区町村コード": 207, "所在地": "宮城県名取市美田園６－２－６", "緯度": 38.15992, "経度": 140.915924, "url": "https://www.iryou.teikyouseido.mhlw.go.jp/znk-web/juminkanja/S2430/initialize?prefCd=04&kikanCd=2705221&kikanKbn=2", "url2": "http://medical-senshoukai.or.jp", "内容": "名取透析クリニック【2:診療所】【診療科目:0】宮城県名取市美田園６－２－６" }, "geometry": { "type": "Point", "coordinates": [ 140.915924, 38.15992 ] } },
{ "type": "Feature", "properties": { "ID": 42705223, "正式名称": "本塩釜耳鼻咽喉科クリニック", "機関区分": 2, "都道府県コード": 4, "市区町村コード": 203, "所在地": "宮城県塩竈市北浜１ー７ー７", "緯度": 38.320076, "経度": 141.023483, "url": "https://www.iryou.teikyouseido.mhlw.go.jp/znk-web/juminkanja/S2430/initialize?prefCd=04&kikanCd=2705223&kikanKbn=2", "url2": "https://www.9933jibika.jp/", "内容": "本塩釜耳鼻咽喉科クリニック【2:診療所】【診療科目:0】宮城県塩竈市北浜１ー７ー７" }, "geometry": { "type": "Point", "coordinates": [ 141.023483, 38.320076 ] } },
{ "type": "Feature", "properties": { "ID": 42705225, "正式名称": "ＣＬＡＳＳＹ　仙台美容外科・美容皮膚科", "機関区分": 2, "都道府県コード": 4, "市区町村コード": 101, "所在地": "宮城県仙台市青葉区中央３－２－２１ＡＣＮ仙台ビル８Ｆ", "緯度": 38.260105, "経度": 140.876892, "url": "https://www.iryou.teikyouseido.mhlw.go.jp/znk-web/juminkanja/S2430/initialize?prefCd=04&kikanCd=2705225&kikanKbn=2", "url2": "https://sendai-bc.net/", "内容": "ＣＬＡＳＳＹ　仙台美容外科・美容皮膚科【2:診療所】【診療科目:0】宮城県仙台市青葉区中央３－２－２１ＡＣＮ仙台ビル８Ｆ" }, "geometry": { "type": "Point", "coordinates": [ 140.876892, 38.260105 ] } },
{ "type": "Feature", "properties": { "ID": 42705227, "正式名称": "長井内科医院", "機関区分": 2, "都道府県コード": 4, "市区町村コード": 215, "所在地": "宮城県大崎市古川三日町１丁目３－２５", "緯度": 38.575092, "経度": 140.956161, "url": "https://www.iryou.teikyouseido.mhlw.go.jp/znk-web/juminkanja/S2430/initialize?prefCd=04&kikanCd=2705227&kikanKbn=2", "url2": null, "内容": "長井内科医院【2:診療所】【診療科目:0】宮城県大崎市古川三日町１丁目３－２５" }, "geometry": { "type": "Point", "coordinates": [ 140.956161, 38.575092 ] } },
{ "type": "Feature", "properties": { "ID": 42705228, "正式名称": "医療法人社団誠母至豊会　あおば通りかずみクリニック", "機関区分": 2, "都道府県コード": 4, "市区町村コード": 101, "所在地": "宮城県仙台市青葉区大町１－１－５　グレイス大町３Ｆ", "緯度": 38.25964, "経度": 140.870331, "url": "https://www.iryou.teikyouseido.mhlw.go.jp/znk-web/juminkanja/S2430/initialize?prefCd=04&kikanCd=2705228&kikanKbn=2", "url2": "http://kazumi-clinic.com", "内容": "医療法人社団誠母至豊会　あおば通りかずみクリニック【2:診療所】【診療科目:0】宮城県仙台市青葉区大町１－１－５　グレイス大町３Ｆ" }, "geometry": { "type": "Point", "coordinates": [ 140.870331, 38.25964 ] } },
{ "type": "Feature", "properties": { "ID": 42705229, "正式名称": "オウクリニック", "機関区分": 2, "都道府県コード": 4, "市区町村コード": 102, "所在地": "宮城県仙台市宮城野区榴岡１丁目２－１０　エンドウビル４階", "緯度": 38.259495, "経度": 140.885788, "url": "https://www.iryou.teikyouseido.mhlw.go.jp/znk-web/juminkanja/S2430/initialize?prefCd=04&kikanCd=2705229&kikanKbn=2", "url2": "http://www.o-cl.com", "内容": "オウクリニック【2:診療所】【診療科目:0】宮城県仙台市宮城野区榴岡１丁目２－１０　エンドウビル４階" }, "geometry": { "type": "Point", "coordinates": [ 140.885788, 38.259495 ] } },
{ "type": "Feature", "properties": { "ID": 42705230, "正式名称": "ちかまりか皮ふ科クリニック", "機関区分": 2, "都道府県コード": 4, "市区町村コード": 102, "所在地": "宮城県仙台市宮城野区出花１丁目２４８－１　プランドール・アヴァンス１０３", "緯度": 38.279701, "経度": 140.984818, "url": "https://www.iryou.teikyouseido.mhlw.go.jp/znk-web/juminkanja/S2430/initialize?prefCd=04&kikanCd=2705230&kikanKbn=2", "url2": "https://chikamarika-clinic.com/", "内容": "ちかまりか皮ふ科クリニック【2:診療所】【診療科目:0】宮城県仙台市宮城野区出花１丁目２４８－１　プランドール・アヴァンス１０３" }, "geometry": { "type": "Point", "coordinates": [ 140.984818, 38.279701 ] } },
{ "type": "Feature", "properties": { "ID": 42705232, "正式名称": "茜平クリニック", "機関区分": 2, "都道府県コード": 4, "市区町村コード": 202, "所在地": "宮城県石巻市茜平２丁目２－１７", "緯度": 38.450004, "経度": 141.265681, "url": "https://www.iryou.teikyouseido.mhlw.go.jp/znk-web/juminkanja/S2430/initialize?prefCd=04&kikanCd=2705232&kikanKbn=2", "url2": null, "内容": "茜平クリニック【2:診療所】【診療科目:0】宮城県石巻市茜平２丁目２－１７" }, "geometry": { "type": "Point", "coordinates": [ 141.265681, 38.450004 ] } },
{ "type": "Feature", "properties": { "ID": 42705233, "正式名称": "アイ往診クリニック", "機関区分": 2, "都道府県コード": 4, "市区町村コード": 101, "所在地": "宮城県仙台市青葉区上杉３丁目２－２８　アクス上杉ビル２０１", "緯度": 38.271088, "経度": 140.875961, "url": "https://www.iryou.teikyouseido.mhlw.go.jp/znk-web/juminkanja/S2430/initialize?prefCd=04&kikanCd=2705233&kikanKbn=2", "url2": null, "内容": "アイ往診クリニック【2:診療所】【診療科目:0】宮城県仙台市青葉区上杉３丁目２－２８　アクス上杉ビル２０１" }, "geometry": { "type": "Point", "coordinates": [ 140.875961, 38.271088 ] } },
{ "type": "Feature", "properties": { "ID": 42705234, "正式名称": "医療法人　やもと眼科", "機関区分": 2, "都道府県コード": 4, "市区町村コード": 214, "所在地": "宮城県東松島市矢本字大溜３４３", "緯度": 38.428749, "経度": 141.216736, "url": "https://www.iryou.teikyouseido.mhlw.go.jp/znk-web/juminkanja/S2430/initialize?prefCd=04&kikanCd=2705234&kikanKbn=2", "url2": "http://www.yamotoganka.com", "内容": "医療法人　やもと眼科【2:診療所】【診療科目:0】宮城県東松島市矢本字大溜３４３" }, "geometry": { "type": "Point", "coordinates": [ 141.216736, 38.428749 ] } },
{ "type": "Feature", "properties": { "ID": 42705235, "正式名称": "おおつか内科醫院", "機関区分": 2, "都道府県コード": 4, "市区町村コード": 105, "所在地": "宮城県仙台市泉区将監８丁目８番１号", "緯度": 38.333389, "経度": 140.877625, "url": "https://www.iryou.teikyouseido.mhlw.go.jp/znk-web/juminkanja/S2430/initialize?prefCd=04&kikanCd=2705235&kikanKbn=2", "url2": "www.med-otsukanaika.com", "内容": "おおつか内科醫院【2:診療所】【診療科目:0】宮城県仙台市泉区将監８丁目８番１号" }, "geometry": { "type": "Point", "coordinates": [ 140.877625, 38.333389 ] } },
{ "type": "Feature", "properties": { "ID": 42705236, "正式名称": "いのまた胃と腸・内科クリニック", "機関区分": 2, "都道府県コード": 4, "市区町村コード": 323, "所在地": "宮城県柴田郡柴田町槻木上町２丁目７－２５", "緯度": 38.076176, "経度": 140.809509, "url": "https://www.iryou.teikyouseido.mhlw.go.jp/znk-web/juminkanja/S2430/initialize?prefCd=04&kikanCd=2705236&kikanKbn=2", "url2": null, "内容": "いのまた胃と腸・内科クリニック【2:診療所】【診療科目:0】宮城県柴田郡柴田町槻木上町２丁目７－２５" }, "geometry": { "type": "Point", "coordinates": [ 140.809509, 38.076176 ] } },
{ "type": "Feature", "properties": { "ID": 42705237, "正式名称": "渡辺眼科医院", "機関区分": 2, "都道府県コード": 4, "市区町村コード": 101, "所在地": "宮城県仙台市青葉区本町１－４－３５", "緯度": 38.265305, "経度": 140.879471, "url": "https://www.iryou.teikyouseido.mhlw.go.jp/znk-web/juminkanja/S2430/initialize?prefCd=04&kikanCd=2705237&kikanKbn=2", "url2": "http://watanabe-jun-eye-clinic.com/", "内容": "渡辺眼科医院【2:診療所】【診療科目:0】宮城県仙台市青葉区本町１－４－３５" }, "geometry": { "type": "Point", "coordinates": [ 140.879471, 38.265305 ] } },
{ "type": "Feature", "properties": { "ID": 42705238, "正式名称": "めでしまのさと内科クリニック", "機関区分": 2, "都道府県コード": 4, "市区町村コード": 207, "所在地": "宮城県名取市愛島郷１丁目１６－２８", "緯度": 38.160519, "経度": 140.855194, "url": "https://www.iryou.teikyouseido.mhlw.go.jp/znk-web/juminkanja/S2430/initialize?prefCd=04&kikanCd=2705238&kikanKbn=2", "url2": "http://www.medeshimanosato-clinic.com/", "内容": "めでしまのさと内科クリニック【2:診療所】【診療科目:0】宮城県名取市愛島郷１丁目１６－２８" }, "geometry": { "type": "Point", "coordinates": [ 140.855194, 38.160519 ] } },
{ "type": "Feature", "properties": { "ID": 42705239, "正式名称": "かんのリズムハートクリニック", "機関区分": 2, "都道府県コード": 4, "市区町村コード": 206, "所在地": "宮城県白石市鷹巣東３－８－３", "緯度": 37.997246, "経度": 140.639206, "url": "https://www.iryou.teikyouseido.mhlw.go.jp/znk-web/juminkanja/S2430/initialize?prefCd=04&kikanCd=2705239&kikanKbn=2", "url2": "http://www.kanno-reism-heart-clinic.jp", "内容": "かんのリズムハートクリニック【2:診療所】【診療科目:0】宮城県白石市鷹巣東３－８－３" }, "geometry": { "type": "Point", "coordinates": [ 140.639206, 37.997246 ] } },
{ "type": "Feature", "properties": { "ID": 42705241, "正式名称": "土井眼科クリニック", "機関区分": 2, "都道府県コード": 4, "市区町村コード": 202, "所在地": "宮城県石巻市新橋３－１１", "緯度": 38.438264, "経度": 141.289896, "url": "https://www.iryou.teikyouseido.mhlw.go.jp/znk-web/juminkanja/S2430/initialize?prefCd=04&kikanCd=2705241&kikanKbn=2", "url2": "http://www.doi-ganka.jp", "内容": "土井眼科クリニック【2:診療所】【診療科目:0】宮城県石巻市新橋３－１１" }, "geometry": { "type": "Point", "coordinates": [ 141.289896, 38.438264 ] } },
{ "type": "Feature", "properties": { "ID": 42705242, "正式名称": "やまと在宅診療所大崎", "機関区分": 2, "都道府県コード": 4, "市区町村コード": 215, "所在地": "宮城県大崎市古川駅東１丁目５－１３", "緯度": 38.572163, "経度": 140.972107, "url": "https://www.iryou.teikyouseido.mhlw.go.jp/znk-web/juminkanja/S2430/initialize?prefCd=04&kikanCd=2705242&kikanKbn=2", "url2": "http://yamato-osaki.org", "内容": "やまと在宅診療所大崎【2:診療所】【診療科目:0】宮城県大崎市古川駅東１丁目５－１３" }, "geometry": { "type": "Point", "coordinates": [ 140.972107, 38.572163 ] } },
{ "type": "Feature", "properties": { "ID": 42705244, "正式名称": "医療法人博愛会　なかやま医院", "機関区分": 2, "都道府県コード": 4, "市区町村コード": 101, "所在地": "宮城県仙台市青葉区中山四丁目１３ー３６", "緯度": 38.29258, "経度": 140.841614, "url": "https://www.iryou.teikyouseido.mhlw.go.jp/znk-web/juminkanja/S2430/initialize?prefCd=04&kikanCd=2705244&kikanKbn=2", "url2": "https://www.nakayamaiin.jp/", "内容": "医療法人博愛会　なかやま医院【2:診療所】【診療科目:0】宮城県仙台市青葉区中山四丁目１３ー３６" }, "geometry": { "type": "Point", "coordinates": [ 140.841614, 38.29258 ] } },
{ "type": "Feature", "properties": { "ID": 42705245, "正式名称": "ＥＰＩＬＥＰＳＹ　ＣＬＩＮＩＣ　仙台駅前　ベーテル", "機関区分": 2, "都道府県コード": 4, "市区町村コード": 102, "所在地": "宮城県仙台市宮城野区名掛丁２０５番地の５　コンフォートホテル仙台東口１階", "緯度": 38.2626, "経度": 140.884842, "url": "https://www.iryou.teikyouseido.mhlw.go.jp/znk-web/juminkanja/S2430/initialize?prefCd=04&kikanCd=2705245&kikanKbn=2", "url2": "http://bethel-japan.com", "内容": "ＥＰＩＬＥＰＳＹ　ＣＬＩＮＩＣ　仙台駅前　ベーテル【2:診療所】【診療科目:0】宮城県仙台市宮城野区名掛丁２０５番地の５　コンフォートホテル仙台東口１階" }, "geometry": { "type": "Point", "coordinates": [ 140.884842, 38.2626 ] } },
{ "type": "Feature", "properties": { "ID": 42705247, "正式名称": "おおなみ眼科クリニック", "機関区分": 2, "都道府県コード": 4, "市区町村コード": 209, "所在地": "宮城県多賀城市高橋５丁目３－５", "緯度": 38.287773, "経度": 140.983429, "url": "https://www.iryou.teikyouseido.mhlw.go.jp/znk-web/juminkanja/S2430/initialize?prefCd=04&kikanCd=2705247&kikanKbn=2", "url2": "http://onamiganka.byoinnavi.jp/pc/", "内容": "おおなみ眼科クリニック【2:診療所】【診療科目:0】宮城県多賀城市高橋５丁目３－５" }, "geometry": { "type": "Point", "coordinates": [ 140.983429, 38.287773 ] } },
{ "type": "Feature", "properties": { "ID": 42705248, "正式名称": "みやぎ南部整形外科クリニック", "機関区分": 2, "都道府県コード": 4, "市区町村コード": 361, "所在地": "宮城県亘理郡亘理町逢隈高屋字石堂１８７－１", "緯度": 38.043522, "経度": 140.887543, "url": "https://www.iryou.teikyouseido.mhlw.go.jp/znk-web/juminkanja/S2430/initialize?prefCd=04&kikanCd=2705248&kikanKbn=2", "url2": "http://kamome-orth.mycl.me/", "内容": "みやぎ南部整形外科クリニック【2:診療所】【診療科目:0】宮城県亘理郡亘理町逢隈高屋字石堂１８７－１" }, "geometry": { "type": "Point", "coordinates": [ 140.887543, 38.043522 ] } },
{ "type": "Feature", "properties": { "ID": 42705249, "正式名称": "医療法人珀晴会　仙台ソレイユ母子クリニック", "機関区分": 2, "都道府県コード": 4, "市区町村コード": 104, "所在地": "宮城県仙台市太白区大野田４丁目３１－３", "緯度": 38.20982, "経度": 140.876068, "url": "https://www.iryou.teikyouseido.mhlw.go.jp/znk-web/juminkanja/S2430/initialize?prefCd=04&kikanCd=2705249&kikanKbn=2", "url2": "http://sendai-soleil.jp", "内容": "医療法人珀晴会　仙台ソレイユ母子クリニック【2:診療所】【診療科目:0】宮城県仙台市太白区大野田４丁目３１－３" }, "geometry": { "type": "Point", "coordinates": [ 140.876068, 38.20982 ] } },
{ "type": "Feature", "properties": { "ID": 42705250, "正式名称": "シエル皮ふ科クリニック", "機関区分": 2, "都道府県コード": 4, "市区町村コード": 104, "所在地": "宮城県仙台市太白区袋原４丁目３７－８　１Ｆ", "緯度": 38.199016, "経度": 140.915863, "url": "https://www.iryou.teikyouseido.mhlw.go.jp/znk-web/juminkanja/S2430/initialize?prefCd=04&kikanCd=2705250&kikanKbn=2", "url2": "http://ciel-dc.jp/", "内容": "シエル皮ふ科クリニック【2:診療所】【診療科目:0】宮城県仙台市太白区袋原４丁目３７－８　１Ｆ" }, "geometry": { "type": "Point", "coordinates": [ 140.915863, 38.199016 ] } },
{ "type": "Feature", "properties": { "ID": 42705251, "正式名称": "あすと長町整形外科クリニック", "機関区分": 2, "都道府県コード": 4, "市区町村コード": 104, "所在地": "宮城県仙台市太白区あすと長町１－３－１　ＳＨＩＰ仙台ビル　１Ｆ", "緯度": 38.23053, "経度": 140.88916, "url": "https://www.iryou.teikyouseido.mhlw.go.jp/znk-web/juminkanja/S2430/initialize?prefCd=04&kikanCd=2705251&kikanKbn=2", "url2": "http://www.anoc.jp", "内容": "あすと長町整形外科クリニック【2:診療所】【診療科目:0】宮城県仙台市太白区あすと長町１－３－１　ＳＨＩＰ仙台ビル　１Ｆ" }, "geometry": { "type": "Point", "coordinates": [ 140.88916, 38.23053 ] } },
{ "type": "Feature", "properties": { "ID": 42705252, "正式名称": "新田さいとうクリニック", "機関区分": 2, "都道府県コード": 4, "市区町村コード": 102, "所在地": "宮城県仙台市宮城野区新田４丁目３３－１８", "緯度": 38.27644, "経度": 140.930511, "url": "https://www.iryou.teikyouseido.mhlw.go.jp/znk-web/juminkanja/S2430/initialize?prefCd=04&kikanCd=2705252&kikanKbn=2", "url2": null, "内容": "新田さいとうクリニック【2:診療所】【診療科目:0】宮城県仙台市宮城野区新田４丁目３３－１８" }, "geometry": { "type": "Point", "coordinates": [ 140.930511, 38.27644 ] } },
{ "type": "Feature", "properties": { "ID": 42705253, "正式名称": "ひろせ内科", "機関区分": 2, "都道府県コード": 4, "市区町村コード": 101, "所在地": "宮城県仙台市青葉区愛子東１－８－８", "緯度": 38.272057, "経度": 140.777679, "url": "https://www.iryou.teikyouseido.mhlw.go.jp/znk-web/juminkanja/S2430/initialize?prefCd=04&kikanCd=2705253&kikanKbn=2", "url2": null, "内容": "ひろせ内科【2:診療所】【診療科目:0】宮城県仙台市青葉区愛子東１－８－８" }, "geometry": { "type": "Point", "coordinates": [ 140.777679, 38.272057 ] } },
{ "type": "Feature", "properties": { "ID": 42705254, "正式名称": "医療法人　広愛会　松原医院", "機関区分": 2, "都道府県コード": 4, "市区町村コード": 101, "所在地": "宮城県仙台市青葉区愛子東２丁目３－６３", "緯度": 38.27319, "経度": 140.773849, "url": "https://www.iryou.teikyouseido.mhlw.go.jp/znk-web/juminkanja/S2430/initialize?prefCd=04&kikanCd=2705254&kikanKbn=2", "url2": "https://www.matsubaraiin.com/", "内容": "医療法人　広愛会　松原医院【2:診療所】【診療科目:0】宮城県仙台市青葉区愛子東２丁目３－６３" }, "geometry": { "type": "Point", "coordinates": [ 140.773849, 38.27319 ] } },
{ "type": "Feature", "properties": { "ID": 42705255, "正式名称": "やかた内科・小児科クリニック", "機関区分": 2, "都道府県コード": 4, "市区町村コード": 105, "所在地": "宮城県仙台市泉区館３丁目３７－１", "緯度": 38.319595, "経度": 140.799789, "url": "https://www.iryou.teikyouseido.mhlw.go.jp/znk-web/juminkanja/S2430/initialize?prefCd=04&kikanCd=2705255&kikanKbn=2", "url2": null, "内容": "やかた内科・小児科クリニック【2:診療所】【診療科目:0】宮城県仙台市泉区館３丁目３７－１" }, "geometry": { "type": "Point", "coordinates": [ 140.799789, 38.319595 ] } },
{ "type": "Feature", "properties": { "ID": 42705256, "正式名称": "ＴＣＢ　東京中央美容外科　ＢＳクリニック　仙台駅前院", "機関区分": 2, "都道府県コード": 4, "市区町村コード": 101, "所在地": "宮城県仙台市青葉区中央３丁目６－１　仙台ＴＲビル７Ｆ", "緯度": 38.259766, "経度": 140.878662, "url": "https://www.iryou.teikyouseido.mhlw.go.jp/znk-web/juminkanja/S2430/initialize?prefCd=04&kikanCd=2705256&kikanKbn=2", "url2": "https://aoki-tsuyoshi.com/", "内容": "ＴＣＢ　東京中央美容外科　ＢＳクリニック　仙台駅前院【2:診療所】【診療科目:0】宮城県仙台市青葉区中央３丁目６－１　仙台ＴＲビル７Ｆ" }, "geometry": { "type": "Point", "coordinates": [ 140.878662, 38.259766 ] } },
{ "type": "Feature", "properties": { "ID": 42705257, "正式名称": "なくい外科内科胃腸内科クリニック", "機関区分": 2, "都道府県コード": 4, "市区町村コード": 211, "所在地": "宮城県岩沼市あさひ野１－１１－２", "緯度": 38.118176, "経度": 140.859451, "url": "https://www.iryou.teikyouseido.mhlw.go.jp/znk-web/juminkanja/S2430/initialize?prefCd=04&kikanCd=2705257&kikanKbn=2", "url2": "https://www.nakuiclinic.com/", "内容": "なくい外科内科胃腸内科クリニック【2:診療所】【診療科目:0】宮城県岩沼市あさひ野１－１１－２" }, "geometry": { "type": "Point", "coordinates": [ 140.859451, 38.118176 ] } },
{ "type": "Feature", "properties": { "ID": 42705258, "正式名称": "福室みみはなのどクリニック", "機関区分": 2, "都道府県コード": 4, "市区町村コード": 102, "所在地": "宮城県仙台市宮城野区福室４丁目１８－１８", "緯度": 38.275551, "経度": 140.974205, "url": "https://www.iryou.teikyouseido.mhlw.go.jp/znk-web/juminkanja/S2430/initialize?prefCd=04&kikanCd=2705258&kikanKbn=2", "url2": "http://www.fukumuroent.com", "内容": "福室みみはなのどクリニック【2:診療所】【診療科目:0】宮城県仙台市宮城野区福室４丁目１８－１８" }, "geometry": { "type": "Point", "coordinates": [ 140.974205, 38.275551 ] } },
{ "type": "Feature", "properties": { "ID": 42705259, "正式名称": "八乙女さとうはじめ眼科", "機関区分": 2, "都道府県コード": 4, "市区町村コード": 105, "所在地": "宮城県仙台市泉区八乙女４丁目４－１", "緯度": 38.31019, "経度": 140.897056, "url": "https://www.iryou.teikyouseido.mhlw.go.jp/znk-web/juminkanja/S2430/initialize?prefCd=04&kikanCd=2705259&kikanKbn=2", "url2": "http://www.yaotome-eye.jp", "内容": "八乙女さとうはじめ眼科【2:診療所】【診療科目:0】宮城県仙台市泉区八乙女４丁目４－１" }, "geometry": { "type": "Point", "coordinates": [ 140.897056, 38.31019 ] } },
{ "type": "Feature", "properties": { "ID": 42705260, "正式名称": "クレアクリニック", "機関区分": 2, "都道府県コード": 4, "市区町村コード": 101, "所在地": "宮城県仙台市青葉区中央３丁目１ー２２ＥＱＵＩＮＩＡ青葉通り６Ｆ", "緯度": 38.260292, "経度": 140.878738, "url": "https://www.iryou.teikyouseido.mhlw.go.jp/znk-web/juminkanja/S2430/initialize?prefCd=04&kikanCd=2705260&kikanKbn=2", "url2": "http://www.creaclinic.jp", "内容": "クレアクリニック【2:診療所】【診療科目:0】宮城県仙台市青葉区中央３丁目１ー２２ＥＱＵＩＮＩＡ青葉通り６Ｆ" }, "geometry": { "type": "Point", "coordinates": [ 140.878738, 38.260292 ] } },
{ "type": "Feature", "properties": { "ID": 42705261, "正式名称": "宮千代皮フ科クリニック", "機関区分": 2, "都道府県コード": 4, "市区町村コード": 102, "所在地": "宮城県仙台市宮城野区宮千代２丁目１７－９", "緯度": 38.254021, "経度": 140.912851, "url": "https://www.iryou.teikyouseido.mhlw.go.jp/znk-web/juminkanja/S2430/initialize?prefCd=04&kikanCd=2705261&kikanKbn=2", "url2": "http://miyachiyo-hifu.jp", "内容": "宮千代皮フ科クリニック【2:診療所】【診療科目:0】宮城県仙台市宮城野区宮千代２丁目１７－９" }, "geometry": { "type": "Point", "coordinates": [ 140.912851, 38.254021 ] } },
{ "type": "Feature", "properties": { "ID": 42705262, "正式名称": "尾花内科クリニック", "機関区分": 2, "都道府県コード": 4, "市区町村コード": 215, "所在地": "宮城県大崎市古川中島町２－３９", "緯度": 38.564251, "経度": 140.95668, "url": "https://www.iryou.teikyouseido.mhlw.go.jp/znk-web/juminkanja/S2430/initialize?prefCd=04&kikanCd=2705262&kikanKbn=2", "url2": "https://www.web-clover.net/obanaclinic/", "内容": "尾花内科クリニック【2:診療所】【診療科目:0】宮城県大崎市古川中島町２－３９" }, "geometry": { "type": "Point", "coordinates": [ 140.95668, 38.564251 ] } },
{ "type": "Feature", "properties": { "ID": 42705263, "正式名称": "東京ＡＧＡクリニック仙台院", "機関区分": 2, "都道府県コード": 4, "市区町村コード": 102, "所在地": "宮城県仙台市宮城野区榴岡２－１－１５　大内ビル２階", "緯度": 38.260937, "経度": 140.88443, "url": "https://www.iryou.teikyouseido.mhlw.go.jp/znk-web/juminkanja/S2430/initialize?prefCd=04&kikanCd=2705263&kikanKbn=2", "url2": "http://www.aga-clinic.com", "内容": "東京ＡＧＡクリニック仙台院【2:診療所】【診療科目:0】宮城県仙台市宮城野区榴岡２－１－１５　大内ビル２階" }, "geometry": { "type": "Point", "coordinates": [ 140.88443, 38.260937 ] } },
{ "type": "Feature", "properties": { "ID": 42705264, "正式名称": "矢口クリニック　内科・消化器内科", "機関区分": 2, "都道府県コード": 4, "市区町村コード": 104, "所在地": "宮城県仙台市太白区富沢西４丁目２０番地の１８", "緯度": 38.210348, "経度": 140.858, "url": "https://www.iryou.teikyouseido.mhlw.go.jp/znk-web/juminkanja/S2430/initialize?prefCd=04&kikanCd=2705264&kikanKbn=2", "url2": "http://www.yaguchi-cli-tomizawa.jp", "内容": "矢口クリニック　内科・消化器内科【2:診療所】【診療科目:0】宮城県仙台市太白区富沢西４丁目２０番地の１８" }, "geometry": { "type": "Point", "coordinates": [ 140.858, 38.210348 ] } },
{ "type": "Feature", "properties": { "ID": 42705265, "正式名称": "もりのみやこクリニック", "機関区分": 2, "都道府県コード": 4, "市区町村コード": 101, "所在地": "宮城県仙台市青葉区本町２丁目１０－５　第７太田ビル４階", "緯度": 38.263717, "経度": 140.877026, "url": "https://www.iryou.teikyouseido.mhlw.go.jp/znk-web/juminkanja/S2430/initialize?prefCd=04&kikanCd=2705265&kikanKbn=2", "url2": "http://mmclinic.business.site/", "内容": "もりのみやこクリニック【2:診療所】【診療科目:0】宮城県仙台市青葉区本町２丁目１０－５　第７太田ビル４階" }, "geometry": { "type": "Point", "coordinates": [ 140.877026, 38.263717 ] } },
{ "type": "Feature", "properties": { "ID": 42705266, "正式名称": "医療法人　双桜会　やまと内科クリニック", "機関区分": 2, "都道府県コード": 4, "市区町村コード": 103, "所在地": "宮城県仙台市若林区なないろの里１丁目１５－１１", "緯度": 38.240374, "経度": 140.927689, "url": "https://www.iryou.teikyouseido.mhlw.go.jp/znk-web/juminkanja/S2430/initialize?prefCd=04&kikanCd=2705266&kikanKbn=2", "url2": "http://yamato-naika.jp", "内容": "医療法人　双桜会　やまと内科クリニック【2:診療所】【診療科目:0】宮城県仙台市若林区なないろの里１丁目１５－１１" }, "geometry": { "type": "Point", "coordinates": [ 140.927689, 38.240374 ] } },
{ "type": "Feature", "properties": { "ID": 42705267, "正式名称": "いずみ野村ファミリークリニック", "機関区分": 2, "都道府県コード": 4, "市区町村コード": 105, "所在地": "宮城県仙台市泉区野村１－５", "緯度": 38.328224, "経度": 140.867691, "url": "https://www.iryou.teikyouseido.mhlw.go.jp/znk-web/juminkanja/S2430/initialize?prefCd=04&kikanCd=2705267&kikanKbn=2", "url2": "https://www.izumi-nomura-fc.com", "内容": "いずみ野村ファミリークリニック【2:診療所】【診療科目:0】宮城県仙台市泉区野村１－５" }, "geometry": { "type": "Point", "coordinates": [ 140.867691, 38.328224 ] } },
{ "type": "Feature", "properties": { "ID": 42705268, "正式名称": "湘南ＡＧＡクリニック仙台院", "機関区分": 2, "都道府県コード": 4, "市区町村コード": 102, "所在地": "宮城県仙台市宮城野区榴岡２－２－１２　アーバンライフ橋本２階", "緯度": 38.261539, "経度": 140.884369, "url": "https://www.iryou.teikyouseido.mhlw.go.jp/znk-web/juminkanja/S2430/initialize?prefCd=04&kikanCd=2705268&kikanKbn=2", "url2": "https://www.sbc-aga.jp/clinic/branch/agasendai/", "内容": "湘南ＡＧＡクリニック仙台院【2:診療所】【診療科目:0】宮城県仙台市宮城野区榴岡２－２－１２　アーバンライフ橋本２階" }, "geometry": { "type": "Point", "coordinates": [ 140.884369, 38.261539 ] } },
{ "type": "Feature", "properties": { "ID": 42705269, "正式名称": "仙台東口メンタルクリニック", "機関区分": 2, "都道府県コード": 4, "市区町村コード": 102, "所在地": "宮城県仙台市宮城野区榴岡４丁目６－３１　ＳＡＮＫＹＯビル２階", "緯度": 38.257942, "経度": 140.886124, "url": "https://www.iryou.teikyouseido.mhlw.go.jp/znk-web/juminkanja/S2430/initialize?prefCd=04&kikanCd=2705269&kikanKbn=2", "url2": "https://clinic.aozora.cloud", "内容": "仙台東口メンタルクリニック【2:診療所】【診療科目:0】宮城県仙台市宮城野区榴岡４丁目６－３１　ＳＡＮＫＹＯビル２階" }, "geometry": { "type": "Point", "coordinates": [ 140.886124, 38.257942 ] } },
{ "type": "Feature", "properties": { "ID": 42705270, "正式名称": "もとよしクリニック", "機関区分": 2, "都道府県コード": 4, "市区町村コード": 205, "所在地": "宮城県気仙沼市本吉町津谷長根８６－３", "緯度": 38.792145, "経度": 141.516342, "url": "https://www.iryou.teikyouseido.mhlw.go.jp/znk-web/juminkanja/S2430/initialize?prefCd=04&kikanCd=2705270&kikanKbn=2", "url2": null, "内容": "もとよしクリニック【2:診療所】【診療科目:0】宮城県気仙沼市本吉町津谷長根８６－３" }, "geometry": { "type": "Point", "coordinates": [ 141.516342, 38.792145 ] } },
{ "type": "Feature", "properties": { "ID": 42705271, "正式名称": "医療法人社団交鐘会　あおぞら在宅診療所　仙台東", "機関区分": 2, "都道府県コード": 4, "市区町村コード": 102, "所在地": "宮城県仙台市宮城野区苦竹１丁目９－１", "緯度": 38.269199, "経度": 140.91774, "url": "https://www.iryou.teikyouseido.mhlw.go.jp/znk-web/juminkanja/S2430/initialize?prefCd=04&kikanCd=2705271&kikanKbn=2", "url2": "http://aozoracl.jp/sendaihigashi", "内容": "医療法人社団交鐘会　あおぞら在宅診療所　仙台東【2:診療所】【診療科目:0】宮城県仙台市宮城野区苦竹１丁目９－１" }, "geometry": { "type": "Point", "coordinates": [ 140.91774, 38.269199 ] } },
{ "type": "Feature", "properties": { "ID": 42705272, "正式名称": "浅生原クリニック", "機関区分": 2, "都道府県コード": 4, "市区町村コード": 362, "所在地": "宮城県亘理郡山元町浅生原字日向２０－２", "緯度": 37.960995, "経度": 140.880173, "url": "https://www.iryou.teikyouseido.mhlw.go.jp/znk-web/juminkanja/S2430/initialize?prefCd=04&kikanCd=2705272&kikanKbn=2", "url2": "http://asouhara-cl.jp", "内容": "浅生原クリニック【2:診療所】【診療科目:0】宮城県亘理郡山元町浅生原字日向２０－２" }, "geometry": { "type": "Point", "coordinates": [ 140.880173, 37.960995 ] } },
{ "type": "Feature", "properties": { "ID": 42705273, "正式名称": "須江きむら医院", "機関区分": 2, "都道府県コード": 4, "市区町村コード": 202, "所在地": "宮城県石巻市須江字皮剥１０５－２", "緯度": 38.456955, "経度": 141.252808, "url": "https://www.iryou.teikyouseido.mhlw.go.jp/znk-web/juminkanja/S2430/initialize?prefCd=04&kikanCd=2705273&kikanKbn=2", "url2": "https://www.sue-kimura-iin.jp", "内容": "須江きむら医院【2:診療所】【診療科目:0】宮城県石巻市須江字皮剥１０５－２" }, "geometry": { "type": "Point", "coordinates": [ 141.252808, 38.456955 ] } },
{ "type": "Feature", "properties": { "ID": 42705274, "正式名称": "荒井西ゆずの木整形外科クリニック", "機関区分": 2, "都道府県コード": 4, "市区町村コード": 103, "所在地": "宮城県仙台市若林区なないろの里２－１－１", "緯度": 38.243129, "経度": 140.930671, "url": "https://www.iryou.teikyouseido.mhlw.go.jp/znk-web/juminkanja/S2430/initialize?prefCd=04&kikanCd=2705274&kikanKbn=2", "url2": "https://yuzunoki-seikei.com", "内容": "荒井西ゆずの木整形外科クリニック【2:診療所】【診療科目:0】宮城県仙台市若林区なないろの里２－１－１" }, "geometry": { "type": "Point", "coordinates": [ 140.930671, 38.243129 ] } },
{ "type": "Feature", "properties": { "ID": 42705275, "正式名称": "医療法人松田会　仙台泉中央整形外科クリニック", "機関区分": 2, "都道府県コード": 4, "市区町村コード": 105, "所在地": "宮城県仙台市泉区泉中央１丁目３９－１", "緯度": 38.324314, "経度": 140.874756, "url": "https://www.iryou.teikyouseido.mhlw.go.jp/znk-web/juminkanja/S2430/initialize?prefCd=04&kikanCd=2705275&kikanKbn=2", "url2": "http://matsuda-hp.com/matsuda/sendai-i-seikei/index.html", "内容": "医療法人松田会　仙台泉中央整形外科クリニック【2:診療所】【診療科目:0】宮城県仙台市泉区泉中央１丁目３９－１" }, "geometry": { "type": "Point", "coordinates": [ 140.874756, 38.324314 ] } },
{ "type": "Feature", "properties": { "ID": 42705276, "正式名称": "おろしまちクリニック　内科・内視鏡内科", "機関区分": 2, "都道府県コード": 4, "市区町村コード": 103, "所在地": "宮城県仙台市若林区卸町三丁目１番２号", "緯度": 38.257591, "経度": 140.921051, "url": "https://www.iryou.teikyouseido.mhlw.go.jp/znk-web/juminkanja/S2430/initialize?prefCd=04&kikanCd=2705276&kikanKbn=2", "url2": "http://www.oroshimachi-clinic.com/", "内容": "おろしまちクリニック　内科・内視鏡内科【2:診療所】【診療科目:0】宮城県仙台市若林区卸町三丁目１番２号" }, "geometry": { "type": "Point", "coordinates": [ 140.921051, 38.257591 ] } },
{ "type": "Feature", "properties": { "ID": 42705278, "正式名称": "黒松内科すぎもとクリニック", "機関区分": 2, "都道府県コード": 4, "市区町村コード": 105, "所在地": "宮城県仙台市泉区黒松１丁目３１－９　杉本ビル", "緯度": 38.30479, "経度": 140.885162, "url": "https://www.iryou.teikyouseido.mhlw.go.jp/znk-web/juminkanja/S2430/initialize?prefCd=04&kikanCd=2705278&kikanKbn=2", "url2": "http://www.kuromatsu-naika.com/", "内容": "黒松内科すぎもとクリニック【2:診療所】【診療科目:0】宮城県仙台市泉区黒松１丁目３１－９　杉本ビル" }, "geometry": { "type": "Point", "coordinates": [ 140.885162, 38.30479 ] } },
{ "type": "Feature", "properties": { "ID": 42705280, "正式名称": "医療法人川又整形外科　川又整形外科クリニック", "機関区分": 2, "都道府県コード": 4, "市区町村コード": 101, "所在地": "宮城県仙台市青葉区一番町３－６－１　一番町平和ビル５階", "緯度": 38.261147, "経度": 140.874008, "url": "https://www.iryou.teikyouseido.mhlw.go.jp/znk-web/juminkanja/S2430/initialize?prefCd=04&kikanCd=2705280&kikanKbn=2", "url2": "https://kawamata-seikei.com", "内容": "医療法人川又整形外科　川又整形外科クリニック【2:診療所】【診療科目:0】宮城県仙台市青葉区一番町３－６－１　一番町平和ビル５階" }, "geometry": { "type": "Point", "coordinates": [ 140.874008, 38.261147 ] } },
{ "type": "Feature", "properties": { "ID": 42705282, "正式名称": "東北文化学園大学総合発達研究センター附属国見の杜クリニック", "機関区分": 2, "都道府県コード": 4, "市区町村コード": 101, "所在地": "宮城県仙台市青葉区国見６丁目４５番１６号", "緯度": 38.27787, "経度": 140.834335, "url": "https://www.iryou.teikyouseido.mhlw.go.jp/znk-web/juminkanja/S2430/initialize?prefCd=04&kikanCd=2705282&kikanKbn=2", "url2": "https://www.tbgu.ac.jp/clinic", "内容": "東北文化学園大学総合発達研究センター附属国見の杜クリニック【2:診療所】【診療科目:0】宮城県仙台市青葉区国見６丁目４５番１６号" }, "geometry": { "type": "Point", "coordinates": [ 140.834335, 38.27787 ] } },
{ "type": "Feature", "properties": { "ID": 42705283, "正式名称": "仁木耳鼻咽喉科", "機関区分": 2, "都道府県コード": 4, "市区町村コード": 104, "所在地": "宮城県仙台市太白区西中田５丁目１７－４７", "緯度": 38.194286, "経度": 140.875122, "url": "https://www.iryou.teikyouseido.mhlw.go.jp/znk-web/juminkanja/S2430/initialize?prefCd=04&kikanCd=2705283&kikanKbn=2", "url2": null, "内容": "仁木耳鼻咽喉科【2:診療所】【診療科目:0】宮城県仙台市太白区西中田５丁目１７－４７" }, "geometry": { "type": "Point", "coordinates": [ 140.875122, 38.194286 ] } },
{ "type": "Feature", "properties": { "ID": 42705286, "正式名称": "やすこ女性クリニック", "機関区分": 2, "都道府県コード": 4, "市区町村コード": 216, "所在地": "宮城県富谷市明石台６－１－２０", "緯度": 38.349132, "経度": 140.893527, "url": "https://www.iryou.teikyouseido.mhlw.go.jp/znk-web/juminkanja/S2430/initialize?prefCd=04&kikanCd=2705286&kikanKbn=2", "url2": "http://www.yasuko-cli.jp", "内容": "やすこ女性クリニック【2:診療所】【診療科目:0】宮城県富谷市明石台６－１－２０" }, "geometry": { "type": "Point", "coordinates": [ 140.893527, 38.349132 ] } },
{ "type": "Feature", "properties": { "ID": 42705287, "正式名称": "医療法人なるみ赤ちゃんこどもクリニック", "機関区分": 2, "都道府県コード": 4, "市区町村コード": 104, "所在地": "宮城県仙台市太白区富沢西４ー１１−１０", "緯度": 38.210419, "経度": 140.86148, "url": "https://www.iryou.teikyouseido.mhlw.go.jp/znk-web/juminkanja/S2430/initialize?prefCd=04&kikanCd=2705287&kikanKbn=2", "url2": "https://narumi-ped.com", "内容": "医療法人なるみ赤ちゃんこどもクリニック【2:診療所】【診療科目:0】宮城県仙台市太白区富沢西４ー１１−１０" }, "geometry": { "type": "Point", "coordinates": [ 140.86148, 38.210419 ] } },
{ "type": "Feature", "properties": { "ID": 42705291, "正式名称": "川平耳鼻咽喉科クリニック", "機関区分": 2, "都道府県コード": 4, "市区町村コード": 101, "所在地": "宮城県仙台市青葉区川平３丁目４１－１６", "緯度": 38.306908, "経度": 140.835159, "url": "https://www.iryou.teikyouseido.mhlw.go.jp/znk-web/juminkanja/S2430/initialize?prefCd=04&kikanCd=2705291&kikanKbn=2", "url2": null, "内容": "川平耳鼻咽喉科クリニック【2:診療所】【診療科目:0】宮城県仙台市青葉区川平３丁目４１－１６" }, "geometry": { "type": "Point", "coordinates": [ 140.835159, 38.306908 ] } },
{ "type": "Feature", "properties": { "ID": 42705292, "正式名称": "おおなみ皮フ科", "機関区分": 2, "都道府県コード": 4, "市区町村コード": 101, "所在地": "宮城県仙台市青葉区上愛子字榎４－１１", "緯度": 38.269382, "経度": 140.761642, "url": "https://www.iryou.teikyouseido.mhlw.go.jp/znk-web/juminkanja/S2430/initialize?prefCd=04&kikanCd=2705292&kikanKbn=2", "url2": "https://daisukenana.Wixsite.com/mysite", "内容": "おおなみ皮フ科【2:診療所】【診療科目:0】宮城県仙台市青葉区上愛子字榎４－１１" }, "geometry": { "type": "Point", "coordinates": [ 140.761642, 38.269382 ] } },
{ "type": "Feature", "properties": { "ID": 42705293, "正式名称": "仙台高砂駅前メンタルクリニック", "機関区分": 2, "都道府県コード": 4, "市区町村コード": 102, "所在地": "宮城県仙台市宮城野区高砂１丁目１５４－１１", "緯度": 38.272663, "経度": 140.968643, "url": "https://www.iryou.teikyouseido.mhlw.go.jp/znk-web/juminkanja/S2430/initialize?prefCd=04&kikanCd=2705293&kikanKbn=2", "url2": "https://www.takasago-cl.jp", "内容": "仙台高砂駅前メンタルクリニック【2:診療所】【診療科目:0】宮城県仙台市宮城野区高砂１丁目１５４－１１" }, "geometry": { "type": "Point", "coordinates": [ 140.968643, 38.272663 ] } },
{ "type": "Feature", "properties": { "ID": 42705294, "正式名称": "なないろの里クリニック", "機関区分": 2, "都道府県コード": 4, "市区町村コード": 103, "所在地": "宮城県仙台市若林区なないろの里１階　メデルなないろの里１階", "緯度": 38.2408764, "経度": 140.9276444, "url": "https://www.iryou.teikyouseido.mhlw.go.jp/znk-web/juminkanja/S2430/initialize?prefCd=04&kikanCd=2705294&kikanKbn=2", "url2": "https://www.nanairo-cl.com/page1", "内容": "なないろの里クリニック【2:診療所】【診療科目:0】宮城県仙台市若林区なないろの里１階　メデルなないろの里１階" }, "geometry": { "type": "Point", "coordinates": [ 140.9276444, 38.2408764 ] } },
{ "type": "Feature", "properties": { "ID": 42705295, "正式名称": "荒井駅前のぐち内科クリニック", "機関区分": 2, "都道府県コード": 4, "市区町村コード": 103, "所在地": "宮城県仙台市若林区荒井東１－３－１", "緯度": 38.244667, "経度": 140.94908, "url": "https://www.iryou.teikyouseido.mhlw.go.jp/znk-web/juminkanja/S2430/initialize?prefCd=04&kikanCd=2705295&kikanKbn=2", "url2": "http://www.arainoguchicl.com", "内容": "荒井駅前のぐち内科クリニック【2:診療所】【診療科目:0】宮城県仙台市若林区荒井東１－３－１" }, "geometry": { "type": "Point", "coordinates": [ 140.94908, 38.244667 ] } },
{ "type": "Feature", "properties": { "ID": 42705296, "正式名称": "よしづみ内科・糖尿病クリニック", "機関区分": 2, "都道府県コード": 4, "市区町村コード": 209, "所在地": "宮城県多賀城市東田中字志引８５－１", "緯度": 38.292419, "経度": 140.992538, "url": "https://www.iryou.teikyouseido.mhlw.go.jp/znk-web/juminkanja/S2430/initialize?prefCd=04&kikanCd=2705296&kikanKbn=2", "url2": "http://www.yoshizumiclinic.jp", "内容": "よしづみ内科・糖尿病クリニック【2:診療所】【診療科目:0】宮城県多賀城市東田中字志引８５－１" }, "geometry": { "type": "Point", "coordinates": [ 140.992538, 38.292419 ] } },
{ "type": "Feature", "properties": { "ID": 42705299, "正式名称": "仙台市北部発達相談支援・障害者総合支援センター", "機関区分": 2, "都道府県コード": 4, "市区町村コード": 105, "所在地": "宮城県仙台市泉区泉中央２丁目２４－１", "緯度": 38.327545, "経度": 140.878738, "url": "https://www.iryou.teikyouseido.mhlw.go.jp/znk-web/juminkanja/S2430/initialize?prefCd=04&kikanCd=2705299&kikanKbn=2", "url2": "https://www.city.sendai.jp/kikakusomu/kurashi/kenkotofukushi/shogai/shien/shiencenter/sodanshien/", "内容": "仙台市北部発達相談支援・障害者総合支援センター【2:診療所】【診療科目:0】宮城県仙台市泉区泉中央２丁目２４－１" }, "geometry": { "type": "Point", "coordinates": [ 140.878738, 38.327545 ] } },
{ "type": "Feature", "properties": { "ID": 42705300, "正式名称": "関節外科スポーツクリニック石巻", "機関区分": 2, "都道府県コード": 4, "市区町村コード": 202, "所在地": "宮城県石巻市あゆみ野５丁目２－１", "緯度": 38.443661, "経度": 141.259644, "url": "https://www.iryou.teikyouseido.mhlw.go.jp/znk-web/juminkanja/S2430/initialize?prefCd=04&kikanCd=2705300&kikanKbn=2", "url2": "http://jss-clinic.com", "内容": "関節外科スポーツクリニック石巻【2:診療所】【診療科目:0】宮城県石巻市あゆみ野５丁目２－１" }, "geometry": { "type": "Point", "coordinates": [ 141.259644, 38.443661 ] } },
{ "type": "Feature", "properties": { "ID": 42800025, "正式名称": "医療法人社団明石台整形外科", "機関区分": 2, "都道府県コード": 4, "市区町村コード": 216, "所在地": "宮城県富谷市明石台２丁目２２－５", "緯度": 38.346909, "経度": 140.892761, "url": "https://www.iryou.teikyouseido.mhlw.go.jp/znk-web/juminkanja/S2430/initialize?prefCd=04&kikanCd=2800025&kikanKbn=2", "url2": null, "内容": "医療法人社団明石台整形外科【2:診療所】【診療科目:0】宮城県富谷市明石台２丁目２２－５" }, "geometry": { "type": "Point", "coordinates": [ 140.892761, 38.346909 ] } },
{ "type": "Feature", "properties": { "ID": 42800045, "正式名称": "朴澤耳鼻いんこう科", "機関区分": 2, "都道府県コード": 4, "市区町村コード": 101, "所在地": "宮城県仙台市青葉区国分町２−１４−１８　定禅寺パークビル３０４", "緯度": 38.265156, "経度": 140.867828, "url": "https://www.iryou.teikyouseido.mhlw.go.jp/znk-web/juminkanja/S2430/initialize?prefCd=04&kikanCd=2800045&kikanKbn=2", "url2": "https://hozawa.jp", "内容": "朴澤耳鼻いんこう科【2:診療所】【診療科目:0】宮城県仙台市青葉区国分町２−１４−１８　定禅寺パークビル３０４" }, "geometry": { "type": "Point", "coordinates": [ 140.867828, 38.265156 ] } },
{ "type": "Feature", "properties": { "ID": 42800053, "正式名称": "医療法人社団公成会　わく沢眼科医院", "機関区分": 2, "都道府県コード": 4, "市区町村コード": 207, "所在地": "宮城県名取市増田２丁目６－１２", "緯度": 38.17144, "経度": 140.883957, "url": "https://www.iryou.teikyouseido.mhlw.go.jp/znk-web/juminkanja/S2430/initialize?prefCd=04&kikanCd=2800053&kikanKbn=2", "url2": "http://www.infinity-dimensions.com/natoriidankai/wakusawa.html", "内容": "医療法人社団公成会　わく沢眼科医院【2:診療所】【診療科目:0】宮城県名取市増田２丁目６－１２" }, "geometry": { "type": "Point", "coordinates": [ 140.883957, 38.17144 ] } },
{ "type": "Feature", "properties": { "ID": 42800059, "正式名称": "医療法人社団　光喜会　松永眼科", "機関区分": 2, "都道府県コード": 4, "市区町村コード": 207, "所在地": "宮城県名取市小山２丁目３－２６", "緯度": 38.164955, "経度": 140.879654, "url": "https://www.iryou.teikyouseido.mhlw.go.jp/znk-web/juminkanja/S2430/initialize?prefCd=04&kikanCd=2800059&kikanKbn=2", "url2": null, "内容": "医療法人社団　光喜会　松永眼科【2:診療所】【診療科目:0】宮城県名取市小山２丁目３－２６" }, "geometry": { "type": "Point", "coordinates": [ 140.879654, 38.164955 ] } },
{ "type": "Feature", "properties": { "ID": 42800102, "正式名称": "医療法人プラスティ", "機関区分": 2, "都道府県コード": 4, "市区町村コード": 101, "所在地": "宮城県仙台市青葉区中央３丁目１－３　ａｕｎｅ仙台２Ｆ", "緯度": 38.260433, "経度": 140.879242, "url": "https://www.iryou.teikyouseido.mhlw.go.jp/znk-web/juminkanja/S2430/initialize?prefCd=04&kikanCd=2800102&kikanKbn=2", "url2": "https://face-cs.jp", "内容": "医療法人プラスティ【2:診療所】【診療科目:0】宮城県仙台市青葉区中央３丁目１－３　ａｕｎｅ仙台２Ｆ" }, "geometry": { "type": "Point", "coordinates": [ 140.879242, 38.260433 ] } },
{ "type": "Feature", "properties": { "ID": 42800104, "正式名称": "仙台市北部急患診療所", "機関区分": 2, "都道府県コード": 4, "市区町村コード": 101, "所在地": "宮城県仙台市青葉区堤町１丁目１－２　エムズ北仙台２階", "緯度": 38.282585, "経度": 140.869308, "url": "https://www.iryou.teikyouseido.mhlw.go.jp/znk-web/juminkanja/S2430/initialize?prefCd=04&kikanCd=2800104&kikanKbn=2", "url2": "http://www.sendai-emsf.jp/", "内容": "仙台市北部急患診療所【2:診療所】【診療科目:0】宮城県仙台市青葉区堤町１丁目１－２　エムズ北仙台２階" }, "geometry": { "type": "Point", "coordinates": [ 140.869308, 38.282585 ] } },
{ "type": "Feature", "properties": { "ID": 42800105, "正式名称": "仙台なみだの眼科クリニック", "機関区分": 2, "都道府県コード": 4, "市区町村コード": 101, "所在地": "宮城県仙台市青葉区堤町１丁目１－２", "緯度": 38.282585, "経度": 140.869308, "url": "https://www.iryou.teikyouseido.mhlw.go.jp/znk-web/juminkanja/S2430/initialize?prefCd=04&kikanCd=2800105&kikanKbn=2", "url2": null, "内容": "仙台なみだの眼科クリニック【2:診療所】【診療科目:0】宮城県仙台市青葉区堤町１丁目１－２" }, "geometry": { "type": "Point", "coordinates": [ 140.869308, 38.282585 ] } },
{ "type": "Feature", "properties": { "ID": 42800106, "正式名称": "かとう内科医院", "機関区分": 2, "都道府県コード": 4, "市区町村コード": 101, "所在地": "宮城県仙台市青葉区一番町１丁目５－３５", "緯度": 38.257156, "経度": 140.872665, "url": "https://www.iryou.teikyouseido.mhlw.go.jp/znk-web/juminkanja/S2430/initialize?prefCd=04&kikanCd=2800106&kikanKbn=2", "url2": "http://www.katou-naika.jp", "内容": "かとう内科医院【2:診療所】【診療科目:0】宮城県仙台市青葉区一番町１丁目５－３５" }, "geometry": { "type": "Point", "coordinates": [ 140.872665, 38.257156 ] } },
{ "type": "Feature", "properties": { "ID": 42800107, "正式名称": "しかない整形外科クリニック", "機関区分": 2, "都道府県コード": 4, "市区町村コード": 101, "所在地": "宮城県仙台市青葉区中山９丁目１－３", "緯度": 38.299007, "経度": 140.831985, "url": "https://www.iryou.teikyouseido.mhlw.go.jp/znk-web/juminkanja/S2430/initialize?prefCd=04&kikanCd=2800107&kikanKbn=2", "url2": "http://www.shikanai.com", "内容": "しかない整形外科クリニック【2:診療所】【診療科目:0】宮城県仙台市青葉区中山９丁目１－３" }, "geometry": { "type": "Point", "coordinates": [ 140.831985, 38.299007 ] } },
{ "type": "Feature", "properties": { "ID": 42800108, "正式名称": "佐藤茂内科医院", "機関区分": 2, "都道府県コード": 4, "市区町村コード": 101, "所在地": "宮城県仙台市青葉区中山８丁目２３－２", "緯度": 38.298664, "経度": 140.831985, "url": "https://www.iryou.teikyouseido.mhlw.go.jp/znk-web/juminkanja/S2430/initialize?prefCd=04&kikanCd=2800108&kikanKbn=2", "url2": null, "内容": "佐藤茂内科医院【2:診療所】【診療科目:0】宮城県仙台市青葉区中山８丁目２３－２" }, "geometry": { "type": "Point", "coordinates": [ 140.831985, 38.298664 ] } },
{ "type": "Feature", "properties": { "ID": 42800120, "正式名称": "ひがしかつやまクリニック", "機関区分": 2, "都道府県コード": 4, "市区町村コード": 101, "所在地": "宮城県仙台市青葉区東勝山２丁目１４－１３", "緯度": 38.29636, "経度": 140.865936, "url": "https://www.iryou.teikyouseido.mhlw.go.jp/znk-web/juminkanja/S2430/initialize?prefCd=04&kikanCd=2800120&kikanKbn=2", "url2": null, "内容": "ひがしかつやまクリニック【2:診療所】【診療科目:0】宮城県仙台市青葉区東勝山２丁目１４－１３" }, "geometry": { "type": "Point", "coordinates": [ 140.865936, 38.29636 ] } },
{ "type": "Feature", "properties": { "ID": 42800121, "正式名称": "医療法人　千田クリニック　千田内科", "機関区分": 2, "都道府県コード": 4, "市区町村コード": 101, "所在地": "宮城県仙台市青葉区荒巻神明町１９－９", "緯度": 38.2882, "経度": 140.858841, "url": "https://www.iryou.teikyouseido.mhlw.go.jp/znk-web/juminkanja/S2430/initialize?prefCd=04&kikanCd=2800121&kikanKbn=2", "url2": null, "内容": "医療法人　千田クリニック　千田内科【2:診療所】【診療科目:0】宮城県仙台市青葉区荒巻神明町１９－９" }, "geometry": { "type": "Point", "coordinates": [ 140.858841, 38.2882 ] } },
{ "type": "Feature", "properties": { "ID": 42800122, "正式名称": "医療法人社団健秀会　東勝山なかざわ内科・アレルギー科", "機関区分": 2, "都道府県コード": 4, "市区町村コード": 101, "所在地": "宮城県仙台市青葉区東勝山３丁目１４－１１", "緯度": 38.298912, "経度": 140.865997, "url": "https://www.iryou.teikyouseido.mhlw.go.jp/znk-web/juminkanja/S2430/initialize?prefCd=04&kikanCd=2800122&kikanKbn=2", "url2": "http://nakazawanaika.jp/", "内容": "医療法人社団健秀会　東勝山なかざわ内科・アレルギー科【2:診療所】【診療科目:0】宮城県仙台市青葉区東勝山３丁目１４－１１" }, "geometry": { "type": "Point", "coordinates": [ 140.865997, 38.298912 ] } },
{ "type": "Feature", "properties": { "ID": 42800123, "正式名称": "皮膚科　斎藤クリニック", "機関区分": 2, "都道府県コード": 4, "市区町村コード": 101, "所在地": "宮城県仙台市青葉区昭和町４－９　３０１", "緯度": 38.27985, "経度": 140.868866, "url": "https://www.iryou.teikyouseido.mhlw.go.jp/znk-web/juminkanja/S2430/initialize?prefCd=04&kikanCd=2800123&kikanKbn=2", "url2": null, "内容": "皮膚科　斎藤クリニック【2:診療所】【診療科目:0】宮城県仙台市青葉区昭和町４－９　３０１" }, "geometry": { "type": "Point", "coordinates": [ 140.868866, 38.27985 ] } },
{ "type": "Feature", "properties": { "ID": 42800124, "正式名称": "中山耳鼻咽喉科医院", "機関区分": 2, "都道府県コード": 4, "市区町村コード": 101, "所在地": "宮城県仙台市青葉区北山１丁目１０－２０", "緯度": 38.280992, "経度": 140.862021, "url": "https://www.iryou.teikyouseido.mhlw.go.jp/znk-web/juminkanja/S2430/initialize?prefCd=04&kikanCd=2800124&kikanKbn=2", "url2": null, "内容": "中山耳鼻咽喉科医院【2:診療所】【診療科目:0】宮城県仙台市青葉区北山１丁目１０－２０" }, "geometry": { "type": "Point", "coordinates": [ 140.862021, 38.280992 ] } },
{ "type": "Feature", "properties": { "ID": 42800125, "正式名称": "南條クリニック", "機関区分": 2, "都道府県コード": 4, "市区町村コード": 101, "所在地": "宮城県仙台市青葉区台原５－５－５", "緯度": 38.281868, "経度": 140.879913, "url": "https://www.iryou.teikyouseido.mhlw.go.jp/znk-web/juminkanja/S2430/initialize?prefCd=04&kikanCd=2800125&kikanKbn=2", "url2": null, "内容": "南條クリニック【2:診療所】【診療科目:0】宮城県仙台市青葉区台原５－５－５" }, "geometry": { "type": "Point", "coordinates": [ 140.879913, 38.281868 ] } },
{ "type": "Feature", "properties": { "ID": 42800127, "正式名称": "医療法人社団公愛会羽二生クリニック", "機関区分": 2, "都道府県コード": 4, "市区町村コード": 101, "所在地": "宮城県仙台市青葉区柏木２ー２ー１４", "緯度": 38.272354, "経度": 140.856506, "url": "https://www.iryou.teikyouseido.mhlw.go.jp/znk-web/juminkanja/S2430/initialize?prefCd=04&kikanCd=2800127&kikanKbn=2", "url2": "http://hanew-cl.com/", "内容": "医療法人社団公愛会羽二生クリニック【2:診療所】【診療科目:0】宮城県仙台市青葉区柏木２ー２ー１４" }, "geometry": { "type": "Point", "coordinates": [ 140.856506, 38.272354 ] } },
{ "type": "Feature", "properties": { "ID": 42800128, "正式名称": "まゆ乳腺クリニック", "機関区分": 2, "都道府県コード": 4, "市区町村コード": 101, "所在地": "宮城県仙台市青葉区宮町４丁目５－３４　Ｎｏｉｅ　Ｓｅｎｄａｉ　宮町２Ｆ", "緯度": 38.2747, "経度": 140.884216, "url": "https://www.iryou.teikyouseido.mhlw.go.jp/znk-web/juminkanja/S2430/initialize?prefCd=04&kikanCd=2800128&kikanKbn=2", "url2": "https://mayu-clinic.jp/", "内容": "まゆ乳腺クリニック【2:診療所】【診療科目:0】宮城県仙台市青葉区宮町４丁目５－３４　Ｎｏｉｅ　Ｓｅｎｄａｉ　宮町２Ｆ" }, "geometry": { "type": "Point", "coordinates": [ 140.884216, 38.2747 ] } },
{ "type": "Feature", "properties": { "ID": 42800130, "正式名称": "医療法人社団敬愛会佐々木内科医院", "機関区分": 2, "都道府県コード": 4, "市区町村コード": 101, "所在地": "宮城県仙台市青葉区子平町１５−３６", "緯度": 38.277837, "経度": 140.848592, "url": "https://www.iryou.teikyouseido.mhlw.go.jp/znk-web/juminkanja/S2430/initialize?prefCd=04&kikanCd=2800130&kikanKbn=2", "url2": null, "内容": "医療法人社団敬愛会佐々木内科医院【2:診療所】【診療科目:0】宮城県仙台市青葉区子平町１５−３６" }, "geometry": { "type": "Point", "coordinates": [ 140.848592, 38.277837 ] } },
{ "type": "Feature", "properties": { "ID": 42800132, "正式名称": "医療法人社団　千葉クリニック", "機関区分": 2, "都道府県コード": 4, "市区町村コード": 101, "所在地": "宮城県仙台市青葉区三条町１１－２６", "緯度": 38.281647, "経度": 140.852661, "url": "https://www.iryou.teikyouseido.mhlw.go.jp/znk-web/juminkanja/S2430/initialize?prefCd=04&kikanCd=2800132&kikanKbn=2", "url2": "http://www.chiba-clinic.or.jp/index.html", "内容": "医療法人社団　千葉クリニック【2:診療所】【診療科目:0】宮城県仙台市青葉区三条町１１－２６" }, "geometry": { "type": "Point", "coordinates": [ 140.852661, 38.281647 ] } },
{ "type": "Feature", "properties": { "ID": 42800134, "正式名称": "てらさわ小児科", "機関区分": 2, "都道府県コード": 4, "市区町村コード": 101, "所在地": "宮城県仙台市青葉区中山２丁目２６－２０", "緯度": 38.287613, "経度": 140.843491, "url": "https://www.iryou.teikyouseido.mhlw.go.jp/znk-web/juminkanja/S2430/initialize?prefCd=04&kikanCd=2800134&kikanKbn=2", "url2": "https://www.terasawa-shonika.jp", "内容": "てらさわ小児科【2:診療所】【診療科目:0】宮城県仙台市青葉区中山２丁目２６－２０" }, "geometry": { "type": "Point", "coordinates": [ 140.843491, 38.287613 ] } },
{ "type": "Feature", "properties": { "ID": 42800137, "正式名称": "台原まことクリニック", "機関区分": 2, "都道府県コード": 4, "市区町村コード": 101, "所在地": "宮城県仙台市青葉区台原５丁目１－５４", "緯度": 38.283962, "経度": 140.877762, "url": "https://www.iryou.teikyouseido.mhlw.go.jp/znk-web/juminkanja/S2430/initialize?prefCd=04&kikanCd=2800137&kikanKbn=2", "url2": null, "内容": "台原まことクリニック【2:診療所】【診療科目:0】宮城県仙台市青葉区台原５丁目１－５４" }, "geometry": { "type": "Point", "coordinates": [ 140.877762, 38.283962 ] } },
{ "type": "Feature", "properties": { "ID": 42800138, "正式名称": "医療法人　永昇　仙台のだ眼科クリニック", "機関区分": 2, "都道府県コード": 4, "市区町村コード": 101, "所在地": "宮城県仙台市青葉区柏木１丁目１－５５", "緯度": 38.275196, "経度": 140.86795, "url": "https://www.iryou.teikyouseido.mhlw.go.jp/znk-web/juminkanja/S2430/initialize?prefCd=04&kikanCd=2800138&kikanKbn=2", "url2": "http://www.noda-eye.or.jp/", "内容": "医療法人　永昇　仙台のだ眼科クリニック【2:診療所】【診療科目:0】宮城県仙台市青葉区柏木１丁目１－５５" }, "geometry": { "type": "Point", "coordinates": [ 140.86795, 38.275196 ] } },
{ "type": "Feature", "properties": { "ID": 42800139, "正式名称": "さがら内科クリニック", "機関区分": 2, "都道府県コード": 4, "市区町村コード": 101, "所在地": "宮城県仙台市青葉区小松島４丁目２７－３３", "緯度": 38.288143, "経度": 140.891479, "url": "https://www.iryou.teikyouseido.mhlw.go.jp/znk-web/juminkanja/S2430/initialize?prefCd=04&kikanCd=2800139&kikanKbn=2", "url2": "http://www.sagara-naika.jp", "内容": "さがら内科クリニック【2:診療所】【診療科目:0】宮城県仙台市青葉区小松島４丁目２７－３３" }, "geometry": { "type": "Point", "coordinates": [ 140.891479, 38.288143 ] } },
{ "type": "Feature", "properties": { "ID": 42800140, "正式名称": "医療法人さくら桜ヶ丘クリニック", "機関区分": 2, "都道府県コード": 4, "市区町村コード": 101, "所在地": "宮城県仙台市青葉区桜ヶ丘７丁目２２－８", "緯度": 38.305397, "経度": 140.845932, "url": "https://www.iryou.teikyouseido.mhlw.go.jp/znk-web/juminkanja/S2430/initialize?prefCd=04&kikanCd=2800140&kikanKbn=2", "url2": "http://www.sakuragaokaclinic.com/", "内容": "医療法人さくら桜ヶ丘クリニック【2:診療所】【診療科目:0】宮城県仙台市青葉区桜ヶ丘７丁目２２－８" }, "geometry": { "type": "Point", "coordinates": [ 140.845932, 38.305397 ] } },
{ "type": "Feature", "properties": { "ID": 42800141, "正式名称": "脳と心の石原クリニック", "機関区分": 2, "都道府県コード": 4, "市区町村コード": 101, "所在地": "宮城県仙台市青葉区葉山町８－１", "緯度": 38.285576, "経度": 140.862976, "url": "https://www.iryou.teikyouseido.mhlw.go.jp/znk-web/juminkanja/S2430/initialize?prefCd=04&kikanCd=2800141&kikanKbn=2", "url2": "https://docs.google.com/forms/d/e/1FAIpQLSdmz9QwO_31q-cjtAJj_XPYg8YM929Tw8uFXZ7jiwegNCY-TA/viewform", "内容": "脳と心の石原クリニック【2:診療所】【診療科目:0】宮城県仙台市青葉区葉山町８－１" }, "geometry": { "type": "Point", "coordinates": [ 140.862976, 38.285576 ] } },
{ "type": "Feature", "properties": { "ID": 42800143, "正式名称": "さいとう伸整形外科クリニック", "機関区分": 2, "都道府県コード": 4, "市区町村コード": 101, "所在地": "宮城県仙台市青葉区荒巻本沢３丁目１－１５", "緯度": 38.289104, "経度": 140.856842, "url": "https://www.iryou.teikyouseido.mhlw.go.jp/znk-web/juminkanja/S2430/initialize?prefCd=04&kikanCd=2800143&kikanKbn=2", "url2": null, "内容": "さいとう伸整形外科クリニック【2:診療所】【診療科目:0】宮城県仙台市青葉区荒巻本沢３丁目１－１５" }, "geometry": { "type": "Point", "coordinates": [ 140.856842, 38.289104 ] } },
{ "type": "Feature", "properties": { "ID": 42800146, "正式名称": "医療法人社団　小林眼科医院", "機関区分": 2, "都道府県コード": 4, "市区町村コード": 101, "所在地": "宮城県仙台市青葉区昭和町１－２８", "緯度": 38.279533, "経度": 140.870102, "url": "https://www.iryou.teikyouseido.mhlw.go.jp/znk-web/juminkanja/S2430/initialize?prefCd=04&kikanCd=2800146&kikanKbn=2", "url2": null, "内容": "医療法人社団　小林眼科医院【2:診療所】【診療科目:0】宮城県仙台市青葉区昭和町１－２８" }, "geometry": { "type": "Point", "coordinates": [ 140.870102, 38.279533 ] } },
{ "type": "Feature", "properties": { "ID": 42800147, "正式名称": "医療法人社団台原整形外科", "機関区分": 2, "都道府県コード": 4, "市区町村コード": 101, "所在地": "宮城県仙台市青葉区台原５丁目１－１９", "緯度": 38.282951, "経度": 140.877167, "url": "https://www.iryou.teikyouseido.mhlw.go.jp/znk-web/juminkanja/S2430/initialize?prefCd=04&kikanCd=2800147&kikanKbn=2", "url2": "http://dainohara.byoinnavi.jp/pc/", "内容": "医療法人社団台原整形外科【2:診療所】【診療科目:0】宮城県仙台市青葉区台原５丁目１－１９" }, "geometry": { "type": "Point", "coordinates": [ 140.877167, 38.282951 ] } },
{ "type": "Feature", "properties": { "ID": 42800148, "正式名称": "医療法人台原内科クリニック", "機関区分": 2, "都道府県コード": 4, "市区町村コード": 101, "所在地": "宮城県仙台市青葉区台原１丁目７－２８", "緯度": 38.28167, "経度": 140.872696, "url": "https://www.iryou.teikyouseido.mhlw.go.jp/znk-web/juminkanja/S2430/initialize?prefCd=04&kikanCd=2800148&kikanKbn=2", "url2": null, "内容": "医療法人台原内科クリニック【2:診療所】【診療科目:0】宮城県仙台市青葉区台原１丁目７－２８" }, "geometry": { "type": "Point", "coordinates": [ 140.872696, 38.28167 ] } },
{ "type": "Feature", "properties": { "ID": 42800150, "正式名称": "青葉通り一番町形成外科皮ふ科", "機関区分": 2, "都道府県コード": 4, "市区町村コード": 101, "所在地": "宮城県仙台市青葉区一番町２丁目４番１９号　シリウス一番町３階", "緯度": 38.259403, "経度": 140.87265, "url": "https://www.iryou.teikyouseido.mhlw.go.jp/znk-web/juminkanja/S2430/initialize?prefCd=04&kikanCd=2800150&kikanKbn=2", "url2": "https://shido-derma.jp/", "内容": "青葉通り一番町形成外科皮ふ科【2:診療所】【診療科目:0】宮城県仙台市青葉区一番町２丁目４番１９号　シリウス一番町３階" }, "geometry": { "type": "Point", "coordinates": [ 140.87265, 38.259403 ] } },
{ "type": "Feature", "properties": { "ID": 42800154, "正式名称": "仙台内科総合クリニック", "機関区分": 2, "都道府県コード": 4, "市区町村コード": 101, "所在地": "宮城県仙台市青葉区上杉３丁目９－２５　ボナハウス上杉２Ｆ", "緯度": 38.272331, "経度": 140.874451, "url": "https://www.iryou.teikyouseido.mhlw.go.jp/znk-web/juminkanja/S2430/initialize?prefCd=04&kikanCd=2800154&kikanKbn=2", "url2": "https://www.sendainaika.jp", "内容": "仙台内科総合クリニック【2:診療所】【診療科目:0】宮城県仙台市青葉区上杉３丁目９－２５　ボナハウス上杉２Ｆ" }, "geometry": { "type": "Point", "coordinates": [ 140.874451, 38.272331 ] } },
{ "type": "Feature", "properties": { "ID": 42800155, "正式名称": "仙台乳腺クリニック", "機関区分": 2, "都道府県コード": 4, "市区町村コード": 101, "所在地": "宮城県仙台市青葉区立町１－２３", "緯度": 38.262726, "経度": 140.867203, "url": "https://www.iryou.teikyouseido.mhlw.go.jp/znk-web/juminkanja/S2430/initialize?prefCd=04&kikanCd=2800155&kikanKbn=2", "url2": "https://www.sendai-breastclinic.jp", "内容": "仙台乳腺クリニック【2:診療所】【診療科目:0】宮城県仙台市青葉区立町１－２３" }, "geometry": { "type": "Point", "coordinates": [ 140.867203, 38.262726 ] } },
{ "type": "Feature", "properties": { "ID": 42800159, "正式名称": "渡辺アイ整形外科胃腸内科", "機関区分": 2, "都道府県コード": 4, "市区町村コード": 104, "所在地": "宮城県仙台市太白区袋原４丁目３７番１０号", "緯度": 38.199146, "経度": 140.915817, "url": "https://www.iryou.teikyouseido.mhlw.go.jp/znk-web/juminkanja/S2430/initialize?prefCd=04&kikanCd=2800159&kikanKbn=2", "url2": "https://watanabei-clinic.com", "内容": "渡辺アイ整形外科胃腸内科【2:診療所】【診療科目:0】宮城県仙台市太白区袋原４丁目３７番１０号" }, "geometry": { "type": "Point", "coordinates": [ 140.915817, 38.199146 ] } },
{ "type": "Feature", "properties": { "ID": 42800160, "正式名称": "八幡皮膚科クリニック", "機関区分": 2, "都道府県コード": 4, "市区町村コード": 101, "所在地": "宮城県仙台市青葉区八幡１丁目３－１１", "緯度": 38.269695, "経度": 140.853119, "url": "https://www.iryou.teikyouseido.mhlw.go.jp/znk-web/juminkanja/S2430/initialize?prefCd=04&kikanCd=2800160&kikanKbn=2", "url2": null, "内容": "八幡皮膚科クリニック【2:診療所】【診療科目:0】宮城県仙台市青葉区八幡１丁目３－１１" }, "geometry": { "type": "Point", "coordinates": [ 140.853119, 38.269695 ] } },
{ "type": "Feature", "properties": { "ID": 42800161, "正式名称": "宮城県農協連診療所", "機関区分": 2, "都道府県コード": 4, "市区町村コード": 101, "所在地": "宮城県仙台市青葉区上杉１丁目２－１６", "緯度": 38.269505, "経度": 140.871841, "url": "https://www.iryou.teikyouseido.mhlw.go.jp/znk-web/juminkanja/S2430/initialize?prefCd=04&kikanCd=2800161&kikanKbn=2", "url2": null, "内容": "宮城県農協連診療所【2:診療所】【診療科目:0】宮城県仙台市青葉区上杉１丁目２－１６" }, "geometry": { "type": "Point", "coordinates": [ 140.871841, 38.269505 ] } },
{ "type": "Feature", "properties": { "ID": 42800163, "正式名称": "医療法人社団　青葉錦町クリニック", "機関区分": 2, "都道府県コード": 4, "市区町村コード": 101, "所在地": "宮城県仙台市青葉区錦町２−１−４８", "緯度": 38.268265, "経度": 140.880219, "url": "https://www.iryou.teikyouseido.mhlw.go.jp/znk-web/juminkanja/S2430/initialize?prefCd=04&kikanCd=2800163&kikanKbn=2", "url2": "http://st.cat-v.ne.jp/hatchome/index.html", "内容": "医療法人社団　青葉錦町クリニック【2:診療所】【診療科目:0】宮城県仙台市青葉区錦町２−１−４８" }, "geometry": { "type": "Point", "coordinates": [ 140.880219, 38.268265 ] } },
{ "type": "Feature", "properties": { "ID": 42800166, "正式名称": "宮城県子ども総合センター附属診療所", "機関区分": 2, "都道府県コード": 4, "市区町村コード": 207, "所在地": "宮城県名取市美田園二丁目１番地の４", "緯度": 38.16002, "経度": 140.918389, "url": "https://www.iryou.teikyouseido.mhlw.go.jp/znk-web/juminkanja/S2430/initialize?prefCd=04&kikanCd=2800166&kikanKbn=2", "url2": "https://www.pref.miyagi.jp/soshiki/kodomo_s/", "内容": "宮城県子ども総合センター附属診療所【2:診療所】【診療科目:0】宮城県名取市美田園二丁目１番地の４" }, "geometry": { "type": "Point", "coordinates": [ 140.918389, 38.16002 ] } },
{ "type": "Feature", "properties": { "ID": 42800170, "正式名称": "医療法人社団　長野内科胃腸科", "機関区分": 2, "都道府県コード": 4, "市区町村コード": 101, "所在地": "宮城県仙台市青葉区通町２丁目１７－１９", "緯度": 38.281372, "経度": 140.867355, "url": "https://www.iryou.teikyouseido.mhlw.go.jp/znk-web/juminkanja/S2430/initialize?prefCd=04&kikanCd=2800170&kikanKbn=2", "url2": "http://www.nagano-clinic.or.jp", "内容": "医療法人社団　長野内科胃腸科【2:診療所】【診療科目:0】宮城県仙台市青葉区通町２丁目１７－１９" }, "geometry": { "type": "Point", "coordinates": [ 140.867355, 38.281372 ] } },
{ "type": "Feature", "properties": { "ID": 42800177, "正式名称": "医療法人社団　　白根胃腸クリニック", "機関区分": 2, "都道府県コード": 4, "市区町村コード": 101, "所在地": "宮城県仙台市青葉区上杉２丁目１－３０", "緯度": 38.273838, "経度": 140.872253, "url": "https://www.iryou.teikyouseido.mhlw.go.jp/znk-web/juminkanja/S2430/initialize?prefCd=04&kikanCd=2800177&kikanKbn=2", "url2": "http://www.shirane-cl.jp", "内容": "医療法人社団　　白根胃腸クリニック【2:診療所】【診療科目:0】宮城県仙台市青葉区上杉２丁目１－３０" }, "geometry": { "type": "Point", "coordinates": [ 140.872253, 38.273838 ] } },
{ "type": "Feature", "properties": { "ID": 42800178, "正式名称": "医療法人社団一志会　脳神経内科クリニック仙台", "機関区分": 2, "都道府県コード": 4, "市区町村コード": 101, "所在地": "宮城県仙台市青葉区中央３－１－２２　エキニア青葉通り６階", "緯度": 38.260292, "経度": 140.878738, "url": "https://www.iryou.teikyouseido.mhlw.go.jp/znk-web/juminkanja/S2430/initialize?prefCd=04&kikanCd=2800178&kikanKbn=2", "url2": "http://www.shinkeinaika.jp", "内容": "医療法人社団一志会　脳神経内科クリニック仙台【2:診療所】【診療科目:0】宮城県仙台市青葉区中央３－１－２２　エキニア青葉通り６階" }, "geometry": { "type": "Point", "coordinates": [ 140.878738, 38.260292 ] } },
{ "type": "Feature", "properties": { "ID": 42800180, "正式名称": "医療法人　柴崎内科小児科医院", "機関区分": 2, "都道府県コード": 4, "市区町村コード": 101, "所在地": "宮城県仙台市青葉区八幡４丁目２－１１", "緯度": 38.270073, "経度": 140.847305, "url": "https://www.iryou.teikyouseido.mhlw.go.jp/znk-web/juminkanja/S2430/initialize?prefCd=04&kikanCd=2800180&kikanKbn=2", "url2": "https://shibasaki-iin.jp", "内容": "医療法人　柴崎内科小児科医院【2:診療所】【診療科目:0】宮城県仙台市青葉区八幡４丁目２－１１" }, "geometry": { "type": "Point", "coordinates": [ 140.847305, 38.270073 ] } },
{ "type": "Feature", "properties": { "ID": 42800181, "正式名称": "医療法人社団誠和会　渋川内科医院", "機関区分": 2, "都道府県コード": 4, "市区町村コード": 101, "所在地": "宮城県仙台市青葉区宮町５丁目１０番１５号", "緯度": 38.276302, "経度": 140.887222, "url": "https://www.iryou.teikyouseido.mhlw.go.jp/znk-web/juminkanja/S2430/initialize?prefCd=04&kikanCd=2800181&kikanKbn=2", "url2": "https://www.shibukawanaika.jp", "内容": "医療法人社団誠和会　渋川内科医院【2:診療所】【診療科目:0】宮城県仙台市青葉区宮町５丁目１０番１５号" }, "geometry": { "type": "Point", "coordinates": [ 140.887222, 38.276302 ] } },
{ "type": "Feature", "properties": { "ID": 42800183, "正式名称": "佐藤玄徳内科クリニック", "機関区分": 2, "都道府県コード": 4, "市区町村コード": 101, "所在地": "宮城県仙台市青葉区本町１－１３－３２　オーロラビル１Ｆ", "緯度": 38.267239, "経度": 140.878998, "url": "https://www.iryou.teikyouseido.mhlw.go.jp/znk-web/juminkanja/S2430/initialize?prefCd=04&kikanCd=2800183&kikanKbn=2", "url2": null, "内容": "佐藤玄徳内科クリニック【2:診療所】【診療科目:0】宮城県仙台市青葉区本町１－１３－３２　オーロラビル１Ｆ" }, "geometry": { "type": "Point", "coordinates": [ 140.878998, 38.267239 ] } },
{ "type": "Feature", "properties": { "ID": 42800184, "正式名称": "医療法人桑友会佐藤裕也眼科医院", "機関区分": 2, "都道府県コード": 4, "市区町村コード": 101, "所在地": "宮城県仙台市青葉区五橋１丁目６－２３", "緯度": 38.25351, "経度": 140.880295, "url": "https://www.iryou.teikyouseido.mhlw.go.jp/znk-web/juminkanja/S2430/initialize?prefCd=04&kikanCd=2800184&kikanKbn=2", "url2": "http://www.sendai-lasik.jp", "内容": "医療法人桑友会佐藤裕也眼科医院【2:診療所】【診療科目:0】宮城県仙台市青葉区五橋１丁目６－２３" }, "geometry": { "type": "Point", "coordinates": [ 140.880295, 38.25351 ] } },
{ "type": "Feature", "properties": { "ID": 42800189, "正式名称": "東北大学保健管理センター", "機関区分": 2, "都道府県コード": 4, "市区町村コード": 101, "所在地": "宮城県仙台市青葉区川内４１", "緯度": 38.260296, "経度": 140.852646, "url": "https://www.iryou.teikyouseido.mhlw.go.jp/znk-web/juminkanja/S2430/initialize?prefCd=04&kikanCd=2800189&kikanKbn=2", "url2": "https://www.health.ihe.tohoku.ac.jp/", "内容": "東北大学保健管理センター【2:診療所】【診療科目:0】宮城県仙台市青葉区川内４１" }, "geometry": { "type": "Point", "coordinates": [ 140.852646, 38.260296 ] } },
{ "type": "Feature", "properties": { "ID": 42800190, "正式名称": "千田眼科", "機関区分": 2, "都道府県コード": 4, "市区町村コード": 101, "所在地": "宮城県仙台市青葉区木町通１丁目６－３２　２０３", "緯度": 38.269409, "経度": 140.865021, "url": "https://www.iryou.teikyouseido.mhlw.go.jp/znk-web/juminkanja/S2430/initialize?prefCd=04&kikanCd=2800190&kikanKbn=2", "url2": null, "内容": "千田眼科【2:診療所】【診療科目:0】宮城県仙台市青葉区木町通１丁目６－３２　２０３" }, "geometry": { "type": "Point", "coordinates": [ 140.865021, 38.269409 ] } },
{ "type": "Feature", "properties": { "ID": 42800191, "正式名称": "医療法人　悠心会　宮町整形外科クリニック", "機関区分": 2, "都道府県コード": 4, "市区町村コード": 101, "所在地": "宮城県仙台市青葉区宮町４丁目６－１０", "緯度": 38.275974, "経度": 140.883789, "url": "https://www.iryou.teikyouseido.mhlw.go.jp/znk-web/juminkanja/S2430/initialize?prefCd=04&kikanCd=2800191&kikanKbn=2", "url2": "http://miyamachi-seikei.jp", "内容": "医療法人　悠心会　宮町整形外科クリニック【2:診療所】【診療科目:0】宮城県仙台市青葉区宮町４丁目６－１０" }, "geometry": { "type": "Point", "coordinates": [ 140.883789, 38.275974 ] } },
{ "type": "Feature", "properties": { "ID": 42800195, "正式名称": "谷田皮膚科医院", "機関区分": 2, "都道府県コード": 4, "市区町村コード": 101, "所在地": "宮城県仙台市青葉区国分町３丁目４－１２", "緯度": 38.266193, "経度": 140.866806, "url": "https://www.iryou.teikyouseido.mhlw.go.jp/znk-web/juminkanja/S2430/initialize?prefCd=04&kikanCd=2800195&kikanKbn=2", "url2": "http://tanita.dr-clinic.jp", "内容": "谷田皮膚科医院【2:診療所】【診療科目:0】宮城県仙台市青葉区国分町３丁目４－１２" }, "geometry": { "type": "Point", "coordinates": [ 140.866806, 38.266193 ] } },
{ "type": "Feature", "properties": { "ID": 42800196, "正式名称": "五橋メンタルクリニック", "機関区分": 2, "都道府県コード": 4, "市区町村コード": 101, "所在地": "宮城県仙台市青葉区五橋１丁目４－６－１０１", "緯度": 38.25375, "経度": 140.879898, "url": "https://www.iryou.teikyouseido.mhlw.go.jp/znk-web/juminkanja/S2430/initialize?prefCd=04&kikanCd=2800196&kikanKbn=2", "url2": null, "内容": "五橋メンタルクリニック【2:診療所】【診療科目:0】宮城県仙台市青葉区五橋１丁目４－６－１０１" }, "geometry": { "type": "Point", "coordinates": [ 140.879898, 38.25375 ] } },
{ "type": "Feature", "properties": { "ID": 42800199, "正式名称": "阿部眼科診療所", "機関区分": 2, "都道府県コード": 4, "市区町村コード": 101, "所在地": "宮城県仙台市青葉区一番町４丁目８－２９", "緯度": 38.26532, "経度": 140.871033, "url": "https://www.iryou.teikyouseido.mhlw.go.jp/znk-web/juminkanja/S2430/initialize?prefCd=04&kikanCd=2800199&kikanKbn=2", "url2": null, "内容": "阿部眼科診療所【2:診療所】【診療科目:0】宮城県仙台市青葉区一番町４丁目８－２９" }, "geometry": { "type": "Point", "coordinates": [ 140.871033, 38.26532 ] } },
{ "type": "Feature", "properties": { "ID": 42800200, "正式名称": "瀬野整形外科診療所", "機関区分": 2, "都道府県コード": 4, "市区町村コード": 101, "所在地": "宮城県仙台市青葉区中央２丁目２－５　あおば通駅前ビル５階", "緯度": 38.260883, "経度": 140.877182, "url": "https://www.iryou.teikyouseido.mhlw.go.jp/znk-web/juminkanja/S2430/initialize?prefCd=04&kikanCd=2800200&kikanKbn=2", "url2": "https://seno-ortho.jp/", "内容": "瀬野整形外科診療所【2:診療所】【診療科目:0】宮城県仙台市青葉区中央２丁目２－５　あおば通駅前ビル５階" }, "geometry": { "type": "Point", "coordinates": [ 140.877182, 38.260883 ] } },
{ "type": "Feature", "properties": { "ID": 42800206, "正式名称": "ワナ・クリニック", "機関区分": 2, "都道府県コード": 4, "市区町村コード": 101, "所在地": "宮城県仙台市青葉区通町２丁目９－１", "緯度": 38.279968, "経度": 140.866837, "url": "https://www.iryou.teikyouseido.mhlw.go.jp/znk-web/juminkanja/S2430/initialize?prefCd=04&kikanCd=2800206&kikanKbn=2", "url2": "http://www.wanaclinic.org", "内容": "ワナ・クリニック【2:診療所】【診療科目:0】宮城県仙台市青葉区通町２丁目９－１" }, "geometry": { "type": "Point", "coordinates": [ 140.866837, 38.279968 ] } },
{ "type": "Feature", "properties": { "ID": 42800208, "正式名称": "医療法人社団秀薫会　池田クリニック　長町南めまい耳鼻咽喉科クリニック", "機関区分": 2, "都道府県コード": 4, "市区町村コード": 104, "所在地": "宮城県仙台市太白区長町南４丁目２２－１－１", "緯度": 38.218575, "経度": 140.873825, "url": "https://www.iryou.teikyouseido.mhlw.go.jp/znk-web/juminkanja/S2430/initialize?prefCd=04&kikanCd=2800208&kikanKbn=2", "url2": "https://nagamachi-minami.jp", "内容": "医療法人社団秀薫会　池田クリニック　長町南めまい耳鼻咽喉科クリニック【2:診療所】【診療科目:0】宮城県仙台市太白区長町南４丁目２２－１－１" }, "geometry": { "type": "Point", "coordinates": [ 140.873825, 38.218575 ] } },
{ "type": "Feature", "properties": { "ID": 42800210, "正式名称": "くにみ整形外科クリニック", "機関区分": 2, "都道府県コード": 4, "市区町村コード": 101, "所在地": "宮城県仙台市青葉区国見４丁目２－７", "緯度": 38.276829, "経度": 140.843063, "url": "https://www.iryou.teikyouseido.mhlw.go.jp/znk-web/juminkanja/S2430/initialize?prefCd=04&kikanCd=2800210&kikanKbn=2", "url2": "http://www.kunimiseikei.com", "内容": "くにみ整形外科クリニック【2:診療所】【診療科目:0】宮城県仙台市青葉区国見４丁目２－７" }, "geometry": { "type": "Point", "coordinates": [ 140.843063, 38.276829 ] } },
{ "type": "Feature", "properties": { "ID": 42800211, "正式名称": "医療法人草恵会草刈内科医院", "機関区分": 2, "都道府県コード": 4, "市区町村コード": 101, "所在地": "宮城県仙台市青葉区東照宮２丁目１－２", "緯度": 38.277969, "経度": 140.885147, "url": "https://www.iryou.teikyouseido.mhlw.go.jp/znk-web/juminkanja/S2430/initialize?prefCd=04&kikanCd=2800211&kikanKbn=2", "url2": "http://www.kusakarinaika.com", "内容": "医療法人草恵会草刈内科医院【2:診療所】【診療科目:0】宮城県仙台市青葉区東照宮２丁目１－２" }, "geometry": { "type": "Point", "coordinates": [ 140.885147, 38.277969 ] } },
{ "type": "Feature", "properties": { "ID": 42800212, "正式名称": "医療法人社団新樹会　木町小児科医院", "機関区分": 2, "都道府県コード": 4, "市区町村コード": 101, "所在地": "宮城県仙台市青葉区柏木３－１－４３", "緯度": 38.277248, "経度": 140.859146, "url": "https://www.iryou.teikyouseido.mhlw.go.jp/znk-web/juminkanja/S2430/initialize?prefCd=04&kikanCd=2800212&kikanKbn=2", "url2": "https://kimachi-ped.com/index.html", "内容": "医療法人社団新樹会　木町小児科医院【2:診療所】【診療科目:0】宮城県仙台市青葉区柏木３－１－４３" }, "geometry": { "type": "Point", "coordinates": [ 140.859146, 38.277248 ] } },
{ "type": "Feature", "properties": { "ID": 42800214, "正式名称": "医療法人社団おくやまアイクリニック", "機関区分": 2, "都道府県コード": 4, "市区町村コード": 101, "所在地": "宮城県仙台市青葉区荒巻中央１７－１６", "緯度": 38.292202, "経度": 140.856384, "url": "https://www.iryou.teikyouseido.mhlw.go.jp/znk-web/juminkanja/S2430/initialize?prefCd=04&kikanCd=2800214&kikanKbn=2", "url2": "http://www.okuyama-eyeclinic.com", "内容": "医療法人社団おくやまアイクリニック【2:診療所】【診療科目:0】宮城県仙台市青葉区荒巻中央１７－１６" }, "geometry": { "type": "Point", "coordinates": [ 140.856384, 38.292202 ] } },
{ "type": "Feature", "properties": { "ID": 42800215, "正式名称": "小野寺内科小児科胃腸科医院", "機関区分": 2, "都道府県コード": 4, "市区町村コード": 101, "所在地": "宮城県仙台市青葉区昭和町１－２９", "緯度": 38.279266, "経度": 140.870483, "url": "https://www.iryou.teikyouseido.mhlw.go.jp/znk-web/juminkanja/S2430/initialize?prefCd=04&kikanCd=2800215&kikanKbn=2", "url2": null, "内容": "小野寺内科小児科胃腸科医院【2:診療所】【診療科目:0】宮城県仙台市青葉区昭和町１－２９" }, "geometry": { "type": "Point", "coordinates": [ 140.870483, 38.279266 ] } },
{ "type": "Feature", "properties": { "ID": 42800216, "正式名称": "医療法人社団　貝ヶ森きむら医院", "機関区分": 2, "都道府県コード": 4, "市区町村コード": 101, "所在地": "宮城県仙台市青葉区貝ヶ森６丁目１５－８", "緯度": 38.284554, "経度": 140.844208, "url": "https://www.iryou.teikyouseido.mhlw.go.jp/znk-web/juminkanja/S2430/initialize?prefCd=04&kikanCd=2800216&kikanKbn=2", "url2": "http://www.kaigamori-kimura-clinic.com/", "内容": "医療法人社団　貝ヶ森きむら医院【2:診療所】【診療科目:0】宮城県仙台市青葉区貝ヶ森６丁目１５－８" }, "geometry": { "type": "Point", "coordinates": [ 140.844208, 38.284554 ] } },
{ "type": "Feature", "properties": { "ID": 42800217, "正式名称": "笠原内科循環器科クリニック", "機関区分": 2, "都道府県コード": 4, "市区町村コード": 101, "所在地": "宮城県仙台市青葉区木町１７－３", "緯度": 38.279385, "経度": 140.862198, "url": "https://www.iryou.teikyouseido.mhlw.go.jp/znk-web/juminkanja/S2430/initialize?prefCd=04&kikanCd=2800217&kikanKbn=2", "url2": "http://www.kasahara-sendai.com", "内容": "笠原内科循環器科クリニック【2:診療所】【診療科目:0】宮城県仙台市青葉区木町１７－３" }, "geometry": { "type": "Point", "coordinates": [ 140.862198, 38.279385 ] } },
{ "type": "Feature", "properties": { "ID": 42800218, "正式名称": "柏木クリニック", "機関区分": 2, "都道府県コード": 4, "市区町村コード": 101, "所在地": "宮城県仙台市青葉区柏木２－６－２", "緯度": 38.274223, "経度": 140.85466, "url": "https://www.iryou.teikyouseido.mhlw.go.jp/znk-web/juminkanja/S2430/initialize?prefCd=04&kikanCd=2800218&kikanKbn=2", "url2": "https://kashiwagi.bunanomori.info/", "内容": "柏木クリニック【2:診療所】【診療科目:0】宮城県仙台市青葉区柏木２－６－２" }, "geometry": { "type": "Point", "coordinates": [ 140.85466, 38.274223 ] } },
{ "type": "Feature", "properties": { "ID": 42800219, "正式名称": "医療法人社団がじゅまるの樹片倉胃腸科内科医院", "機関区分": 2, "都道府県コード": 4, "市区町村コード": 101, "所在地": "宮城県仙台市青葉区北根黒松", "緯度": 38.303986, "経度": 140.879364, "url": "https://www.iryou.teikyouseido.mhlw.go.jp/znk-web/juminkanja/S2430/initialize?prefCd=04&kikanCd=2800219&kikanKbn=2", "url2": "http://katakura-naika.com/", "内容": "医療法人社団がじゅまるの樹片倉胃腸科内科医院【2:診療所】【診療科目:0】宮城県仙台市青葉区北根黒松" }, "geometry": { "type": "Point", "coordinates": [ 140.879364, 38.303986 ] } },
{ "type": "Feature", "properties": { "ID": 42800220, "正式名称": "医療法人社団　豊陽会　金子耳鼻咽喉科", "機関区分": 2, "都道府県コード": 4, "市区町村コード": 101, "所在地": "宮城県仙台市青葉区国見", "緯度": 38.276131, "経度": 140.845306, "url": "https://www.iryou.teikyouseido.mhlw.go.jp/znk-web/juminkanja/S2430/initialize?prefCd=04&kikanCd=2800220&kikanKbn=2", "url2": null, "内容": "医療法人社団　豊陽会　金子耳鼻咽喉科【2:診療所】【診療科目:0】宮城県仙台市青葉区国見" }, "geometry": { "type": "Point", "coordinates": [ 140.845306, 38.276131 ] } },
{ "type": "Feature", "properties": { "ID": 42800223, "正式名称": "かさはらＬクリニック", "機関区分": 2, "都道府県コード": 4, "市区町村コード": 104, "所在地": "宮城県仙台市太白区郡山１丁目１５－５", "緯度": 38.227248, "経度": 140.889563, "url": "https://www.iryou.teikyouseido.mhlw.go.jp/znk-web/juminkanja/S2430/initialize?prefCd=04&kikanCd=2800223&kikanKbn=2", "url2": "http://www.kasahara-lcli.jp", "内容": "かさはらＬクリニック【2:診療所】【診療科目:0】宮城県仙台市太白区郡山１丁目１５－５" }, "geometry": { "type": "Point", "coordinates": [ 140.889563, 38.227248 ] } },
{ "type": "Feature", "properties": { "ID": 42800224, "正式名称": "ＫＡＲＡＤＡ　ＰＯＲＴ　ｉｎｄｅｎｅ", "機関区分": 2, "都道府県コード": 4, "市区町村コード": 101, "所在地": "宮城県仙台市青葉区一番町１丁目９－１　仙台トラストタワー３Ｆ", "緯度": 38.256466, "経度": 140.876205, "url": "https://www.iryou.teikyouseido.mhlw.go.jp/znk-web/juminkanja/S2430/initialize?prefCd=04&kikanCd=2800224&kikanKbn=2", "url2": null, "内容": "ＫＡＲＡＤＡ　ＰＯＲＴ　ｉｎｄｅｎｅ【2:診療所】【診療科目:0】宮城県仙台市青葉区一番町１丁目９－１　仙台トラストタワー３Ｆ" }, "geometry": { "type": "Point", "coordinates": [ 140.876205, 38.256466 ] } },
{ "type": "Feature", "properties": { "ID": 42800225, "正式名称": "こころのクリニックＯＡＳＩＳ", "機関区分": 2, "都道府県コード": 4, "市区町村コード": 101, "所在地": "宮城県仙台市青葉区二日町１７－２７　北四青葉ビル２階", "緯度": 38.27166, "経度": 140.866653, "url": "https://www.iryou.teikyouseido.mhlw.go.jp/znk-web/juminkanja/S2430/initialize?prefCd=04&kikanCd=2800225&kikanKbn=2", "url2": "https://kokoro-oasis.jp/", "内容": "こころのクリニックＯＡＳＩＳ【2:診療所】【診療科目:0】宮城県仙台市青葉区二日町１７－２７　北四青葉ビル２階" }, "geometry": { "type": "Point", "coordinates": [ 140.866653, 38.27166 ] } },
{ "type": "Feature", "properties": { "ID": 42800226, "正式名称": "ブランクリニック　仙台院", "機関区分": 2, "都道府県コード": 4, "市区町村コード": 101, "所在地": "宮城県仙台市青葉区中央三丁目１番２１　ＵＳビル１９・ナインティーン７階", "緯度": 38.260498, "経度": 140.87851, "url": "https://www.iryou.teikyouseido.mhlw.go.jp/znk-web/juminkanja/S2430/initialize?prefCd=04&kikanCd=2800226&kikanKbn=2", "url2": "https://bccl.jp/about/sendai/", "内容": "ブランクリニック　仙台院【2:診療所】【診療科目:0】宮城県仙台市青葉区中央三丁目１番２１　ＵＳビル１９・ナインティーン７階" }, "geometry": { "type": "Point", "coordinates": [ 140.87851, 38.260498 ] } },
{ "type": "Feature", "properties": { "ID": 42800231, "正式名称": "医療法人社団かわむらこどもクリニック", "機関区分": 2, "都道府県コード": 4, "市区町村コード": 101, "所在地": "宮城県仙台市青葉区高松１丁目１６－１", "緯度": 38.278912, "経度": 140.889297, "url": "https://www.iryou.teikyouseido.mhlw.go.jp/znk-web/juminkanja/S2430/initialize?prefCd=04&kikanCd=2800231&kikanKbn=2", "url2": "http://www.kodomo-clinic.or.jp", "内容": "医療法人社団かわむらこどもクリニック【2:診療所】【診療科目:0】宮城県仙台市青葉区高松１丁目１６－１" }, "geometry": { "type": "Point", "coordinates": [ 140.889297, 38.278912 ] } },
{ "type": "Feature", "properties": { "ID": 42800233, "正式名称": "医療法人　豊生会　シリウス外科・内科クリニック", "機関区分": 2, "都道府県コード": 4, "市区町村コード": 101, "所在地": "宮城県仙台市青葉区一番町２丁目４－１９　シリウス一番町３Ｆ", "緯度": 38.259403, "経度": 140.87265, "url": "https://www.iryou.teikyouseido.mhlw.go.jp/znk-web/juminkanja/S2430/initialize?prefCd=04&kikanCd=2800233&kikanKbn=2", "url2": "http://siriusgekanaika-clinic.jp", "内容": "医療法人　豊生会　シリウス外科・内科クリニック【2:診療所】【診療科目:0】宮城県仙台市青葉区一番町２丁目４－１９　シリウス一番町３Ｆ" }, "geometry": { "type": "Point", "coordinates": [ 140.87265, 38.259403 ] } },
{ "type": "Feature", "properties": { "ID": 42800234, "正式名称": "北仙台レディースクリニック", "機関区分": 2, "都道府県コード": 4, "市区町村コード": 101, "所在地": "宮城県仙台市青葉区昭和町５－２８　ロイヤルオフィス北仙台３Ｆ", "緯度": 38.281971, "経度": 140.867767, "url": "https://www.iryou.teikyouseido.mhlw.go.jp/znk-web/juminkanja/S2430/initialize?prefCd=04&kikanCd=2800234&kikanKbn=2", "url2": null, "内容": "北仙台レディースクリニック【2:診療所】【診療科目:0】宮城県仙台市青葉区昭和町５－２８　ロイヤルオフィス北仙台３Ｆ" }, "geometry": { "type": "Point", "coordinates": [ 140.867767, 38.281971 ] } },
{ "type": "Feature", "properties": { "ID": 42800235, "正式名称": "北仙台診療所", "機関区分": 2, "都道府県コード": 4, "市区町村コード": 101, "所在地": "宮城県仙台市青葉区通町２丁目５－６", "緯度": 38.279934, "経度": 140.867111, "url": "https://www.iryou.teikyouseido.mhlw.go.jp/znk-web/juminkanja/S2430/initialize?prefCd=04&kikanCd=2800235&kikanKbn=2", "url2": "http://nttbj.itp.ne.jp/0222725850/", "内容": "北仙台診療所【2:診療所】【診療科目:0】宮城県仙台市青葉区通町２丁目５－６" }, "geometry": { "type": "Point", "coordinates": [ 140.867111, 38.279934 ] } },
{ "type": "Feature", "properties": { "ID": 42800238, "正式名称": "木村眼科医院", "機関区分": 2, "都道府県コード": 4, "市区町村コード": 101, "所在地": "宮城県仙台市青葉区三条町１０－５", "緯度": 38.280785, "経度": 140.852875, "url": "https://www.iryou.teikyouseido.mhlw.go.jp/znk-web/juminkanja/S2430/initialize?prefCd=04&kikanCd=2800238&kikanKbn=2", "url2": "http://www.kimura-ganka-clinic.jp", "内容": "木村眼科医院【2:診療所】【診療科目:0】宮城県仙台市青葉区三条町１０－５" }, "geometry": { "type": "Point", "coordinates": [ 140.852875, 38.280785 ] } },
{ "type": "Feature", "properties": { "ID": 42800250, "正式名称": "仙台合同庁舎診療所", "機関区分": 2, "都道府県コード": 4, "市区町村コード": 101, "所在地": "宮城県仙台市青葉区本町３丁目１－１", "緯度": 38.267395, "経度": 140.874985, "url": "https://www.iryou.teikyouseido.mhlw.go.jp/znk-web/juminkanja/S2430/initialize?prefCd=04&kikanCd=2800250&kikanKbn=2", "url2": null, "内容": "仙台合同庁舎診療所【2:診療所】【診療科目:0】宮城県仙台市青葉区本町３丁目１－１" }, "geometry": { "type": "Point", "coordinates": [ 140.874985, 38.267395 ] } },
{ "type": "Feature", "properties": { "ID": 42800253, "正式名称": "山本眼科医院", "機関区分": 2, "都道府県コード": 4, "市区町村コード": 101, "所在地": "宮城県仙台市青葉区宮町４丁目６－２４", "緯度": 38.276032, "経度": 140.884046, "url": "https://www.iryou.teikyouseido.mhlw.go.jp/znk-web/juminkanja/S2430/initialize?prefCd=04&kikanCd=2800253&kikanKbn=2", "url2": "http://yamamotoganka.net/", "内容": "山本眼科医院【2:診療所】【診療科目:0】宮城県仙台市青葉区宮町４丁目６－２４" }, "geometry": { "type": "Point", "coordinates": [ 140.884046, 38.276032 ] } },
{ "type": "Feature", "properties": { "ID": 42800257, "正式名称": "八幡レディースクリニック", "機関区分": 2, "都道府県コード": 4, "市区町村コード": 101, "所在地": "宮城県仙台市青葉区八幡３丁目１－５０　レキシントンプラザ八幡２Ｆ", "緯度": 38.269276, "経度": 140.849335, "url": "https://www.iryou.teikyouseido.mhlw.go.jp/znk-web/juminkanja/S2430/initialize?prefCd=04&kikanCd=2800257&kikanKbn=2", "url2": "http://website2.infomity.net/8070000044/", "内容": "八幡レディースクリニック【2:診療所】【診療科目:0】宮城県仙台市青葉区八幡３丁目１－５０　レキシントンプラザ八幡２Ｆ" }, "geometry": { "type": "Point", "coordinates": [ 140.849335, 38.269276 ] } },
{ "type": "Feature", "properties": { "ID": 42800260, "正式名称": "医療法人社団　青葉中央クリニック　師　小児科医院", "機関区分": 2, "都道府県コード": 4, "市区町村コード": 101, "所在地": "宮城県仙台市青葉区中央２丁目１０－１７", "緯度": 38.262627, "経度": 140.875427, "url": "https://www.iryou.teikyouseido.mhlw.go.jp/znk-web/juminkanja/S2430/initialize?prefCd=04&kikanCd=2800260&kikanKbn=2", "url2": "https://moro-kodomo.com/", "内容": "医療法人社団　青葉中央クリニック　師　小児科医院【2:診療所】【診療科目:0】宮城県仙台市青葉区中央２丁目１０－１７" }, "geometry": { "type": "Point", "coordinates": [ 140.875427, 38.262627 ] } },
{ "type": "Feature", "properties": { "ID": 42800262, "正式名称": "医療法人ふくじゅ草　ふくじゅ草クリニック", "機関区分": 2, "都道府県コード": 4, "市区町村コード": 101, "所在地": "宮城県仙台市青葉区八幡３丁目１－５０　レキシントンプラザ八幡２階", "緯度": 38.269276, "経度": 140.849335, "url": "https://www.iryou.teikyouseido.mhlw.go.jp/znk-web/juminkanja/S2430/initialize?prefCd=04&kikanCd=2800262&kikanKbn=2", "url2": "http://www.fuku-cl.jp/", "内容": "医療法人ふくじゅ草　ふくじゅ草クリニック【2:診療所】【診療科目:0】宮城県仙台市青葉区八幡３丁目１－５０　レキシントンプラザ八幡２階" }, "geometry": { "type": "Point", "coordinates": [ 140.849335, 38.269276 ] } },
{ "type": "Feature", "properties": { "ID": 42800268, "正式名称": "仙台すこやかクリニック", "機関区分": 2, "都道府県コード": 4, "市区町村コード": 101, "所在地": "宮城県仙台市青葉区八幡２丁目４－１３", "緯度": 38.270542, "経度": 140.851334, "url": "https://www.iryou.teikyouseido.mhlw.go.jp/znk-web/juminkanja/S2430/initialize?prefCd=04&kikanCd=2800268&kikanKbn=2", "url2": "https://sukoyaka-seiryo.com/", "内容": "仙台すこやかクリニック【2:診療所】【診療科目:0】宮城県仙台市青葉区八幡２丁目４－１３" }, "geometry": { "type": "Point", "coordinates": [ 140.851334, 38.270542 ] } },
{ "type": "Feature", "properties": { "ID": 42800269, "正式名称": "かとう耳鼻咽喉・嚥下クリニック", "機関区分": 2, "都道府県コード": 4, "市区町村コード": 101, "所在地": "宮城県仙台市青葉区二日町１１－１２　リーベンス二日町１Ｆ", "緯度": 38.270451, "経度": 140.867722, "url": "https://www.iryou.teikyouseido.mhlw.go.jp/znk-web/juminkanja/S2430/initialize?prefCd=04&kikanCd=2800269&kikanKbn=2", "url2": "http://katojibi.com", "内容": "かとう耳鼻咽喉・嚥下クリニック【2:診療所】【診療科目:0】宮城県仙台市青葉区二日町１１－１２　リーベンス二日町１Ｆ" }, "geometry": { "type": "Point", "coordinates": [ 140.867722, 38.270451 ] } },
{ "type": "Feature", "properties": { "ID": 42800270, "正式名称": "仙台星陵クリニック", "機関区分": 2, "都道府県コード": 4, "市区町村コード": 101, "所在地": "宮城県仙台市青葉区木町通２丁目４－４５", "緯度": 38.273571, "経度": 140.862961, "url": "https://www.iryou.teikyouseido.mhlw.go.jp/znk-web/juminkanja/S2430/initialize?prefCd=04&kikanCd=2800270&kikanKbn=2", "url2": "https://www.seiryo.or.jp", "内容": "仙台星陵クリニック【2:診療所】【診療科目:0】宮城県仙台市青葉区木町通２丁目４－４５" }, "geometry": { "type": "Point", "coordinates": [ 140.862961, 38.273571 ] } },
{ "type": "Feature", "properties": { "ID": 42800271, "正式名称": "医療法人きびたき会　仙台タウン形成外科クリニック", "機関区分": 2, "都道府県コード": 4, "市区町村コード": 101, "所在地": "宮城県仙台市青葉区中央１丁目３－１　ＡＥＲビル１６階", "緯度": 38.262684, "経度": 140.881271, "url": "https://www.iryou.teikyouseido.mhlw.go.jp/znk-web/juminkanja/S2430/initialize?prefCd=04&kikanCd=2800271&kikanKbn=2", "url2": "http://www.keisei.ne.jp", "内容": "医療法人きびたき会　仙台タウン形成外科クリニック【2:診療所】【診療科目:0】宮城県仙台市青葉区中央１丁目３－１　ＡＥＲビル１６階" }, "geometry": { "type": "Point", "coordinates": [ 140.881271, 38.262684 ] } },
{ "type": "Feature", "properties": { "ID": 42800272, "正式名称": "医療法人社団上伸会東京上野クリニック仙台医院", "機関区分": 2, "都道府県コード": 4, "市区町村コード": 101, "所在地": "宮城県仙台市青葉区中央３丁目１－１４　中央古久根ビル６Ｆ", "緯度": 38.260231, "経度": 140.878326, "url": "https://www.iryou.teikyouseido.mhlw.go.jp/znk-web/juminkanja/S2430/initialize?prefCd=04&kikanCd=2800272&kikanKbn=2", "url2": "http://www.ueno.co.jp", "内容": "医療法人社団上伸会東京上野クリニック仙台医院【2:診療所】【診療科目:0】宮城県仙台市青葉区中央３丁目１－１４　中央古久根ビル６Ｆ" }, "geometry": { "type": "Point", "coordinates": [ 140.878326, 38.260231 ] } },
{ "type": "Feature", "properties": { "ID": 42800273, "正式名称": "仙台往診クリニック", "機関区分": 2, "都道府県コード": 4, "市区町村コード": 101, "所在地": "宮城県仙台市青葉区花京院２－１－７－３階", "緯度": 38.266651, "経度": 140.880264, "url": "https://www.iryou.teikyouseido.mhlw.go.jp/znk-web/juminkanja/S2430/initialize?prefCd=04&kikanCd=2800273&kikanKbn=2", "url2": "http://www.oushin-sendai.jp", "内容": "仙台往診クリニック【2:診療所】【診療科目:0】宮城県仙台市青葉区花京院２－１－７－３階" }, "geometry": { "type": "Point", "coordinates": [ 140.880264, 38.266651 ] } },
{ "type": "Feature", "properties": { "ID": 42800274, "正式名称": "医療法人みやぎクリニック　仙台画像検診クリニック", "機関区分": 2, "都道府県コード": 4, "市区町村コード": 101, "所在地": "宮城県仙台市青葉区五橋２丁目１番地２５", "緯度": 38.251724, "経度": 140.880493, "url": "https://www.iryou.teikyouseido.mhlw.go.jp/znk-web/juminkanja/S2430/initialize?prefCd=04&kikanCd=2800274&kikanKbn=2", "url2": "http://www.micjapan.or.jp", "内容": "医療法人みやぎクリニック　仙台画像検診クリニック【2:診療所】【診療科目:0】宮城県仙台市青葉区五橋２丁目１番地２５" }, "geometry": { "type": "Point", "coordinates": [ 140.880493, 38.251724 ] } },
{ "type": "Feature", "properties": { "ID": 42800277, "正式名称": "一般財団法人宮城県成人病予防協会中央診療所レディースクリニック", "機関区分": 2, "都道府県コード": 4, "市区町村コード": 101, "所在地": "宮城県仙台市青葉区中央１－３－１ＡＥＲ１０階", "緯度": 38.262684, "経度": 140.881271, "url": "https://www.iryou.teikyouseido.mhlw.go.jp/znk-web/juminkanja/S2430/initialize?prefCd=04&kikanCd=2800277&kikanKbn=2", "url2": "https://www.mygsji.or.jp", "内容": "一般財団法人宮城県成人病予防協会中央診療所レディースクリニック【2:診療所】【診療科目:0】宮城県仙台市青葉区中央１－３－１ＡＥＲ１０階" }, "geometry": { "type": "Point", "coordinates": [ 140.881271, 38.262684 ] } },
{ "type": "Feature", "properties": { "ID": 42800279, "正式名称": "一般財団法人宮城県成人病予防協会中央診療所", "機関区分": 2, "都道府県コード": 4, "市区町村コード": 101, "所在地": "宮城県仙台市青葉区中央アエル１２階", "緯度": 38.262684, "経度": 140.881271, "url": "https://www.iryou.teikyouseido.mhlw.go.jp/znk-web/juminkanja/S2430/initialize?prefCd=04&kikanCd=2800279&kikanKbn=2", "url2": "http://www.mygsji.or.jp", "内容": "一般財団法人宮城県成人病予防協会中央診療所【2:診療所】【診療科目:0】宮城県仙台市青葉区中央アエル１２階" }, "geometry": { "type": "Point", "coordinates": [ 140.881271, 38.262684 ] } },
{ "type": "Feature", "properties": { "ID": 42800280, "正式名称": "公益財団法人宮城県結核予防会健康相談所興生館", "機関区分": 2, "都道府県コード": 4, "市区町村コード": 101, "所在地": "宮城県仙台市青葉区宮町１－１－５", "緯度": 38.266026, "経度": 140.88269, "url": "https://www.iryou.teikyouseido.mhlw.go.jp/znk-web/juminkanja/S2430/initialize?prefCd=04&kikanCd=2800280&kikanKbn=2", "url2": "http://www.jata-miyagi.org", "内容": "公益財団法人宮城県結核予防会健康相談所興生館【2:診療所】【診療科目:0】宮城県仙台市青葉区宮町１－１－５" }, "geometry": { "type": "Point", "coordinates": [ 140.88269, 38.266026 ] } },
{ "type": "Feature", "properties": { "ID": 42800281, "正式名称": "医療法人　財団明理会　ＩＭＳ　Ｍｅ－Ｌｉｆｅ　クリニック　仙台", "機関区分": 2, "都道府県コード": 4, "市区町村コード": 102, "所在地": "宮城県仙台市宮城野区榴岡１丁目１―１　ＪＲ仙台イーストゲートビル４Ｆ", "緯度": 38.26056, "経度": 140.88363, "url": "https://www.iryou.teikyouseido.mhlw.go.jp/znk-web/juminkanja/S2430/initialize?prefCd=04&kikanCd=2800281&kikanKbn=2", "url2": "https://imsgroup.jp/sendai/", "内容": "医療法人　財団明理会　ＩＭＳ　Ｍｅ－Ｌｉｆｅ　クリニック　仙台【2:診療所】【診療科目:0】宮城県仙台市宮城野区榴岡１丁目１―１　ＪＲ仙台イーストゲートビル４Ｆ" }, "geometry": { "type": "Point", "coordinates": [ 140.88363, 38.26056 ] } },
{ "type": "Feature", "properties": { "ID": 42800282, "正式名称": "医療法人社団佳留会ごとう整形外科", "機関区分": 2, "都道府県コード": 4, "市区町村コード": 101, "所在地": "宮城県仙台市青葉区本町２丁目４－８　５１０ビル４階", "緯度": 38.263908, "経度": 140.873306, "url": "https://www.iryou.teikyouseido.mhlw.go.jp/znk-web/juminkanja/S2430/initialize?prefCd=04&kikanCd=2800282&kikanKbn=2", "url2": "http://www.karyukai.jp", "内容": "医療法人社団佳留会ごとう整形外科【2:診療所】【診療科目:0】宮城県仙台市青葉区本町２丁目４－８　５１０ビル４階" }, "geometry": { "type": "Point", "coordinates": [ 140.873306, 38.263908 ] } },
{ "type": "Feature", "properties": { "ID": 42800285, "正式名称": "せんだい皮膚科医院", "機関区分": 2, "都道府県コード": 4, "市区町村コード": 101, "所在地": "宮城県仙台市青葉区一番町３丁目５－１６　アクアビル４Ｆ", "緯度": 38.260902, "経度": 140.87207, "url": "https://www.iryou.teikyouseido.mhlw.go.jp/znk-web/juminkanja/S2430/initialize?prefCd=04&kikanCd=2800285&kikanKbn=2", "url2": "http://www.sendaihifuka.com/", "内容": "せんだい皮膚科医院【2:診療所】【診療科目:0】宮城県仙台市青葉区一番町３丁目５－１６　アクアビル４Ｆ" }, "geometry": { "type": "Point", "coordinates": [ 140.87207, 38.260902 ] } },
{ "type": "Feature", "properties": { "ID": 42800287, "正式名称": "医療法人　悠心会　宮町通りクリニック", "機関区分": 2, "都道府県コード": 4, "市区町村コード": 101, "所在地": "宮城県仙台市青葉区宮町１－１－４８", "緯度": 38.268036, "経度": 140.883362, "url": "https://www.iryou.teikyouseido.mhlw.go.jp/znk-web/juminkanja/S2430/initialize?prefCd=04&kikanCd=2800287&kikanKbn=2", "url2": "http://www.miyamachiclinic.jp/", "内容": "医療法人　悠心会　宮町通りクリニック【2:診療所】【診療科目:0】宮城県仙台市青葉区宮町１－１－４８" }, "geometry": { "type": "Point", "coordinates": [ 140.883362, 38.268036 ] } },
{ "type": "Feature", "properties": { "ID": 42800288, "正式名称": "松沢医院", "機関区分": 2, "都道府県コード": 4, "市区町村コード": 101, "所在地": "宮城県仙台市青葉区中央２丁目４－１１", "緯度": 38.261406, "経度": 140.874681, "url": "https://www.iryou.teikyouseido.mhlw.go.jp/znk-web/juminkanja/S2430/initialize?prefCd=04&kikanCd=2800288&kikanKbn=2", "url2": "http://matuzawa3752.byoinnavi.jp", "内容": "松沢医院【2:診療所】【診療科目:0】宮城県仙台市青葉区中央２丁目４－１１" }, "geometry": { "type": "Point", "coordinates": [ 140.874681, 38.261406 ] } },
{ "type": "Feature", "properties": { "ID": 42800290, "正式名称": "医療法人社団　丸山アレルギークリニック", "機関区分": 2, "都道府県コード": 4, "市区町村コード": 104, "所在地": "宮城県仙台市太白区あすと長町４－２－１０", "緯度": 38.225582, "経度": 140.888306, "url": "https://www.iryou.teikyouseido.mhlw.go.jp/znk-web/juminkanja/S2430/initialize?prefCd=04&kikanCd=2800290&kikanKbn=2", "url2": "http://www.maru-all.com", "内容": "医療法人社団　丸山アレルギークリニック【2:診療所】【診療科目:0】宮城県仙台市太白区あすと長町４－２－１０" }, "geometry": { "type": "Point", "coordinates": [ 140.888306, 38.225582 ] } },
{ "type": "Feature", "properties": { "ID": 42800291, "正式名称": "三品内科医院", "機関区分": 2, "都道府県コード": 4, "市区町村コード": 101, "所在地": "宮城県仙台市青葉区支倉町", "緯度": 38.268185, "経度": 140.861298, "url": "https://www.iryou.teikyouseido.mhlw.go.jp/znk-web/juminkanja/S2430/initialize?prefCd=04&kikanCd=2800291&kikanKbn=2", "url2": null, "内容": "三品内科医院【2:診療所】【診療科目:0】宮城県仙台市青葉区支倉町" }, "geometry": { "type": "Point", "coordinates": [ 140.861298, 38.268185 ] } },
{ "type": "Feature", "properties": { "ID": 42800292, "正式名称": "笹森医院", "機関区分": 2, "都道府県コード": 4, "市区町村コード": 101, "所在地": "宮城県仙台市青葉区本町２丁目１３－１３", "緯度": 38.265049, "経度": 140.873993, "url": "https://www.iryou.teikyouseido.mhlw.go.jp/znk-web/juminkanja/S2430/initialize?prefCd=04&kikanCd=2800292&kikanKbn=2", "url2": "http://www7a.biglobe.ne.jp/~sasamori-iinn/", "内容": "笹森医院【2:診療所】【診療科目:0】宮城県仙台市青葉区本町２丁目１３－１３" }, "geometry": { "type": "Point", "coordinates": [ 140.873993, 38.265049 ] } },
{ "type": "Feature", "properties": { "ID": 42800294, "正式名称": "小倉整形外科", "機関区分": 2, "都道府県コード": 4, "市区町村コード": 101, "所在地": "宮城県仙台市青葉区上杉１丁目６－１０　ＥＡＲＴＨ　ＢＬＵＥ　仙台勾当台２Ｆ", "緯度": 38.270515, "経度": 140.869949, "url": "https://www.iryou.teikyouseido.mhlw.go.jp/znk-web/juminkanja/S2430/initialize?prefCd=04&kikanCd=2800294&kikanKbn=2", "url2": "http://oguraseikeigeka.com", "内容": "小倉整形外科【2:診療所】【診療科目:0】宮城県仙台市青葉区上杉１丁目６－１０　ＥＡＲＴＨ　ＢＬＵＥ　仙台勾当台２Ｆ" }, "geometry": { "type": "Point", "coordinates": [ 140.869949, 38.270515 ] } },
{ "type": "Feature", "properties": { "ID": 42800295, "正式名称": "医療法人社団淳康会ギガクリニック仙台院（ユナイテッドクリニック）", "機関区分": 2, "都道府県コード": 4, "市区町村コード": 101, "所在地": "宮城県仙台市青葉区中央１丁目８－４０　井門仙台駅前ビル９階", "緯度": 38.26185, "経度": 140.88053, "url": "https://www.iryou.teikyouseido.mhlw.go.jp/znk-web/juminkanja/S2430/initialize?prefCd=04&kikanCd=2800295&kikanKbn=2", "url2": "https://giga-clinic.jp/", "内容": "医療法人社団淳康会ギガクリニック仙台院（ユナイテッドクリニック）【2:診療所】【診療科目:0】宮城県仙台市青葉区中央１丁目８－４０　井門仙台駅前ビル９階" }, "geometry": { "type": "Point", "coordinates": [ 140.88053, 38.26185 ] } },
{ "type": "Feature", "properties": { "ID": 42800298, "正式名称": "医療法人社団さいとう眼科", "機関区分": 2, "都道府県コード": 4, "市区町村コード": 101, "所在地": "宮城県仙台市青葉区中央１丁目１－１　エスパル仙台東館４Ｆ", "緯度": 38.259393, "経度": 140.882771, "url": "https://www.iryou.teikyouseido.mhlw.go.jp/znk-web/juminkanja/S2430/initialize?prefCd=04&kikanCd=2800298&kikanKbn=2", "url2": "http://www.saitou-ganka.net/", "内容": "医療法人社団さいとう眼科【2:診療所】【診療科目:0】宮城県仙台市青葉区中央１丁目１－１　エスパル仙台東館４Ｆ" }, "geometry": { "type": "Point", "coordinates": [ 140.882771, 38.259393 ] } },
{ "type": "Feature", "properties": { "ID": 42800299, "正式名称": "公益財団法人宮城厚生協会　仙台錦町診療所", "機関区分": 2, "都道府県コード": 4, "市区町村コード": 101, "所在地": "宮城県仙台市青葉区上杉３丁目２－２８　アクス上杉ビル３階", "緯度": 38.271088, "経度": 140.875961, "url": "https://www.iryou.teikyouseido.mhlw.go.jp/znk-web/juminkanja/S2430/initialize?prefCd=04&kikanCd=2800299&kikanKbn=2", "url2": "https://www.m-kousei.com/snc/", "内容": "公益財団法人宮城厚生協会　仙台錦町診療所【2:診療所】【診療科目:0】宮城県仙台市青葉区上杉３丁目２－２８　アクス上杉ビル３階" }, "geometry": { "type": "Point", "coordinates": [ 140.875961, 38.271088 ] } },
{ "type": "Feature", "properties": { "ID": 42800300, "正式名称": "公益財団法人宮城県対がん協会附属診療所", "機関区分": 2, "都道府県コード": 4, "市区町村コード": 101, "所在地": "宮城県仙台市青葉区上杉５丁目７－３０", "緯度": 38.275604, "経度": 140.878418, "url": "https://www.iryou.teikyouseido.mhlw.go.jp/znk-web/juminkanja/S2430/initialize?prefCd=04&kikanCd=2800300&kikanKbn=2", "url2": "https://www.miyagi-taigan.or.jp", "内容": "公益財団法人宮城県対がん協会附属診療所【2:診療所】【診療科目:0】宮城県仙台市青葉区上杉５丁目７－３０" }, "geometry": { "type": "Point", "coordinates": [ 140.878418, 38.275604 ] } },
{ "type": "Feature", "properties": { "ID": 42800301, "正式名称": "高砂内科・消化器内科クリニック", "機関区分": 2, "都道府県コード": 4, "市区町村コード": 102, "所在地": "宮城県仙台市宮城野区高砂１－２９－４", "緯度": 38.268757, "経度": 140.971802, "url": "https://www.iryou.teikyouseido.mhlw.go.jp/znk-web/juminkanja/S2430/initialize?prefCd=04&kikanCd=2800301&kikanKbn=2", "url2": "https://www.akaza-mc.com/takasago/", "内容": "高砂内科・消化器内科クリニック【2:診療所】【診療科目:0】宮城県仙台市宮城野区高砂１－２９－４" }, "geometry": { "type": "Point", "coordinates": [ 140.971802, 38.268757 ] } },
{ "type": "Feature", "properties": { "ID": 42800302, "正式名称": "仙台駅東口玉井眼科クリニック", "機関区分": 2, "都道府県コード": 4, "市区町村コード": 102, "所在地": "宮城県仙台市宮城野区榴岡４丁目１３－７　クリエイト仙台東ビル２Ｆ", "緯度": 38.258873, "経度": 140.891132, "url": "https://www.iryou.teikyouseido.mhlw.go.jp/znk-web/juminkanja/S2430/initialize?prefCd=04&kikanCd=2800302&kikanKbn=2", "url2": "http://www.tamaieyeclinic.com/", "内容": "仙台駅東口玉井眼科クリニック【2:診療所】【診療科目:0】宮城県仙台市宮城野区榴岡４丁目１３－７　クリエイト仙台東ビル２Ｆ" }, "geometry": { "type": "Point", "coordinates": [ 140.891132, 38.258873 ] } },
{ "type": "Feature", "properties": { "ID": 42800309, "正式名称": "高橋医院", "機関区分": 2, "都道府県コード": 4, "市区町村コード": 215, "所在地": "宮城県大崎市岩出山字上川原町２４－３", "緯度": 38.657776, "経度": 140.866074, "url": "https://www.iryou.teikyouseido.mhlw.go.jp/znk-web/juminkanja/S2430/initialize?prefCd=04&kikanCd=2800309&kikanKbn=2", "url2": null, "内容": "高橋医院【2:診療所】【診療科目:0】宮城県大崎市岩出山字上川原町２４－３" }, "geometry": { "type": "Point", "coordinates": [ 140.866074, 38.657776 ] } },
{ "type": "Feature", "properties": { "ID": 42800314, "正式名称": "医療法人　遠藤皮膚科医院", "機関区分": 2, "都道府県コード": 4, "市区町村コード": 215, "所在地": "宮城県大崎市古川南町３丁目６－３８", "緯度": 38.565945, "経度": 140.955841, "url": "https://www.iryou.teikyouseido.mhlw.go.jp/znk-web/juminkanja/S2430/initialize?prefCd=04&kikanCd=2800314&kikanKbn=2", "url2": null, "内容": "医療法人　遠藤皮膚科医院【2:診療所】【診療科目:0】宮城県大崎市古川南町３丁目６－３８" }, "geometry": { "type": "Point", "coordinates": [ 140.955841, 38.565945 ] } },
{ "type": "Feature", "properties": { "ID": 42800315, "正式名称": "医療法人　森皮膚科医院", "機関区分": 2, "都道府県コード": 4, "市区町村コード": 215, "所在地": "宮城県大崎市岩出山浦小路３６－５", "緯度": 38.652569, "経度": 140.867584, "url": "https://www.iryou.teikyouseido.mhlw.go.jp/znk-web/juminkanja/S2430/initialize?prefCd=04&kikanCd=2800315&kikanKbn=2", "url2": null, "内容": "医療法人　森皮膚科医院【2:診療所】【診療科目:0】宮城県大崎市岩出山浦小路３６－５" }, "geometry": { "type": "Point", "coordinates": [ 140.867584, 38.652569 ] } },
{ "type": "Feature", "properties": { "ID": 42800317, "正式名称": "医療法人社団近江医院", "機関区分": 2, "都道府県コード": 4, "市区町村コード": 215, "所在地": "宮城県大崎市三本木字しらとり１７－３", "緯度": 38.530884, "経度": 140.943008, "url": "https://www.iryou.teikyouseido.mhlw.go.jp/znk-web/juminkanja/S2430/initialize?prefCd=04&kikanCd=2800317&kikanKbn=2", "url2": "http://omi-clinic.jp/", "内容": "医療法人社団近江医院【2:診療所】【診療科目:0】宮城県大崎市三本木字しらとり１７－３" }, "geometry": { "type": "Point", "coordinates": [ 140.943008, 38.530884 ] } },
{ "type": "Feature", "properties": { "ID": 42800318, "正式名称": "医療法人　岩渕胃腸科内科クリニック", "機関区分": 2, "都道府県コード": 4, "市区町村コード": 215, "所在地": "宮城県大崎市三本木字南町４０ー２", "緯度": 38.525433, "経度": 140.945816, "url": "https://www.iryou.teikyouseido.mhlw.go.jp/znk-web/juminkanja/S2430/initialize?prefCd=04&kikanCd=2800318&kikanKbn=2", "url2": "https://www.iwabuchi-cl.jp", "内容": "医療法人　岩渕胃腸科内科クリニック【2:診療所】【診療科目:0】宮城県大崎市三本木字南町４０ー２" }, "geometry": { "type": "Point", "coordinates": [ 140.945816, 38.525433 ] } },
{ "type": "Feature", "properties": { "ID": 42800320, "正式名称": "医療法人社団　泰有会　みやぎ北部循環器科", "機関区分": 2, "都道府県コード": 4, "市区町村コード": 215, "所在地": "宮城県大崎市古川字本鹿島１４５", "緯度": 38.586445, "経度": 140.942123, "url": "https://www.iryou.teikyouseido.mhlw.go.jp/znk-web/juminkanja/S2430/initialize?prefCd=04&kikanCd=2800320&kikanKbn=2", "url2": "http://www.miyagihokubu.jp/", "内容": "医療法人社団　泰有会　みやぎ北部循環器科【2:診療所】【診療科目:0】宮城県大崎市古川字本鹿島１４５" }, "geometry": { "type": "Point", "coordinates": [ 140.942123, 38.586445 ] } },
{ "type": "Feature", "properties": { "ID": 42800321, "正式名称": "医療法人　社団　昌柏会　塩沢整形外科クリニック", "機関区分": 2, "都道府県コード": 4, "市区町村コード": 215, "所在地": "宮城県大崎市古川大宮７丁目７－３３", "緯度": 38.587326, "経度": 140.958572, "url": "https://www.iryou.teikyouseido.mhlw.go.jp/znk-web/juminkanja/S2430/initialize?prefCd=04&kikanCd=2800321&kikanKbn=2", "url2": null, "内容": "医療法人　社団　昌柏会　塩沢整形外科クリニック【2:診療所】【診療科目:0】宮城県大崎市古川大宮７丁目７－３３" }, "geometry": { "type": "Point", "coordinates": [ 140.958572, 38.587326 ] } },
{ "type": "Feature", "properties": { "ID": 42800322, "正式名称": "医療法人　社団　猪瀬医院", "機関区分": 2, "都道府県コード": 4, "市区町村コード": 215, "所在地": "宮城県大崎市古川大宮５丁目４－１０", "緯度": 38.582153, "経度": 140.95993, "url": "https://www.iryou.teikyouseido.mhlw.go.jp/znk-web/juminkanja/S2430/initialize?prefCd=04&kikanCd=2800322&kikanKbn=2", "url2": null, "内容": "医療法人　社団　猪瀬医院【2:診療所】【診療科目:0】宮城県大崎市古川大宮５丁目４－１０" }, "geometry": { "type": "Point", "coordinates": [ 140.95993, 38.582153 ] } },
{ "type": "Feature", "properties": { "ID": 42800332, "正式名称": "医療法人桃桜会　櫻井内科クリニック", "機関区分": 2, "都道府県コード": 4, "市区町村コード": 202, "所在地": "宮城県石巻市広渕字町北７０－１", "緯度": 38.472665, "経度": 141.206874, "url": "https://www.iryou.teikyouseido.mhlw.go.jp/znk-web/juminkanja/S2430/initialize?prefCd=04&kikanCd=2800332&kikanKbn=2", "url2": null, "内容": "医療法人桃桜会　櫻井内科クリニック【2:診療所】【診療科目:0】宮城県石巻市広渕字町北７０－１" }, "geometry": { "type": "Point", "coordinates": [ 141.206874, 38.472665 ] } },
{ "type": "Feature", "properties": { "ID": 42800334, "正式名称": "菅野眼科医院", "機関区分": 2, "都道府県コード": 4, "市区町村コード": 445, "所在地": "宮城県加美郡加美町百目木１番２３ー２", "緯度": 38.563889, "経度": 140.857529, "url": "https://www.iryou.teikyouseido.mhlw.go.jp/znk-web/juminkanja/S2430/initialize?prefCd=04&kikanCd=2800334&kikanKbn=2", "url2": null, "内容": "菅野眼科医院【2:診療所】【診療科目:0】宮城県加美郡加美町百目木１番２３ー２" }, "geometry": { "type": "Point", "coordinates": [ 140.857529, 38.563889 ] } },
{ "type": "Feature", "properties": { "ID": 42800335, "正式名称": "医療法人社団　ありまファミリークリニック", "機関区分": 2, "都道府県コード": 4, "市区町村コード": 445, "所在地": "宮城県加美郡加美町字町裏３３０－１", "緯度": 38.567881, "経度": 140.861645, "url": "https://www.iryou.teikyouseido.mhlw.go.jp/znk-web/juminkanja/S2430/initialize?prefCd=04&kikanCd=2800335&kikanKbn=2", "url2": "https://arfc.jp/", "内容": "医療法人社団　ありまファミリークリニック【2:診療所】【診療科目:0】宮城県加美郡加美町字町裏３３０－１" }, "geometry": { "type": "Point", "coordinates": [ 140.861645, 38.567881 ] } },
{ "type": "Feature", "properties": { "ID": 42800337, "正式名称": "医療法人佐々木胃腸科", "機関区分": 2, "都道府県コード": 4, "市区町村コード": 445, "所在地": "宮城県加美郡加美町西町４８", "緯度": 38.575474, "経度": 140.857224, "url": "https://www.iryou.teikyouseido.mhlw.go.jp/znk-web/juminkanja/S2430/initialize?prefCd=04&kikanCd=2800337&kikanKbn=2", "url2": null, "内容": "医療法人佐々木胃腸科【2:診療所】【診療科目:0】宮城県加美郡加美町西町４８" }, "geometry": { "type": "Point", "coordinates": [ 140.857224, 38.575474 ] } },
{ "type": "Feature", "properties": { "ID": 42800338, "正式名称": "公益財団法人宮城厚生協会中新田民主医院", "機関区分": 2, "都道府県コード": 4, "市区町村コード": 445, "所在地": "宮城県加美郡加美町矢越３４５", "緯度": 38.572296, "経度": 140.864426, "url": "https://www.iryou.teikyouseido.mhlw.go.jp/znk-web/juminkanja/S2430/initialize?prefCd=04&kikanCd=2800338&kikanKbn=2", "url2": null, "内容": "公益財団法人宮城厚生協会中新田民主医院【2:診療所】【診療科目:0】宮城県加美郡加美町矢越３４５" }, "geometry": { "type": "Point", "coordinates": [ 140.864426, 38.572296 ] } },
{ "type": "Feature", "properties": { "ID": 42800339, "正式名称": "医療法人社団　鈴木内科医院", "機関区分": 2, "都道府県コード": 4, "市区町村コード": 445, "所在地": "宮城県加美郡加美町字旧館１－１７", "緯度": 38.566261, "経度": 140.855164, "url": "https://www.iryou.teikyouseido.mhlw.go.jp/znk-web/juminkanja/S2430/initialize?prefCd=04&kikanCd=2800339&kikanKbn=2", "url2": null, "内容": "医療法人社団　鈴木内科医院【2:診療所】【診療科目:0】宮城県加美郡加美町字旧館１－１７" }, "geometry": { "type": "Point", "coordinates": [ 140.855164, 38.566261 ] } },
{ "type": "Feature", "properties": { "ID": 42800340, "正式名称": "医療法人清仁会中新田クリニック", "機関区分": 2, "都道府県コード": 4, "市区町村コード": 445, "所在地": "宮城県加美郡加美町字大門２０", "緯度": 38.578281, "経度": 140.853119, "url": "https://www.iryou.teikyouseido.mhlw.go.jp/znk-web/juminkanja/S2430/initialize?prefCd=04&kikanCd=2800340&kikanKbn=2", "url2": null, "内容": "医療法人清仁会中新田クリニック【2:診療所】【診療科目:0】宮城県加美郡加美町字大門２０" }, "geometry": { "type": "Point", "coordinates": [ 140.853119, 38.578281 ] } },
{ "type": "Feature", "properties": { "ID": 42800341, "正式名称": "医療法人社団　伊藤医院", "機関区分": 2, "都道府県コード": 4, "市区町村コード": 445, "所在地": "宮城県加美郡加美町旧舘１番８０－２", "緯度": 38.56831, "経度": 140.854584, "url": "https://www.iryou.teikyouseido.mhlw.go.jp/znk-web/juminkanja/S2430/initialize?prefCd=04&kikanCd=2800341&kikanKbn=2", "url2": "http://www.web-clover.net/itoiin-kami/", "内容": "医療法人社団　伊藤医院【2:診療所】【診療科目:0】宮城県加美郡加美町旧舘１番８０－２" }, "geometry": { "type": "Point", "coordinates": [ 140.854584, 38.56831 ] } },
{ "type": "Feature", "properties": { "ID": 42800342, "正式名称": "よこやま医院", "機関区分": 2, "都道府県コード": 4, "市区町村コード": 445, "所在地": "宮城県加美郡加美町字西町７８ー１", "緯度": 38.572764, "経度": 140.85691, "url": "https://www.iryou.teikyouseido.mhlw.go.jp/znk-web/juminkanja/S2430/initialize?prefCd=04&kikanCd=2800342&kikanKbn=2", "url2": null, "内容": "よこやま医院【2:診療所】【診療科目:0】宮城県加美郡加美町字西町７８ー１" }, "geometry": { "type": "Point", "coordinates": [ 140.85691, 38.572764 ] } },
{ "type": "Feature", "properties": { "ID": 42800343, "正式名称": "さとう公整形外科", "機関区分": 2, "都道府県コード": 4, "市区町村コード": 445, "所在地": "宮城県加美郡加美町字町裏２１２－１", "緯度": 38.565392, "経度": 140.860352, "url": "https://www.iryou.teikyouseido.mhlw.go.jp/znk-web/juminkanja/S2430/initialize?prefCd=04&kikanCd=2800343&kikanKbn=2", "url2": "http://nttbj.itp.ne.jp/0229642256/index.html", "内容": "さとう公整形外科【2:診療所】【診療科目:0】宮城県加美郡加美町字町裏２１２－１" }, "geometry": { "type": "Point", "coordinates": [ 140.860352, 38.565392 ] } },
{ "type": "Feature", "properties": { "ID": 42800344, "正式名称": "医療法人　結城記念　みなと産婦人科クリニック", "機関区分": 2, "都道府県コード": 4, "市区町村コード": 212, "所在地": "宮城県登米市迫町佐沼字小金丁２２－５", "緯度": 38.686913, "経度": 141.19516, "url": "https://www.iryou.teikyouseido.mhlw.go.jp/znk-web/juminkanja/S2430/initialize?prefCd=04&kikanCd=2800344&kikanKbn=2", "url2": "https://www.minato-obgyne.jp", "内容": "医療法人　結城記念　みなと産婦人科クリニック【2:診療所】【診療科目:0】宮城県登米市迫町佐沼字小金丁２２－５" }, "geometry": { "type": "Point", "coordinates": [ 141.19516, 38.686913 ] } },
{ "type": "Feature", "properties": { "ID": 42800346, "正式名称": "医療法人社団　やすらぎの里　サンクリニック", "機関区分": 2, "都道府県コード": 4, "市区町村コード": 212, "所在地": "宮城県登米市南方町鴻ノ木１５２－１", "緯度": 38.672806, "経度": 141.187256, "url": "https://www.iryou.teikyouseido.mhlw.go.jp/znk-web/juminkanja/S2430/initialize?prefCd=04&kikanCd=2800346&kikanKbn=2", "url2": "https://www.sunclinic-miyagi.com/", "内容": "医療法人社団　やすらぎの里　サンクリニック【2:診療所】【診療科目:0】宮城県登米市南方町鴻ノ木１５２－１" }, "geometry": { "type": "Point", "coordinates": [ 141.187256, 38.672806 ] } },
{ "type": "Feature", "properties": { "ID": 42800347, "正式名称": "大坂医院", "機関区分": 2, "都道府県コード": 4, "市区町村コード": 212, "所在地": "宮城県登米市中田町石森字駒牽２４０－１", "緯度": 38.715141, "経度": 141.217697, "url": "https://www.iryou.teikyouseido.mhlw.go.jp/znk-web/juminkanja/S2430/initialize?prefCd=04&kikanCd=2800347&kikanKbn=2", "url2": null, "内容": "大坂医院【2:診療所】【診療科目:0】宮城県登米市中田町石森字駒牽２４０－１" }, "geometry": { "type": "Point", "coordinates": [ 141.217697, 38.715141 ] } },
{ "type": "Feature", "properties": { "ID": 42800352, "正式名称": "医療法人社団　かわらだ内科・胃大腸クリニック", "機関区分": 2, "都道府県コード": 4, "市区町村コード": 202, "所在地": "宮城県石巻市鋳銭場１－１０", "緯度": 38.433723, "経度": 141.305389, "url": "https://www.iryou.teikyouseido.mhlw.go.jp/znk-web/juminkanja/S2430/initialize?prefCd=04&kikanCd=2800352&kikanKbn=2", "url2": null, "内容": "医療法人社団　かわらだ内科・胃大腸クリニック【2:診療所】【診療科目:0】宮城県石巻市鋳銭場１－１０" }, "geometry": { "type": "Point", "coordinates": [ 141.305389, 38.433723 ] } },
{ "type": "Feature", "properties": { "ID": 42800353, "正式名称": "医療法人おおば小児クリニック", "機関区分": 2, "都道府県コード": 4, "市区町村コード": 202, "所在地": "宮城県石巻市門脇字青葉西３８－１", "緯度": 38.435429, "経度": 141.264145, "url": "https://www.iryou.teikyouseido.mhlw.go.jp/znk-web/juminkanja/S2430/initialize?prefCd=04&kikanCd=2800353&kikanKbn=2", "url2": "https://ooba-child.jp", "内容": "医療法人おおば小児クリニック【2:診療所】【診療科目:0】宮城県石巻市門脇字青葉西３８－１" }, "geometry": { "type": "Point", "coordinates": [ 141.264145, 38.435429 ] } },
{ "type": "Feature", "properties": { "ID": 42800354, "正式名称": "大街道もり眼科医院", "機関区分": 2, "都道府県コード": 4, "市区町村コード": 202, "所在地": "宮城県石巻市大街道西２丁目１－２６", "緯度": 38.431164, "経度": 141.27504, "url": "https://www.iryou.teikyouseido.mhlw.go.jp/znk-web/juminkanja/S2430/initialize?prefCd=04&kikanCd=2800354&kikanKbn=2", "url2": "http://www.tenyukai.com", "内容": "大街道もり眼科医院【2:診療所】【診療科目:0】宮城県石巻市大街道西２丁目１－２６" }, "geometry": { "type": "Point", "coordinates": [ 141.27504, 38.431164 ] } },
{ "type": "Feature", "properties": { "ID": 42800355, "正式名称": "医療法人社団大樹会大街道じゅんクリニック", "機関区分": 2, "都道府県コード": 4, "市区町村コード": 202, "所在地": "宮城県石巻市大街道北３－４－９７", "緯度": 38.431244, "経度": 141.282532, "url": "https://www.iryou.teikyouseido.mhlw.go.jp/znk-web/juminkanja/S2430/initialize?prefCd=04&kikanCd=2800355&kikanKbn=2", "url2": null, "内容": "医療法人社団大樹会大街道じゅんクリニック【2:診療所】【診療科目:0】宮城県石巻市大街道北３－４－９７" }, "geometry": { "type": "Point", "coordinates": [ 141.282532, 38.431244 ] } },
{ "type": "Feature", "properties": { "ID": 42800358, "正式名称": "医療法人社団　伊藤内科クリニック", "機関区分": 2, "都道府県コード": 4, "市区町村コード": 202, "所在地": "宮城県石巻市中里２丁目１２－１", "緯度": 38.44257, "経度": 141.300323, "url": "https://www.iryou.teikyouseido.mhlw.go.jp/znk-web/juminkanja/S2430/initialize?prefCd=04&kikanCd=2800358&kikanKbn=2", "url2": null, "内容": "医療法人社団　伊藤内科クリニック【2:診療所】【診療科目:0】宮城県石巻市中里２丁目１２－１" }, "geometry": { "type": "Point", "coordinates": [ 141.300323, 38.44257 ] } },
{ "type": "Feature", "properties": { "ID": 42800362, "正式名称": "ししど内科クリニック", "機関区分": 2, "都道府県コード": 4, "市区町村コード": 214, "所在地": "宮城県東松島市赤井字南一２２３", "緯度": 38.433838, "経度": 141.257477, "url": "https://www.iryou.teikyouseido.mhlw.go.jp/znk-web/juminkanja/S2430/initialize?prefCd=04&kikanCd=2800362&kikanKbn=2", "url2": "http://shishidonaika.com/", "内容": "ししど内科クリニック【2:診療所】【診療科目:0】宮城県東松島市赤井字南一２２３" }, "geometry": { "type": "Point", "coordinates": [ 141.257477, 38.433838 ] } },
{ "type": "Feature", "properties": { "ID": 42800364, "正式名称": "藤野整形・スポーツ・痛みのクリニック", "機関区分": 2, "都道府県コード": 4, "市区町村コード": 214, "所在地": "宮城県東松島市矢本字大溜２５－１", "緯度": 38.429092, "経度": 141.216309, "url": "https://www.iryou.teikyouseido.mhlw.go.jp/znk-web/juminkanja/S2430/initialize?prefCd=04&kikanCd=2800364&kikanKbn=2", "url2": "https://www.fujinoseikei.jp/page1", "内容": "藤野整形・スポーツ・痛みのクリニック【2:診療所】【診療科目:0】宮城県東松島市矢本字大溜２５－１" }, "geometry": { "type": "Point", "coordinates": [ 141.216309, 38.429092 ] } },
{ "type": "Feature", "properties": { "ID": 42800367, "正式名称": "医療法人光洋会ひかりサンテクリニック", "機関区分": 2, "都道府県コード": 4, "市区町村コード": 214, "所在地": "宮城県東松島市矢本字上河戸２９３－８", "緯度": 38.422432, "経度": 141.204941, "url": "https://www.iryou.teikyouseido.mhlw.go.jp/znk-web/juminkanja/S2430/initialize?prefCd=04&kikanCd=2800367&kikanKbn=2", "url2": "http://www.hikarisante.com", "内容": "医療法人光洋会ひかりサンテクリニック【2:診療所】【診療科目:0】宮城県東松島市矢本字上河戸２９３－８" }, "geometry": { "type": "Point", "coordinates": [ 141.204941, 38.422432 ] } },
{ "type": "Feature", "properties": { "ID": 42800369, "正式名称": "わたなべ整形外科", "機関区分": 2, "都道府県コード": 4, "市区町村コード": 214, "所在地": "宮城県東松島市赤井字南一２５３", "緯度": 38.434013, "経度": 141.258224, "url": "https://www.iryou.teikyouseido.mhlw.go.jp/znk-web/juminkanja/S2430/initialize?prefCd=04&kikanCd=2800369&kikanKbn=2", "url2": null, "内容": "わたなべ整形外科【2:診療所】【診療科目:0】宮城県東松島市赤井字南一２５３" }, "geometry": { "type": "Point", "coordinates": [ 141.258224, 38.434013 ] } },
{ "type": "Feature", "properties": { "ID": 42800372, "正式名称": "医療法人社団石輝会石垣クリニック内科循環器科", "機関区分": 2, "都道府県コード": 4, "市区町村コード": 214, "所在地": "宮城県東松島市矢本字大林１４", "緯度": 38.421503, "経度": 141.219355, "url": "https://www.iryou.teikyouseido.mhlw.go.jp/znk-web/juminkanja/S2430/initialize?prefCd=04&kikanCd=2800372&kikanKbn=2", "url2": "http://www.ishigaki-clinic.com", "内容": "医療法人社団石輝会石垣クリニック内科循環器科【2:診療所】【診療科目:0】宮城県東松島市矢本字大林１４" }, "geometry": { "type": "Point", "coordinates": [ 141.219355, 38.421503 ] } },
{ "type": "Feature", "properties": { "ID": 42800373, "正式名称": "医療法人社団いしがき・みみはなのどクリニック", "機関区分": 2, "都道府県コード": 4, "市区町村コード": 214, "所在地": "宮城県東松島市矢本字上河戸８１－１", "緯度": 38.424752, "経度": 141.209056, "url": "https://www.iryou.teikyouseido.mhlw.go.jp/znk-web/juminkanja/S2430/initialize?prefCd=04&kikanCd=2800373&kikanKbn=2", "url2": null, "内容": "医療法人社団いしがき・みみはなのどクリニック【2:診療所】【診療科目:0】宮城県東松島市矢本字上河戸８１－１" }, "geometry": { "type": "Point", "coordinates": [ 141.209056, 38.424752 ] } },
{ "type": "Feature", "properties": { "ID": 42800374, "正式名称": "医療法人　伊東胃腸科内科", "機関区分": 2, "都道府県コード": 4, "市区町村コード": 214, "所在地": "宮城県東松島市赤井字鷲塚６９番地８", "緯度": 38.429592, "経度": 141.250916, "url": "https://www.iryou.teikyouseido.mhlw.go.jp/znk-web/juminkanja/S2430/initialize?prefCd=04&kikanCd=2800374&kikanKbn=2", "url2": "https://itou-ichoukanaika.jp", "内容": "医療法人　伊東胃腸科内科【2:診療所】【診療科目:0】宮城県東松島市赤井字鷲塚６９番地８" }, "geometry": { "type": "Point", "coordinates": [ 141.250916, 38.429592 ] } },
{ "type": "Feature", "properties": { "ID": 42800375, "正式名称": "うつみレディスクリニック", "機関区分": 2, "都道府県コード": 4, "市区町村コード": 214, "所在地": "宮城県東松島市赤井字八反谷地１３２－６", "緯度": 38.432724, "経度": 141.254745, "url": "https://www.iryou.teikyouseido.mhlw.go.jp/znk-web/juminkanja/S2430/initialize?prefCd=04&kikanCd=2800375&kikanKbn=2", "url2": null, "内容": "うつみレディスクリニック【2:診療所】【診療科目:0】宮城県東松島市赤井字八反谷地１３２－６" }, "geometry": { "type": "Point", "coordinates": [ 141.254745, 38.432724 ] } },
{ "type": "Feature", "properties": { "ID": 42800376, "正式名称": "かしわや内科クリニック", "機関区分": 2, "都道府県コード": 4, "市区町村コード": 214, "所在地": "宮城県東松島市小松字若葉７ー１０", "緯度": 38.42836, "経度": 141.210327, "url": "https://www.iryou.teikyouseido.mhlw.go.jp/znk-web/juminkanja/S2430/initialize?prefCd=04&kikanCd=2800376&kikanKbn=2", "url2": null, "内容": "かしわや内科クリニック【2:診療所】【診療科目:0】宮城県東松島市小松字若葉７ー１０" }, "geometry": { "type": "Point", "coordinates": [ 141.210327, 38.42836 ] } },
{ "type": "Feature", "properties": { "ID": 42800382, "正式名称": "医療法人　遊佐クリニック", "機関区分": 2, "都道府県コード": 4, "市区町村コード": 215, "所在地": "宮城県大崎市鳴子温泉字湯元１０４", "緯度": 38.742805, "経度": 140.71669, "url": "https://www.iryou.teikyouseido.mhlw.go.jp/znk-web/juminkanja/S2430/initialize?prefCd=04&kikanCd=2800382&kikanKbn=2", "url2": null, "内容": "医療法人　遊佐クリニック【2:診療所】【診療科目:0】宮城県大崎市鳴子温泉字湯元１０４" }, "geometry": { "type": "Point", "coordinates": [ 140.71669, 38.742805 ] } },
{ "type": "Feature", "properties": { "ID": 42800384, "正式名称": "大山医院", "機関区分": 2, "都道府県コード": 4, "市区町村コード": 445, "所在地": "宮城県加美郡加美町字北町二番１８１－１", "緯度": 38.572487, "経度": 140.858002, "url": "https://www.iryou.teikyouseido.mhlw.go.jp/znk-web/juminkanja/S2430/initialize?prefCd=04&kikanCd=2800384&kikanKbn=2", "url2": "http://www.ooyama-iin.com/", "内容": "大山医院【2:診療所】【診療科目:0】宮城県加美郡加美町字北町二番１８１－１" }, "geometry": { "type": "Point", "coordinates": [ 140.858002, 38.572487 ] } },
{ "type": "Feature", "properties": { "ID": 42800385, "正式名称": "医療法人　桐葉会　よしろう内科", "機関区分": 2, "都道府県コード": 4, "市区町村コード": 202, "所在地": "宮城県石巻市住吉町１丁目８－４６", "緯度": 38.435528, "経度": 141.310654, "url": "https://www.iryou.teikyouseido.mhlw.go.jp/znk-web/juminkanja/S2430/initialize?prefCd=04&kikanCd=2800385&kikanKbn=2", "url2": "http://www.myclinic.ne.jp/yoshironaika/pc/", "内容": "医療法人　桐葉会　よしろう内科【2:診療所】【診療科目:0】宮城県石巻市住吉町１丁目８－４６" }, "geometry": { "type": "Point", "coordinates": [ 141.310654, 38.435528 ] } },
{ "type": "Feature", "properties": { "ID": 42800386, "正式名称": "医療法人　古山内科・循環器科", "機関区分": 2, "都道府県コード": 4, "市区町村コード": 202, "所在地": "宮城県石巻市元倉１丁目９－９－８", "緯度": 38.44083, "経度": 141.312363, "url": "https://www.iryou.teikyouseido.mhlw.go.jp/znk-web/juminkanja/S2430/initialize?prefCd=04&kikanCd=2800386&kikanKbn=2", "url2": "https://www.furuyamanaikajyunkankika.com/", "内容": "医療法人　古山内科・循環器科【2:診療所】【診療科目:0】宮城県石巻市元倉１丁目９－９－８" }, "geometry": { "type": "Point", "coordinates": [ 141.312363, 38.44083 ] } },
{ "type": "Feature", "properties": { "ID": 42800388, "正式名称": "日本製紙株式会社石巻工場　診療所", "機関区分": 2, "都道府県コード": 4, "市区町村コード": 202, "所在地": "宮城県石巻市南光町１丁目１２－８", "緯度": 38.423229, "経度": 141.295166, "url": "https://www.iryou.teikyouseido.mhlw.go.jp/znk-web/juminkanja/S2430/initialize?prefCd=04&kikanCd=2800388&kikanKbn=2", "url2": null, "内容": "日本製紙株式会社石巻工場　診療所【2:診療所】【診療科目:0】宮城県石巻市南光町１丁目１２－８" }, "geometry": { "type": "Point", "coordinates": [ 141.295166, 38.423229 ] } },
{ "type": "Feature", "properties": { "ID": 42800389, "正式名称": "医療法人社団二宮外科クリニック", "機関区分": 2, "都道府県コード": 4, "市区町村コード": 202, "所在地": "宮城県石巻市不動町１丁目７－３", "緯度": 38.433757, "経度": 141.315115, "url": "https://www.iryou.teikyouseido.mhlw.go.jp/znk-web/juminkanja/S2430/initialize?prefCd=04&kikanCd=2800389&kikanKbn=2", "url2": null, "内容": "医療法人社団二宮外科クリニック【2:診療所】【診療科目:0】宮城県石巻市不動町１丁目７－３" }, "geometry": { "type": "Point", "coordinates": [ 141.315115, 38.433757 ] } },
{ "type": "Feature", "properties": { "ID": 42800390, "正式名称": "医療法人　中山こどもクリニック", "機関区分": 2, "都道府県コード": 4, "市区町村コード": 202, "所在地": "宮城県石巻市中里３丁目４－２７", "緯度": 38.442097, "経度": 141.29892, "url": "https://www.iryou.teikyouseido.mhlw.go.jp/znk-web/juminkanja/S2430/initialize?prefCd=04&kikanCd=2800390&kikanKbn=2", "url2": null, "内容": "医療法人　中山こどもクリニック【2:診療所】【診療科目:0】宮城県石巻市中里３丁目４－２７" }, "geometry": { "type": "Point", "coordinates": [ 141.29892, 38.442097 ] } },
{ "type": "Feature", "properties": { "ID": 42800391, "正式名称": "医療法人佐久間眼科小児科医院", "機関区分": 2, "都道府県コード": 4, "市区町村コード": 202, "所在地": "宮城県石巻市八幡町", "緯度": 38.430096, "経度": 141.313675, "url": "https://www.iryou.teikyouseido.mhlw.go.jp/znk-web/juminkanja/S2430/initialize?prefCd=04&kikanCd=2800391&kikanKbn=2", "url2": null, "内容": "医療法人佐久間眼科小児科医院【2:診療所】【診療科目:0】宮城県石巻市八幡町" }, "geometry": { "type": "Point", "coordinates": [ 141.313675, 38.430096 ] } },
{ "type": "Feature", "properties": { "ID": 42800393, "正式名称": "医療法人社団佐藤整形外科医院", "機関区分": 2, "都道府県コード": 4, "市区町村コード": 202, "所在地": "宮城県石巻市中央１丁目１３－１７", "緯度": 38.4296142, "経度": 141.3081283, "url": "https://www.iryou.teikyouseido.mhlw.go.jp/znk-web/juminkanja/S2430/initialize?prefCd=04&kikanCd=2800393&kikanKbn=2", "url2": null, "内容": "医療法人社団佐藤整形外科医院【2:診療所】【診療科目:0】宮城県石巻市中央１丁目１３－１７" }, "geometry": { "type": "Point", "coordinates": [ 141.3081283, 38.4296142 ] } },
{ "type": "Feature", "properties": { "ID": 42800394, "正式名称": "医療法人清芳会　佐藤内科医院", "機関区分": 2, "都道府県コード": 4, "市区町村コード": 202, "所在地": "宮城県石巻市茜平４丁目１０４番地　イオンモール石巻　１Ｆ", "緯度": 38.447475, "経度": 141.26503, "url": "https://www.iryou.teikyouseido.mhlw.go.jp/znk-web/juminkanja/S2430/initialize?prefCd=04&kikanCd=2800394&kikanKbn=2", "url2": null, "内容": "医療法人清芳会　佐藤内科医院【2:診療所】【診療科目:0】宮城県石巻市茜平４丁目１０４番地　イオンモール石巻　１Ｆ" }, "geometry": { "type": "Point", "coordinates": [ 141.26503, 38.447475 ] } },
{ "type": "Feature", "properties": { "ID": 42800396, "正式名称": "森さい生医院", "機関区分": 2, "都道府県コード": 4, "市区町村コード": 214, "所在地": "宮城県東松島市野蒜ケ丘３丁目２８－３", "緯度": 38.378271, "経度": 141.139655, "url": "https://www.iryou.teikyouseido.mhlw.go.jp/znk-web/juminkanja/S2430/initialize?prefCd=04&kikanCd=2800396&kikanKbn=2", "url2": null, "内容": "森さい生医院【2:診療所】【診療科目:0】宮城県東松島市野蒜ケ丘３丁目２８－３" }, "geometry": { "type": "Point", "coordinates": [ 141.139655, 38.378271 ] } },
{ "type": "Feature", "properties": { "ID": 42800398, "正式名称": "医療法人社団　白毫会　野蒜ケ丘痛みのクリニック", "機関区分": 2, "都道府県コード": 4, "市区町村コード": 214, "所在地": "宮城県東松島市野蒜ケ丘三丁目２９－５", "緯度": 38.37884, "経度": 141.139214, "url": "https://www.iryou.teikyouseido.mhlw.go.jp/znk-web/juminkanja/S2430/initialize?prefCd=04&kikanCd=2800398&kikanKbn=2", "url2": "http://www.nobirugaokaseikei.jp/", "内容": "医療法人社団　白毫会　野蒜ケ丘痛みのクリニック【2:診療所】【診療科目:0】宮城県東松島市野蒜ケ丘三丁目２９－５" }, "geometry": { "type": "Point", "coordinates": [ 141.139214, 38.37884 ] } },
{ "type": "Feature", "properties": { "ID": 42800399, "正式名称": "地域密着型特別養護老人ホーム　ラ・ヴィアンロゼ桜の園", "機関区分": 2, "都道府県コード": 4, "市区町村コード": 202, "所在地": "宮城県石巻市蛇田字北経塚２６－１", "緯度": 38.454136, "経度": 141.265381, "url": "https://www.iryou.teikyouseido.mhlw.go.jp/znk-web/juminkanja/S2430/initialize?prefCd=04&kikanCd=2800399&kikanKbn=2", "url2": null, "内容": "地域密着型特別養護老人ホーム　ラ・ヴィアンロゼ桜の園【2:診療所】【診療科目:0】宮城県石巻市蛇田字北経塚２６－１" }, "geometry": { "type": "Point", "coordinates": [ 141.265381, 38.454136 ] } },
{ "type": "Feature", "properties": { "ID": 42800400, "正式名称": "鳴瀬中央医院", "機関区分": 2, "都道府県コード": 4, "市区町村コード": 214, "所在地": "宮城県東松島市牛網字新上江戸原８１番地１", "緯度": 38.394978, "経度": 141.176468, "url": "https://www.iryou.teikyouseido.mhlw.go.jp/znk-web/juminkanja/S2430/initialize?prefCd=04&kikanCd=2800400&kikanKbn=2", "url2": "https://naruse-iin.com/", "内容": "鳴瀬中央医院【2:診療所】【診療科目:0】宮城県東松島市牛網字新上江戸原８１番地１" }, "geometry": { "type": "Point", "coordinates": [ 141.176468, 38.394978 ] } },
{ "type": "Feature", "properties": { "ID": 42800403, "正式名称": "草刈耳鼻科", "機関区分": 2, "都道府県コード": 4, "市区町村コード": 102, "所在地": "宮城県仙台市宮城野区原町２丁目３－６１", "緯度": 38.264595, "経度": 140.902191, "url": "https://www.iryou.teikyouseido.mhlw.go.jp/znk-web/juminkanja/S2430/initialize?prefCd=04&kikanCd=2800403&kikanKbn=2", "url2": "http://www.kusakari-jibika.jp", "内容": "草刈耳鼻科【2:診療所】【診療科目:0】宮城県仙台市宮城野区原町２丁目３－６１" }, "geometry": { "type": "Point", "coordinates": [ 140.902191, 38.264595 ] } },
{ "type": "Feature", "properties": { "ID": 42800405, "正式名称": "医療法人社団　桜蘭会　Ｍ＆Ｔ総合クリニック福室", "機関区分": 2, "都道府県コード": 4, "市区町村コード": 102, "所在地": "宮城県仙台市宮城野区高砂２丁目７－７", "緯度": 38.268442, "経度": 140.969036, "url": "https://www.iryou.teikyouseido.mhlw.go.jp/znk-web/juminkanja/S2430/initialize?prefCd=04&kikanCd=2800405&kikanKbn=2", "url2": "https://ouran.jp", "内容": "医療法人社団　桜蘭会　Ｍ＆Ｔ総合クリニック福室【2:診療所】【診療科目:0】宮城県仙台市宮城野区高砂２丁目７－７" }, "geometry": { "type": "Point", "coordinates": [ 140.969036, 38.268442 ] } },
{ "type": "Feature", "properties": { "ID": 42800406, "正式名称": "熊坂皮フ科クリニック", "機関区分": 2, "都道府県コード": 4, "市区町村コード": 102, "所在地": "宮城県仙台市宮城野区鶴ケ谷５丁目１５－２", "緯度": 38.294552, "経度": 140.912933, "url": "https://www.iryou.teikyouseido.mhlw.go.jp/znk-web/juminkanja/S2430/initialize?prefCd=04&kikanCd=2800406&kikanKbn=2", "url2": null, "内容": "熊坂皮フ科クリニック【2:診療所】【診療科目:0】宮城県仙台市宮城野区鶴ケ谷５丁目１５－２" }, "geometry": { "type": "Point", "coordinates": [ 140.912933, 38.294552 ] } },
{ "type": "Feature", "properties": { "ID": 42800407, "正式名称": "くらた整形外科クリニック", "機関区分": 2, "都道府県コード": 4, "市区町村コード": 102, "所在地": "宮城県仙台市宮城野区岩切字今市東２４－２", "緯度": 38.300259, "経度": 140.942078, "url": "https://www.iryou.teikyouseido.mhlw.go.jp/znk-web/juminkanja/S2430/initialize?prefCd=04&kikanCd=2800407&kikanKbn=2", "url2": null, "内容": "くらた整形外科クリニック【2:診療所】【診療科目:0】宮城県仙台市宮城野区岩切字今市東２４－２" }, "geometry": { "type": "Point", "coordinates": [ 140.942078, 38.300259 ] } },
{ "type": "Feature", "properties": { "ID": 42800409, "正式名称": "庄子整形外科医院", "機関区分": 2, "都道府県コード": 4, "市区町村コード": 102, "所在地": "宮城県仙台市宮城野区幸町１丁目１９－２６", "緯度": 38.278221, "経度": 140.895859, "url": "https://www.iryou.teikyouseido.mhlw.go.jp/znk-web/juminkanja/S2430/initialize?prefCd=04&kikanCd=2800409&kikanKbn=2", "url2": "shoji-seikeigeka.com", "内容": "庄子整形外科医院【2:診療所】【診療科目:0】宮城県仙台市宮城野区幸町１丁目１９－２６" }, "geometry": { "type": "Point", "coordinates": [ 140.895859, 38.278221 ] } },
{ "type": "Feature", "properties": { "ID": 42800410, "正式名称": "いけだ循環器クリニック", "機関区分": 2, "都道府県コード": 4, "市区町村コード": 102, "所在地": "宮城県仙台市宮城野区福室２丁目６－２４", "緯度": 38.272778, "経度": 140.967865, "url": "https://www.iryou.teikyouseido.mhlw.go.jp/znk-web/juminkanja/S2430/initialize?prefCd=04&kikanCd=2800410&kikanKbn=2", "url2": "http://www.ikeda-heart.jp/", "内容": "いけだ循環器クリニック【2:診療所】【診療科目:0】宮城県仙台市宮城野区福室２丁目６－２４" }, "geometry": { "type": "Point", "coordinates": [ 140.967865, 38.272778 ] } },
{ "type": "Feature", "properties": { "ID": 42800411, "正式名称": "星内科小児科医院", "機関区分": 2, "都道府県コード": 4, "市区町村コード": 102, "所在地": "宮城県仙台市宮城野区幸町２丁目２０－１３", "緯度": 38.277721, "経度": 140.898499, "url": "https://www.iryou.teikyouseido.mhlw.go.jp/znk-web/juminkanja/S2430/initialize?prefCd=04&kikanCd=2800411&kikanKbn=2", "url2": "http://hoshi-naika.webmedipr.jp/", "内容": "星内科小児科医院【2:診療所】【診療科目:0】宮城県仙台市宮城野区幸町２丁目２０－１３" }, "geometry": { "type": "Point", "coordinates": [ 140.898499, 38.277721 ] } },
{ "type": "Feature", "properties": { "ID": 42800412, "正式名称": "たかはし内科", "機関区分": 2, "都道府県コード": 4, "市区町村コード": 102, "所在地": "宮城県仙台市宮城野区東仙台２丁目５－３", "緯度": 38.276326, "経度": 140.915697, "url": "https://www.iryou.teikyouseido.mhlw.go.jp/znk-web/juminkanja/S2430/initialize?prefCd=04&kikanCd=2800412&kikanKbn=2", "url2": "http://www.higashisendai.com/", "内容": "たかはし内科【2:診療所】【診療科目:0】宮城県仙台市宮城野区東仙台２丁目５－３" }, "geometry": { "type": "Point", "coordinates": [ 140.915697, 38.276326 ] } },
{ "type": "Feature", "properties": { "ID": 42800413, "正式名称": "色川内科小児科医院", "機関区分": 2, "都道府県コード": 4, "市区町村コード": 102, "所在地": "宮城県仙台市宮城野区福田町２丁目５－１３", "緯度": 38.268715, "経度": 140.96077, "url": "https://www.iryou.teikyouseido.mhlw.go.jp/znk-web/juminkanja/S2430/initialize?prefCd=04&kikanCd=2800413&kikanKbn=2", "url2": null, "内容": "色川内科小児科医院【2:診療所】【診療科目:0】宮城県仙台市宮城野区福田町２丁目５－１３" }, "geometry": { "type": "Point", "coordinates": [ 140.96077, 38.268715 ] } },
{ "type": "Feature", "properties": { "ID": 42800415, "正式名称": "早坂整形外科", "機関区分": 2, "都道府県コード": 4, "市区町村コード": 215, "所在地": "宮城県大崎市古川北稲葉１丁目２－２５", "緯度": 38.565319, "経度": 140.955643, "url": "https://www.iryou.teikyouseido.mhlw.go.jp/znk-web/juminkanja/S2430/initialize?prefCd=04&kikanCd=2800415&kikanKbn=2", "url2": "http://nttbj.itp.ne.jp/0229219100/index.html", "内容": "早坂整形外科【2:診療所】【診療科目:0】宮城県大崎市古川北稲葉１丁目２－２５" }, "geometry": { "type": "Point", "coordinates": [ 140.955643, 38.565319 ] } },
{ "type": "Feature", "properties": { "ID": 42800416, "正式名称": "すずき脳神経外科クリニック", "機関区分": 2, "都道府県コード": 4, "市区町村コード": 215, "所在地": "宮城県大崎市古川李埣１丁目１－２３", "緯度": 38.575855, "経度": 140.969818, "url": "https://www.iryou.teikyouseido.mhlw.go.jp/znk-web/juminkanja/S2430/initialize?prefCd=04&kikanCd=2800416&kikanKbn=2", "url2": "http://suzuki-mdclinic.jp", "内容": "すずき脳神経外科クリニック【2:診療所】【診療科目:0】宮城県大崎市古川李埣１丁目１－２３" }, "geometry": { "type": "Point", "coordinates": [ 140.969818, 38.575855 ] } },
{ "type": "Feature", "properties": { "ID": 42800417, "正式名称": "はまざきウィメンズクリニック", "機関区分": 2, "都道府県コード": 4, "市区町村コード": 102, "所在地": "宮城県仙台市宮城野区高砂１丁目１－１５", "緯度": 38.274189, "経度": 140.972305, "url": "https://www.iryou.teikyouseido.mhlw.go.jp/znk-web/juminkanja/S2430/initialize?prefCd=04&kikanCd=2800417&kikanKbn=2", "url2": "http://www.myclinic.ne.jp/hama3711", "内容": "はまざきウィメンズクリニック【2:診療所】【診療科目:0】宮城県仙台市宮城野区高砂１丁目１－１５" }, "geometry": { "type": "Point", "coordinates": [ 140.972305, 38.274189 ] } },
{ "type": "Feature", "properties": { "ID": 42800419, "正式名称": "のろこどもクリニック", "機関区分": 2, "都道府県コード": 4, "市区町村コード": 102, "所在地": "宮城県仙台市宮城野区新田東１丁目８－１　新田東メディカルビル２Ｆ", "緯度": 38.277195, "経度": 140.932632, "url": "https://www.iryou.teikyouseido.mhlw.go.jp/znk-web/juminkanja/S2430/initialize?prefCd=04&kikanCd=2800419&kikanKbn=2", "url2": "http://www.noroclinic.jp", "内容": "のろこどもクリニック【2:診療所】【診療科目:0】宮城県仙台市宮城野区新田東１丁目８－１　新田東メディカルビル２Ｆ" }, "geometry": { "type": "Point", "coordinates": [ 140.932632, 38.277195 ] } },
{ "type": "Feature", "properties": { "ID": 42800424, "正式名称": "仙台駅前内科・糖尿病クリニック", "機関区分": 2, "都道府県コード": 4, "市区町村コード": 102, "所在地": "宮城県仙台市宮城野区榴岡１－２－３７", "緯度": 38.258732, "経度": 140.88472, "url": "https://www.iryou.teikyouseido.mhlw.go.jp/znk-web/juminkanja/S2430/initialize?prefCd=04&kikanCd=2800424&kikanKbn=2", "url2": "https://sendai-dm.com", "内容": "仙台駅前内科・糖尿病クリニック【2:診療所】【診療科目:0】宮城県仙台市宮城野区榴岡１－２－３７" }, "geometry": { "type": "Point", "coordinates": [ 140.88472, 38.258732 ] } },
{ "type": "Feature", "properties": { "ID": 42800425, "正式名称": "田所ハートクリニック", "機関区分": 2, "都道府県コード": 4, "市区町村コード": 102, "所在地": "宮城県仙台市宮城野区岩切字洞ノ口２２９－５", "緯度": 38.304214, "経度": 140.952042, "url": "https://www.iryou.teikyouseido.mhlw.go.jp/znk-web/juminkanja/S2430/initialize?prefCd=04&kikanCd=2800425&kikanKbn=2", "url2": null, "内容": "田所ハートクリニック【2:診療所】【診療科目:0】宮城県仙台市宮城野区岩切字洞ノ口２２９－５" }, "geometry": { "type": "Point", "coordinates": [ 140.952042, 38.304214 ] } },
{ "type": "Feature", "properties": { "ID": 42800431, "正式名称": "メンズライフクリニック　仙台院", "機関区分": 2, "都道府県コード": 4, "市区町村コード": 101, "所在地": "宮城県仙台市青葉区中央２丁目６－３６　中央レントビル５Ｆ", "緯度": 38.261967, "経度": 140.878342, "url": "https://www.iryou.teikyouseido.mhlw.go.jp/znk-web/juminkanja/S2430/initialize?prefCd=04&kikanCd=2800431&kikanKbn=2", "url2": "https://www.mens-life-clinic.com/clinic/sendai/", "内容": "メンズライフクリニック　仙台院【2:診療所】【診療科目:0】宮城県仙台市青葉区中央２丁目６－３６　中央レントビル５Ｆ" }, "geometry": { "type": "Point", "coordinates": [ 140.878342, 38.261967 ] } },
{ "type": "Feature", "properties": { "ID": 42800434, "正式名称": "木下内科クリニック", "機関区分": 2, "都道府県コード": 4, "市区町村コード": 102, "所在地": "宮城県仙台市宮城野区原町２丁目４－４３", "緯度": 38.265499, "経度": 140.905411, "url": "https://www.iryou.teikyouseido.mhlw.go.jp/znk-web/juminkanja/S2430/initialize?prefCd=04&kikanCd=2800434&kikanKbn=2", "url2": "https://kinoshita-naika.com", "内容": "木下内科クリニック【2:診療所】【診療科目:0】宮城県仙台市宮城野区原町２丁目４－４３" }, "geometry": { "type": "Point", "coordinates": [ 140.905411, 38.265499 ] } },
{ "type": "Feature", "properties": { "ID": 42800435, "正式名称": "木村貞之進記念まひと内科クリニック", "機関区分": 2, "都道府県コード": 4, "市区町村コード": 102, "所在地": "宮城県仙台市宮城野区高砂１丁目２４－３９", "緯度": 38.271549, "経度": 140.973175, "url": "https://www.iryou.teikyouseido.mhlw.go.jp/znk-web/juminkanja/S2430/initialize?prefCd=04&kikanCd=2800435&kikanKbn=2", "url2": "http://www.mahito-clinic.com", "内容": "木村貞之進記念まひと内科クリニック【2:診療所】【診療科目:0】宮城県仙台市宮城野区高砂１丁目２４－３９" }, "geometry": { "type": "Point", "coordinates": [ 140.973175, 38.271549 ] } },
{ "type": "Feature", "properties": { "ID": 42800440, "正式名称": "内科・胃腸科　小田原クリニック", "機関区分": 2, "都道府県コード": 4, "市区町村コード": 102, "所在地": "宮城県仙台市宮城野区小田原１丁目６－４０", "緯度": 38.26601, "経度": 140.891142, "url": "https://www.iryou.teikyouseido.mhlw.go.jp/znk-web/juminkanja/S2430/initialize?prefCd=04&kikanCd=2800440&kikanKbn=2", "url2": "https://www.odawaraclinic.com", "内容": "内科・胃腸科　小田原クリニック【2:診療所】【診療科目:0】宮城県仙台市宮城野区小田原１丁目６－４０" }, "geometry": { "type": "Point", "coordinates": [ 140.891142, 38.26601 ] } },
{ "type": "Feature", "properties": { "ID": 42800441, "正式名称": "あいざわクリニック", "機関区分": 2, "都道府県コード": 4, "市区町村コード": 102, "所在地": "宮城県仙台市宮城野区銀杏町２６－７", "緯度": 38.262718, "経度": 140.909805, "url": "https://www.iryou.teikyouseido.mhlw.go.jp/znk-web/juminkanja/S2430/initialize?prefCd=04&kikanCd=2800441&kikanKbn=2", "url2": "http://www.to-aizawa.com", "内容": "あいざわクリニック【2:診療所】【診療科目:0】宮城県仙台市宮城野区銀杏町２６－７" }, "geometry": { "type": "Point", "coordinates": [ 140.909805, 38.262718 ] } },
{ "type": "Feature", "properties": { "ID": 42800443, "正式名称": "みやぎの眼科", "機関区分": 2, "都道府県コード": 4, "市区町村コード": 102, "所在地": "宮城県仙台市宮城野区福田町１ー１０ー４３", "緯度": 38.272968, "経度": 140.95874, "url": "https://www.iryou.teikyouseido.mhlw.go.jp/znk-web/juminkanja/S2430/initialize?prefCd=04&kikanCd=2800443&kikanKbn=2", "url2": null, "内容": "みやぎの眼科【2:診療所】【診療科目:0】宮城県仙台市宮城野区福田町１ー１０ー４３" }, "geometry": { "type": "Point", "coordinates": [ 140.95874, 38.272968 ] } },
{ "type": "Feature", "properties": { "ID": 42800444, "正式名称": "宮城県済生会こどもクリニック", "機関区分": 2, "都道府県コード": 4, "市区町村コード": 216, "所在地": "宮城県富谷市成田８丁目４－６", "緯度": 38.357937, "経度": 140.893127, "url": "https://www.iryou.teikyouseido.mhlw.go.jp/znk-web/juminkanja/S2430/initialize?prefCd=04&kikanCd=2800444&kikanKbn=2", "url2": "https://miyagi-saiseikai.com/", "内容": "宮城県済生会こどもクリニック【2:診療所】【診療科目:0】宮城県富谷市成田８丁目４－６" }, "geometry": { "type": "Point", "coordinates": [ 140.893127, 38.357937 ] } },
{ "type": "Feature", "properties": { "ID": 42800447, "正式名称": "みなとクリニック", "機関区分": 2, "都道府県コード": 4, "市区町村コード": 102, "所在地": "宮城県仙台市宮城野区中野５丁目１番地の１", "緯度": 38.264694, "経度": 140.983368, "url": "https://www.iryou.teikyouseido.mhlw.go.jp/znk-web/juminkanja/S2430/initialize?prefCd=04&kikanCd=2800447&kikanKbn=2", "url2": null, "内容": "みなとクリニック【2:診療所】【診療科目:0】宮城県仙台市宮城野区中野５丁目１番地の１" }, "geometry": { "type": "Point", "coordinates": [ 140.983368, 38.264694 ] } },
{ "type": "Feature", "properties": { "ID": 42800448, "正式名称": "まんてん堂こどもクリニック", "機関区分": 2, "都道府県コード": 4, "市区町村コード": 102, "所在地": "宮城県仙台市宮城野区新田東３－２－７", "緯度": 38.275135, "経度": 140.93779, "url": "https://www.iryou.teikyouseido.mhlw.go.jp/znk-web/juminkanja/S2430/initialize?prefCd=04&kikanCd=2800448&kikanKbn=2", "url2": "https://manten.bz/", "内容": "まんてん堂こどもクリニック【2:診療所】【診療科目:0】宮城県仙台市宮城野区新田東３－２－７" }, "geometry": { "type": "Point", "coordinates": [ 140.93779, 38.275135 ] } },
{ "type": "Feature", "properties": { "ID": 42800449, "正式名称": "福室クリニック", "機関区分": 2, "都道府県コード": 4, "市区町村コード": 102, "所在地": "宮城県仙台市宮城野区福室５−１３−１５", "緯度": 38.281464, "経度": 140.972931, "url": "https://www.iryou.teikyouseido.mhlw.go.jp/znk-web/juminkanja/S2430/initialize?prefCd=04&kikanCd=2800449&kikanKbn=2", "url2": null, "内容": "福室クリニック【2:診療所】【診療科目:0】宮城県仙台市宮城野区福室５−１３−１５" }, "geometry": { "type": "Point", "coordinates": [ 140.972931, 38.281464 ] } },
{ "type": "Feature", "properties": { "ID": 42800450, "正式名称": "福住クリニック", "機関区分": 2, "都道府県コード": 4, "市区町村コード": 102, "所在地": "宮城県仙台市宮城野区福住町４－１６", "緯度": 38.273582, "経度": 140.95137, "url": "https://www.iryou.teikyouseido.mhlw.go.jp/znk-web/juminkanja/S2430/initialize?prefCd=04&kikanCd=2800450&kikanKbn=2", "url2": null, "内容": "福住クリニック【2:診療所】【診療科目:0】宮城県仙台市宮城野区福住町４－１６" }, "geometry": { "type": "Point", "coordinates": [ 140.95137, 38.273582 ] } },
{ "type": "Feature", "properties": { "ID": 42800451, "正式名称": "福井医院", "機関区分": 2, "都道府県コード": 4, "市区町村コード": 102, "所在地": "宮城県仙台市宮城野区東宮城野４－２", "緯度": 38.260506, "経度": 140.920258, "url": "https://www.iryou.teikyouseido.mhlw.go.jp/znk-web/juminkanja/S2430/initialize?prefCd=04&kikanCd=2800451&kikanKbn=2", "url2": null, "内容": "福井医院【2:診療所】【診療科目:0】宮城県仙台市宮城野区東宮城野４－２" }, "geometry": { "type": "Point", "coordinates": [ 140.920258, 38.260506 ] } },
{ "type": "Feature", "properties": { "ID": 42800452, "正式名称": "いずみやまリウマチ整形外科クリニック", "機関区分": 2, "都道府県コード": 4, "市区町村コード": 102, "所在地": "宮城県仙台市宮城野区新田東５丁目１３－１９", "緯度": 38.280778, "経度": 140.933868, "url": "https://www.iryou.teikyouseido.mhlw.go.jp/znk-web/juminkanja/S2430/initialize?prefCd=04&kikanCd=2800452&kikanKbn=2", "url2": "https://www.izumiyama-rheum-ortho.com/", "内容": "いずみやまリウマチ整形外科クリニック【2:診療所】【診療科目:0】宮城県仙台市宮城野区新田東５丁目１３－１９" }, "geometry": { "type": "Point", "coordinates": [ 140.933868, 38.280778 ] } },
{ "type": "Feature", "properties": { "ID": 42800453, "正式名称": "東仙台クリニック", "機関区分": 2, "都道府県コード": 4, "市区町村コード": 102, "所在地": "宮城県仙台市宮城野区東仙台１－７－１", "緯度": 38.27647, "経度": 140.919174, "url": "https://www.iryou.teikyouseido.mhlw.go.jp/znk-web/juminkanja/S2430/initialize?prefCd=04&kikanCd=2800453&kikanKbn=2", "url2": "http://www.higashisendai-cl.com", "内容": "東仙台クリニック【2:診療所】【診療科目:0】宮城県仙台市宮城野区東仙台１－７－１" }, "geometry": { "type": "Point", "coordinates": [ 140.919174, 38.27647 ] } },
{ "type": "Feature", "properties": { "ID": 42800455, "正式名称": "清水内科小児科医院", "機関区分": 2, "都道府県コード": 4, "市区町村コード": 102, "所在地": "宮城県仙台市宮城野区萩野町２丁目１７－６", "緯度": 38.256302, "経度": 140.912125, "url": "https://www.iryou.teikyouseido.mhlw.go.jp/znk-web/juminkanja/S2430/initialize?prefCd=04&kikanCd=2800455&kikanKbn=2", "url2": "http://shimizuiin.info", "内容": "清水内科小児科医院【2:診療所】【診療科目:0】宮城県仙台市宮城野区萩野町２丁目１７－６" }, "geometry": { "type": "Point", "coordinates": [ 140.912125, 38.256302 ] } },
{ "type": "Feature", "properties": { "ID": 42800458, "正式名称": "塩沢消化器内科", "機関区分": 2, "都道府県コード": 4, "市区町村コード": 102, "所在地": "宮城県仙台市宮城野区燕沢２丁目１５－３０", "緯度": 38.28455, "経度": 140.914993, "url": "https://www.iryou.teikyouseido.mhlw.go.jp/znk-web/juminkanja/S2430/initialize?prefCd=04&kikanCd=2800458&kikanKbn=2", "url2": "https://www.sendai-shiozawashoukakinaika.com", "内容": "塩沢消化器内科【2:診療所】【診療科目:0】宮城県仙台市宮城野区燕沢２丁目１５－３０" }, "geometry": { "type": "Point", "coordinates": [ 140.914993, 38.28455 ] } },
{ "type": "Feature", "properties": { "ID": 42800460, "正式名称": "新田東クリニック", "機関区分": 2, "都道府県コード": 4, "市区町村コード": 102, "所在地": "宮城県仙台市宮城野区新田東２丁目１０－４", "緯度": 38.274651, "経度": 140.934601, "url": "https://www.iryou.teikyouseido.mhlw.go.jp/znk-web/juminkanja/S2430/initialize?prefCd=04&kikanCd=2800460&kikanKbn=2", "url2": "http://www.secl.jp", "内容": "新田東クリニック【2:診療所】【診療科目:0】宮城県仙台市宮城野区新田東２丁目１０－４" }, "geometry": { "type": "Point", "coordinates": [ 140.934601, 38.274651 ] } },
{ "type": "Feature", "properties": { "ID": 42800461, "正式名称": "庄司内科小児科医院", "機関区分": 2, "都道府県コード": 4, "市区町村コード": 102, "所在地": "宮城県仙台市宮城野区原町１丁目１－８０", "緯度": 38.263649, "経度": 140.897308, "url": "https://www.iryou.teikyouseido.mhlw.go.jp/znk-web/juminkanja/S2430/initialize?prefCd=04&kikanCd=2800461&kikanKbn=2", "url2": null, "内容": "庄司内科小児科医院【2:診療所】【診療科目:0】宮城県仙台市宮城野区原町１丁目１－８０" }, "geometry": { "type": "Point", "coordinates": [ 140.897308, 38.263649 ] } },
{ "type": "Feature", "properties": { "ID": 42800462, "正式名称": "青空クリニック", "機関区分": 2, "都道府県コード": 4, "市区町村コード": 102, "所在地": "宮城県仙台市宮城野区田子西２丁目８番３号", "緯度": 38.284082, "経度": 140.957623, "url": "https://www.iryou.teikyouseido.mhlw.go.jp/znk-web/juminkanja/S2430/initialize?prefCd=04&kikanCd=2800462&kikanKbn=2", "url2": "http://soracl.com", "内容": "青空クリニック【2:診療所】【診療科目:0】宮城県仙台市宮城野区田子西２丁目８番３号" }, "geometry": { "type": "Point", "coordinates": [ 140.957623, 38.284082 ] } },
{ "type": "Feature", "properties": { "ID": 42800463, "正式名称": "仙台森ビル内科クリニック", "機関区分": 2, "都道府県コード": 4, "市区町村コード": 102, "所在地": "宮城県仙台市宮城野区榴岡４丁目２－３　仙台ＭＴビル２Ｆ", "緯度": 38.259098, "経度": 140.888016, "url": "https://www.iryou.teikyouseido.mhlw.go.jp/znk-web/juminkanja/S2430/initialize?prefCd=04&kikanCd=2800463&kikanKbn=2", "url2": "http://dr-tanno.com", "内容": "仙台森ビル内科クリニック【2:診療所】【診療科目:0】宮城県仙台市宮城野区榴岡４丁目２－３　仙台ＭＴビル２Ｆ" }, "geometry": { "type": "Point", "coordinates": [ 140.888016, 38.259098 ] } },
{ "type": "Feature", "properties": { "ID": 42800464, "正式名称": "仙台ペインクリニック", "機関区分": 2, "都道府県コード": 4, "市区町村コード": 102, "所在地": "宮城県仙台市宮城野区新田東３丁目１４－１", "緯度": 38.272938, "経度": 140.932556, "url": "https://www.iryou.teikyouseido.mhlw.go.jp/znk-web/juminkanja/S2430/initialize?prefCd=04&kikanCd=2800464&kikanKbn=2", "url2": "http://www.itamitoru.jp", "内容": "仙台ペインクリニック【2:診療所】【診療科目:0】宮城県仙台市宮城野区新田東３丁目１４－１" }, "geometry": { "type": "Point", "coordinates": [ 140.932556, 38.272938 ] } },
{ "type": "Feature", "properties": { "ID": 42800466, "正式名称": "せきこどもクリニック", "機関区分": 2, "都道府県コード": 4, "市区町村コード": 102, "所在地": "宮城県仙台市宮城野区福室５丁目９－４０", "緯度": 38.279911, "経度": 140.970993, "url": "https://www.iryou.teikyouseido.mhlw.go.jp/znk-web/juminkanja/S2430/initialize?prefCd=04&kikanCd=2800466&kikanKbn=2", "url2": "https://park.paa.jp/park2/clinics/1700/businesses101", "内容": "せきこどもクリニック【2:診療所】【診療科目:0】宮城県仙台市宮城野区福室５丁目９－４０" }, "geometry": { "type": "Point", "coordinates": [ 140.970993, 38.279911 ] } },
{ "type": "Feature", "properties": { "ID": 42800467, "正式名称": "整形外科・外科神崎クリニック", "機関区分": 2, "都道府県コード": 4, "市区町村コード": 102, "所在地": "宮城県仙台市宮城野区鶴ヶ谷７丁目３１－７", "緯度": 38.289757, "経度": 140.922638, "url": "https://www.iryou.teikyouseido.mhlw.go.jp/znk-web/juminkanja/S2430/initialize?prefCd=04&kikanCd=2800467&kikanKbn=2", "url2": null, "内容": "整形外科・外科神崎クリニック【2:診療所】【診療科目:0】宮城県仙台市宮城野区鶴ヶ谷７丁目３１－７" }, "geometry": { "type": "Point", "coordinates": [ 140.922638, 38.289757 ] } },
{ "type": "Feature", "properties": { "ID": 42800468, "正式名称": "田島内科医院", "機関区分": 2, "都道府県コード": 4, "市区町村コード": 102, "所在地": "宮城県仙台市宮城野区萩野町１丁目１１－１　萩野町Ｍビル１Ｆ", "緯度": 38.257542, "経度": 140.911621, "url": "https://www.iryou.teikyouseido.mhlw.go.jp/znk-web/juminkanja/S2430/initialize?prefCd=04&kikanCd=2800468&kikanKbn=2", "url2": "https://tajima-naika.clinic/", "内容": "田島内科医院【2:診療所】【診療科目:0】宮城県仙台市宮城野区萩野町１丁目１１－１　萩野町Ｍビル１Ｆ" }, "geometry": { "type": "Point", "coordinates": [ 140.911621, 38.257542 ] } },
{ "type": "Feature", "properties": { "ID": 42800471, "正式名称": "タカジン眼科", "機関区分": 2, "都道府県コード": 4, "市区町村コード": 102, "所在地": "宮城県仙台市宮城野区二の森１２－５０", "緯度": 38.278324, "経度": 140.901627, "url": "https://www.iryou.teikyouseido.mhlw.go.jp/znk-web/juminkanja/S2430/initialize?prefCd=04&kikanCd=2800471&kikanKbn=2", "url2": "http://www.takajin-ganka.com", "内容": "タカジン眼科【2:診療所】【診療科目:0】宮城県仙台市宮城野区二の森１２－５０" }, "geometry": { "type": "Point", "coordinates": [ 140.901627, 38.278324 ] } },
{ "type": "Feature", "properties": { "ID": 42800473, "正式名称": "鶴ヶ谷七丁目眼科", "機関区分": 2, "都道府県コード": 4, "市区町村コード": 102, "所在地": "宮城県仙台市宮城野区鶴ヶ谷７－３１－３", "緯度": 38.289551, "経度": 140.921753, "url": "https://www.iryou.teikyouseido.mhlw.go.jp/znk-web/juminkanja/S2430/initialize?prefCd=04&kikanCd=2800473&kikanKbn=2", "url2": null, "内容": "鶴ヶ谷七丁目眼科【2:診療所】【診療科目:0】宮城県仙台市宮城野区鶴ヶ谷７－３１－３" }, "geometry": { "type": "Point", "coordinates": [ 140.921753, 38.289551 ] } },
{ "type": "Feature", "properties": { "ID": 42800477, "正式名称": "桂仁会クリニック", "機関区分": 2, "都道府県コード": 4, "市区町村コード": 102, "所在地": "宮城県仙台市宮城野区榴岡２－２－２３熊林ビル２Ｆ", "緯度": 38.26162, "経度": 140.884109, "url": "https://www.iryou.teikyouseido.mhlw.go.jp/znk-web/juminkanja/S2430/initialize?prefCd=04&kikanCd=2800477&kikanKbn=2", "url2": "https://keijinkai.jp", "内容": "桂仁会クリニック【2:診療所】【診療科目:0】宮城県仙台市宮城野区榴岡２－２－２３熊林ビル２Ｆ" }, "geometry": { "type": "Point", "coordinates": [ 140.884109, 38.26162 ] } },
{ "type": "Feature", "properties": { "ID": 42800478, "正式名称": "経済産業省共済組合産業技術総合研究所支部診療所東北分室", "機関区分": 2, "都道府県コード": 4, "市区町村コード": 102, "所在地": "宮城県仙台市宮城野区苦竹４丁目２－１", "緯度": 38.263847, "経度": 140.929062, "url": "https://www.iryou.teikyouseido.mhlw.go.jp/znk-web/juminkanja/S2430/initialize?prefCd=04&kikanCd=2800478&kikanKbn=2", "url2": null, "内容": "経済産業省共済組合産業技術総合研究所支部診療所東北分室【2:診療所】【診療科目:0】宮城県仙台市宮城野区苦竹４丁目２－１" }, "geometry": { "type": "Point", "coordinates": [ 140.929062, 38.263847 ] } },
{ "type": "Feature", "properties": { "ID": 42800479, "正式名称": "クリニック斎藤泌尿器科", "機関区分": 2, "都道府県コード": 4, "市区町村コード": 102, "所在地": "宮城県仙台市宮城野区鶴ケ谷５丁目２０ー１７", "緯度": 38.295433, "経度": 140.912582, "url": "https://www.iryou.teikyouseido.mhlw.go.jp/znk-web/juminkanja/S2430/initialize?prefCd=04&kikanCd=2800479&kikanKbn=2", "url2": "http://uromiyagi.jp/", "内容": "クリニック斎藤泌尿器科【2:診療所】【診療科目:0】宮城県仙台市宮城野区鶴ケ谷５丁目２０ー１７" }, "geometry": { "type": "Point", "coordinates": [ 140.912582, 38.295433 ] } },
{ "type": "Feature", "properties": { "ID": 42800480, "正式名称": "クリスタル　メンズクリニック", "機関区分": 2, "都道府県コード": 4, "市区町村コード": 102, "所在地": "宮城県仙台市宮城野区榴岡１丁目６－３６　ファインホームビル３Ｆ", "緯度": 38.258148, "経度": 140.884506, "url": "https://www.iryou.teikyouseido.mhlw.go.jp/znk-web/juminkanja/S2430/initialize?prefCd=04&kikanCd=2800480&kikanKbn=2", "url2": "http://www.mencli.com/", "内容": "クリスタル　メンズクリニック【2:診療所】【診療科目:0】宮城県仙台市宮城野区榴岡１丁目６－３６　ファインホームビル３Ｆ" }, "geometry": { "type": "Point", "coordinates": [ 140.884506, 38.258148 ] } },
{ "type": "Feature", "properties": { "ID": 42800482, "正式名称": "野口胃腸内科医院", "機関区分": 2, "都道府県コード": 4, "市区町村コード": 102, "所在地": "宮城県仙台市宮城野区幸町１丁目１７－３２", "緯度": 38.278339, "経度": 140.89537, "url": "https://www.iryou.teikyouseido.mhlw.go.jp/znk-web/juminkanja/S2430/initialize?prefCd=04&kikanCd=2800482&kikanKbn=2", "url2": "http://www.noguchi-clinic.net", "内容": "野口胃腸内科医院【2:診療所】【診療科目:0】宮城県仙台市宮城野区幸町１丁目１７－３２" }, "geometry": { "type": "Point", "coordinates": [ 140.89537, 38.278339 ] } },
{ "type": "Feature", "properties": { "ID": 42800488, "正式名称": "やまだ内科・胃腸科クリニック", "機関区分": 2, "都道府県コード": 4, "市区町村コード": 102, "所在地": "宮城県仙台市宮城野区新田東１丁目８－１　新田東メディカルビル２Ｆ", "緯度": 38.277195, "経度": 140.932632, "url": "https://www.iryou.teikyouseido.mhlw.go.jp/znk-web/juminkanja/S2430/initialize?prefCd=04&kikanCd=2800488&kikanKbn=2", "url2": "http://www.yamadanaikaclinic.jp", "内容": "やまだ内科・胃腸科クリニック【2:診療所】【診療科目:0】宮城県仙台市宮城野区新田東１丁目８－１　新田東メディカルビル２Ｆ" }, "geometry": { "type": "Point", "coordinates": [ 140.932632, 38.277195 ] } },
{ "type": "Feature", "properties": { "ID": 42800489, "正式名称": "森川小児科アレルギー科クリニック", "機関区分": 2, "都道府県コード": 4, "市区町村コード": 102, "所在地": "宮城県仙台市宮城野区小田原弓ノ町１００ー１", "緯度": 38.264717, "経度": 140.888489, "url": "https://www.iryou.teikyouseido.mhlw.go.jp/znk-web/juminkanja/S2430/initialize?prefCd=04&kikanCd=2800489&kikanKbn=2", "url2": "http://www.morikawa-ped.com/", "内容": "森川小児科アレルギー科クリニック【2:診療所】【診療科目:0】宮城県仙台市宮城野区小田原弓ノ町１００ー１" }, "geometry": { "type": "Point", "coordinates": [ 140.888489, 38.264717 ] } },
{ "type": "Feature", "properties": { "ID": 42800490, "正式名称": "桃野レディースクリニック", "機関区分": 2, "都道府県コード": 4, "市区町村コード": 102, "所在地": "宮城県仙台市宮城野区五輪２丁目１４－１０", "緯度": 38.266636, "経度": 140.91153, "url": "https://www.iryou.teikyouseido.mhlw.go.jp/znk-web/juminkanja/S2430/initialize?prefCd=04&kikanCd=2800490&kikanKbn=2", "url2": null, "内容": "桃野レディースクリニック【2:診療所】【診療科目:0】宮城県仙台市宮城野区五輪２丁目１４－１０" }, "geometry": { "type": "Point", "coordinates": [ 140.91153, 38.266636 ] } },
{ "type": "Feature", "properties": { "ID": 42800491, "正式名称": "医療法人拓明会　宮林こどもクリニック", "機関区分": 2, "都道府県コード": 4, "市区町村コード": 102, "所在地": "宮城県仙台市宮城野区岩切今市東１８－２", "緯度": 38.300781, "経度": 140.941742, "url": "https://www.iryou.teikyouseido.mhlw.go.jp/znk-web/juminkanja/S2430/initialize?prefCd=04&kikanCd=2800491&kikanKbn=2", "url2": "http://www.miyabayashi-kodomo.com/", "内容": "医療法人拓明会　宮林こどもクリニック【2:診療所】【診療科目:0】宮城県仙台市宮城野区岩切今市東１８－２" }, "geometry": { "type": "Point", "coordinates": [ 140.941742, 38.300781 ] } },
{ "type": "Feature", "properties": { "ID": 42800492, "正式名称": "宮千代内科クリニック", "機関区分": 2, "都道府県コード": 4, "市区町村コード": 102, "所在地": "宮城県仙台市宮城野区宮千代２－１９－７", "緯度": 38.253437, "経度": 140.913483, "url": "https://www.iryou.teikyouseido.mhlw.go.jp/znk-web/juminkanja/S2430/initialize?prefCd=04&kikanCd=2800492&kikanKbn=2", "url2": "https://www.miyachiyonaika.com/", "内容": "宮千代内科クリニック【2:診療所】【診療科目:0】宮城県仙台市宮城野区宮千代２－１９－７" }, "geometry": { "type": "Point", "coordinates": [ 140.913483, 38.253437 ] } },
{ "type": "Feature", "properties": { "ID": 42800493, "正式名称": "宮千代　加藤内科医院", "機関区分": 2, "都道府県コード": 4, "市区町村コード": 102, "所在地": "宮城県仙台市宮城野区宮千代１丁目２－９", "緯度": 38.252831, "経度": 140.910751, "url": "https://www.iryou.teikyouseido.mhlw.go.jp/znk-web/juminkanja/S2430/initialize?prefCd=04&kikanCd=2800493&kikanKbn=2", "url2": "http://www.geocities.jp/m_kato_clinic/", "内容": "宮千代　加藤内科医院【2:診療所】【診療科目:0】宮城県仙台市宮城野区宮千代１丁目２－９" }, "geometry": { "type": "Point", "coordinates": [ 140.910751, 38.252831 ] } },
{ "type": "Feature", "properties": { "ID": 42800494, "正式名称": "みやぎの内科クリニック", "機関区分": 2, "都道府県コード": 4, "市区町村コード": 102, "所在地": "宮城県仙台市宮城野区宮城野１－２１－７", "緯度": 38.256565, "経度": 140.899918, "url": "https://www.iryou.teikyouseido.mhlw.go.jp/znk-web/juminkanja/S2430/initialize?prefCd=04&kikanCd=2800494&kikanKbn=2", "url2": "http://www.asahi-net.or.jp/~sj8t-hsnm/", "内容": "みやぎの内科クリニック【2:診療所】【診療科目:0】宮城県仙台市宮城野区宮城野１－２１－７" }, "geometry": { "type": "Point", "coordinates": [ 140.899918, 38.256565 ] } },
{ "type": "Feature", "properties": { "ID": 42800495, "正式名称": "のむら内科心療内科クリニック", "機関区分": 2, "都道府県コード": 4, "市区町村コード": 102, "所在地": "宮城県仙台市宮城野区岩切１－２６－２７", "緯度": 38.295105, "経度": 140.938354, "url": "https://www.iryou.teikyouseido.mhlw.go.jp/znk-web/juminkanja/S2430/initialize?prefCd=04&kikanCd=2800495&kikanKbn=2", "url2": "http://www.nomura-psm.net/", "内容": "のむら内科心療内科クリニック【2:診療所】【診療科目:0】宮城県仙台市宮城野区岩切１－２６－２７" }, "geometry": { "type": "Point", "coordinates": [ 140.938354, 38.295105 ] } },
{ "type": "Feature", "properties": { "ID": 42800497, "正式名称": "中林耳鼻咽喉科医院", "機関区分": 2, "都道府県コード": 4, "市区町村コード": 102, "所在地": "宮城県仙台市宮城野区鶴ケ谷７丁目３１－６", "緯度": 38.289722, "経度": 140.922409, "url": "https://www.iryou.teikyouseido.mhlw.go.jp/znk-web/juminkanja/S2430/initialize?prefCd=04&kikanCd=2800497&kikanKbn=2", "url2": "http://nakabayashi-jibika.seesaa.net/", "内容": "中林耳鼻咽喉科医院【2:診療所】【診療科目:0】宮城県仙台市宮城野区鶴ケ谷７丁目３１－６" }, "geometry": { "type": "Point", "coordinates": [ 140.922409, 38.289722 ] } },
{ "type": "Feature", "properties": { "ID": 42800500, "正式名称": "永井小児科医院", "機関区分": 2, "都道府県コード": 4, "市区町村コード": 102, "所在地": "宮城県仙台市宮城野区宮城野１丁目２５－１０", "緯度": 38.256454, "経度": 140.89801, "url": "https://www.iryou.teikyouseido.mhlw.go.jp/znk-web/juminkanja/S2430/initialize?prefCd=04&kikanCd=2800500&kikanKbn=2", "url2": "http://nagai-children-clinic.jp/", "内容": "永井小児科医院【2:診療所】【診療科目:0】宮城県仙台市宮城野区宮城野１丁目２５－１０" }, "geometry": { "type": "Point", "coordinates": [ 140.89801, 38.256454 ] } },
{ "type": "Feature", "properties": { "ID": 42800502, "正式名称": "医療法人武隈会　さとう純整形外科クリニック", "機関区分": 2, "都道府県コード": 4, "市区町村コード": 211, "所在地": "宮城県岩沼市たけくま２丁目４－１１", "緯度": 38.108353, "経度": 140.855637, "url": "https://www.iryou.teikyouseido.mhlw.go.jp/znk-web/juminkanja/S2430/initialize?prefCd=04&kikanCd=2800502&kikanKbn=2", "url2": "http://www.satojun-clinic.com", "内容": "医療法人武隈会　さとう純整形外科クリニック【2:診療所】【診療科目:0】宮城県岩沼市たけくま２丁目４－１１" }, "geometry": { "type": "Point", "coordinates": [ 140.855637, 38.108353 ] } },
{ "type": "Feature", "properties": { "ID": 42800503, "正式名称": "医療法人北嶺会　おなかのクリニック", "機関区分": 2, "都道府県コード": 4, "市区町村コード": 211, "所在地": "宮城県岩沼市たけくま２－４－１７", "緯度": 38.108273, "経度": 140.856491, "url": "https://www.iryou.teikyouseido.mhlw.go.jp/znk-web/juminkanja/S2430/initialize?prefCd=04&kikanCd=2800503&kikanKbn=2", "url2": null, "内容": "医療法人北嶺会　おなかのクリニック【2:診療所】【診療科目:0】宮城県岩沼市たけくま２－４－１７" }, "geometry": { "type": "Point", "coordinates": [ 140.856491, 38.108273 ] } },
{ "type": "Feature", "properties": { "ID": 42800504, "正式名称": "西陵内科", "機関区分": 2, "都道府県コード": 4, "市区町村コード": 211, "所在地": "宮城県岩沼市土ケ崎３丁目８－８", "緯度": 38.113354, "経度": 140.857651, "url": "https://www.iryou.teikyouseido.mhlw.go.jp/znk-web/juminkanja/S2430/initialize?prefCd=04&kikanCd=2800504&kikanKbn=2", "url2": "http://seiryo-naika.jimdo.com", "内容": "西陵内科【2:診療所】【診療科目:0】宮城県岩沼市土ケ崎３丁目８－８" }, "geometry": { "type": "Point", "coordinates": [ 140.857651, 38.113354 ] } },
{ "type": "Feature", "properties": { "ID": 42800506, "正式名称": "山田内科医院", "機関区分": 2, "都道府県コード": 4, "市区町村コード": 209, "所在地": "宮城県多賀城市下馬３丁目３３－３", "緯度": 38.304726, "経度": 141.019241, "url": "https://www.iryou.teikyouseido.mhlw.go.jp/znk-web/juminkanja/S2430/initialize?prefCd=04&kikanCd=2800506&kikanKbn=2", "url2": null, "内容": "山田内科医院【2:診療所】【診療科目:0】宮城県多賀城市下馬３丁目３３－３" }, "geometry": { "type": "Point", "coordinates": [ 141.019241, 38.304726 ] } },
{ "type": "Feature", "properties": { "ID": 42800507, "正式名称": "多賀城みやばやしキッズクリニック", "機関区分": 2, "都道府県コード": 4, "市区町村コード": 209, "所在地": "宮城県多賀城市城南１丁目１１－４５", "緯度": 38.299194, "経度": 140.98928, "url": "https://www.iryou.teikyouseido.mhlw.go.jp/znk-web/juminkanja/S2430/initialize?prefCd=04&kikanCd=2800507&kikanKbn=2", "url2": "https://miya-kids-clinic.com", "内容": "多賀城みやばやしキッズクリニック【2:診療所】【診療科目:0】宮城県多賀城市城南１丁目１１－４５" }, "geometry": { "type": "Point", "coordinates": [ 140.98928, 38.299194 ] } },
{ "type": "Feature", "properties": { "ID": 42800509, "正式名称": "一般社団法人　あかざ　多賀城えきまえ皮膚科", "機関区分": 2, "都道府県コード": 4, "市区町村コード": 209, "所在地": "宮城県多賀城市東田中２丁目４０ー３２　１０５", "緯度": 38.29076, "経度": 141.001846, "url": "https://www.iryou.teikyouseido.mhlw.go.jp/znk-web/juminkanja/S2430/initialize?prefCd=04&kikanCd=2800509&kikanKbn=2", "url2": "https://www.tagajohihu.com", "内容": "一般社団法人　あかざ　多賀城えきまえ皮膚科【2:診療所】【診療科目:0】宮城県多賀城市東田中２丁目４０ー３２　１０５" }, "geometry": { "type": "Point", "coordinates": [ 141.001846, 38.29076 ] } },
{ "type": "Feature", "properties": { "ID": 42800510, "正式名称": "公益財団法人宮城厚生協会坂総合クリニック", "機関区分": 2, "都道府県コード": 4, "市区町村コード": 209, "所在地": "宮城県多賀城市下馬２－１３－７", "緯度": 38.305996, "経度": 141.015839, "url": "https://www.iryou.teikyouseido.mhlw.go.jp/znk-web/juminkanja/S2430/initialize?prefCd=04&kikanCd=2800510&kikanKbn=2", "url2": "http://www.m-kousei.com/saka/", "内容": "公益財団法人宮城厚生協会坂総合クリニック【2:診療所】【診療科目:0】宮城県多賀城市下馬２－１３－７" }, "geometry": { "type": "Point", "coordinates": [ 141.015839, 38.305996 ] } },
{ "type": "Feature", "properties": { "ID": 42800511, "正式名称": "くろさわ脳外科画像診断クリニック", "機関区分": 2, "都道府県コード": 4, "市区町村コード": 203, "所在地": "宮城県塩竈市錦町６－３２", "緯度": 38.309971, "経度": 141.019226, "url": "https://www.iryou.teikyouseido.mhlw.go.jp/znk-web/juminkanja/S2430/initialize?prefCd=04&kikanCd=2800511&kikanKbn=2", "url2": "https://kurosawansclinic.wixsite.com/page", "内容": "くろさわ脳外科画像診断クリニック【2:診療所】【診療科目:0】宮城県塩竈市錦町６－３２" }, "geometry": { "type": "Point", "coordinates": [ 141.019226, 38.309971 ] } },
{ "type": "Feature", "properties": { "ID": 42800512, "正式名称": "医療法人　恵仁会　笠神ハートクリニック", "機関区分": 2, "都道府県コード": 4, "市区町村コード": 209, "所在地": "宮城県多賀城市笠神４丁目６－１６", "緯度": 38.302265, "経度": 141.032867, "url": "https://www.iryou.teikyouseido.mhlw.go.jp/znk-web/juminkanja/S2430/initialize?prefCd=04&kikanCd=2800512&kikanKbn=2", "url2": null, "内容": "医療法人　恵仁会　笠神ハートクリニック【2:診療所】【診療科目:0】宮城県多賀城市笠神４丁目６－１６" }, "geometry": { "type": "Point", "coordinates": [ 141.032867, 38.302265 ] } },
{ "type": "Feature", "properties": { "ID": 42800513, "正式名称": "神経科多賀城メンタルクリニック", "機関区分": 2, "都道府県コード": 4, "市区町村コード": 209, "所在地": "宮城県多賀城市八幡３丁目６－２１", "緯度": 38.290024, "経度": 141.00882, "url": "https://www.iryou.teikyouseido.mhlw.go.jp/znk-web/juminkanja/S2430/initialize?prefCd=04&kikanCd=2800513&kikanKbn=2", "url2": "http://www.tagajomental.jp", "内容": "神経科多賀城メンタルクリニック【2:診療所】【診療科目:0】宮城県多賀城市八幡３丁目６－２１" }, "geometry": { "type": "Point", "coordinates": [ 141.00882, 38.290024 ] } },
{ "type": "Feature", "properties": { "ID": 42800514, "正式名称": "防衛省陸上自衛隊多賀城駐屯地医務室", "機関区分": 2, "都道府県コード": 4, "市区町村コード": 209, "所在地": "宮城県多賀城市丸山２丁目１－１", "緯度": 38.292042, "経度": 141.029617, "url": "https://www.iryou.teikyouseido.mhlw.go.jp/znk-web/juminkanja/S2430/initialize?prefCd=04&kikanCd=2800514&kikanKbn=2", "url2": null, "内容": "防衛省陸上自衛隊多賀城駐屯地医務室【2:診療所】【診療科目:0】宮城県多賀城市丸山２丁目１－１" }, "geometry": { "type": "Point", "coordinates": [ 141.029617, 38.292042 ] } },
{ "type": "Feature", "properties": { "ID": 42800516, "正式名称": "橋本皮膚科医院", "機関区分": 2, "都道府県コード": 4, "市区町村コード": 209, "所在地": "宮城県多賀城市鶴ヶ谷２丁目２０－１２", "緯度": 38.297104, "経度": 141.017542, "url": "https://www.iryou.teikyouseido.mhlw.go.jp/znk-web/juminkanja/S2430/initialize?prefCd=04&kikanCd=2800516&kikanKbn=2", "url2": null, "内容": "橋本皮膚科医院【2:診療所】【診療科目:0】宮城県多賀城市鶴ヶ谷２丁目２０－１２" }, "geometry": { "type": "Point", "coordinates": [ 141.017542, 38.297104 ] } },
{ "type": "Feature", "properties": { "ID": 42800517, "正式名称": "医療法人社団　関口内科胃腸科医院", "機関区分": 2, "都道府県コード": 4, "市区町村コード": 209, "所在地": "宮城県多賀城市八幡３丁目５－９", "緯度": 38.291138, "経度": 141.009415, "url": "https://www.iryou.teikyouseido.mhlw.go.jp/znk-web/juminkanja/S2430/initialize?prefCd=04&kikanCd=2800517&kikanKbn=2", "url2": null, "内容": "医療法人社団　関口内科胃腸科医院【2:診療所】【診療科目:0】宮城県多賀城市八幡３丁目５－９" }, "geometry": { "type": "Point", "coordinates": [ 141.009415, 38.291138 ] } },
{ "type": "Feature", "properties": { "ID": 42800518, "正式名称": "おおば医院", "機関区分": 2, "都道府県コード": 4, "市区町村コード": 209, "所在地": "宮城県多賀城市下馬３丁目１－２８", "緯度": 38.30394, "経度": 141.017487, "url": "https://www.iryou.teikyouseido.mhlw.go.jp/znk-web/juminkanja/S2430/initialize?prefCd=04&kikanCd=2800518&kikanKbn=2", "url2": null, "内容": "おおば医院【2:診療所】【診療科目:0】宮城県多賀城市下馬３丁目１－２８" }, "geometry": { "type": "Point", "coordinates": [ 141.017487, 38.30394 ] } },
{ "type": "Feature", "properties": { "ID": 42800519, "正式名称": "仙塩診療所", "機関区分": 2, "都道府県コード": 4, "市区町村コード": 209, "所在地": "宮城県多賀城市伝上山１丁目５－５", "緯度": 38.297771, "経度": 141.010483, "url": "https://www.iryou.teikyouseido.mhlw.go.jp/znk-web/juminkanja/S2430/initialize?prefCd=04&kikanCd=2800519&kikanKbn=2", "url2": null, "内容": "仙塩診療所【2:診療所】【診療科目:0】宮城県多賀城市伝上山１丁目５－５" }, "geometry": { "type": "Point", "coordinates": [ 141.010483, 38.297771 ] } },
{ "type": "Feature", "properties": { "ID": 42800520, "正式名称": "おおしろファミリークリニック", "機関区分": 2, "都道府県コード": 4, "市区町村コード": 209, "所在地": "宮城県多賀城市笠神４－８－３", "緯度": 38.30266, "経度": 141.03355, "url": "https://www.iryou.teikyouseido.mhlw.go.jp/znk-web/juminkanja/S2430/initialize?prefCd=04&kikanCd=2800520&kikanKbn=2", "url2": "http://oshiro-familyclinic.jp/", "内容": "おおしろファミリークリニック【2:診療所】【診療科目:0】宮城県多賀城市笠神４－８－３" }, "geometry": { "type": "Point", "coordinates": [ 141.03355, 38.30266 ] } },
{ "type": "Feature", "properties": { "ID": 42800521, "正式名称": "多賀城腎・泌尿器クリニック", "機関区分": 2, "都道府県コード": 4, "市区町村コード": 209, "所在地": "宮城県多賀城市桜木１丁目１－２０", "緯度": 38.289635, "経度": 141.011917, "url": "https://www.iryou.teikyouseido.mhlw.go.jp/znk-web/juminkanja/S2430/initialize?prefCd=04&kikanCd=2800521&kikanKbn=2", "url2": "https://www.tagajo-clinic.com", "内容": "多賀城腎・泌尿器クリニック【2:診療所】【診療科目:0】宮城県多賀城市桜木１丁目１－２０" }, "geometry": { "type": "Point", "coordinates": [ 141.011917, 38.289635 ] } },
{ "type": "Feature", "properties": { "ID": 42800522, "正式名称": "医療法人社団多賀城アイクリニック", "機関区分": 2, "都道府県コード": 4, "市区町村コード": 209, "所在地": "宮城県多賀城市八幡２丁目１６－４１", "緯度": 38.285206, "経度": 141.00116, "url": "https://www.iryou.teikyouseido.mhlw.go.jp/znk-web/juminkanja/S2430/initialize?prefCd=04&kikanCd=2800522&kikanKbn=2", "url2": null, "内容": "医療法人社団多賀城アイクリニック【2:診療所】【診療科目:0】宮城県多賀城市八幡２丁目１６－４１" }, "geometry": { "type": "Point", "coordinates": [ 141.00116, 38.285206 ] } },
{ "type": "Feature", "properties": { "ID": 42800523, "正式名称": "医療法人　浅井整形外科医院", "機関区分": 2, "都道府県コード": 4, "市区町村コード": 209, "所在地": "宮城県多賀城市鶴ヶ谷２丁目１８－１", "緯度": 38.29652, "経度": 141.018402, "url": "https://www.iryou.teikyouseido.mhlw.go.jp/znk-web/juminkanja/S2430/initialize?prefCd=04&kikanCd=2800523&kikanKbn=2", "url2": null, "内容": "医療法人　浅井整形外科医院【2:診療所】【診療科目:0】宮城県多賀城市鶴ヶ谷２丁目１８－１" }, "geometry": { "type": "Point", "coordinates": [ 141.018402, 38.29652 ] } },
{ "type": "Feature", "properties": { "ID": 42800524, "正式名称": "医療法人　山田憲一内科医院", "機関区分": 2, "都道府県コード": 4, "市区町村コード": 209, "所在地": "宮城県多賀城市山王字中山王１３－１", "緯度": 38.298163, "経度": 140.976424, "url": "https://www.iryou.teikyouseido.mhlw.go.jp/znk-web/juminkanja/S2430/initialize?prefCd=04&kikanCd=2800524&kikanKbn=2", "url2": "http://homepage2.nifty.com/yamaken1/", "内容": "医療法人　山田憲一内科医院【2:診療所】【診療科目:0】宮城県多賀城市山王字中山王１３－１" }, "geometry": { "type": "Point", "coordinates": [ 140.976424, 38.298163 ] } },
{ "type": "Feature", "properties": { "ID": 42800525, "正式名称": "今井医院", "機関区分": 2, "都道府県コード": 4, "市区町村コード": 209, "所在地": "宮城県多賀城市八幡２丁目１２－７０", "緯度": 38.287582, "経度": 141.000061, "url": "https://www.iryou.teikyouseido.mhlw.go.jp/znk-web/juminkanja/S2430/initialize?prefCd=04&kikanCd=2800525&kikanKbn=2", "url2": null, "内容": "今井医院【2:診療所】【診療科目:0】宮城県多賀城市八幡２丁目１２－７０" }, "geometry": { "type": "Point", "coordinates": [ 141.000061, 38.287582 ] } },
{ "type": "Feature", "properties": { "ID": 42800531, "正式名称": "医療法人松涛会南浜中央病院　附属みなみはまクリニック", "機関区分": 2, "都道府県コード": 4, "市区町村コード": 211, "所在地": "宮城県岩沼市館下１－３－１７", "緯度": 38.110638, "経度": 140.864487, "url": "https://www.iryou.teikyouseido.mhlw.go.jp/znk-web/juminkanja/S2430/initialize?prefCd=04&kikanCd=2800531&kikanKbn=2", "url2": "http://www.minamihama.or.jp", "内容": "医療法人松涛会南浜中央病院　附属みなみはまクリニック【2:診療所】【診療科目:0】宮城県岩沼市館下１－３－１７" }, "geometry": { "type": "Point", "coordinates": [ 140.864487, 38.110638 ] } },
{ "type": "Feature", "properties": { "ID": 42800533, "正式名称": "医療法人もくせい会　守健診内科", "機関区分": 2, "都道府県コード": 4, "市区町村コード": 207, "所在地": "宮城県名取市増田１丁目９－２１", "緯度": 38.16756, "経度": 140.88783, "url": "https://www.iryou.teikyouseido.mhlw.go.jp/znk-web/juminkanja/S2430/initialize?prefCd=04&kikanCd=2800533&kikanKbn=2", "url2": "https://moriken-naika.com", "内容": "医療法人もくせい会　守健診内科【2:診療所】【診療科目:0】宮城県名取市増田１丁目９－２１" }, "geometry": { "type": "Point", "coordinates": [ 140.88783, 38.16756 ] } },
{ "type": "Feature", "properties": { "ID": 42800537, "正式名称": "医療法人社団さくら有鄰堂　板橋眼科医院", "機関区分": 2, "都道府県コード": 4, "市区町村コード": 211, "所在地": "宮城県岩沼市桜４丁目６－１６", "緯度": 38.112015, "経度": 140.869766, "url": "https://www.iryou.teikyouseido.mhlw.go.jp/znk-web/juminkanja/S2430/initialize?prefCd=04&kikanCd=2800537&kikanKbn=2", "url2": null, "内容": "医療法人社団さくら有鄰堂　板橋眼科医院【2:診療所】【診療科目:0】宮城県岩沼市桜４丁目６－１６" }, "geometry": { "type": "Point", "coordinates": [ 140.869766, 38.112015 ] } },
{ "type": "Feature", "properties": { "ID": 42800538, "正式名称": "安田内科医院", "機関区分": 2, "都道府県コード": 4, "市区町村コード": 211, "所在地": "宮城県岩沼市大手町８－１１", "緯度": 38.107262, "経度": 140.865906, "url": "https://www.iryou.teikyouseido.mhlw.go.jp/znk-web/juminkanja/S2430/initialize?prefCd=04&kikanCd=2800538&kikanKbn=2", "url2": null, "内容": "安田内科医院【2:診療所】【診療科目:0】宮城県岩沼市大手町８－１１" }, "geometry": { "type": "Point", "coordinates": [ 140.865906, 38.107262 ] } },
{ "type": "Feature", "properties": { "ID": 42800539, "正式名称": "医療法人みやぎ青葉会　佐藤医院", "機関区分": 2, "都道府県コード": 4, "市区町村コード": 211, "所在地": "宮城県岩沼市中央１丁目４ー１３", "緯度": 38.109829, "経度": 140.868744, "url": "https://www.iryou.teikyouseido.mhlw.go.jp/znk-web/juminkanja/S2430/initialize?prefCd=04&kikanCd=2800539&kikanKbn=2", "url2": "https://www.satoiwanuma.com/", "内容": "医療法人みやぎ青葉会　佐藤医院【2:診療所】【診療科目:0】宮城県岩沼市中央１丁目４ー１３" }, "geometry": { "type": "Point", "coordinates": [ 140.868744, 38.109829 ] } },
{ "type": "Feature", "properties": { "ID": 42800542, "正式名称": "医療法人　五葉会　山本クリニック", "機関区分": 2, "都道府県コード": 4, "市区町村コード": 211, "所在地": "宮城県岩沼市中央１丁目３－１２", "緯度": 38.104252, "経度": 140.86676, "url": "https://www.iryou.teikyouseido.mhlw.go.jp/znk-web/juminkanja/S2430/initialize?prefCd=04&kikanCd=2800542&kikanKbn=2", "url2": "http://yamamoto-gni.jp", "内容": "医療法人　五葉会　山本クリニック【2:診療所】【診療科目:0】宮城県岩沼市中央１丁目３－１２" }, "geometry": { "type": "Point", "coordinates": [ 140.86676, 38.104252 ] } },
{ "type": "Feature", "properties": { "ID": 42800543, "正式名称": "医療法人社団武優会　森整形外科クリニック", "機関区分": 2, "都道府県コード": 4, "市区町村コード": 211, "所在地": "宮城県岩沼市桜１丁目１－１１", "緯度": 38.105198, "経度": 140.867813, "url": "https://www.iryou.teikyouseido.mhlw.go.jp/znk-web/juminkanja/S2430/initialize?prefCd=04&kikanCd=2800543&kikanKbn=2", "url2": "http://website2.infomity.net/8070333/", "内容": "医療法人社団武優会　森整形外科クリニック【2:診療所】【診療科目:0】宮城県岩沼市桜１丁目１－１１" }, "geometry": { "type": "Point", "coordinates": [ 140.867813, 38.105198 ] } },
{ "type": "Feature", "properties": { "ID": 42800548, "正式名称": "本郷医院", "機関区分": 2, "都道府県コード": 4, "市区町村コード": 211, "所在地": "宮城県岩沼市中央", "緯度": 38.113205, "経度": 140.868332, "url": "https://www.iryou.teikyouseido.mhlw.go.jp/znk-web/juminkanja/S2430/initialize?prefCd=04&kikanCd=2800548&kikanKbn=2", "url2": "http://www.hongo-iin.com/", "内容": "本郷医院【2:診療所】【診療科目:0】宮城県岩沼市中央" }, "geometry": { "type": "Point", "coordinates": [ 140.868332, 38.113205 ] } },
{ "type": "Feature", "properties": { "ID": 42800549, "正式名称": "医療法人　社団　みやぎ清耀会　緑の里クリニック", "機関区分": 2, "都道府県コード": 4, "市区町村コード": 211, "所在地": "宮城県岩沼市北長谷字畑向山南２７－２", "緯度": 38.10857, "経度": 140.841141, "url": "https://www.iryou.teikyouseido.mhlw.go.jp/znk-web/juminkanja/S2430/initialize?prefCd=04&kikanCd=2800549&kikanKbn=2", "url2": "http://www.midorino-sato.com/", "内容": "医療法人　社団　みやぎ清耀会　緑の里クリニック【2:診療所】【診療科目:0】宮城県岩沼市北長谷字畑向山南２７－２" }, "geometry": { "type": "Point", "coordinates": [ 140.841141, 38.10857 ] } },
{ "type": "Feature", "properties": { "ID": 42800550, "正式名称": "岩沼泌尿器科クリニック", "機関区分": 2, "都道府県コード": 4, "市区町村コード": 211, "所在地": "宮城県岩沼市末広２丁目３－１８", "緯度": 38.111557, "経度": 140.876511, "url": "https://www.iryou.teikyouseido.mhlw.go.jp/znk-web/juminkanja/S2430/initialize?prefCd=04&kikanCd=2800550&kikanKbn=2", "url2": null, "内容": "岩沼泌尿器科クリニック【2:診療所】【診療科目:0】宮城県岩沼市末広２丁目３－１８" }, "geometry": { "type": "Point", "coordinates": [ 140.876511, 38.111557 ] } },
{ "type": "Feature", "properties": { "ID": 42800551, "正式名称": "いなり眼科", "機関区分": 2, "都道府県コード": 4, "市区町村コード": 211, "所在地": "宮城県岩沼市館下１丁目３－１５", "緯度": 38.110626, "経度": 140.864716, "url": "https://www.iryou.teikyouseido.mhlw.go.jp/znk-web/juminkanja/S2430/initialize?prefCd=04&kikanCd=2800551&kikanKbn=2", "url2": null, "内容": "いなり眼科【2:診療所】【診療科目:0】宮城県岩沼市館下１丁目３－１５" }, "geometry": { "type": "Point", "coordinates": [ 140.864716, 38.110626 ] } },
{ "type": "Feature", "properties": { "ID": 42800552, "正式名称": "医療法人社団　森川内科医院　森川こどもクリニック", "機関区分": 2, "都道府県コード": 4, "市区町村コード": 211, "所在地": "宮城県岩沼市土ケ崎４丁目１－１２", "緯度": 38.112549, "経度": 140.856903, "url": "https://www.iryou.teikyouseido.mhlw.go.jp/znk-web/juminkanja/S2430/initialize?prefCd=04&kikanCd=2800552&kikanKbn=2", "url2": null, "内容": "医療法人社団　森川内科医院　森川こどもクリニック【2:診療所】【診療科目:0】宮城県岩沼市土ケ崎４丁目１－１２" }, "geometry": { "type": "Point", "coordinates": [ 140.856903, 38.112549 ] } },
{ "type": "Feature", "properties": { "ID": 42800554, "正式名称": "医療法人社団益和会　富谷医院", "機関区分": 2, "都道府県コード": 4, "市区町村コード": 216, "所在地": "宮城県富谷市ひより台一丁目４５番地１", "緯度": 38.400246, "経度": 140.884323, "url": "https://www.iryou.teikyouseido.mhlw.go.jp/znk-web/juminkanja/S2430/initialize?prefCd=04&kikanCd=2800554&kikanKbn=2", "url2": "http://www.tomiyaiin.jp", "内容": "医療法人社団益和会　富谷医院【2:診療所】【診療科目:0】宮城県富谷市ひより台一丁目４５番地１" }, "geometry": { "type": "Point", "coordinates": [ 140.884323, 38.400246 ] } },
{ "type": "Feature", "properties": { "ID": 42800557, "正式名称": "渋谷クリニック", "機関区分": 2, "都道府県コード": 4, "市区町村コード": 216, "所在地": "宮城県富谷市日吉台２丁目３８－１０", "緯度": 38.37907, "経度": 140.865372, "url": "https://www.iryou.teikyouseido.mhlw.go.jp/znk-web/juminkanja/S2430/initialize?prefCd=04&kikanCd=2800557&kikanKbn=2", "url2": null, "内容": "渋谷クリニック【2:診療所】【診療科目:0】宮城県富谷市日吉台２丁目３８－１０" }, "geometry": { "type": "Point", "coordinates": [ 140.865372, 38.37907 ] } },
{ "type": "Feature", "properties": { "ID": 42800560, "正式名称": "明石台内科", "機関区分": 2, "都道府県コード": 4, "市区町村コード": 216, "所在地": "宮城県富谷市明石台５丁目１－４", "緯度": 38.348763, "経度": 140.890381, "url": "https://www.iryou.teikyouseido.mhlw.go.jp/znk-web/juminkanja/S2430/initialize?prefCd=04&kikanCd=2800560&kikanKbn=2", "url2": null, "内容": "明石台内科【2:診療所】【診療科目:0】宮城県富谷市明石台５丁目１－４" }, "geometry": { "type": "Point", "coordinates": [ 140.890381, 38.348763 ] } },
{ "type": "Feature", "properties": { "ID": 42800562, "正式名称": "医療法人社団　中谷クリニック", "機関区分": 2, "都道府県コード": 4, "市区町村コード": 216, "所在地": "宮城県富谷市成田２丁目１－３", "緯度": 38.363789, "経度": 140.887115, "url": "https://www.iryou.teikyouseido.mhlw.go.jp/znk-web/juminkanja/S2430/initialize?prefCd=04&kikanCd=2800562&kikanKbn=2", "url2": null, "内容": "医療法人社団　中谷クリニック【2:診療所】【診療科目:0】宮城県富谷市成田２丁目１－３" }, "geometry": { "type": "Point", "coordinates": [ 140.887115, 38.363789 ] } },
{ "type": "Feature", "properties": { "ID": 42800563, "正式名称": "医療法人社団上桜木しんがい脳神経外科", "機関区分": 2, "都道府県コード": 4, "市区町村コード": 216, "所在地": "宮城県富谷市上桜木２丁目３－１４", "緯度": 38.361755, "経度": 140.879425, "url": "https://www.iryou.teikyouseido.mhlw.go.jp/znk-web/juminkanja/S2430/initialize?prefCd=04&kikanCd=2800563&kikanKbn=2", "url2": "http://shingai.byoinnavi.jp/pc/index.html", "内容": "医療法人社団上桜木しんがい脳神経外科【2:診療所】【診療科目:0】宮城県富谷市上桜木２丁目３－１４" }, "geometry": { "type": "Point", "coordinates": [ 140.879425, 38.361755 ] } },
{ "type": "Feature", "properties": { "ID": 42800564, "正式名称": "新富谷Ｓ・Ｓレディースクリニック", "機関区分": 2, "都道府県コード": 4, "市区町村コード": 216, "所在地": "宮城県富谷市成田９丁目１－２０", "緯度": 38.363239, "経度": 140.887238, "url": "https://www.iryou.teikyouseido.mhlw.go.jp/znk-web/juminkanja/S2430/initialize?prefCd=04&kikanCd=2800564&kikanKbn=2", "url2": "http://www.sslc.jp", "内容": "新富谷Ｓ・Ｓレディースクリニック【2:診療所】【診療科目:0】宮城県富谷市成田９丁目１－２０" }, "geometry": { "type": "Point", "coordinates": [ 140.887238, 38.363239 ] } },
{ "type": "Feature", "properties": { "ID": 42800565, "正式名称": "日吉台きむら内科", "機関区分": 2, "都道府県コード": 4, "市区町村コード": 216, "所在地": "宮城県富谷市日吉台１－２１－１", "緯度": 38.369766, "経度": 140.864594, "url": "https://www.iryou.teikyouseido.mhlw.go.jp/znk-web/juminkanja/S2430/initialize?prefCd=04&kikanCd=2800565&kikanKbn=2", "url2": "http://www.hkclinic.jp", "内容": "日吉台きむら内科【2:診療所】【診療科目:0】宮城県富谷市日吉台１－２１－１" }, "geometry": { "type": "Point", "coordinates": [ 140.864594, 38.369766 ] } },
{ "type": "Feature", "properties": { "ID": 42800566, "正式名称": "医療法人恵尚会　Ｔｏｗｎ　Ｃｌｉｎｉｃ　ｅｎ", "機関区分": 2, "都道府県コード": 4, "市区町村コード": 216, "所在地": "宮城県富谷市明石台７丁目１－５", "緯度": 38.346252, "経度": 140.901184, "url": "https://www.iryou.teikyouseido.mhlw.go.jp/znk-web/juminkanja/S2430/initialize?prefCd=04&kikanCd=2800566&kikanKbn=2", "url2": "https://townclinic-en.jp/", "内容": "医療法人恵尚会　Ｔｏｗｎ　Ｃｌｉｎｉｃ　ｅｎ【2:診療所】【診療科目:0】宮城県富谷市明石台７丁目１－５" }, "geometry": { "type": "Point", "coordinates": [ 140.901184, 38.346252 ] } },
{ "type": "Feature", "properties": { "ID": 42800567, "正式名称": "医療法人社団ひかる会のりこ小児科", "機関区分": 2, "都道府県コード": 4, "市区町村コード": 216, "所在地": "宮城県富谷市日吉台２丁目２４－２", "緯度": 38.376942, "経度": 140.862839, "url": "https://www.iryou.teikyouseido.mhlw.go.jp/znk-web/juminkanja/S2430/initialize?prefCd=04&kikanCd=2800567&kikanKbn=2", "url2": null, "内容": "医療法人社団ひかる会のりこ小児科【2:診療所】【診療科目:0】宮城県富谷市日吉台２丁目２４－２" }, "geometry": { "type": "Point", "coordinates": [ 140.862839, 38.376942 ] } },
{ "type": "Feature", "properties": { "ID": 42800568, "正式名称": "医療法人社団　青藍会　亘理整形外科", "機関区分": 2, "都道府県コード": 4, "市区町村コード": 361, "所在地": "宮城県亘理郡亘理町逢隈鹿島字寺前南２７", "緯度": 38.044548, "経度": 140.849472, "url": "https://www.iryou.teikyouseido.mhlw.go.jp/znk-web/juminkanja/S2430/initialize?prefCd=04&kikanCd=2800568&kikanKbn=2", "url2": null, "内容": "医療法人社団　青藍会　亘理整形外科【2:診療所】【診療科目:0】宮城県亘理郡亘理町逢隈鹿島字寺前南２７" }, "geometry": { "type": "Point", "coordinates": [ 140.849472, 38.044548 ] } },
{ "type": "Feature", "properties": { "ID": 42800570, "正式名称": "板橋胃腸科肛門科", "機関区分": 2, "都道府県コード": 4, "市区町村コード": 361, "所在地": "宮城県亘理郡亘理町逢隈中泉字沼添７４－１", "緯度": 38.07872, "経度": 140.87442, "url": "https://www.iryou.teikyouseido.mhlw.go.jp/znk-web/juminkanja/S2430/initialize?prefCd=04&kikanCd=2800570&kikanKbn=2", "url2": null, "内容": "板橋胃腸科肛門科【2:診療所】【診療科目:0】宮城県亘理郡亘理町逢隈中泉字沼添７４－１" }, "geometry": { "type": "Point", "coordinates": [ 140.87442, 38.07872 ] } },
{ "type": "Feature", "properties": { "ID": 42800571, "正式名称": "わたり眼科", "機関区分": 2, "都道府県コード": 4, "市区町村コード": 361, "所在地": "宮城県亘理郡亘理町字新町６２－１２", "緯度": 38.03648, "経度": 140.859375, "url": "https://www.iryou.teikyouseido.mhlw.go.jp/znk-web/juminkanja/S2430/initialize?prefCd=04&kikanCd=2800571&kikanKbn=2", "url2": null, "内容": "わたり眼科【2:診療所】【診療科目:0】宮城県亘理郡亘理町字新町６２－１２" }, "geometry": { "type": "Point", "coordinates": [ 140.859375, 38.03648 ] } },
{ "type": "Feature", "properties": { "ID": 42800572, "正式名称": "亘理浅野眼科医院", "機関区分": 2, "都道府県コード": 4, "市区町村コード": 361, "所在地": "宮城県亘理郡亘理町新町２４", "緯度": 38.035969, "経度": 140.856964, "url": "https://www.iryou.teikyouseido.mhlw.go.jp/znk-web/juminkanja/S2430/initialize?prefCd=04&kikanCd=2800572&kikanKbn=2", "url2": "https://watari-asano.com", "内容": "亘理浅野眼科医院【2:診療所】【診療科目:0】宮城県亘理郡亘理町新町２４" }, "geometry": { "type": "Point", "coordinates": [ 140.856964, 38.035969 ] } },
{ "type": "Feature", "properties": { "ID": 42800575, "正式名称": "脳外科内科すずきクリニック", "機関区分": 2, "都道府県コード": 4, "市区町村コード": 211, "所在地": "宮城県岩沼市桑原４丁目１１ー１８", "緯度": 38.100449, "経度": 140.85997, "url": "https://www.iryou.teikyouseido.mhlw.go.jp/znk-web/juminkanja/S2430/initialize?prefCd=04&kikanCd=2800575&kikanKbn=2", "url2": "https://ngsuzuki.com", "内容": "脳外科内科すずきクリニック【2:診療所】【診療科目:0】宮城県岩沼市桑原４丁目１１ー１８" }, "geometry": { "type": "Point", "coordinates": [ 140.85997, 38.100449 ] } },
{ "type": "Feature", "properties": { "ID": 42800576, "正式名称": "柿沼循環器科", "機関区分": 2, "都道府県コード": 4, "市区町村コード": 361, "所在地": "宮城県亘理郡亘理町逢隈中泉字中１７８－１", "緯度": 38.079357, "経度": 140.874634, "url": "https://www.iryou.teikyouseido.mhlw.go.jp/znk-web/juminkanja/S2430/initialize?prefCd=04&kikanCd=2800576&kikanKbn=2", "url2": null, "内容": "柿沼循環器科【2:診療所】【診療科目:0】宮城県亘理郡亘理町逢隈中泉字中１７８－１" }, "geometry": { "type": "Point", "coordinates": [ 140.874634, 38.079357 ] } },
{ "type": "Feature", "properties": { "ID": 42800577, "正式名称": "こばやし整形外科クリニック", "機関区分": 2, "都道府県コード": 4, "市区町村コード": 207, "所在地": "宮城県名取市田高字原５９７", "緯度": 38.180309, "経度": 140.876343, "url": "https://www.iryou.teikyouseido.mhlw.go.jp/znk-web/juminkanja/S2430/initialize?prefCd=04&kikanCd=2800577&kikanKbn=2", "url2": "http://www.natori-seikeigeka.com/", "内容": "こばやし整形外科クリニック【2:診療所】【診療科目:0】宮城県名取市田高字原５９７" }, "geometry": { "type": "Point", "coordinates": [ 140.876343, 38.180309 ] } },
{ "type": "Feature", "properties": { "ID": 42800579, "正式名称": "医療法人　三浦クリニック", "機関区分": 2, "都道府県コード": 4, "市区町村コード": 361, "所在地": "宮城県亘理郡亘理町新町５３番地２", "緯度": 38.037536, "経度": 140.857965, "url": "https://www.iryou.teikyouseido.mhlw.go.jp/znk-web/juminkanja/S2430/initialize?prefCd=04&kikanCd=2800579&kikanKbn=2", "url2": "http://www14.plala.or.jp/miuracln/", "内容": "医療法人　三浦クリニック【2:診療所】【診療科目:0】宮城県亘理郡亘理町新町５３番地２" }, "geometry": { "type": "Point", "coordinates": [ 140.857965, 38.037536 ] } },
{ "type": "Feature", "properties": { "ID": 42800580, "正式名称": "きくち皮フ科", "機関区分": 2, "都道府県コード": 4, "市区町村コード": 361, "所在地": "宮城県亘理郡亘理町狐塚２", "緯度": 38.039135, "経度": 140.867676, "url": "https://www.iryou.teikyouseido.mhlw.go.jp/znk-web/juminkanja/S2430/initialize?prefCd=04&kikanCd=2800580&kikanKbn=2", "url2": null, "内容": "きくち皮フ科【2:診療所】【診療科目:0】宮城県亘理郡亘理町狐塚２" }, "geometry": { "type": "Point", "coordinates": [ 140.867676, 38.039135 ] } },
{ "type": "Feature", "properties": { "ID": 42800582, "正式名称": "高橋内科乳腺外科", "機関区分": 2, "都道府県コード": 4, "市区町村コード": 361, "所在地": "宮城県亘理郡亘理町逢隈中泉字沼添７３－１", "緯度": 38.078987, "経度": 140.874557, "url": "https://www.iryou.teikyouseido.mhlw.go.jp/znk-web/juminkanja/S2430/initialize?prefCd=04&kikanCd=2800582&kikanKbn=2", "url2": null, "内容": "高橋内科乳腺外科【2:診療所】【診療科目:0】宮城県亘理郡亘理町逢隈中泉字沼添７３－１" }, "geometry": { "type": "Point", "coordinates": [ 140.874557, 38.078987 ] } },
{ "type": "Feature", "properties": { "ID": 42800587, "正式名称": "長澤整形外科クリニック", "機関区分": 2, "都道府県コード": 4, "市区町村コード": 216, "所在地": "宮城県富谷市富ヶ丘２丁目１１－１２", "緯度": 38.363647, "経度": 140.866592, "url": "https://www.iryou.teikyouseido.mhlw.go.jp/znk-web/juminkanja/S2430/initialize?prefCd=04&kikanCd=2800587&kikanKbn=2", "url2": null, "内容": "長澤整形外科クリニック【2:診療所】【診療科目:0】宮城県富谷市富ヶ丘２丁目１１－１２" }, "geometry": { "type": "Point", "coordinates": [ 140.866592, 38.363647 ] } },
{ "type": "Feature", "properties": { "ID": 42800588, "正式名称": "医療法人社団　健秀会　富ケ丘内科・アレルギー科", "機関区分": 2, "都道府県コード": 4, "市区町村コード": 216, "所在地": "宮城県富谷市富ケ丘２－１１－４４", "緯度": 38.364651, "経度": 140.867477, "url": "https://www.iryou.teikyouseido.mhlw.go.jp/znk-web/juminkanja/S2430/initialize?prefCd=04&kikanCd=2800588&kikanKbn=2", "url2": "http://tomigaokanaika.jp/", "内容": "医療法人社団　健秀会　富ケ丘内科・アレルギー科【2:診療所】【診療科目:0】宮城県富谷市富ケ丘２－１１－４４" }, "geometry": { "type": "Point", "coordinates": [ 140.867477, 38.364651 ] } },
{ "type": "Feature", "properties": { "ID": 42800589, "正式名称": "たいとみ胃腸内科医院", "機関区分": 2, "都道府県コード": 4, "市区町村コード": 216, "所在地": "宮城県富谷市日吉台２丁目３４－２－１", "緯度": 38.378283, "経度": 140.862804, "url": "https://www.iryou.teikyouseido.mhlw.go.jp/znk-web/juminkanja/S2430/initialize?prefCd=04&kikanCd=2800589&kikanKbn=2", "url2": "https://taitomi-icho.jp/", "内容": "たいとみ胃腸内科医院【2:診療所】【診療科目:0】宮城県富谷市日吉台２丁目３４－２－１" }, "geometry": { "type": "Point", "coordinates": [ 140.862804, 38.378283 ] } },
{ "type": "Feature", "properties": { "ID": 42800591, "正式名称": "県南ありのまま舎診療所", "機関区分": 2, "都道府県コード": 4, "市区町村コード": 361, "所在地": "宮城県亘理郡亘理町字旧舘６１－７", "緯度": 38.034081, "経度": 140.849546, "url": "https://www.iryou.teikyouseido.mhlw.go.jp/znk-web/juminkanja/S2430/initialize?prefCd=04&kikanCd=2800591&kikanKbn=2", "url2": "http://www.arinomama.or.jp/", "内容": "県南ありのまま舎診療所【2:診療所】【診療科目:0】宮城県亘理郡亘理町字旧舘６１－７" }, "geometry": { "type": "Point", "coordinates": [ 140.849546, 38.034081 ] } },
{ "type": "Feature", "properties": { "ID": 42800592, "正式名称": "医療法人さくら会　さくら整形外科クリニック", "機関区分": 2, "都道府県コード": 4, "市区町村コード": 361, "所在地": "宮城県亘理郡亘理町字東郷１５５－１", "緯度": 38.041004, "経度": 140.866709, "url": "https://www.iryou.teikyouseido.mhlw.go.jp/znk-web/juminkanja/S2430/initialize?prefCd=04&kikanCd=2800592&kikanKbn=2", "url2": "http://www.sakura-seikei-clinic.com", "内容": "医療法人さくら会　さくら整形外科クリニック【2:診療所】【診療科目:0】宮城県亘理郡亘理町字東郷１５５－１" }, "geometry": { "type": "Point", "coordinates": [ 140.866709, 38.041004 ] } },
{ "type": "Feature", "properties": { "ID": 42800593, "正式名称": "山形外科医院", "機関区分": 2, "都道府県コード": 4, "市区町村コード": 361, "所在地": "宮城県亘理郡亘理町旧舘１７－１", "緯度": 38.034489, "経度": 140.852356, "url": "https://www.iryou.teikyouseido.mhlw.go.jp/znk-web/juminkanja/S2430/initialize?prefCd=04&kikanCd=2800593&kikanKbn=2", "url2": "https://yamagatageka.com", "内容": "山形外科医院【2:診療所】【診療科目:0】宮城県亘理郡亘理町旧舘１７－１" }, "geometry": { "type": "Point", "coordinates": [ 140.852356, 38.034489 ] } },
{ "type": "Feature", "properties": { "ID": 42800595, "正式名称": "熊谷内科医院", "機関区分": 2, "都道府県コード": 4, "市区町村コード": 361, "所在地": "宮城県亘理郡亘理町字中町東１７１－１", "緯度": 38.03429, "経度": 140.857437, "url": "https://www.iryou.teikyouseido.mhlw.go.jp/znk-web/juminkanja/S2430/initialize?prefCd=04&kikanCd=2800595&kikanKbn=2", "url2": null, "内容": "熊谷内科医院【2:診療所】【診療科目:0】宮城県亘理郡亘理町字中町東１７１－１" }, "geometry": { "type": "Point", "coordinates": [ 140.857437, 38.03429 ] } },
{ "type": "Feature", "properties": { "ID": 42800596, "正式名称": "大友医院", "機関区分": 2, "都道府県コード": 4, "市区町村コード": 361, "所在地": "宮城県亘理郡亘理町字下小路１８－１", "緯度": 38.037422, "経度": 140.853653, "url": "https://www.iryou.teikyouseido.mhlw.go.jp/znk-web/juminkanja/S2430/initialize?prefCd=04&kikanCd=2800596&kikanKbn=2", "url2": "http://www.otomo-clinic.jp/", "内容": "大友医院【2:診療所】【診療科目:0】宮城県亘理郡亘理町字下小路１８－１" }, "geometry": { "type": "Point", "coordinates": [ 140.853653, 38.037422 ] } },
{ "type": "Feature", "properties": { "ID": 42800597, "正式名称": "医療法人社団　三上医院", "機関区分": 2, "都道府県コード": 4, "市区町村コード": 361, "所在地": "宮城県亘理郡亘理町字裏城戸１７９－１", "緯度": 38.029544, "経度": 140.859345, "url": "https://www.iryou.teikyouseido.mhlw.go.jp/znk-web/juminkanja/S2430/initialize?prefCd=04&kikanCd=2800597&kikanKbn=2", "url2": "http://www.mikamihp.jp", "内容": "医療法人社団　三上医院【2:診療所】【診療科目:0】宮城県亘理郡亘理町字裏城戸１７９－１" }, "geometry": { "type": "Point", "coordinates": [ 140.859345, 38.029544 ] } },
{ "type": "Feature", "properties": { "ID": 42800601, "正式名称": "今野外科整形外科", "機関区分": 2, "都道府県コード": 4, "市区町村コード": 103, "所在地": "宮城県仙台市若林区南鍛冶町１９６", "緯度": 38.246113, "経度": 140.88913, "url": "https://www.iryou.teikyouseido.mhlw.go.jp/znk-web/juminkanja/S2430/initialize?prefCd=04&kikanCd=2800601&kikanKbn=2", "url2": null, "内容": "今野外科整形外科【2:診療所】【診療科目:0】宮城県仙台市若林区南鍛冶町１９６" }, "geometry": { "type": "Point", "coordinates": [ 140.88913, 38.246113 ] } },
{ "type": "Feature", "properties": { "ID": 42800604, "正式名称": "栗原市立瀬峰診療所", "機関区分": 2, "都道府県コード": 4, "市区町村コード": 213, "所在地": "宮城県栗原市瀬峰長者原３７番地２", "緯度": 38.656947, "経度": 141.064244, "url": "https://www.iryou.teikyouseido.mhlw.go.jp/znk-web/juminkanja/S2430/initialize?prefCd=04&kikanCd=2800604&kikanKbn=2", "url2": null, "内容": "栗原市立瀬峰診療所【2:診療所】【診療科目:0】宮城県栗原市瀬峰長者原３７番地２" }, "geometry": { "type": "Point", "coordinates": [ 141.064244, 38.656947 ] } },
{ "type": "Feature", "properties": { "ID": 42800605, "正式名称": "高橋ハートクリニック", "機関区分": 2, "都道府県コード": 4, "市区町村コード": 213, "所在地": "宮城県栗原市瀬峰下田１７０―３", "緯度": 38.651352, "経度": 141.075867, "url": "https://www.iryou.teikyouseido.mhlw.go.jp/znk-web/juminkanja/S2430/initialize?prefCd=04&kikanCd=2800605&kikanKbn=2", "url2": null, "内容": "高橋ハートクリニック【2:診療所】【診療科目:0】宮城県栗原市瀬峰下田１７０―３" }, "geometry": { "type": "Point", "coordinates": [ 141.075867, 38.651352 ] } },
{ "type": "Feature", "properties": { "ID": 42800606, "正式名称": "まるき内科クリニック", "機関区分": 2, "都道府県コード": 4, "市区町村コード": 213, "所在地": "宮城県栗原市志波姫堀口十文字１－１", "緯度": 38.735756, "経度": 141.02681, "url": "https://www.iryou.teikyouseido.mhlw.go.jp/znk-web/juminkanja/S2430/initialize?prefCd=04&kikanCd=2800606&kikanKbn=2", "url2": "http://maruki-clinic.com", "内容": "まるき内科クリニック【2:診療所】【診療科目:0】宮城県栗原市志波姫堀口十文字１－１" }, "geometry": { "type": "Point", "coordinates": [ 141.02681, 38.735756 ] } },
{ "type": "Feature", "properties": { "ID": 42800607, "正式名称": "伊礼整形外科", "機関区分": 2, "都道府県コード": 4, "市区町村コード": 213, "所在地": "宮城県栗原市築館高田二丁目二番２０号", "緯度": 38.728733, "経度": 141.026031, "url": "https://www.iryou.teikyouseido.mhlw.go.jp/znk-web/juminkanja/S2430/initialize?prefCd=04&kikanCd=2800607&kikanKbn=2", "url2": "https://ireiseikei.wixsite.com/home", "内容": "伊礼整形外科【2:診療所】【診療科目:0】宮城県栗原市築館高田二丁目二番２０号" }, "geometry": { "type": "Point", "coordinates": [ 141.026031, 38.728733 ] } },
{ "type": "Feature", "properties": { "ID": 42800609, "正式名称": "あさの眼科医院", "機関区分": 2, "都道府県コード": 4, "市区町村コード": 213, "所在地": "宮城県栗原市築館伊豆４丁目５－１５", "緯度": 38.730236, "経度": 141.026306, "url": "https://www.iryou.teikyouseido.mhlw.go.jp/znk-web/juminkanja/S2430/initialize?prefCd=04&kikanCd=2800609&kikanKbn=2", "url2": null, "内容": "あさの眼科医院【2:診療所】【診療科目:0】宮城県栗原市築館伊豆４丁目５－１５" }, "geometry": { "type": "Point", "coordinates": [ 141.026306, 38.730236 ] } },
{ "type": "Feature", "properties": { "ID": 42800611, "正式名称": "せんだいＧ＆Ａクリニック", "機関区分": 2, "都道府県コード": 4, "市区町村コード": 103, "所在地": "宮城県仙台市若林区荒井東１丁目３－１　Ｅａｓｔ　Ｆｏｒｔ　２階", "緯度": 38.246376, "経度": 140.95108, "url": "https://www.iryou.teikyouseido.mhlw.go.jp/znk-web/juminkanja/S2430/initialize?prefCd=04&kikanCd=2800611&kikanKbn=2", "url2": null, "内容": "せんだいＧ＆Ａクリニック【2:診療所】【診療科目:0】宮城県仙台市若林区荒井東１丁目３－１　Ｅａｓｔ　Ｆｏｒｔ　２階" }, "geometry": { "type": "Point", "coordinates": [ 140.95108, 38.246376 ] } },
{ "type": "Feature", "properties": { "ID": 42800613, "正式名称": "長島内科医院", "機関区分": 2, "都道府県コード": 4, "市区町村コード": 103, "所在地": "宮城県仙台市若林区一本杉町", "緯度": 38.244667, "経度": 140.903885, "url": "https://www.iryou.teikyouseido.mhlw.go.jp/znk-web/juminkanja/S2430/initialize?prefCd=04&kikanCd=2800613&kikanKbn=2", "url2": null, "内容": "長島内科医院【2:診療所】【診療科目:0】宮城県仙台市若林区一本杉町" }, "geometry": { "type": "Point", "coordinates": [ 140.903885, 38.244667 ] } },
{ "type": "Feature", "properties": { "ID": 42800615, "正式名称": "特別養護老人ホーム　リズムタウン仙台診察室", "機関区分": 2, "都道府県コード": 4, "市区町村コード": 105, "所在地": "宮城県仙台市泉区古内字坂ノ上１６－６", "緯度": 38.320809, "経度": 140.843619, "url": "https://www.iryou.teikyouseido.mhlw.go.jp/znk-web/juminkanja/S2430/initialize?prefCd=04&kikanCd=2800615&kikanKbn=2", "url2": null, "内容": "特別養護老人ホーム　リズムタウン仙台診察室【2:診療所】【診療科目:0】宮城県仙台市泉区古内字坂ノ上１６－６" }, "geometry": { "type": "Point", "coordinates": [ 140.843619, 38.320809 ] } },
{ "type": "Feature", "properties": { "ID": 42800618, "正式名称": "医療法人若林浜田クリニック", "機関区分": 2, "都道府県コード": 4, "市区町村コード": 103, "所在地": "宮城県仙台市若林区若林１丁目１３－５－２", "緯度": 38.233673, "経度": 140.89563, "url": "https://www.iryou.teikyouseido.mhlw.go.jp/znk-web/juminkanja/S2430/initialize?prefCd=04&kikanCd=2800618&kikanKbn=2", "url2": "http://w-hamada-clinic.com", "内容": "医療法人若林浜田クリニック【2:診療所】【診療科目:0】宮城県仙台市若林区若林１丁目１３－５－２" }, "geometry": { "type": "Point", "coordinates": [ 140.89563, 38.233673 ] } },
{ "type": "Feature", "properties": { "ID": 42800622, "正式名称": "医療法人社団真裕会西尾美栄子整形外科", "機関区分": 2, "都道府県コード": 4, "市区町村コード": 103, "所在地": "宮城県仙台市若林区上飯田１ー８ー２１", "緯度": 38.220528, "経度": 140.915741, "url": "https://www.iryou.teikyouseido.mhlw.go.jp/znk-web/juminkanja/S2430/initialize?prefCd=04&kikanCd=2800622&kikanKbn=2", "url2": "http://www.nishiomieko-seikei.com", "内容": "医療法人社団真裕会西尾美栄子整形外科【2:診療所】【診療科目:0】宮城県仙台市若林区上飯田１ー８ー２１" }, "geometry": { "type": "Point", "coordinates": [ 140.915741, 38.220528 ] } },
{ "type": "Feature", "properties": { "ID": 42800623, "正式名称": "岩渕医院", "機関区分": 2, "都道府県コード": 4, "市区町村コード": 213, "所在地": "宮城県栗原市栗駒岩ケ崎上小路１５４－４", "緯度": 38.83138, "経度": 140.990404, "url": "https://www.iryou.teikyouseido.mhlw.go.jp/znk-web/juminkanja/S2430/initialize?prefCd=04&kikanCd=2800623&kikanKbn=2", "url2": "https://www.iwabuchiiin.com/", "内容": "岩渕医院【2:診療所】【診療科目:0】宮城県栗原市栗駒岩ケ崎上小路１５４－４" }, "geometry": { "type": "Point", "coordinates": [ 140.990404, 38.83138 ] } },
{ "type": "Feature", "properties": { "ID": 42800624, "正式名称": "平田内科", "機関区分": 2, "都道府県コード": 4, "市区町村コード": 213, "所在地": "宮城県栗原市栗駒岩ケ崎上小路１３３－２", "緯度": 38.831739, "経度": 140.989026, "url": "https://www.iryou.teikyouseido.mhlw.go.jp/znk-web/juminkanja/S2430/initialize?prefCd=04&kikanCd=2800624&kikanKbn=2", "url2": null, "内容": "平田内科【2:診療所】【診療科目:0】宮城県栗原市栗駒岩ケ崎上小路１３３－２" }, "geometry": { "type": "Point", "coordinates": [ 140.989026, 38.831739 ] } },
{ "type": "Feature", "properties": { "ID": 42800625, "正式名称": "ほそや小児科", "機関区分": 2, "都道府県コード": 4, "市区町村コード": 213, "所在地": "宮城県栗原市栗駒岩ケ崎神南２７－４", "緯度": 38.831478, "経度": 140.998688, "url": "https://www.iryou.teikyouseido.mhlw.go.jp/znk-web/juminkanja/S2430/initialize?prefCd=04&kikanCd=2800625&kikanKbn=2", "url2": null, "内容": "ほそや小児科【2:診療所】【診療科目:0】宮城県栗原市栗駒岩ケ崎神南２７－４" }, "geometry": { "type": "Point", "coordinates": [ 140.998688, 38.831478 ] } },
{ "type": "Feature", "properties": { "ID": 42800627, "正式名称": "公益財団法人宮城厚生協会くりこまクリニック", "機関区分": 2, "都道府県コード": 4, "市区町村コード": 213, "所在地": "宮城県栗原市栗駒岩ケ崎上小路１５３", "緯度": 38.831599, "経度": 140.989939, "url": "https://www.iryou.teikyouseido.mhlw.go.jp/znk-web/juminkanja/S2430/initialize?prefCd=04&kikanCd=2800627&kikanKbn=2", "url2": null, "内容": "公益財団法人宮城厚生協会くりこまクリニック【2:診療所】【診療科目:0】宮城県栗原市栗駒岩ケ崎上小路１５３" }, "geometry": { "type": "Point", "coordinates": [ 140.989939, 38.831599 ] } },
{ "type": "Feature", "properties": { "ID": 42800628, "正式名称": "医療法人　社団　龍仁会　萩野診療所", "機関区分": 2, "都道府県コード": 4, "市区町村コード": 213, "所在地": "宮城県栗原市金成有壁上原前４－７", "緯度": 38.869095, "経度": 141.121567, "url": "https://www.iryou.teikyouseido.mhlw.go.jp/znk-web/juminkanja/S2430/initialize?prefCd=04&kikanCd=2800628&kikanKbn=2", "url2": null, "内容": "医療法人　社団　龍仁会　萩野診療所【2:診療所】【診療科目:0】宮城県栗原市金成有壁上原前４－７" }, "geometry": { "type": "Point", "coordinates": [ 141.121567, 38.869095 ] } },
{ "type": "Feature", "properties": { "ID": 42800629, "正式名称": "栗原市立高清水診療所", "機関区分": 2, "都道府県コード": 4, "市区町村コード": 213, "所在地": "宮城県栗原市高清水桜丁７", "緯度": 38.657043, "経度": 141.013092, "url": "https://www.iryou.teikyouseido.mhlw.go.jp/znk-web/juminkanja/S2430/initialize?prefCd=04&kikanCd=2800629&kikanKbn=2", "url2": "https://www.kuriharacity.jp/w042/010/010/010/020/010/16076.html", "内容": "栗原市立高清水診療所【2:診療所】【診療科目:0】宮城県栗原市高清水桜丁７" }, "geometry": { "type": "Point", "coordinates": [ 141.013092, 38.657043 ] } },
{ "type": "Feature", "properties": { "ID": 42800632, "正式名称": "佐瀬眼科医院", "機関区分": 2, "都道府県コード": 4, "市区町村コード": 103, "所在地": "宮城県仙台市若林区荒町２０", "緯度": 38.248402, "経度": 140.886124, "url": "https://www.iryou.teikyouseido.mhlw.go.jp/znk-web/juminkanja/S2430/initialize?prefCd=04&kikanCd=2800632&kikanKbn=2", "url2": null, "内容": "佐瀬眼科医院【2:診療所】【診療科目:0】宮城県仙台市若林区荒町２０" }, "geometry": { "type": "Point", "coordinates": [ 140.886124, 38.248402 ] } },
{ "type": "Feature", "properties": { "ID": 42800634, "正式名称": "仙台産業医科診療所", "機関区分": 2, "都道府県コード": 4, "市区町村コード": 103, "所在地": "宮城県仙台市若林区六丁の目西町１－４３", "緯度": 38.252426, "経度": 140.93222, "url": "https://www.iryou.teikyouseido.mhlw.go.jp/znk-web/juminkanja/S2430/initialize?prefCd=04&kikanCd=2800634&kikanKbn=2", "url2": "http://www.sendaisangyo.jp/", "内容": "仙台産業医科診療所【2:診療所】【診療科目:0】宮城県仙台市若林区六丁の目西町１－４３" }, "geometry": { "type": "Point", "coordinates": [ 140.93222, 38.252426 ] } },
{ "type": "Feature", "properties": { "ID": 42800638, "正式名称": "新寺内科", "機関区分": 2, "都道府県コード": 4, "市区町村コード": 103, "所在地": "宮城県仙台市若林区新寺１丁目８－１　コープエステートビル２階", "緯度": 38.254093, "経度": 140.884232, "url": "https://www.iryou.teikyouseido.mhlw.go.jp/znk-web/juminkanja/S2430/initialize?prefCd=04&kikanCd=2800638&kikanKbn=2", "url2": "https://sites.google.com/site/sinteranaika/", "内容": "新寺内科【2:診療所】【診療科目:0】宮城県仙台市若林区新寺１丁目８－１　コープエステートビル２階" }, "geometry": { "type": "Point", "coordinates": [ 140.884232, 38.254093 ] } },
{ "type": "Feature", "properties": { "ID": 42800644, "正式名称": "仙台市急患センター", "機関区分": 2, "都道府県コード": 4, "市区町村コード": 103, "所在地": "宮城県仙台市若林区舟丁６４－１２", "緯度": 38.242447, "経度": 140.886566, "url": "https://www.iryou.teikyouseido.mhlw.go.jp/znk-web/juminkanja/S2430/initialize?prefCd=04&kikanCd=2800644&kikanKbn=2", "url2": "http://www.sendai-emsf.jp/", "内容": "仙台市急患センター【2:診療所】【診療科目:0】宮城県仙台市若林区舟丁６４－１２" }, "geometry": { "type": "Point", "coordinates": [ 140.886566, 38.242447 ] } },
{ "type": "Feature", "properties": { "ID": 42800645, "正式名称": "東部内科医院", "機関区分": 2, "都道府県コード": 4, "市区町村コード": 103, "所在地": "宮城県仙台市若林区六丁の目中町１ー５７", "緯度": 38.251095, "経度": 140.937775, "url": "https://www.iryou.teikyouseido.mhlw.go.jp/znk-web/juminkanja/S2430/initialize?prefCd=04&kikanCd=2800645&kikanKbn=2", "url2": null, "内容": "東部内科医院【2:診療所】【診療科目:0】宮城県仙台市若林区六丁の目中町１ー５７" }, "geometry": { "type": "Point", "coordinates": [ 140.937775, 38.251095 ] } },
{ "type": "Feature", "properties": { "ID": 42800646, "正式名称": "社会福祉法人　敬長福祉会特別養護老人ホーム　チアフル遠見塚", "機関区分": 2, "都道府県コード": 4, "市区町村コード": 103, "所在地": "宮城県仙台市若林区遠見塚１丁目１４－３０", "緯度": 38.237255, "経度": 140.909607, "url": "https://www.iryou.teikyouseido.mhlw.go.jp/znk-web/juminkanja/S2430/initialize?prefCd=04&kikanCd=2800646&kikanKbn=2", "url2": null, "内容": "社会福祉法人　敬長福祉会特別養護老人ホーム　チアフル遠見塚【2:診療所】【診療科目:0】宮城県仙台市若林区遠見塚１丁目１４－３０" }, "geometry": { "type": "Point", "coordinates": [ 140.909607, 38.237255 ] } },
{ "type": "Feature", "properties": { "ID": 42800647, "正式名称": "Ｔ’ｓレディースクリニック", "機関区分": 2, "都道府県コード": 4, "市区町村コード": 103, "所在地": "宮城県仙台市若林区荒井", "緯度": 38.239985, "経度": 140.944539, "url": "https://www.iryou.teikyouseido.mhlw.go.jp/znk-web/juminkanja/S2430/initialize?prefCd=04&kikanCd=2800647&kikanKbn=2", "url2": "http://www.tslc.jp", "内容": "Ｔ’ｓレディースクリニック【2:診療所】【診療科目:0】宮城県仙台市若林区荒井" }, "geometry": { "type": "Point", "coordinates": [ 140.944539, 38.239985 ] } },
{ "type": "Feature", "properties": { "ID": 42800649, "正式名称": "医療法人社団英会　佐藤内科クリニック", "機関区分": 2, "都道府県コード": 4, "市区町村コード": 103, "所在地": "宮城県仙台市若林区蒲町２７－２１", "緯度": 38.244152, "経度": 140.927887, "url": "https://www.iryou.teikyouseido.mhlw.go.jp/znk-web/juminkanja/S2430/initialize?prefCd=04&kikanCd=2800649&kikanKbn=2", "url2": null, "内容": "医療法人社団英会　佐藤内科クリニック【2:診療所】【診療科目:0】宮城県仙台市若林区蒲町２７－２１" }, "geometry": { "type": "Point", "coordinates": [ 140.927887, 38.244152 ] } },
{ "type": "Feature", "properties": { "ID": 42800650, "正式名称": "五十人町おおとも内科", "機関区分": 2, "都道府県コード": 4, "市区町村コード": 103, "所在地": "宮城県仙台市若林区五十人町３５", "緯度": 38.245583, "経度": 140.893463, "url": "https://www.iryou.teikyouseido.mhlw.go.jp/znk-web/juminkanja/S2430/initialize?prefCd=04&kikanCd=2800650&kikanKbn=2", "url2": "http://www.otomo-naika.jp", "内容": "五十人町おおとも内科【2:診療所】【診療科目:0】宮城県仙台市若林区五十人町３５" }, "geometry": { "type": "Point", "coordinates": [ 140.893463, 38.245583 ] } },
{ "type": "Feature", "properties": { "ID": 42800651, "正式名称": "おおともクリニック", "機関区分": 2, "都道府県コード": 4, "市区町村コード": 212, "所在地": "宮城県登米市津山町柳津字幣崎４２２", "緯度": 38.615269, "経度": 141.319916, "url": "https://www.iryou.teikyouseido.mhlw.go.jp/znk-web/juminkanja/S2430/initialize?prefCd=04&kikanCd=2800651&kikanKbn=2", "url2": null, "内容": "おおともクリニック【2:診療所】【診療科目:0】宮城県登米市津山町柳津字幣崎４２２" }, "geometry": { "type": "Point", "coordinates": [ 141.319916, 38.615269 ] } },
{ "type": "Feature", "properties": { "ID": 42800654, "正式名称": "厚生労働省第二共済組合国立療養所東北新生園所属所診療部", "機関区分": 2, "都道府県コード": 4, "市区町村コード": 212, "所在地": "宮城県登米市迫町新田字上葉ノ木沢１", "緯度": 38.682533, "経度": 141.060593, "url": "https://www.iryou.teikyouseido.mhlw.go.jp/znk-web/juminkanja/S2430/initialize?prefCd=04&kikanCd=2800654&kikanKbn=2", "url2": null, "内容": "厚生労働省第二共済組合国立療養所東北新生園所属所診療部【2:診療所】【診療科目:0】宮城県登米市迫町新田字上葉ノ木沢１" }, "geometry": { "type": "Point", "coordinates": [ 141.060593, 38.682533 ] } },
{ "type": "Feature", "properties": { "ID": 42800655, "正式名称": "医療法人社団厚和会　佐藤医院", "機関区分": 2, "都道府県コード": 4, "市区町村コード": 212, "所在地": "宮城県登米市南方町畑岡下７－５", "緯度": 38.653858, "経度": 141.117981, "url": "https://www.iryou.teikyouseido.mhlw.go.jp/znk-web/juminkanja/S2430/initialize?prefCd=04&kikanCd=2800655&kikanKbn=2", "url2": null, "内容": "医療法人社団厚和会　佐藤医院【2:診療所】【診療科目:0】宮城県登米市南方町畑岡下７－５" }, "geometry": { "type": "Point", "coordinates": [ 141.117981, 38.653858 ] } },
{ "type": "Feature", "properties": { "ID": 42800656, "正式名称": "医療法人　進整会　志田整形外科医院", "機関区分": 2, "都道府県コード": 4, "市区町村コード": 205, "所在地": "宮城県気仙沼市東新城２丁目６－４", "緯度": 38.906422, "経度": 141.550278, "url": "https://www.iryou.teikyouseido.mhlw.go.jp/znk-web/juminkanja/S2430/initialize?prefCd=04&kikanCd=2800656&kikanKbn=2", "url2": null, "内容": "医療法人　進整会　志田整形外科医院【2:診療所】【診療科目:0】宮城県気仙沼市東新城２丁目６－４" }, "geometry": { "type": "Point", "coordinates": [ 141.550278, 38.906422 ] } },
{ "type": "Feature", "properties": { "ID": 42800660, "正式名称": "あすと長町さくらクリニック", "機関区分": 2, "都道府県コード": 4, "市区町村コード": 104, "所在地": "宮城県仙台市太白区あすと長町１－２－１仙台長町メディカルプラザ３階", "緯度": 38.231094, "経度": 140.887756, "url": "https://www.iryou.teikyouseido.mhlw.go.jp/znk-web/juminkanja/S2430/initialize?prefCd=04&kikanCd=2800660&kikanKbn=2", "url2": "https://asutonagamachi-sakura.com", "内容": "あすと長町さくらクリニック【2:診療所】【診療科目:0】宮城県仙台市太白区あすと長町１－２－１仙台長町メディカルプラザ３階" }, "geometry": { "type": "Point", "coordinates": [ 140.887756, 38.231094 ] } },
{ "type": "Feature", "properties": { "ID": 42800661, "正式名称": "医療法人　華月会　村岡外科クリニック", "機関区分": 2, "都道府県コード": 4, "市区町村コード": 205, "所在地": "宮城県気仙沼市田中前４丁目４－７", "緯度": 38.889526, "経度": 141.55957, "url": "https://www.iryou.teikyouseido.mhlw.go.jp/znk-web/juminkanja/S2430/initialize?prefCd=04&kikanCd=2800661&kikanKbn=2", "url2": null, "内容": "医療法人　華月会　村岡外科クリニック【2:診療所】【診療科目:0】宮城県気仙沼市田中前４丁目４－７" }, "geometry": { "type": "Point", "coordinates": [ 141.55957, 38.889526 ] } },
{ "type": "Feature", "properties": { "ID": 42800663, "正式名称": "医療法人あさひ会　おだか医院", "機関区分": 2, "都道府県コード": 4, "市区町村コード": 205, "所在地": "宮城県気仙沼市田中前４丁目１０－２", "緯度": 38.890121, "経度": 141.563385, "url": "https://www.iryou.teikyouseido.mhlw.go.jp/znk-web/juminkanja/S2430/initialize?prefCd=04&kikanCd=2800663&kikanKbn=2", "url2": null, "内容": "医療法人あさひ会　おだか医院【2:診療所】【診療科目:0】宮城県気仙沼市田中前４丁目１０－２" }, "geometry": { "type": "Point", "coordinates": [ 141.563385, 38.890121 ] } },
{ "type": "Feature", "properties": { "ID": 42800664, "正式名称": "医療法人社団三条小児科医院", "機関区分": 2, "都道府県コード": 4, "市区町村コード": 205, "所在地": "宮城県気仙沼市田中前２−８−４", "緯度": 38.890327, "経度": 141.564346, "url": "https://www.iryou.teikyouseido.mhlw.go.jp/znk-web/juminkanja/S2430/initialize?prefCd=04&kikanCd=2800664&kikanKbn=2", "url2": "https://www.sanjoclinic.com/", "内容": "医療法人社団三条小児科医院【2:診療所】【診療科目:0】宮城県気仙沼市田中前２−８−４" }, "geometry": { "type": "Point", "coordinates": [ 141.564346, 38.890327 ] } },
{ "type": "Feature", "properties": { "ID": 42800666, "正式名称": "医療法人社団晃和会あいざわクリニック", "機関区分": 2, "都道府県コード": 4, "市区町村コード": 205, "所在地": "宮城県気仙沼市東新城２丁目９－１", "緯度": 38.905716, "経度": 141.549072, "url": "https://www.iryou.teikyouseido.mhlw.go.jp/znk-web/juminkanja/S2430/initialize?prefCd=04&kikanCd=2800666&kikanKbn=2", "url2": "http://www.kouwakai.biz/aizawa", "内容": "医療法人社団晃和会あいざわクリニック【2:診療所】【診療科目:0】宮城県気仙沼市東新城２丁目９－１" }, "geometry": { "type": "Point", "coordinates": [ 141.549072, 38.905716 ] } },
{ "type": "Feature", "properties": { "ID": 42800669, "正式名称": "阿部内科医院", "機関区分": 2, "都道府県コード": 4, "市区町村コード": 213, "所在地": "宮城県栗原市若柳字川北東若柳７８", "緯度": 38.771194, "経度": 141.14769, "url": "https://www.iryou.teikyouseido.mhlw.go.jp/znk-web/juminkanja/S2430/initialize?prefCd=04&kikanCd=2800669&kikanKbn=2", "url2": null, "内容": "阿部内科医院【2:診療所】【診療科目:0】宮城県栗原市若柳字川北東若柳７８" }, "geometry": { "type": "Point", "coordinates": [ 141.14769, 38.771194 ] } },
{ "type": "Feature", "properties": { "ID": 42800674, "正式名称": "医療法人　二瓶内科胃腸科医院", "機関区分": 2, "都道府県コード": 4, "市区町村コード": 212, "所在地": "宮城県登米市迫町佐沼字中江３－７－７", "緯度": 38.687376, "経度": 141.189977, "url": "https://www.iryou.teikyouseido.mhlw.go.jp/znk-web/juminkanja/S2430/initialize?prefCd=04&kikanCd=2800674&kikanKbn=2", "url2": "https://niheinaika.com/", "内容": "医療法人　二瓶内科胃腸科医院【2:診療所】【診療科目:0】宮城県登米市迫町佐沼字中江３－７－７" }, "geometry": { "type": "Point", "coordinates": [ 141.189977, 38.687376 ] } },
{ "type": "Feature", "properties": { "ID": 42800676, "正式名称": "菅原内科クリニック", "機関区分": 2, "都道府県コード": 4, "市区町村コード": 212, "所在地": "宮城県登米市迫町佐沼字八幡３丁目４－２", "緯度": 38.693256, "経度": 141.199829, "url": "https://www.iryou.teikyouseido.mhlw.go.jp/znk-web/juminkanja/S2430/initialize?prefCd=04&kikanCd=2800676&kikanKbn=2", "url2": null, "内容": "菅原内科クリニック【2:診療所】【診療科目:0】宮城県登米市迫町佐沼字八幡３丁目４－２" }, "geometry": { "type": "Point", "coordinates": [ 141.199829, 38.693256 ] } },
{ "type": "Feature", "properties": { "ID": 42800678, "正式名称": "医療法人社団　田中医院", "機関区分": 2, "都道府県コード": 4, "市区町村コード": 212, "所在地": "宮城県登米市迫町佐沼字小金丁５３番地２", "緯度": 38.685791, "経度": 141.19136, "url": "https://www.iryou.teikyouseido.mhlw.go.jp/znk-web/juminkanja/S2430/initialize?prefCd=04&kikanCd=2800678&kikanKbn=2", "url2": null, "内容": "医療法人社団　田中医院【2:診療所】【診療科目:0】宮城県登米市迫町佐沼字小金丁５３番地２" }, "geometry": { "type": "Point", "coordinates": [ 141.19136, 38.685791 ] } },
{ "type": "Feature", "properties": { "ID": 42800679, "正式名称": "医療法人社団　圭秀会　八木小児科医院", "機関区分": 2, "都道府県コード": 4, "市区町村コード": 212, "所在地": "宮城県登米市迫町佐沼字西佐沼１２５", "緯度": 38.686813, "経度": 141.196091, "url": "https://www.iryou.teikyouseido.mhlw.go.jp/znk-web/juminkanja/S2430/initialize?prefCd=04&kikanCd=2800679&kikanKbn=2", "url2": "http://www.yagiclinic.or.jp", "内容": "医療法人社団　圭秀会　八木小児科医院【2:診療所】【診療科目:0】宮城県登米市迫町佐沼字西佐沼１２５" }, "geometry": { "type": "Point", "coordinates": [ 141.196091, 38.686813 ] } },
{ "type": "Feature", "properties": { "ID": 42800680, "正式名称": "上杉皮膚科医院", "機関区分": 2, "都道府県コード": 4, "市区町村コード": 212, "所在地": "宮城県登米市迫町佐沼字江合２丁目１２－１２", "緯度": 38.682516, "経度": 141.18755, "url": "https://www.iryou.teikyouseido.mhlw.go.jp/znk-web/juminkanja/S2430/initialize?prefCd=04&kikanCd=2800680&kikanKbn=2", "url2": null, "内容": "上杉皮膚科医院【2:診療所】【診療科目:0】宮城県登米市迫町佐沼字江合２丁目１２－１２" }, "geometry": { "type": "Point", "coordinates": [ 141.18755, 38.682516 ] } },
{ "type": "Feature", "properties": { "ID": 42800681, "正式名称": "わたなべ内科クリニック", "機関区分": 2, "都道府県コード": 4, "市区町村コード": 212, "所在地": "宮城県登米市迫町佐沼字大網２２４－１", "緯度": 38.679543, "経度": 141.195084, "url": "https://www.iryou.teikyouseido.mhlw.go.jp/znk-web/juminkanja/S2430/initialize?prefCd=04&kikanCd=2800681&kikanKbn=2", "url2": "http://watanabe-clinic.jp.net", "内容": "わたなべ内科クリニック【2:診療所】【診療科目:0】宮城県登米市迫町佐沼字大網２２４－１" }, "geometry": { "type": "Point", "coordinates": [ 141.195084, 38.679543 ] } },
{ "type": "Feature", "properties": { "ID": 42800682, "正式名称": "ごとう眼科", "機関区分": 2, "都道府県コード": 4, "市区町村コード": 212, "所在地": "宮城県登米市迫町佐沼字小金丁５０－２", "緯度": 38.685787, "経度": 141.192184, "url": "https://www.iryou.teikyouseido.mhlw.go.jp/znk-web/juminkanja/S2430/initialize?prefCd=04&kikanCd=2800682&kikanKbn=2", "url2": "https://www.gotoganka-tome.com", "内容": "ごとう眼科【2:診療所】【診療科目:0】宮城県登米市迫町佐沼字小金丁５０－２" }, "geometry": { "type": "Point", "coordinates": [ 141.192184, 38.685787 ] } },
{ "type": "Feature", "properties": { "ID": 42800683, "正式名称": "佐幸医院", "機関区分": 2, "都道府県コード": 4, "市区町村コード": 212, "所在地": "宮城県登米市迫町佐沼字錦１０", "緯度": 38.688713, "経度": 141.198837, "url": "https://www.iryou.teikyouseido.mhlw.go.jp/znk-web/juminkanja/S2430/initialize?prefCd=04&kikanCd=2800683&kikanKbn=2", "url2": null, "内容": "佐幸医院【2:診療所】【診療科目:0】宮城県登米市迫町佐沼字錦１０" }, "geometry": { "type": "Point", "coordinates": [ 141.198837, 38.688713 ] } },
{ "type": "Feature", "properties": { "ID": 42800684, "正式名称": "さぬま中央クリニック", "機関区分": 2, "都道府県コード": 4, "市区町村コード": 212, "所在地": "宮城県登米市迫町佐沼字江合１丁目８－１", "緯度": 38.683899, "経度": 141.1866, "url": "https://www.iryou.teikyouseido.mhlw.go.jp/znk-web/juminkanja/S2430/initialize?prefCd=04&kikanCd=2800684&kikanKbn=2", "url2": "http://www.sanuma3387.jp", "内容": "さぬま中央クリニック【2:診療所】【診療科目:0】宮城県登米市迫町佐沼字江合１丁目８－１" }, "geometry": { "type": "Point", "coordinates": [ 141.1866, 38.683899 ] } },
{ "type": "Feature", "properties": { "ID": 42800688, "正式名称": "医療法人社団水天会宮城島クリニック", "機関区分": 2, "都道府県コード": 4, "市区町村コード": 213, "所在地": "宮城県栗原市一迫真坂字清水山王前６－５", "緯度": 38.737949, "経度": 140.95195, "url": "https://www.iryou.teikyouseido.mhlw.go.jp/znk-web/juminkanja/S2430/initialize?prefCd=04&kikanCd=2800688&kikanKbn=2", "url2": null, "内容": "医療法人社団水天会宮城島クリニック【2:診療所】【診療科目:0】宮城県栗原市一迫真坂字清水山王前６－５" }, "geometry": { "type": "Point", "coordinates": [ 140.95195, 38.737949 ] } },
{ "type": "Feature", "properties": { "ID": 42800689, "正式名称": "医療法人社団　二一会　一迫内科クリニック", "機関区分": 2, "都道府県コード": 4, "市区町村コード": 213, "所在地": "宮城県栗原市一迫真坂字真坂町東６６－１", "緯度": 38.736126, "経度": 140.958478, "url": "https://www.iryou.teikyouseido.mhlw.go.jp/znk-web/juminkanja/S2430/initialize?prefCd=04&kikanCd=2800689&kikanKbn=2", "url2": null, "内容": "医療法人社団　二一会　一迫内科クリニック【2:診療所】【診療科目:0】宮城県栗原市一迫真坂字真坂町東６６－１" }, "geometry": { "type": "Point", "coordinates": [ 140.958478, 38.736126 ] } },
{ "type": "Feature", "properties": { "ID": 42800691, "正式名称": "医療法人佳仁会　たまがけ医院", "機関区分": 2, "都道府県コード": 4, "市区町村コード": 213, "所在地": "宮城県栗原市一迫真坂字町東２８", "緯度": 38.7351, "経度": 140.958115, "url": "https://www.iryou.teikyouseido.mhlw.go.jp/znk-web/juminkanja/S2430/initialize?prefCd=04&kikanCd=2800691&kikanKbn=2", "url2": null, "内容": "医療法人佳仁会　たまがけ医院【2:診療所】【診療科目:0】宮城県栗原市一迫真坂字町東２８" }, "geometry": { "type": "Point", "coordinates": [ 140.958115, 38.7351 ] } },
{ "type": "Feature", "properties": { "ID": 42800693, "正式名称": "栗原市立花山診療所", "機関区分": 2, "都道府県コード": 4, "市区町村コード": 213, "所在地": "宮城県栗原市花山字本沢北ノ前７８－２", "緯度": 38.791981, "経度": 140.846451, "url": "https://www.iryou.teikyouseido.mhlw.go.jp/znk-web/juminkanja/S2430/initialize?prefCd=04&kikanCd=2800693&kikanKbn=2", "url2": "https://www.kuriharacity.jp/w042/010/010/010/020/040/16194.html", "内容": "栗原市立花山診療所【2:診療所】【診療科目:0】宮城県栗原市花山字本沢北ノ前７８－２" }, "geometry": { "type": "Point", "coordinates": [ 140.846451, 38.791981 ] } },
{ "type": "Feature", "properties": { "ID": 42800696, "正式名称": "しのはらクリニック", "機関区分": 2, "都道府県コード": 4, "市区町村コード": 212, "所在地": "宮城県登米市米山町西野字西野前２０２－１", "緯度": 38.62767, "経度": 141.203369, "url": "https://www.iryou.teikyouseido.mhlw.go.jp/znk-web/juminkanja/S2430/initialize?prefCd=04&kikanCd=2800696&kikanKbn=2", "url2": "http://shinoharaclinic-yoneyama.com", "内容": "しのはらクリニック【2:診療所】【診療科目:0】宮城県登米市米山町西野字西野前２０２－１" }, "geometry": { "type": "Point", "coordinates": [ 141.203369, 38.62767 ] } },
{ "type": "Feature", "properties": { "ID": 42800697, "正式名称": "令和クリニック", "機関区分": 2, "都道府県コード": 4, "市区町村コード": 213, "所在地": "宮城県栗原市若柳字川南上堤９０－３", "緯度": 38.773707, "経度": 141.119624, "url": "https://www.iryou.teikyouseido.mhlw.go.jp/znk-web/juminkanja/S2430/initialize?prefCd=04&kikanCd=2800697&kikanKbn=2", "url2": "https://reiwa-clinic.org", "内容": "令和クリニック【2:診療所】【診療科目:0】宮城県栗原市若柳字川南上堤９０－３" }, "geometry": { "type": "Point", "coordinates": [ 141.119624, 38.773707 ] } },
{ "type": "Feature", "properties": { "ID": 42800698, "正式名称": "若柳消化器内科", "機関区分": 2, "都道府県コード": 4, "市区町村コード": 213, "所在地": "宮城県栗原市若柳字川北古川１４", "緯度": 38.771488, "経度": 141.134842, "url": "https://www.iryou.teikyouseido.mhlw.go.jp/znk-web/juminkanja/S2430/initialize?prefCd=04&kikanCd=2800698&kikanKbn=2", "url2": null, "内容": "若柳消化器内科【2:診療所】【診療科目:0】宮城県栗原市若柳字川北古川１４" }, "geometry": { "type": "Point", "coordinates": [ 141.134842, 38.771488 ] } },
{ "type": "Feature", "properties": { "ID": 42800699, "正式名称": "氏家医院", "機関区分": 2, "都道府県コード": 4, "市区町村コード": 213, "所在地": "宮城県栗原市若柳川南南大通２丁目１０", "緯度": 38.770279, "経度": 141.127075, "url": "https://www.iryou.teikyouseido.mhlw.go.jp/znk-web/juminkanja/S2430/initialize?prefCd=04&kikanCd=2800699&kikanKbn=2", "url2": null, "内容": "氏家医院【2:診療所】【診療科目:0】宮城県栗原市若柳川南南大通２丁目１０" }, "geometry": { "type": "Point", "coordinates": [ 141.127075, 38.770279 ] } },
{ "type": "Feature", "properties": { "ID": 42800701, "正式名称": "つつじが岡メンタルクリニック", "機関区分": 2, "都道府県コード": 4, "市区町村コード": 102, "所在地": "宮城県仙台市宮城野区榴岡４－２－３　仙台ＭＴビル２階", "緯度": 38.259098, "経度": 140.888016, "url": "https://www.iryou.teikyouseido.mhlw.go.jp/znk-web/juminkanja/S2430/initialize?prefCd=04&kikanCd=2800701&kikanKbn=2", "url2": null, "内容": "つつじが岡メンタルクリニック【2:診療所】【診療科目:0】宮城県仙台市宮城野区榴岡４－２－３　仙台ＭＴビル２階" }, "geometry": { "type": "Point", "coordinates": [ 140.888016, 38.259098 ] } },
{ "type": "Feature", "properties": { "ID": 42800702, "正式名称": "医療法人社団千葉内科クリニック", "機関区分": 2, "都道府県コード": 4, "市区町村コード": 102, "所在地": "宮城県仙台市宮城野区栄２－２５－７", "緯度": 38.280849, "経度": 140.981735, "url": "https://www.iryou.teikyouseido.mhlw.go.jp/znk-web/juminkanja/S2430/initialize?prefCd=04&kikanCd=2800702&kikanKbn=2", "url2": null, "内容": "医療法人社団千葉内科クリニック【2:診療所】【診療科目:0】宮城県仙台市宮城野区栄２－２５－７" }, "geometry": { "type": "Point", "coordinates": [ 140.981735, 38.280849 ] } },
{ "type": "Feature", "properties": { "ID": 42800705, "正式名称": "丹野皮膚科内科小児科", "機関区分": 2, "都道府県コード": 4, "市区町村コード": 102, "所在地": "宮城県仙台市宮城野区原町２丁目１－６９", "緯度": 38.264965, "経度": 140.900803, "url": "https://www.iryou.teikyouseido.mhlw.go.jp/znk-web/juminkanja/S2430/initialize?prefCd=04&kikanCd=2800705&kikanKbn=2", "url2": "https://tannoclinic.com/", "内容": "丹野皮膚科内科小児科【2:診療所】【診療科目:0】宮城県仙台市宮城野区原町２丁目１－６９" }, "geometry": { "type": "Point", "coordinates": [ 140.900803, 38.264965 ] } },
{ "type": "Feature", "properties": { "ID": 42800708, "正式名称": "ブルーム女性クリニック仙台駅東口", "機関区分": 2, "都道府県コード": 4, "市区町村コード": 102, "所在地": "宮城県仙台市宮城野区榴岡４丁目２－３　仙台ＭＴビル２Ｆ", "緯度": 38.259098, "経度": 140.888016, "url": "https://www.iryou.teikyouseido.mhlw.go.jp/znk-web/juminkanja/S2430/initialize?prefCd=04&kikanCd=2800708&kikanKbn=2", "url2": "https://www.bloom-womens-clinic.com/", "内容": "ブルーム女性クリニック仙台駅東口【2:診療所】【診療科目:0】宮城県仙台市宮城野区榴岡４丁目２－３　仙台ＭＴビル２Ｆ" }, "geometry": { "type": "Point", "coordinates": [ 140.888016, 38.259098 ] } },
{ "type": "Feature", "properties": { "ID": 42800710, "正式名称": "菅野医院", "機関区分": 2, "都道府県コード": 4, "市区町村コード": 102, "所在地": "宮城県仙台市宮城野区小田原一丁目３ー２７", "緯度": 38.26527, "経度": 140.887299, "url": "https://www.iryou.teikyouseido.mhlw.go.jp/znk-web/juminkanja/S2430/initialize?prefCd=04&kikanCd=2800710&kikanKbn=2", "url2": "http://kanno-clinic.net/", "内容": "菅野医院【2:診療所】【診療科目:0】宮城県仙台市宮城野区小田原一丁目３ー２７" }, "geometry": { "type": "Point", "coordinates": [ 140.887299, 38.26527 ] } },
{ "type": "Feature", "properties": { "ID": 42800711, "正式名称": "神尾眼科", "機関区分": 2, "都道府県コード": 4, "市区町村コード": 102, "所在地": "宮城県仙台市宮城野区五輪２丁目９－１０", "緯度": 38.265152, "経度": 140.905792, "url": "https://www.iryou.teikyouseido.mhlw.go.jp/znk-web/juminkanja/S2430/initialize?prefCd=04&kikanCd=2800711&kikanKbn=2", "url2": "http://kamioganka.com", "内容": "神尾眼科【2:診療所】【診療科目:0】宮城県仙台市宮城野区五輪２丁目９－１０" }, "geometry": { "type": "Point", "coordinates": [ 140.905792, 38.265152 ] } },
{ "type": "Feature", "properties": { "ID": 42800715, "正式名称": "落合ゆり子皮ふ科クリニック", "機関区分": 2, "都道府県コード": 4, "市区町村コード": 102, "所在地": "宮城県仙台市宮城野区小田原弓ノ町１００－１アンサンブル・メディカルビル３Ｆ", "緯度": 38.264717, "経度": 140.888489, "url": "https://www.iryou.teikyouseido.mhlw.go.jp/znk-web/juminkanja/S2430/initialize?prefCd=04&kikanCd=2800715&kikanKbn=2", "url2": null, "内容": "落合ゆり子皮ふ科クリニック【2:診療所】【診療科目:0】宮城県仙台市宮城野区小田原弓ノ町１００－１アンサンブル・メディカルビル３Ｆ" }, "geometry": { "type": "Point", "coordinates": [ 140.888489, 38.264717 ] } },
{ "type": "Feature", "properties": { "ID": 42800717, "正式名称": "医療法人うりぼうキッズクリニック", "機関区分": 2, "都道府県コード": 4, "市区町村コード": 102, "所在地": "宮城県仙台市宮城野区岩切分台３－１－５", "緯度": 38.307059, "経度": 140.955443, "url": "https://www.iryou.teikyouseido.mhlw.go.jp/znk-web/juminkanja/S2430/initialize?prefCd=04&kikanCd=2800717&kikanKbn=2", "url2": "https://uribo-kids.jp", "内容": "医療法人うりぼうキッズクリニック【2:診療所】【診療科目:0】宮城県仙台市宮城野区岩切分台３－１－５" }, "geometry": { "type": "Point", "coordinates": [ 140.955443, 38.307059 ] } },
{ "type": "Feature", "properties": { "ID": 42800718, "正式名称": "おおかた内科胃腸科医院", "機関区分": 2, "都道府県コード": 4, "市区町村コード": 102, "所在地": "宮城県仙台市宮城野区鶴ヶ谷北１丁目１４－２１", "緯度": 38.296051, "経度": 140.916153, "url": "https://www.iryou.teikyouseido.mhlw.go.jp/znk-web/juminkanja/S2430/initialize?prefCd=04&kikanCd=2800718&kikanKbn=2", "url2": null, "内容": "おおかた内科胃腸科医院【2:診療所】【診療科目:0】宮城県仙台市宮城野区鶴ヶ谷北１丁目１４－２１" }, "geometry": { "type": "Point", "coordinates": [ 140.916153, 38.296051 ] } },
{ "type": "Feature", "properties": { "ID": 42800719, "正式名称": "遠藤クリニック", "機関区分": 2, "都道府県コード": 4, "市区町村コード": 102, "所在地": "宮城県仙台市宮城野区福田町１丁目１－１８", "緯度": 38.271397, "経度": 140.960449, "url": "https://www.iryou.teikyouseido.mhlw.go.jp/znk-web/juminkanja/S2430/initialize?prefCd=04&kikanCd=2800719&kikanKbn=2", "url2": "http://www.endoclinic.jp", "内容": "遠藤クリニック【2:診療所】【診療科目:0】宮城県仙台市宮城野区福田町１丁目１－１８" }, "geometry": { "type": "Point", "coordinates": [ 140.960449, 38.271397 ] } },
{ "type": "Feature", "properties": { "ID": 42800720, "正式名称": "星陵眼科　緑内障クリニック", "機関区分": 2, "都道府県コード": 4, "市区町村コード": 101, "所在地": "宮城県仙台市青葉区支倉町４－３１　田沼ビル２階", "緯度": 38.270645, "経度": 140.861069, "url": "https://www.iryou.teikyouseido.mhlw.go.jp/znk-web/juminkanja/S2430/initialize?prefCd=04&kikanCd=2800720&kikanKbn=2", "url2": "http://seiryo-ganka.com", "内容": "星陵眼科　緑内障クリニック【2:診療所】【診療科目:0】宮城県仙台市青葉区支倉町４－３１　田沼ビル２階" }, "geometry": { "type": "Point", "coordinates": [ 140.861069, 38.270645 ] } },
{ "type": "Feature", "properties": { "ID": 42800723, "正式名称": "医療法人社団仙台駅東クリニック", "機関区分": 2, "都道府県コード": 4, "市区町村コード": 102, "所在地": "宮城県仙台市宮城野区榴岡２丁目１－１２　ＫＩビル３階", "緯度": 38.26088, "経度": 140.884491, "url": "https://www.iryou.teikyouseido.mhlw.go.jp/znk-web/juminkanja/S2430/initialize?prefCd=04&kikanCd=2800723&kikanKbn=2", "url2": "http://www.sendaiekihigashi.com/", "内容": "医療法人社団仙台駅東クリニック【2:診療所】【診療科目:0】宮城県仙台市宮城野区榴岡２丁目１－１２　ＫＩビル３階" }, "geometry": { "type": "Point", "coordinates": [ 140.884491, 38.26088 ] } },
{ "type": "Feature", "properties": { "ID": 42800726, "正式名称": "医療法人慶隆会　松陵かきざきクリニック", "機関区分": 2, "都道府県コード": 4, "市区町村コード": 105, "所在地": "宮城県仙台市泉区松陵２丁目２２―３", "緯度": 38.329639, "経度": 140.91011, "url": "https://www.iryou.teikyouseido.mhlw.go.jp/znk-web/juminkanja/S2430/initialize?prefCd=04&kikanCd=2800726&kikanKbn=2", "url2": null, "内容": "医療法人慶隆会　松陵かきざきクリニック【2:診療所】【診療科目:0】宮城県仙台市泉区松陵２丁目２２―３" }, "geometry": { "type": "Point", "coordinates": [ 140.91011, 38.329639 ] } },
{ "type": "Feature", "properties": { "ID": 42800727, "正式名称": "医療法人須藤内科クリニック", "機関区分": 2, "都道府県コード": 4, "市区町村コード": 105, "所在地": "宮城県仙台市泉区上谷刈字治郎兵衛下４８－１", "緯度": 38.31126, "経度": 140.868576, "url": "https://www.iryou.teikyouseido.mhlw.go.jp/znk-web/juminkanja/S2430/initialize?prefCd=04&kikanCd=2800727&kikanKbn=2", "url2": "http://sudonaika.com", "内容": "医療法人須藤内科クリニック【2:診療所】【診療科目:0】宮城県仙台市泉区上谷刈字治郎兵衛下４８－１" }, "geometry": { "type": "Point", "coordinates": [ 140.868576, 38.31126 ] } },
{ "type": "Feature", "properties": { "ID": 42800728, "正式名称": "南光台やまもと小児科", "機関区分": 2, "都道府県コード": 4, "市区町村コード": 105, "所在地": "宮城県仙台市泉区南光台３丁目１７番２２号", "緯度": 38.296269, "経度": 140.89244, "url": "https://www.iryou.teikyouseido.mhlw.go.jp/znk-web/juminkanja/S2430/initialize?prefCd=04&kikanCd=2800728&kikanKbn=2", "url2": "https://r.goope.jp/yamamotoped/", "内容": "南光台やまもと小児科【2:診療所】【診療科目:0】宮城県仙台市泉区南光台３丁目１７番２２号" }, "geometry": { "type": "Point", "coordinates": [ 140.89244, 38.296269 ] } },
{ "type": "Feature", "properties": { "ID": 42800729, "正式名称": "医療法人社団　虹の丘小児科内科クリニック", "機関区分": 2, "都道府県コード": 4, "市区町村コード": 105, "所在地": "宮城県仙台市泉区虹の丘１ー１１ー１６", "緯度": 38.305729, "経度": 140.872543, "url": "https://www.iryou.teikyouseido.mhlw.go.jp/znk-web/juminkanja/S2430/initialize?prefCd=04&kikanCd=2800729&kikanKbn=2", "url2": null, "内容": "医療法人社団　虹の丘小児科内科クリニック【2:診療所】【診療科目:0】宮城県仙台市泉区虹の丘１ー１１ー１６" }, "geometry": { "type": "Point", "coordinates": [ 140.872543, 38.305729 ] } },
{ "type": "Feature", "properties": { "ID": 42800732, "正式名称": "医療法人社団貢睦会　花田消化器科・内科", "機関区分": 2, "都道府県コード": 4, "市区町村コード": 105, "所在地": "宮城県仙台市泉区南光台３丁目１８－５", "緯度": 38.295532, "経度": 140.893051, "url": "https://www.iryou.teikyouseido.mhlw.go.jp/znk-web/juminkanja/S2430/initialize?prefCd=04&kikanCd=2800732&kikanKbn=2", "url2": null, "内容": "医療法人社団貢睦会　花田消化器科・内科【2:診療所】【診療科目:0】宮城県仙台市泉区南光台３丁目１８－５" }, "geometry": { "type": "Point", "coordinates": [ 140.893051, 38.295532 ] } },
{ "type": "Feature", "properties": { "ID": 42800733, "正式名称": "なりかわ内科・脳神経内科クリニック", "機関区分": 2, "都道府県コード": 4, "市区町村コード": 105, "所在地": "宮城県仙台市泉区泉中央南５－６", "緯度": 38.320431, "経度": 140.871399, "url": "https://www.iryou.teikyouseido.mhlw.go.jp/znk-web/juminkanja/S2430/initialize?prefCd=04&kikanCd=2800733&kikanKbn=2", "url2": "https://narikawa-cl.com", "内容": "なりかわ内科・脳神経内科クリニック【2:診療所】【診療科目:0】宮城県仙台市泉区泉中央南５－６" }, "geometry": { "type": "Point", "coordinates": [ 140.871399, 38.320431 ] } },
{ "type": "Feature", "properties": { "ID": 42800734, "正式名称": "医療法人社団　貢睦会　花田皮膚科", "機関区分": 2, "都道府県コード": 4, "市区町村コード": 105, "所在地": "宮城県仙台市泉区南光台", "緯度": 38.295147, "経度": 140.893433, "url": "https://www.iryou.teikyouseido.mhlw.go.jp/znk-web/juminkanja/S2430/initialize?prefCd=04&kikanCd=2800734&kikanKbn=2", "url2": null, "内容": "医療法人社団　貢睦会　花田皮膚科【2:診療所】【診療科目:0】宮城県仙台市泉区南光台" }, "geometry": { "type": "Point", "coordinates": [ 140.893433, 38.295147 ] } },
{ "type": "Feature", "properties": { "ID": 42800737, "正式名称": "ほし外科医院", "機関区分": 2, "都道府県コード": 4, "市区町村コード": 105, "所在地": "宮城県仙台市泉区南光台南３丁目４－１０", "緯度": 38.296211, "経度": 140.90773, "url": "https://www.iryou.teikyouseido.mhlw.go.jp/znk-web/juminkanja/S2430/initialize?prefCd=04&kikanCd=2800737&kikanKbn=2", "url2": "http://www.hoshi-geka.or.jp", "内容": "ほし外科医院【2:診療所】【診療科目:0】宮城県仙台市泉区南光台南３丁目４－１０" }, "geometry": { "type": "Point", "coordinates": [ 140.90773, 38.296211 ] } },
{ "type": "Feature", "properties": { "ID": 42800738, "正式名称": "医療法人三浦整形外科医院", "機関区分": 2, "都道府県コード": 4, "市区町村コード": 105, "所在地": "宮城県仙台市泉区南光台４丁目１３－２７", "緯度": 38.298107, "経度": 140.896622, "url": "https://www.iryou.teikyouseido.mhlw.go.jp/znk-web/juminkanja/S2430/initialize?prefCd=04&kikanCd=2800738&kikanKbn=2", "url2": null, "内容": "医療法人三浦整形外科医院【2:診療所】【診療科目:0】宮城県仙台市泉区南光台４丁目１３－２７" }, "geometry": { "type": "Point", "coordinates": [ 140.896622, 38.298107 ] } },
{ "type": "Feature", "properties": { "ID": 42800740, "正式名称": "大腸肛門科仙台桃太郎クリニック", "機関区分": 2, "都道府県コード": 4, "市区町村コード": 105, "所在地": "宮城県仙台市泉区明石南６－１３－３", "緯度": 38.346905, "経度": 140.882706, "url": "https://www.iryou.teikyouseido.mhlw.go.jp/znk-web/juminkanja/S2430/initialize?prefCd=04&kikanCd=2800740&kikanKbn=2", "url2": "https://www.senmomo.jp/", "内容": "大腸肛門科仙台桃太郎クリニック【2:診療所】【診療科目:0】宮城県仙台市泉区明石南６－１３－３" }, "geometry": { "type": "Point", "coordinates": [ 140.882706, 38.346905 ] } },
{ "type": "Feature", "properties": { "ID": 42800742, "正式名称": "仙台胃腸クリニック", "機関区分": 2, "都道府県コード": 4, "市区町村コード": 105, "所在地": "宮城県仙台市泉区上谷刈２丁目４－３０", "緯度": 38.316612, "経度": 140.872162, "url": "https://www.iryou.teikyouseido.mhlw.go.jp/znk-web/juminkanja/S2430/initialize?prefCd=04&kikanCd=2800742&kikanKbn=2", "url2": null, "内容": "仙台胃腸クリニック【2:診療所】【診療科目:0】宮城県仙台市泉区上谷刈２丁目４－３０" }, "geometry": { "type": "Point", "coordinates": [ 140.872162, 38.316612 ] } },
{ "type": "Feature", "properties": { "ID": 42800743, "正式名称": "医療法人社団仙台北クリニック", "機関区分": 2, "都道府県コード": 4, "市区町村コード": 105, "所在地": "宮城県仙台市泉区八乙女中央５丁目１１ー１１", "緯度": 38.311485, "経度": 140.88736, "url": "https://www.iryou.teikyouseido.mhlw.go.jp/znk-web/juminkanja/S2430/initialize?prefCd=04&kikanCd=2800743&kikanKbn=2", "url2": "https://www.sendai-kita-clinic.jp", "内容": "医療法人社団仙台北クリニック【2:診療所】【診療科目:0】宮城県仙台市泉区八乙女中央５丁目１１ー１１" }, "geometry": { "type": "Point", "coordinates": [ 140.88736, 38.311485 ] } },
{ "type": "Feature", "properties": { "ID": 42800744, "正式名称": "たかもり整形外科", "機関区分": 2, "都道府県コード": 4, "市区町村コード": 105, "所在地": "宮城県仙台市泉区野村字筒岫屋敷１８－１", "緯度": 38.334049, "経度": 140.852936, "url": "https://www.iryou.teikyouseido.mhlw.go.jp/znk-web/juminkanja/S2430/initialize?prefCd=04&kikanCd=2800744&kikanKbn=2", "url2": "http://www.takamori-seikei.com", "内容": "たかもり整形外科【2:診療所】【診療科目:0】宮城県仙台市泉区野村字筒岫屋敷１８－１" }, "geometry": { "type": "Point", "coordinates": [ 140.852936, 38.334049 ] } },
{ "type": "Feature", "properties": { "ID": 42800746, "正式名称": "医療法人社団　尚瑶会　たけだ眼科・小野寺内科", "機関区分": 2, "都道府県コード": 4, "市区町村コード": 105, "所在地": "宮城県仙台市泉区市名坂字竹内１００－３", "緯度": 38.312939, "経度": 140.909027, "url": "https://www.iryou.teikyouseido.mhlw.go.jp/znk-web/juminkanja/S2430/initialize?prefCd=04&kikanCd=2800746&kikanKbn=2", "url2": null, "内容": "医療法人社団　尚瑶会　たけだ眼科・小野寺内科【2:診療所】【診療科目:0】宮城県仙台市泉区市名坂字竹内１００－３" }, "geometry": { "type": "Point", "coordinates": [ 140.909027, 38.312939 ] } },
{ "type": "Feature", "properties": { "ID": 42800747, "正式名称": "医療法人ならの杜　たんぽぽクリニック", "機関区分": 2, "都道府県コード": 4, "市区町村コード": 105, "所在地": "宮城県仙台市泉区泉中央南１４番地", "緯度": 38.320213, "経度": 140.870605, "url": "https://www.iryou.teikyouseido.mhlw.go.jp/znk-web/juminkanja/S2430/initialize?prefCd=04&kikanCd=2800747&kikanKbn=2", "url2": "https://www.tanpopoclinic.jp/", "内容": "医療法人ならの杜　たんぽぽクリニック【2:診療所】【診療科目:0】宮城県仙台市泉区泉中央南１４番地" }, "geometry": { "type": "Point", "coordinates": [ 140.870605, 38.320213 ] } },
{ "type": "Feature", "properties": { "ID": 42800755, "正式名称": "医療法人　社団　小松クリニック", "機関区分": 2, "都道府県コード": 4, "市区町村コード": 105, "所在地": "宮城県仙台市泉区泉中央１丁目３８－１７", "緯度": 38.324306, "経度": 140.875549, "url": "https://www.iryou.teikyouseido.mhlw.go.jp/znk-web/juminkanja/S2430/initialize?prefCd=04&kikanCd=2800755&kikanKbn=2", "url2": "http://www.ne.jp/asahi/komatsu/clinic/", "内容": "医療法人　社団　小松クリニック【2:診療所】【診療科目:0】宮城県仙台市泉区泉中央１丁目３８－１７" }, "geometry": { "type": "Point", "coordinates": [ 140.875549, 38.324306 ] } },
{ "type": "Feature", "properties": { "ID": 42800756, "正式名称": "医療法人芯明会　佐治クリニック", "機関区分": 2, "都道府県コード": 4, "市区町村コード": 105, "所在地": "宮城県仙台市泉区鶴が丘", "緯度": 38.314953, "経度": 140.923126, "url": "https://www.iryou.teikyouseido.mhlw.go.jp/znk-web/juminkanja/S2430/initialize?prefCd=04&kikanCd=2800756&kikanKbn=2", "url2": "http://sajiclinic.com", "内容": "医療法人芯明会　佐治クリニック【2:診療所】【診療科目:0】宮城県仙台市泉区鶴が丘" }, "geometry": { "type": "Point", "coordinates": [ 140.923126, 38.314953 ] } },
{ "type": "Feature", "properties": { "ID": 42800757, "正式名称": "医療法人社団豊麗会牛込医院", "機関区分": 2, "都道府県コード": 4, "市区町村コード": 105, "所在地": "宮城県仙台市泉区南光台７丁目５－２７", "緯度": 38.298592, "経度": 140.902023, "url": "https://www.iryou.teikyouseido.mhlw.go.jp/znk-web/juminkanja/S2430/initialize?prefCd=04&kikanCd=2800757&kikanKbn=2", "url2": "https://ushigomeiin.net", "内容": "医療法人社団豊麗会牛込医院【2:診療所】【診療科目:0】宮城県仙台市泉区南光台７丁目５－２７" }, "geometry": { "type": "Point", "coordinates": [ 140.902023, 38.298592 ] } },
{ "type": "Feature", "properties": { "ID": 42800758, "正式名称": "医療法人社団北原整形外科", "機関区分": 2, "都道府県コード": 4, "市区町村コード": 105, "所在地": "宮城県仙台市泉区南光台南２丁目１６－２４", "緯度": 38.294044, "経度": 140.902832, "url": "https://www.iryou.teikyouseido.mhlw.go.jp/znk-web/juminkanja/S2430/initialize?prefCd=04&kikanCd=2800758&kikanKbn=2", "url2": "http://kitahara.byoinnavi.jp/pc/", "内容": "医療法人社団北原整形外科【2:診療所】【診療科目:0】宮城県仙台市泉区南光台南２丁目１６－２４" }, "geometry": { "type": "Point", "coordinates": [ 140.902832, 38.294044 ] } },
{ "type": "Feature", "properties": { "ID": 42800760, "正式名称": "医療法人社団　櫻井内科医院", "機関区分": 2, "都道府県コード": 4, "市区町村コード": 105, "所在地": "宮城県仙台市泉区南光台南１－４－２０", "緯度": 38.296478, "経度": 140.901657, "url": "https://www.iryou.teikyouseido.mhlw.go.jp/znk-web/juminkanja/S2430/initialize?prefCd=04&kikanCd=2800760&kikanKbn=2", "url2": null, "内容": "医療法人社団　櫻井内科医院【2:診療所】【診療科目:0】宮城県仙台市泉区南光台南１－４－２０" }, "geometry": { "type": "Point", "coordinates": [ 140.901657, 38.296478 ] } },
{ "type": "Feature", "properties": { "ID": 42800761, "正式名称": "医療法人　佐竹医院", "機関区分": 2, "都道府県コード": 4, "市区町村コード": 105, "所在地": "宮城県仙台市泉区南光台５丁目２８－３", "緯度": 38.304676, "経度": 140.896317, "url": "https://www.iryou.teikyouseido.mhlw.go.jp/znk-web/juminkanja/S2430/initialize?prefCd=04&kikanCd=2800761&kikanKbn=2", "url2": "http://satake.mycl.me/", "内容": "医療法人　佐竹医院【2:診療所】【診療科目:0】宮城県仙台市泉区南光台５丁目２８－３" }, "geometry": { "type": "Point", "coordinates": [ 140.896317, 38.304676 ] } },
{ "type": "Feature", "properties": { "ID": 42800763, "正式名称": "千田医院", "機関区分": 2, "都道府県コード": 4, "市区町村コード": 105, "所在地": "宮城県仙台市泉区南光台南２ー７ー７", "緯度": 38.297031, "経度": 140.902939, "url": "https://www.iryou.teikyouseido.mhlw.go.jp/znk-web/juminkanja/S2430/initialize?prefCd=04&kikanCd=2800763&kikanKbn=2", "url2": null, "内容": "千田医院【2:診療所】【診療科目:0】宮城県仙台市泉区南光台南２ー７ー７" }, "geometry": { "type": "Point", "coordinates": [ 140.902939, 38.297031 ] } },
{ "type": "Feature", "properties": { "ID": 42800765, "正式名称": "南光台伊藤クリニック", "機関区分": 2, "都道府県コード": 4, "市区町村コード": 105, "所在地": "宮城県仙台市泉区南光台南", "緯度": 38.296009, "経度": 140.90358, "url": "https://www.iryou.teikyouseido.mhlw.go.jp/znk-web/juminkanja/S2430/initialize?prefCd=04&kikanCd=2800765&kikanKbn=2", "url2": "http://www.itouclinic.jp/", "内容": "南光台伊藤クリニック【2:診療所】【診療科目:0】宮城県仙台市泉区南光台南" }, "geometry": { "type": "Point", "coordinates": [ 140.90358, 38.296009 ] } },
{ "type": "Feature", "properties": { "ID": 42800767, "正式名称": "シオノ眼科医院", "機関区分": 2, "都道府県コード": 4, "市区町村コード": 105, "所在地": "宮城県仙台市泉区泉中央３丁目２５－１９", "緯度": 38.32542, "経度": 140.886871, "url": "https://www.iryou.teikyouseido.mhlw.go.jp/znk-web/juminkanja/S2430/initialize?prefCd=04&kikanCd=2800767&kikanKbn=2", "url2": "http://www.cmacs.jp/32257/shiono-ganka/", "内容": "シオノ眼科医院【2:診療所】【診療科目:0】宮城県仙台市泉区泉中央３丁目２５－１９" }, "geometry": { "type": "Point", "coordinates": [ 140.886871, 38.32542 ] } },
{ "type": "Feature", "properties": { "ID": 42800769, "正式名称": "医療法人仙台・中耳サージセンター将監耳鼻咽喉科", "機関区分": 2, "都道府県コード": 4, "市区町村コード": 105, "所在地": "宮城県仙台市泉区将監１０丁目１２番１－２号", "緯度": 38.336128, "経度": 140.871201, "url": "https://www.iryou.teikyouseido.mhlw.go.jp/znk-web/juminkanja/S2430/initialize?prefCd=04&kikanCd=2800769&kikanKbn=2", "url2": "http://www.sendai-surg.gr.jp", "内容": "医療法人仙台・中耳サージセンター将監耳鼻咽喉科【2:診療所】【診療科目:0】宮城県仙台市泉区将監１０丁目１２番１－２号" }, "geometry": { "type": "Point", "coordinates": [ 140.871201, 38.336128 ] } },
{ "type": "Feature", "properties": { "ID": 42800770, "正式名称": "しょうげん内科クリニック", "機関区分": 2, "都道府県コード": 4, "市区町村コード": 105, "所在地": "宮城県仙台市泉区将監殿３丁目２１－７", "緯度": 38.342754, "経度": 140.876282, "url": "https://www.iryou.teikyouseido.mhlw.go.jp/znk-web/juminkanja/S2430/initialize?prefCd=04&kikanCd=2800770&kikanKbn=2", "url2": "http://www.shogennaika.jp", "内容": "しょうげん内科クリニック【2:診療所】【診療科目:0】宮城県仙台市泉区将監殿３丁目２１－７" }, "geometry": { "type": "Point", "coordinates": [ 140.876282, 38.342754 ] } },
{ "type": "Feature", "properties": { "ID": 42800772, "正式名称": "紫山公園ファミリークリニック", "機関区分": 2, "都道府県コード": 4, "市区町村コード": 105, "所在地": "宮城県仙台市泉区紫山４ー２０－１１", "緯度": 38.349243, "経度": 140.822281, "url": "https://www.iryou.teikyouseido.mhlw.go.jp/znk-web/juminkanja/S2430/initialize?prefCd=04&kikanCd=2800772&kikanKbn=2", "url2": "https://www.murasakiyamapark-clinic.com", "内容": "紫山公園ファミリークリニック【2:診療所】【診療科目:0】宮城県仙台市泉区紫山４ー２０－１１" }, "geometry": { "type": "Point", "coordinates": [ 140.822281, 38.349243 ] } },
{ "type": "Feature", "properties": { "ID": 42800773, "正式名称": "泉中央こどもクリニック", "機関区分": 2, "都道府県コード": 4, "市区町村コード": 105, "所在地": "宮城県仙台市泉区泉中央３丁目２９−７", "緯度": 38.323338, "経度": 140.885956, "url": "https://www.iryou.teikyouseido.mhlw.go.jp/znk-web/juminkanja/S2430/initialize?prefCd=04&kikanCd=2800773&kikanKbn=2", "url2": "http://www.izumi-kodomo.com/", "内容": "泉中央こどもクリニック【2:診療所】【診療科目:0】宮城県仙台市泉区泉中央３丁目２９−７" }, "geometry": { "type": "Point", "coordinates": [ 140.885956, 38.323338 ] } },
{ "type": "Feature", "properties": { "ID": 42800774, "正式名称": "泉新都心ビル眼科", "機関区分": 2, "都道府県コード": 4, "市区町村コード": 105, "所在地": "宮城県仙台市泉区泉中央１丁目４の１　セルバ５階", "緯度": 38.323563, "経度": 140.882202, "url": "https://www.iryou.teikyouseido.mhlw.go.jp/znk-web/juminkanja/S2430/initialize?prefCd=04&kikanCd=2800774&kikanKbn=2", "url2": null, "内容": "泉新都心ビル眼科【2:診療所】【診療科目:0】宮城県仙台市泉区泉中央１丁目４の１　セルバ５階" }, "geometry": { "type": "Point", "coordinates": [ 140.882202, 38.323563 ] } },
{ "type": "Feature", "properties": { "ID": 42800777, "正式名称": "泉中央内科", "機関区分": 2, "都道府県コード": 4, "市区町村コード": 105, "所在地": "宮城県仙台市泉区泉中央２丁目２２－６", "緯度": 38.327095, "経度": 140.877472, "url": "https://www.iryou.teikyouseido.mhlw.go.jp/znk-web/juminkanja/S2430/initialize?prefCd=04&kikanCd=2800777&kikanKbn=2", "url2": null, "内容": "泉中央内科【2:診療所】【診療科目:0】宮城県仙台市泉区泉中央２丁目２２－６" }, "geometry": { "type": "Point", "coordinates": [ 140.877472, 38.327095 ] } },
{ "type": "Feature", "properties": { "ID": 42800778, "正式名称": "医療法人社団　浩道会　泉中央乳腺クリニック", "機関区分": 2, "都道府県コード": 4, "市区町村コード": 105, "所在地": "宮城県仙台市泉区泉中央１丁目１４－１　インテレクト２１ビル１Ｆ", "緯度": 38.323097, "経度": 140.879272, "url": "https://www.iryou.teikyouseido.mhlw.go.jp/znk-web/juminkanja/S2430/initialize?prefCd=04&kikanCd=2800778&kikanKbn=2", "url2": "https://izumichuo-bc.jp", "内容": "医療法人社団　浩道会　泉中央乳腺クリニック【2:診療所】【診療科目:0】宮城県仙台市泉区泉中央１丁目１４－１　インテレクト２１ビル１Ｆ" }, "geometry": { "type": "Point", "coordinates": [ 140.879272, 38.323097 ] } },
{ "type": "Feature", "properties": { "ID": 42800779, "正式名称": "泉中央皮ふ科クリニック", "機関区分": 2, "都道府県コード": 4, "市区町村コード": 105, "所在地": "宮城県仙台市泉区泉中央１丁目２６－５", "緯度": 38.321712, "経度": 140.878647, "url": "https://www.iryou.teikyouseido.mhlw.go.jp/znk-web/juminkanja/S2430/initialize?prefCd=04&kikanCd=2800779&kikanKbn=2", "url2": null, "内容": "泉中央皮ふ科クリニック【2:診療所】【診療科目:0】宮城県仙台市泉区泉中央１丁目２６－５" }, "geometry": { "type": "Point", "coordinates": [ 140.878647, 38.321712 ] } },
{ "type": "Feature", "properties": { "ID": 42800782, "正式名称": "いずみ泌尿器科クリニック", "機関区分": 2, "都道府県コード": 4, "市区町村コード": 105, "所在地": "宮城県仙台市泉区泉中央３丁目２９－７　ウイング２１医療ビル　２Ｆ", "緯度": 38.323338, "経度": 140.885956, "url": "https://www.iryou.teikyouseido.mhlw.go.jp/znk-web/juminkanja/S2430/initialize?prefCd=04&kikanCd=2800782&kikanKbn=2", "url2": "http://www.izumi-uro.jp", "内容": "いずみ泌尿器科クリニック【2:診療所】【診療科目:0】宮城県仙台市泉区泉中央３丁目２９－７　ウイング２１医療ビル　２Ｆ" }, "geometry": { "type": "Point", "coordinates": [ 140.885956, 38.323338 ] } },
{ "type": "Feature", "properties": { "ID": 42800784, "正式名称": "市名坂皮膚科クリニック", "機関区分": 2, "都道府県コード": 4, "市区町村コード": 105, "所在地": "宮城県仙台市泉区市名坂字原田１９８ー１", "緯度": 38.314335, "経度": 140.907455, "url": "https://www.iryou.teikyouseido.mhlw.go.jp/znk-web/juminkanja/S2430/initialize?prefCd=04&kikanCd=2800784&kikanKbn=2", "url2": null, "内容": "市名坂皮膚科クリニック【2:診療所】【診療科目:0】宮城県仙台市泉区市名坂字原田１９８ー１" }, "geometry": { "type": "Point", "coordinates": [ 140.907455, 38.314335 ] } },
{ "type": "Feature", "properties": { "ID": 42800786, "正式名称": "おおさか内科外科クリニック", "機関区分": 2, "都道府県コード": 4, "市区町村コード": 105, "所在地": "宮城県仙台市泉区明石南３丁目５－７", "緯度": 38.340279, "経度": 140.88623, "url": "https://www.iryou.teikyouseido.mhlw.go.jp/znk-web/juminkanja/S2430/initialize?prefCd=04&kikanCd=2800786&kikanKbn=2", "url2": null, "内容": "おおさか内科外科クリニック【2:診療所】【診療科目:0】宮城県仙台市泉区明石南３丁目５－７" }, "geometry": { "type": "Point", "coordinates": [ 140.88623, 38.340279 ] } },
{ "type": "Feature", "properties": { "ID": 42800787, "正式名称": "医療法人　公清会　こん小児科クリニック", "機関区分": 2, "都道府県コード": 4, "市区町村コード": 105, "所在地": "宮城県仙台市泉区八乙女中央２丁目４－２５", "緯度": 38.317033, "経度": 140.881544, "url": "https://www.iryou.teikyouseido.mhlw.go.jp/znk-web/juminkanja/S2430/initialize?prefCd=04&kikanCd=2800787&kikanKbn=2", "url2": "https://konclinic.com", "内容": "医療法人　公清会　こん小児科クリニック【2:診療所】【診療科目:0】宮城県仙台市泉区八乙女中央２丁目４－２５" }, "geometry": { "type": "Point", "coordinates": [ 140.881544, 38.317033 ] } },
{ "type": "Feature", "properties": { "ID": 42800788, "正式名称": "おがわ皮フ科クリニック", "機関区分": 2, "都道府県コード": 4, "市区町村コード": 105, "所在地": "宮城県仙台市泉区七北田字野山１０の３４", "緯度": 38.331501, "経度": 140.888367, "url": "https://www.iryou.teikyouseido.mhlw.go.jp/znk-web/juminkanja/S2430/initialize?prefCd=04&kikanCd=2800788&kikanKbn=2", "url2": "https://ogawa-hihuka.com/", "内容": "おがわ皮フ科クリニック【2:診療所】【診療科目:0】宮城県仙台市泉区七北田字野山１０の３４" }, "geometry": { "type": "Point", "coordinates": [ 140.888367, 38.331501 ] } },
{ "type": "Feature", "properties": { "ID": 42800792, "正式名称": "特定非営利活動法人画像医学と脳健診診療所", "機関区分": 2, "都道府県コード": 4, "市区町村コード": 105, "所在地": "宮城県仙台市泉区泉中央一丁目３３番１号", "緯度": 38.323051, "経度": 140.876038, "url": "https://www.iryou.teikyouseido.mhlw.go.jp/znk-web/juminkanja/S2430/initialize?prefCd=04&kikanCd=2800792&kikanKbn=2", "url2": "http://www.noukensin.or.jp", "内容": "特定非営利活動法人画像医学と脳健診診療所【2:診療所】【診療科目:0】宮城県仙台市泉区泉中央一丁目３３番１号" }, "geometry": { "type": "Point", "coordinates": [ 140.876038, 38.323051 ] } },
{ "type": "Feature", "properties": { "ID": 42800793, "正式名称": "桂眼科", "機関区分": 2, "都道府県コード": 4, "市区町村コード": 105, "所在地": "宮城県仙台市泉区桂３丁目２－３", "緯度": 38.338154, "経度": 140.86348, "url": "https://www.iryou.teikyouseido.mhlw.go.jp/znk-web/juminkanja/S2430/initialize?prefCd=04&kikanCd=2800793&kikanKbn=2", "url2": null, "内容": "桂眼科【2:診療所】【診療科目:0】宮城県仙台市泉区桂３丁目２－３" }, "geometry": { "type": "Point", "coordinates": [ 140.86348, 38.338154 ] } },
{ "type": "Feature", "properties": { "ID": 42800794, "正式名称": "医療法人社団桂耳鼻科", "機関区分": 2, "都道府県コード": 4, "市区町村コード": 105, "所在地": "宮城県仙台市泉区桂３丁目１－６", "緯度": 38.338303, "経度": 140.864319, "url": "https://www.iryou.teikyouseido.mhlw.go.jp/znk-web/juminkanja/S2430/initialize?prefCd=04&kikanCd=2800794&kikanKbn=2", "url2": "http://kjibika.com", "内容": "医療法人社団桂耳鼻科【2:診療所】【診療科目:0】宮城県仙台市泉区桂３丁目１－６" }, "geometry": { "type": "Point", "coordinates": [ 140.864319, 38.338303 ] } },
{ "type": "Feature", "properties": { "ID": 42800795, "正式名称": "桂島いずみクリニック", "機関区分": 2, "都道府県コード": 4, "市区町村コード": 105, "所在地": "宮城県仙台市泉区桂１丁目１７－７", "緯度": 38.332012, "経度": 140.864151, "url": "https://www.iryou.teikyouseido.mhlw.go.jp/znk-web/juminkanja/S2430/initialize?prefCd=04&kikanCd=2800795&kikanKbn=2", "url2": "http://www.katsurashima-i-cl.com", "内容": "桂島いずみクリニック【2:診療所】【診療科目:0】宮城県仙台市泉区桂１丁目１７－７" }, "geometry": { "type": "Point", "coordinates": [ 140.864151, 38.332012 ] } },
{ "type": "Feature", "properties": { "ID": 42800796, "正式名称": "桂こどもクリニック", "機関区分": 2, "都道府県コード": 4, "市区町村コード": 105, "所在地": "宮城県仙台市泉区桂３丁目１－４", "緯度": 38.338299, "経度": 140.864853, "url": "https://www.iryou.teikyouseido.mhlw.go.jp/znk-web/juminkanja/S2430/initialize?prefCd=04&kikanCd=2800796&kikanKbn=2", "url2": null, "内容": "桂こどもクリニック【2:診療所】【診療科目:0】宮城県仙台市泉区桂３丁目１－４" }, "geometry": { "type": "Point", "coordinates": [ 140.864853, 38.338299 ] } },
{ "type": "Feature", "properties": { "ID": 42800797, "正式名称": "金渕整形外科クリニック", "機関区分": 2, "都道府県コード": 4, "市区町村コード": 105, "所在地": "宮城県仙台市泉区将監２丁目１２－１", "緯度": 38.331444, "経度": 140.883469, "url": "https://www.iryou.teikyouseido.mhlw.go.jp/znk-web/juminkanja/S2430/initialize?prefCd=04&kikanCd=2800797&kikanKbn=2", "url2": null, "内容": "金渕整形外科クリニック【2:診療所】【診療科目:0】宮城県仙台市泉区将監２丁目１２－１" }, "geometry": { "type": "Point", "coordinates": [ 140.883469, 38.331444 ] } },
{ "type": "Feature", "properties": { "ID": 42800799, "正式名称": "加茂耳鼻咽喉科", "機関区分": 2, "都道府県コード": 4, "市区町村コード": 105, "所在地": "宮城県仙台市泉区上谷刈字赤坂６－８７", "緯度": 38.310654, "経度": 140.855225, "url": "https://www.iryou.teikyouseido.mhlw.go.jp/znk-web/juminkanja/S2430/initialize?prefCd=04&kikanCd=2800799&kikanKbn=2", "url2": null, "内容": "加茂耳鼻咽喉科【2:診療所】【診療科目:0】宮城県仙台市泉区上谷刈字赤坂６－８７" }, "geometry": { "type": "Point", "coordinates": [ 140.855225, 38.310654 ] } },
{ "type": "Feature", "properties": { "ID": 42800800, "正式名称": "医療法人社団菊地眼科医院", "機関区分": 2, "都道府県コード": 4, "市区町村コード": 105, "所在地": "宮城県仙台市泉区泉中央４丁目１７－６", "緯度": 38.320568, "経度": 140.885483, "url": "https://www.iryou.teikyouseido.mhlw.go.jp/znk-web/juminkanja/S2430/initialize?prefCd=04&kikanCd=2800800&kikanKbn=2", "url2": "http://www.kikuchi-eye.jp", "内容": "医療法人社団菊地眼科医院【2:診療所】【診療科目:0】宮城県仙台市泉区泉中央４丁目１７－６" }, "geometry": { "type": "Point", "coordinates": [ 140.885483, 38.320568 ] } },
{ "type": "Feature", "properties": { "ID": 42800801, "正式名称": "医療法人社団　医眞会　ます皮膚科医院", "機関区分": 2, "都道府県コード": 4, "市区町村コード": 202, "所在地": "宮城県石巻市茜平１丁目４－１", "緯度": 38.449917, "経度": 141.268326, "url": "https://www.iryou.teikyouseido.mhlw.go.jp/znk-web/juminkanja/S2430/initialize?prefCd=04&kikanCd=2800801&kikanKbn=2", "url2": null, "内容": "医療法人社団　医眞会　ます皮膚科医院【2:診療所】【診療科目:0】宮城県石巻市茜平１丁目４－１" }, "geometry": { "type": "Point", "coordinates": [ 141.268326, 38.449917 ] } },
{ "type": "Feature", "properties": { "ID": 42800804, "正式名称": "渡辺耳鼻咽喉科医院", "機関区分": 2, "都道府県コード": 4, "市区町村コード": 202, "所在地": "宮城県石巻市貞山１丁目４－５", "緯度": 38.432304, "経度": 141.288605, "url": "https://www.iryou.teikyouseido.mhlw.go.jp/znk-web/juminkanja/S2430/initialize?prefCd=04&kikanCd=2800804&kikanKbn=2", "url2": null, "内容": "渡辺耳鼻咽喉科医院【2:診療所】【診療科目:0】宮城県石巻市貞山１丁目４－５" }, "geometry": { "type": "Point", "coordinates": [ 141.288605, 38.432304 ] } },
{ "type": "Feature", "properties": { "ID": 42800805, "正式名称": "医療法人社団　六郷耳鼻咽喉科", "機関区分": 2, "都道府県コード": 4, "市区町村コード": 202, "所在地": "宮城県石巻市鋳銭場５－３５", "緯度": 38.434353, "経度": 141.306442, "url": "https://www.iryou.teikyouseido.mhlw.go.jp/znk-web/juminkanja/S2430/initialize?prefCd=04&kikanCd=2800805&kikanKbn=2", "url2": null, "内容": "医療法人社団　六郷耳鼻咽喉科【2:診療所】【診療科目:0】宮城県石巻市鋳銭場５－３５" }, "geometry": { "type": "Point", "coordinates": [ 141.306442, 38.434353 ] } },
{ "type": "Feature", "properties": { "ID": 42800806, "正式名称": "やまもと産婦人科", "機関区分": 2, "都道府県コード": 4, "市区町村コード": 202, "所在地": "宮城県石巻市大街道北１丁目３－１５", "緯度": 38.431915, "経度": 141.287048, "url": "https://www.iryou.teikyouseido.mhlw.go.jp/znk-web/juminkanja/S2430/initialize?prefCd=04&kikanCd=2800806&kikanKbn=2", "url2": null, "内容": "やまもと産婦人科【2:診療所】【診療科目:0】宮城県石巻市大街道北１丁目３－１５" }, "geometry": { "type": "Point", "coordinates": [ 141.287048, 38.431915 ] } },
{ "type": "Feature", "properties": { "ID": 42800808, "正式名称": "森消化器内科外科", "機関区分": 2, "都道府県コード": 4, "市区町村コード": 202, "所在地": "宮城県石巻市新橋５－３３", "緯度": 38.439419, "経度": 141.289337, "url": "https://www.iryou.teikyouseido.mhlw.go.jp/znk-web/juminkanja/S2430/initialize?prefCd=04&kikanCd=2800808&kikanKbn=2", "url2": "http://morishoukaki.byoinnavi.jp", "内容": "森消化器内科外科【2:診療所】【診療科目:0】宮城県石巻市新橋５－３３" }, "geometry": { "type": "Point", "coordinates": [ 141.289337, 38.439419 ] } },
{ "type": "Feature", "properties": { "ID": 42800809, "正式名称": "宮城クリニック", "機関区分": 2, "都道府県コード": 4, "市区町村コード": 202, "所在地": "宮城県石巻市中里７丁目３ー３５", "緯度": 38.444294, "経度": 141.2939, "url": "https://www.iryou.teikyouseido.mhlw.go.jp/znk-web/juminkanja/S2430/initialize?prefCd=04&kikanCd=2800809&kikanKbn=2", "url2": null, "内容": "宮城クリニック【2:診療所】【診療科目:0】宮城県石巻市中里７丁目３ー３５" }, "geometry": { "type": "Point", "coordinates": [ 141.2939, 38.444294 ] } },
{ "type": "Feature", "properties": { "ID": 42800812, "正式名称": "医療法人社団　箕田内科クリニック", "機関区分": 2, "都道府県コード": 4, "市区町村コード": 202, "所在地": "宮城県石巻市向陽町２丁目１－１９", "緯度": 38.44836, "経度": 141.283813, "url": "https://www.iryou.teikyouseido.mhlw.go.jp/znk-web/juminkanja/S2430/initialize?prefCd=04&kikanCd=2800812&kikanKbn=2", "url2": null, "内容": "医療法人社団　箕田内科クリニック【2:診療所】【診療科目:0】宮城県石巻市向陽町２丁目１－１９" }, "geometry": { "type": "Point", "coordinates": [ 141.283813, 38.44836 ] } },
{ "type": "Feature", "properties": { "ID": 42800814, "正式名称": "医療法人清芳会中浦内科医院", "機関区分": 2, "都道府県コード": 4, "市区町村コード": 202, "所在地": "宮城県石巻市中浦１丁目２－１１１", "緯度": 38.428944, "経度": 141.268265, "url": "https://www.iryou.teikyouseido.mhlw.go.jp/znk-web/juminkanja/S2430/initialize?prefCd=04&kikanCd=2800814&kikanKbn=2", "url2": null, "内容": "医療法人清芳会中浦内科医院【2:診療所】【診療科目:0】宮城県石巻市中浦１丁目２－１１１" }, "geometry": { "type": "Point", "coordinates": [ 141.268265, 38.428944 ] } },
{ "type": "Feature", "properties": { "ID": 42800822, "正式名称": "医療法人髙橋消化器内科", "機関区分": 2, "都道府県コード": 4, "市区町村コード": 202, "所在地": "宮城県石巻市千石町２－５", "緯度": 38.433964, "経度": 141.308243, "url": "https://www.iryou.teikyouseido.mhlw.go.jp/znk-web/juminkanja/S2430/initialize?prefCd=04&kikanCd=2800822&kikanKbn=2", "url2": "http://www.takahashi-shokaki-naika.com", "内容": "医療法人髙橋消化器内科【2:診療所】【診療科目:0】宮城県石巻市千石町２－５" }, "geometry": { "type": "Point", "coordinates": [ 141.308243, 38.433964 ] } },
{ "type": "Feature", "properties": { "ID": 42800824, "正式名称": "宮城県子ども総合センター附属診療所石巻診療室", "機関区分": 2, "都道府県コード": 4, "市区町村コード": 202, "所在地": "宮城県石巻市あゆみ野五丁目７番地", "緯度": 38.439293, "経度": 141.307983, "url": "https://www.iryou.teikyouseido.mhlw.go.jp/znk-web/juminkanja/S2430/initialize?prefCd=04&kikanCd=2800824&kikanKbn=2", "url2": "https://www.pref.miyagi.jp/soshiki/kodomo_s/", "内容": "宮城県子ども総合センター附属診療所石巻診療室【2:診療所】【診療科目:0】宮城県石巻市あゆみ野五丁目７番地" }, "geometry": { "type": "Point", "coordinates": [ 141.307983, 38.439293 ] } },
{ "type": "Feature", "properties": { "ID": 42800828, "正式名称": "鈴木皮膚科医院", "機関区分": 2, "都道府県コード": 4, "市区町村コード": 202, "所在地": "宮城県石巻市八幡町２丁目５−１６", "緯度": 38.433398, "経度": 141.314311, "url": "https://www.iryou.teikyouseido.mhlw.go.jp/znk-web/juminkanja/S2430/initialize?prefCd=04&kikanCd=2800828&kikanKbn=2", "url2": "http://suzukiderma.web.fc2.com", "内容": "鈴木皮膚科医院【2:診療所】【診療科目:0】宮城県石巻市八幡町２丁目５−１６" }, "geometry": { "type": "Point", "coordinates": [ 141.314311, 38.433398 ] } },
{ "type": "Feature", "properties": { "ID": 42800829, "正式名称": "鈴木整形外科クリニック", "機関区分": 2, "都道府県コード": 4, "市区町村コード": 202, "所在地": "宮城県石巻市鹿妻北１－６－１５", "緯度": 38.422611, "経度": 141.344635, "url": "https://www.iryou.teikyouseido.mhlw.go.jp/znk-web/juminkanja/S2430/initialize?prefCd=04&kikanCd=2800829&kikanKbn=2", "url2": null, "内容": "鈴木整形外科クリニック【2:診療所】【診療科目:0】宮城県石巻市鹿妻北１－６－１５" }, "geometry": { "type": "Point", "coordinates": [ 141.344635, 38.422611 ] } },
{ "type": "Feature", "properties": { "ID": 42800831, "正式名称": "医療法人　瑞穂会　東海林内科胃腸科", "機関区分": 2, "都道府県コード": 4, "市区町村コード": 202, "所在地": "宮城県石巻市門脇字二番谷地１３－５６２", "緯度": 38.43344, "経度": 141.264283, "url": "https://www.iryou.teikyouseido.mhlw.go.jp/znk-web/juminkanja/S2430/initialize?prefCd=04&kikanCd=2800831&kikanKbn=2", "url2": null, "内容": "医療法人　瑞穂会　東海林内科胃腸科【2:診療所】【診療科目:0】宮城県石巻市門脇字二番谷地１３－５６２" }, "geometry": { "type": "Point", "coordinates": [ 141.264283, 38.43344 ] } },
{ "type": "Feature", "properties": { "ID": 42800833, "正式名称": "くすの木内科クリニック", "機関区分": 2, "都道府県コード": 4, "市区町村コード": 104, "所在地": "宮城県仙台市太白区中田３丁目８－３７", "緯度": 38.199379, "経度": 140.885117, "url": "https://www.iryou.teikyouseido.mhlw.go.jp/znk-web/juminkanja/S2430/initialize?prefCd=04&kikanCd=2800833&kikanKbn=2", "url2": "http://kusunoki-naika-clinic.com", "内容": "くすの木内科クリニック【2:診療所】【診療科目:0】宮城県仙台市太白区中田３丁目８－３７" }, "geometry": { "type": "Point", "coordinates": [ 140.885117, 38.199379 ] } },
{ "type": "Feature", "properties": { "ID": 42800834, "正式名称": "駅前北きし内科クリニック", "機関区分": 2, "都道府県コード": 4, "市区町村コード": 202, "所在地": "宮城県石巻市駅前北通り１ー１４ー２１", "緯度": 38.438267, "経度": 141.306824, "url": "https://www.iryou.teikyouseido.mhlw.go.jp/znk-web/juminkanja/S2430/initialize?prefCd=04&kikanCd=2800834&kikanKbn=2", "url2": "http://kishinaika01.byoinnavi.jp/pc/", "内容": "駅前北きし内科クリニック【2:診療所】【診療科目:0】宮城県石巻市駅前北通り１ー１４ー２１" }, "geometry": { "type": "Point", "coordinates": [ 141.306824, 38.438267 ] } },
{ "type": "Feature", "properties": { "ID": 42800835, "正式名称": "医療法人社団　小林耳鼻咽喉科医院", "機関区分": 2, "都道府県コード": 4, "市区町村コード": 202, "所在地": "宮城県石巻市蛇田字北経塚７２－１", "緯度": 38.455738, "経度": 141.265762, "url": "https://www.iryou.teikyouseido.mhlw.go.jp/znk-web/juminkanja/S2430/initialize?prefCd=04&kikanCd=2800835&kikanKbn=2", "url2": null, "内容": "医療法人社団　小林耳鼻咽喉科医院【2:診療所】【診療科目:0】宮城県石巻市蛇田字北経塚７２－１" }, "geometry": { "type": "Point", "coordinates": [ 141.265762, 38.455738 ] } },
{ "type": "Feature", "properties": { "ID": 42800836, "正式名称": "医療法人こばやし医院", "機関区分": 2, "都道府県コード": 4, "市区町村コード": 202, "所在地": "宮城県石巻市蛇田字南経塚７－３", "緯度": 38.452922, "経度": 141.265421, "url": "https://www.iryou.teikyouseido.mhlw.go.jp/znk-web/juminkanja/S2430/initialize?prefCd=04&kikanCd=2800836&kikanKbn=2", "url2": null, "内容": "医療法人こばやし医院【2:診療所】【診療科目:0】宮城県石巻市蛇田字南経塚７－３" }, "geometry": { "type": "Point", "coordinates": [ 141.265421, 38.452922 ] } },
{ "type": "Feature", "properties": { "ID": 42800841, "正式名称": "医療法人光義会成田医院", "機関区分": 2, "都道府県コード": 4, "市区町村コード": 202, "所在地": "宮城県石巻市相野谷字飯野川町１２２", "緯度": 38.51437, "経度": 141.315109, "url": "https://www.iryou.teikyouseido.mhlw.go.jp/znk-web/juminkanja/S2430/initialize?prefCd=04&kikanCd=2800841&kikanKbn=2", "url2": "https://www.naritaiin.com", "内容": "医療法人光義会成田医院【2:診療所】【診療科目:0】宮城県石巻市相野谷字飯野川町１２２" }, "geometry": { "type": "Point", "coordinates": [ 141.315109, 38.51437 ] } },
{ "type": "Feature", "properties": { "ID": 42800843, "正式名称": "石巻市橋浦診療所", "機関区分": 2, "都道府県コード": 4, "市区町村コード": 202, "所在地": "宮城県石巻市北上町橋浦字大須２１５番地　北上保健医療センター内", "緯度": 38.54707, "経度": 141.41098, "url": "https://www.iryou.teikyouseido.mhlw.go.jp/znk-web/juminkanja/S2430/initialize?prefCd=04&kikanCd=2800843&kikanKbn=2", "url2": null, "内容": "石巻市橋浦診療所【2:診療所】【診療科目:0】宮城県石巻市北上町橋浦字大須２１５番地　北上保健医療センター内" }, "geometry": { "type": "Point", "coordinates": [ 141.41098, 38.54707 ] } },
{ "type": "Feature", "properties": { "ID": 42800848, "正式名称": "医療法人　社団　信和会　ものうファミリークリニック", "機関区分": 2, "都道府県コード": 4, "市区町村コード": 202, "所在地": "宮城県石巻市桃生町中津山字八木１６７－４", "緯度": 38.562389, "経度": 141.243881, "url": "https://www.iryou.teikyouseido.mhlw.go.jp/znk-web/juminkanja/S2430/initialize?prefCd=04&kikanCd=2800848&kikanKbn=2", "url2": "http://www.famikuri.com", "内容": "医療法人　社団　信和会　ものうファミリークリニック【2:診療所】【診療科目:0】宮城県石巻市桃生町中津山字八木１６７－４" }, "geometry": { "type": "Point", "coordinates": [ 141.243881, 38.562389 ] } },
{ "type": "Feature", "properties": { "ID": 42800849, "正式名称": "ものう眼科クリニック", "機関区分": 2, "都道府県コード": 4, "市区町村コード": 202, "所在地": "宮城県石巻市桃生町中津山字四軒前７０－１", "緯度": 38.561844, "経度": 141.241806, "url": "https://www.iryou.teikyouseido.mhlw.go.jp/znk-web/juminkanja/S2430/initialize?prefCd=04&kikanCd=2800849&kikanKbn=2", "url2": "http://www.monouganka.com", "内容": "ものう眼科クリニック【2:診療所】【診療科目:0】宮城県石巻市桃生町中津山字四軒前７０－１" }, "geometry": { "type": "Point", "coordinates": [ 141.241806, 38.561844 ] } },
{ "type": "Feature", "properties": { "ID": 42800850, "正式名称": "医療法人　簡野医院", "機関区分": 2, "都道府県コード": 4, "市区町村コード": 202, "所在地": "宮城県石巻市鹿又字八幡前１７－４", "緯度": 38.48576, "経度": 141.284622, "url": "https://www.iryou.teikyouseido.mhlw.go.jp/znk-web/juminkanja/S2430/initialize?prefCd=04&kikanCd=2800850&kikanKbn=2", "url2": null, "内容": "医療法人　簡野医院【2:診療所】【診療科目:0】宮城県石巻市鹿又字八幡前１７－４" }, "geometry": { "type": "Point", "coordinates": [ 141.284622, 38.48576 ] } },
{ "type": "Feature", "properties": { "ID": 42800851, "正式名称": "医療法人社団千裕会　紫桃内科医院", "機関区分": 2, "都道府県コード": 4, "市区町村コード": 202, "所在地": "宮城県石巻市鹿又字伊勢前５３－２", "緯度": 38.48888, "経度": 141.291367, "url": "https://www.iryou.teikyouseido.mhlw.go.jp/znk-web/juminkanja/S2430/initialize?prefCd=04&kikanCd=2800851&kikanKbn=2", "url2": null, "内容": "医療法人社団千裕会　紫桃内科医院【2:診療所】【診療科目:0】宮城県石巻市鹿又字伊勢前５３－２" }, "geometry": { "type": "Point", "coordinates": [ 141.291367, 38.48888 ] } },
{ "type": "Feature", "properties": { "ID": 42800856, "正式名称": "久門医院", "機関区分": 2, "都道府県コード": 4, "市区町村コード": 202, "所在地": "宮城県石巻市垂水町３丁目６－１", "緯度": 38.42836, "経度": 141.370819, "url": "https://www.iryou.teikyouseido.mhlw.go.jp/znk-web/juminkanja/S2430/initialize?prefCd=04&kikanCd=2800856&kikanKbn=2", "url2": null, "内容": "久門医院【2:診療所】【診療科目:0】宮城県石巻市垂水町３丁目６－１" }, "geometry": { "type": "Point", "coordinates": [ 141.370819, 38.42836 ] } },
{ "type": "Feature", "properties": { "ID": 42800858, "正式名称": "女川町地域医療センター", "機関区分": 2, "都道府県コード": 4, "市区町村コード": 581, "所在地": "宮城県牡鹿郡女川町鷲神浜字堀切山１０７－１", "緯度": 38.442806, "経度": 141.444641, "url": "https://www.iryou.teikyouseido.mhlw.go.jp/znk-web/juminkanja/S2430/initialize?prefCd=04&kikanCd=2800858&kikanKbn=2", "url2": "https://onagawahp.jadecom.or.jp/", "内容": "女川町地域医療センター【2:診療所】【診療科目:0】宮城県牡鹿郡女川町鷲神浜字堀切山１０７－１" }, "geometry": { "type": "Point", "coordinates": [ 141.444641, 38.442806 ] } },
{ "type": "Feature", "properties": { "ID": 42800865, "正式名称": "医療法人　陽気会　網小医院", "機関区分": 2, "都道府県コード": 4, "市区町村コード": 202, "所在地": "宮城県石巻市長渡浜杉１３－３", "緯度": 38.26638, "経度": 141.478165, "url": "https://www.iryou.teikyouseido.mhlw.go.jp/znk-web/juminkanja/S2430/initialize?prefCd=04&kikanCd=2800865&kikanKbn=2", "url2": "http://amishou.weebly.com/", "内容": "医療法人　陽気会　網小医院【2:診療所】【診療科目:0】宮城県石巻市長渡浜杉１３－３" }, "geometry": { "type": "Point", "coordinates": [ 141.478165, 38.26638 ] } },
{ "type": "Feature", "properties": { "ID": 42800867, "正式名称": "佐々木医院", "機関区分": 2, "都道府県コード": 4, "市区町村コード": 202, "所在地": "宮城県石巻市和渕字和渕町８６", "緯度": 38.527718, "経度": 141.223373, "url": "https://www.iryou.teikyouseido.mhlw.go.jp/znk-web/juminkanja/S2430/initialize?prefCd=04&kikanCd=2800867&kikanKbn=2", "url2": null, "内容": "佐々木医院【2:診療所】【診療科目:0】宮城県石巻市和渕字和渕町８６" }, "geometry": { "type": "Point", "coordinates": [ 141.223373, 38.527718 ] } },
{ "type": "Feature", "properties": { "ID": 42800868, "正式名称": "医療法人社団中川内科外科医院", "機関区分": 2, "都道府県コード": 4, "市区町村コード": 202, "所在地": "宮城県石巻市前谷地字横須賀１０３－７", "緯度": 38.511135, "経度": 141.193192, "url": "https://www.iryou.teikyouseido.mhlw.go.jp/znk-web/juminkanja/S2430/initialize?prefCd=04&kikanCd=2800868&kikanKbn=2", "url2": "https://www.nakagawanaikageka.com", "内容": "医療法人社団中川内科外科医院【2:診療所】【診療科目:0】宮城県石巻市前谷地字横須賀１０３－７" }, "geometry": { "type": "Point", "coordinates": [ 141.193192, 38.511135 ] } },
{ "type": "Feature", "properties": { "ID": 42800875, "正式名称": "亀田内科皮膚科クリニック", "機関区分": 2, "都道府県コード": 4, "市区町村コード": 202, "所在地": "宮城県石巻市大街道南５丁目４－３１", "緯度": 38.429359, "経度": 141.276932, "url": "https://www.iryou.teikyouseido.mhlw.go.jp/znk-web/juminkanja/S2430/initialize?prefCd=04&kikanCd=2800875&kikanKbn=2", "url2": "http://www.myclinic.ne.jp/kameda/", "内容": "亀田内科皮膚科クリニック【2:診療所】【診療科目:0】宮城県石巻市大街道南５丁目４－３１" }, "geometry": { "type": "Point", "coordinates": [ 141.276932, 38.429359 ] } },
{ "type": "Feature", "properties": { "ID": 42800876, "正式名称": "医療法人社団　上石内科クリニック", "機関区分": 2, "都道府県コード": 4, "市区町村コード": 202, "所在地": "宮城県石巻市清水町１丁目７－１２", "緯度": 38.43757, "経度": 141.295598, "url": "https://www.iryou.teikyouseido.mhlw.go.jp/znk-web/juminkanja/S2430/initialize?prefCd=04&kikanCd=2800876&kikanKbn=2", "url2": null, "内容": "医療法人社団　上石内科クリニック【2:診療所】【診療科目:0】宮城県石巻市清水町１丁目７－１２" }, "geometry": { "type": "Point", "coordinates": [ 141.295598, 38.43757 ] } },
{ "type": "Feature", "properties": { "ID": 42800878, "正式名称": "医療法人　神山クリニック", "機関区分": 2, "都道府県コード": 4, "市区町村コード": 214, "所在地": "宮城県東松島市赤井字川前４－１－６", "緯度": 38.440666, "経度": 141.234299, "url": "https://www.iryou.teikyouseido.mhlw.go.jp/znk-web/juminkanja/S2430/initialize?prefCd=04&kikanCd=2800878&kikanKbn=2", "url2": null, "内容": "医療法人　神山クリニック【2:診療所】【診療科目:0】宮城県東松島市赤井字川前４－１－６" }, "geometry": { "type": "Point", "coordinates": [ 141.234299, 38.440666 ] } },
{ "type": "Feature", "properties": { "ID": 42800879, "正式名称": "なかがわ眼科", "機関区分": 2, "都道府県コード": 4, "市区町村コード": 202, "所在地": "宮城県石巻市恵み野５丁目１０－４１", "緯度": 38.442738, "経度": 141.265457, "url": "https://www.iryou.teikyouseido.mhlw.go.jp/znk-web/juminkanja/S2430/initialize?prefCd=04&kikanCd=2800879&kikanKbn=2", "url2": "http://www.nakagawa-ganka.net", "内容": "なかがわ眼科【2:診療所】【診療科目:0】宮城県石巻市恵み野５丁目１０－４１" }, "geometry": { "type": "Point", "coordinates": [ 141.265457, 38.442738 ] } },
{ "type": "Feature", "properties": { "ID": 42800886, "正式名称": "医療法人　相沢泌尿器科医院", "機関区分": 2, "都道府県コード": 4, "市区町村コード": 202, "所在地": "宮城県石巻市門脇町１丁目５－１８", "緯度": 38.426239, "経度": 141.307861, "url": "https://www.iryou.teikyouseido.mhlw.go.jp/znk-web/juminkanja/S2430/initialize?prefCd=04&kikanCd=2800886&kikanKbn=2", "url2": "https://www.aizawa-uro.jp/", "内容": "医療法人　相沢泌尿器科医院【2:診療所】【診療科目:0】宮城県石巻市門脇町１丁目５－１８" }, "geometry": { "type": "Point", "coordinates": [ 141.307861, 38.426239 ] } },
{ "type": "Feature", "properties": { "ID": 42800889, "正式名称": "石巻市田代診療所", "機関区分": 2, "都道府県コード": 4, "市区町村コード": 202, "所在地": "宮城県石巻市田代浜字仁斗田１２６", "緯度": 38.292267, "経度": 141.424911, "url": "https://www.iryou.teikyouseido.mhlw.go.jp/znk-web/juminkanja/S2430/initialize?prefCd=04&kikanCd=2800889&kikanKbn=2", "url2": null, "内容": "石巻市田代診療所【2:診療所】【診療科目:0】宮城県石巻市田代浜字仁斗田１２６" }, "geometry": { "type": "Point", "coordinates": [ 141.424911, 38.292267 ] } },
{ "type": "Feature", "properties": { "ID": 42800892, "正式名称": "いしのまき矢吹クリニック", "機関区分": 2, "都道府県コード": 4, "市区町村コード": 202, "所在地": "宮城県石巻市大橋３丁目２－７", "緯度": 38.443813, "経度": 141.309677, "url": "https://www.iryou.teikyouseido.mhlw.go.jp/znk-web/juminkanja/S2430/initialize?prefCd=04&kikanCd=2800892&kikanKbn=2", "url2": "https://www.ishiyabu.com", "内容": "いしのまき矢吹クリニック【2:診療所】【診療科目:0】宮城県石巻市大橋３丁目２－７" }, "geometry": { "type": "Point", "coordinates": [ 141.309677, 38.443813 ] } },
{ "type": "Feature", "properties": { "ID": 42800893, "正式名称": "医療法人　池田整形外科医院", "機関区分": 2, "都道府県コード": 4, "市区町村コード": 202, "所在地": "宮城県石巻市蛇田字東道下４８－１", "緯度": 38.458416, "経度": 141.281891, "url": "https://www.iryou.teikyouseido.mhlw.go.jp/znk-web/juminkanja/S2430/initialize?prefCd=04&kikanCd=2800893&kikanKbn=2", "url2": null, "内容": "医療法人　池田整形外科医院【2:診療所】【診療科目:0】宮城県石巻市蛇田字東道下４８－１" }, "geometry": { "type": "Point", "coordinates": [ 141.281891, 38.458416 ] } },
{ "type": "Feature", "properties": { "ID": 42800894, "正式名称": "医療法人阿部こどもクリニック", "機関区分": 2, "都道府県コード": 4, "市区町村コード": 202, "所在地": "宮城県石巻市千石町６－１１", "緯度": 38.435402, "経度": 141.309006, "url": "https://www.iryou.teikyouseido.mhlw.go.jp/znk-web/juminkanja/S2430/initialize?prefCd=04&kikanCd=2800894&kikanKbn=2", "url2": null, "内容": "医療法人阿部こどもクリニック【2:診療所】【診療科目:0】宮城県石巻市千石町６－１１" }, "geometry": { "type": "Point", "coordinates": [ 141.309006, 38.435402 ] } },
{ "type": "Feature", "properties": { "ID": 42800895, "正式名称": "医療法人　あべクリニック産科婦人科", "機関区分": 2, "都道府県コード": 4, "市区町村コード": 202, "所在地": "宮城県石巻市大街道西２丁目１－８０", "緯度": 38.432041, "経度": 141.275757, "url": "https://www.iryou.teikyouseido.mhlw.go.jp/znk-web/juminkanja/S2430/initialize?prefCd=04&kikanCd=2800895&kikanKbn=2", "url2": "http://www.abeclinic.net/", "内容": "医療法人　あべクリニック産科婦人科【2:診療所】【診療科目:0】宮城県石巻市大街道西２丁目１－８０" }, "geometry": { "type": "Point", "coordinates": [ 141.275757, 38.432041 ] } },
{ "type": "Feature", "properties": { "ID": 42800897, "正式名称": "坂井内科胃腸科", "機関区分": 2, "都道府県コード": 4, "市区町村コード": 202, "所在地": "宮城県石巻市中里３丁目１－１１", "緯度": 38.441025, "経度": 141.298492, "url": "https://www.iryou.teikyouseido.mhlw.go.jp/znk-web/juminkanja/S2430/initialize?prefCd=04&kikanCd=2800897&kikanKbn=2", "url2": null, "内容": "坂井内科胃腸科【2:診療所】【診療科目:0】宮城県石巻市中里３丁目１－１１" }, "geometry": { "type": "Point", "coordinates": [ 141.298492, 38.441025 ] } },
{ "type": "Feature", "properties": { "ID": 42800898, "正式名称": "医療法人社団　齋藤産婦人科医院", "機関区分": 2, "都道府県コード": 4, "市区町村コード": 202, "所在地": "宮城県石巻市中央３丁目５－２６", "緯度": 38.433365, "経度": 141.310349, "url": "https://www.iryou.teikyouseido.mhlw.go.jp/znk-web/juminkanja/S2430/initialize?prefCd=04&kikanCd=2800898&kikanKbn=2", "url2": null, "内容": "医療法人社団　齋藤産婦人科医院【2:診療所】【診療科目:0】宮城県石巻市中央３丁目５－２６" }, "geometry": { "type": "Point", "coordinates": [ 141.310349, 38.433365 ] } },
{ "type": "Feature", "properties": { "ID": 42800900, "正式名称": "医療法人社団かづま内科クリニック", "機関区分": 2, "都道府県コード": 4, "市区町村コード": 202, "所在地": "宮城県石巻市鹿妻南１丁目１３番１６号", "緯度": 38.421335, "経度": 141.34144, "url": "https://www.iryou.teikyouseido.mhlw.go.jp/znk-web/juminkanja/S2430/initialize?prefCd=04&kikanCd=2800900&kikanKbn=2", "url2": null, "内容": "医療法人社団かづま内科クリニック【2:診療所】【診療科目:0】宮城県石巻市鹿妻南１丁目１３番１６号" }, "geometry": { "type": "Point", "coordinates": [ 141.34144, 38.421335 ] } },
{ "type": "Feature", "properties": { "ID": 42800902, "正式名称": "医療法人米地会　よねち内科クリニック", "機関区分": 2, "都道府県コード": 4, "市区町村コード": 209, "所在地": "宮城県多賀城市高橋４−１４−６", "緯度": 38.28928, "経度": 140.981995, "url": "https://www.iryou.teikyouseido.mhlw.go.jp/znk-web/juminkanja/S2430/initialize?prefCd=04&kikanCd=2800902&kikanKbn=2", "url2": "https://yonechi-naika.com/", "内容": "医療法人米地会　よねち内科クリニック【2:診療所】【診療科目:0】宮城県多賀城市高橋４−１４−６" }, "geometry": { "type": "Point", "coordinates": [ 140.981995, 38.28928 ] } },
{ "type": "Feature", "properties": { "ID": 42800903, "正式名称": "医療法人　敬仁会　遠藤医院　遠藤マタニティクリニック", "機関区分": 2, "都道府県コード": 4, "市区町村コード": 209, "所在地": "宮城県多賀城市町前２丁目２－８", "緯度": 38.284969, "経度": 141.003769, "url": "https://www.iryou.teikyouseido.mhlw.go.jp/znk-web/juminkanja/S2430/initialize?prefCd=04&kikanCd=2800903&kikanKbn=2", "url2": "http://endo-clinic.jp", "内容": "医療法人　敬仁会　遠藤医院　遠藤マタニティクリニック【2:診療所】【診療科目:0】宮城県多賀城市町前２丁目２－８" }, "geometry": { "type": "Point", "coordinates": [ 141.003769, 38.284969 ] } },
{ "type": "Feature", "properties": { "ID": 42800905, "正式名称": "医療法人社団さとう整形外科クリニック", "機関区分": 2, "都道府県コード": 4, "市区町村コード": 209, "所在地": "宮城県多賀城市高橋１丁目４－１３", "緯度": 38.287857, "経度": 140.97496, "url": "https://www.iryou.teikyouseido.mhlw.go.jp/znk-web/juminkanja/S2430/initialize?prefCd=04&kikanCd=2800905&kikanKbn=2", "url2": "http://satou-clinic.com/", "内容": "医療法人社団さとう整形外科クリニック【2:診療所】【診療科目:0】宮城県多賀城市高橋１丁目４－１３" }, "geometry": { "type": "Point", "coordinates": [ 140.97496, 38.287857 ] } },
{ "type": "Feature", "properties": { "ID": 42800906, "正式名称": "大井耳鼻咽喉科", "機関区分": 2, "都道府県コード": 4, "市区町村コード": 209, "所在地": "宮城県多賀城市八幡４丁目３－８　１Ｆ", "緯度": 38.290363, "経度": 141.009781, "url": "https://www.iryou.teikyouseido.mhlw.go.jp/znk-web/juminkanja/S2430/initialize?prefCd=04&kikanCd=2800906&kikanKbn=2", "url2": null, "内容": "大井耳鼻咽喉科【2:診療所】【診療科目:0】宮城県多賀城市八幡４丁目３－８　１Ｆ" }, "geometry": { "type": "Point", "coordinates": [ 141.009781, 38.290363 ] } },
{ "type": "Feature", "properties": { "ID": 42800907, "正式名称": "大井皮膚科泌尿器科医院", "機関区分": 2, "都道府県コード": 4, "市区町村コード": 209, "所在地": "宮城県多賀城市八幡４丁目３－８　大井クリニックビル２Ｆ", "緯度": 38.290363, "経度": 141.009781, "url": "https://www.iryou.teikyouseido.mhlw.go.jp/znk-web/juminkanja/S2430/initialize?prefCd=04&kikanCd=2800907&kikanKbn=2", "url2": null, "内容": "大井皮膚科泌尿器科医院【2:診療所】【診療科目:0】宮城県多賀城市八幡４丁目３－８　大井クリニックビル２Ｆ" }, "geometry": { "type": "Point", "coordinates": [ 141.009781, 38.290363 ] } },
{ "type": "Feature", "properties": { "ID": 42800908, "正式名称": "医療法人卓敬会　まえひらクリニック", "機関区分": 2, "都道府県コード": 4, "市区町村コード": 209, "所在地": "宮城県多賀城市高橋５丁目３－２", "緯度": 38.28772, "経度": 140.982925, "url": "https://www.iryou.teikyouseido.mhlw.go.jp/znk-web/juminkanja/S2430/initialize?prefCd=04&kikanCd=2800908&kikanKbn=2", "url2": null, "内容": "医療法人卓敬会　まえひらクリニック【2:診療所】【診療科目:0】宮城県多賀城市高橋５丁目３－２" }, "geometry": { "type": "Point", "coordinates": [ 140.982925, 38.28772 ] } },
{ "type": "Feature", "properties": { "ID": 42800909, "正式名称": "医療法人日和会　おだかクリニック", "機関区分": 2, "都道府県コード": 4, "市区町村コード": 209, "所在地": "宮城県多賀城市中央", "緯度": 38.298679, "経度": 141.00415, "url": "https://www.iryou.teikyouseido.mhlw.go.jp/znk-web/juminkanja/S2430/initialize?prefCd=04&kikanCd=2800909&kikanKbn=2", "url2": "https://odakacl.com", "内容": "医療法人日和会　おだかクリニック【2:診療所】【診療科目:0】宮城県多賀城市中央" }, "geometry": { "type": "Point", "coordinates": [ 141.00415, 38.298679 ] } },
{ "type": "Feature", "properties": { "ID": 42800910, "正式名称": "かくたこども＆アレルギークリニック", "機関区分": 2, "都道府県コード": 4, "市区町村コード": 209, "所在地": "宮城県多賀城市中央１丁目１６－８", "緯度": 38.298435, "経度": 141.004089, "url": "https://www.iryou.teikyouseido.mhlw.go.jp/znk-web/juminkanja/S2430/initialize?prefCd=04&kikanCd=2800910&kikanKbn=2", "url2": "https://kakutaclinic.life.coocan.jp", "内容": "かくたこども＆アレルギークリニック【2:診療所】【診療科目:0】宮城県多賀城市中央１丁目１６－８" }, "geometry": { "type": "Point", "coordinates": [ 141.004089, 38.298435 ] } },
{ "type": "Feature", "properties": { "ID": 42800913, "正式名称": "医療法人社団　八穂会　遠藤医院", "機関区分": 2, "都道府県コード": 4, "市区町村コード": 404, "所在地": "宮城県宮城郡七ヶ浜町吉田浜字寺山１２－１", "緯度": 38.309086, "経度": 141.079819, "url": "https://www.iryou.teikyouseido.mhlw.go.jp/znk-web/juminkanja/S2430/initialize?prefCd=04&kikanCd=2800913&kikanKbn=2", "url2": null, "内容": "医療法人社団　八穂会　遠藤医院【2:診療所】【診療科目:0】宮城県宮城郡七ヶ浜町吉田浜字寺山１２－１" }, "geometry": { "type": "Point", "coordinates": [ 141.079819, 38.309086 ] } },
{ "type": "Feature", "properties": { "ID": 42800914, "正式名称": "一般社団法人あかざ　多賀城あかざクリニック", "機関区分": 2, "都道府県コード": 4, "市区町村コード": 209, "所在地": "宮城県多賀城市高橋２丁目１５－２８", "緯度": 38.285194, "経度": 140.97316, "url": "https://www.iryou.teikyouseido.mhlw.go.jp/znk-web/juminkanja/S2430/initialize?prefCd=04&kikanCd=2800914&kikanKbn=2", "url2": "http://www.akaza-mc.com", "内容": "一般社団法人あかざ　多賀城あかざクリニック【2:診療所】【診療科目:0】宮城県多賀城市高橋２丁目１５－２８" }, "geometry": { "type": "Point", "coordinates": [ 140.97316, 38.285194 ] } },
{ "type": "Feature", "properties": { "ID": 42800919, "正式名称": "汐見台クリニック", "機関区分": 2, "都道府県コード": 4, "市区町村コード": 404, "所在地": "宮城県宮城郡七ヶ浜町汐見台南１丁目１－５", "緯度": 38.295483, "経度": 141.056076, "url": "https://www.iryou.teikyouseido.mhlw.go.jp/znk-web/juminkanja/S2430/initialize?prefCd=04&kikanCd=2800919&kikanKbn=2", "url2": "http://shiomidaiclinic.wixsite.com/shiomidai-clinic", "内容": "汐見台クリニック【2:診療所】【診療科目:0】宮城県宮城郡七ヶ浜町汐見台南１丁目１－５" }, "geometry": { "type": "Point", "coordinates": [ 141.056076, 38.295483 ] } },
{ "type": "Feature", "properties": { "ID": 42800920, "正式名称": "医療法人　かしま田園クリニック", "機関区分": 2, "都道府県コード": 4, "市区町村コード": 404, "所在地": "宮城県宮城郡七ヶ浜町松ヶ浜字謡１３７ー２０", "緯度": 38.291054, "経度": 141.046631, "url": "https://www.iryou.teikyouseido.mhlw.go.jp/znk-web/juminkanja/S2430/initialize?prefCd=04&kikanCd=2800920&kikanKbn=2", "url2": null, "内容": "医療法人　かしま田園クリニック【2:診療所】【診療科目:0】宮城県宮城郡七ヶ浜町松ヶ浜字謡１３７ー２０" }, "geometry": { "type": "Point", "coordinates": [ 141.046631, 38.291054 ] } },
{ "type": "Feature", "properties": { "ID": 42800926, "正式名称": "渡辺眼科医院", "機関区分": 2, "都道府県コード": 4, "市区町村コード": 203, "所在地": "宮城県塩竈市尾島町６－３", "緯度": 38.314182, "経度": 141.02298, "url": "https://www.iryou.teikyouseido.mhlw.go.jp/znk-web/juminkanja/S2430/initialize?prefCd=04&kikanCd=2800926&kikanKbn=2", "url2": null, "内容": "渡辺眼科医院【2:診療所】【診療科目:0】宮城県塩竈市尾島町６－３" }, "geometry": { "type": "Point", "coordinates": [ 141.02298, 38.314182 ] } },
{ "type": "Feature", "properties": { "ID": 42800928, "正式名称": "レナトゥスクリニック仙台院", "機関区分": 2, "都道府県コード": 4, "市区町村コード": 102, "所在地": "宮城県仙台市宮城野区榴岡２丁目５－５　髙惣木工ビル５階", "緯度": 38.260399, "経度": 140.885086, "url": "https://www.iryou.teikyouseido.mhlw.go.jp/znk-web/juminkanja/S2430/initialize?prefCd=04&kikanCd=2800928&kikanKbn=2", "url2": "https://renatusclinic-sendai.jp", "内容": "レナトゥスクリニック仙台院【2:診療所】【診療科目:0】宮城県仙台市宮城野区榴岡２丁目５－５　髙惣木工ビル５階" }, "geometry": { "type": "Point", "coordinates": [ 140.885086, 38.260399 ] } },
{ "type": "Feature", "properties": { "ID": 42800929, "正式名称": "さのクリニック　アレルギー科・呼吸器科・内科", "機関区分": 2, "都道府県コード": 4, "市区町村コード": 102, "所在地": "宮城県仙台市宮城野区小田原弓ノ町１００－１　４Ｆ", "緯度": 38.264717, "経度": 140.888489, "url": "https://www.iryou.teikyouseido.mhlw.go.jp/znk-web/juminkanja/S2430/initialize?prefCd=04&kikanCd=2800929&kikanKbn=2", "url2": "http://www.sano-iin.jp", "内容": "さのクリニック　アレルギー科・呼吸器科・内科【2:診療所】【診療科目:0】宮城県仙台市宮城野区小田原弓ノ町１００－１　４Ｆ" }, "geometry": { "type": "Point", "coordinates": [ 140.888489, 38.264717 ] } },
{ "type": "Feature", "properties": { "ID": 42800932, "正式名称": "医療法人宏人会中央クリニック", "機関区分": 2, "都道府県コード": 4, "市区町村コード": 102, "所在地": "宮城県仙台市宮城野区榴岡２丁目１－６", "緯度": 38.261093, "経度": 140.884552, "url": "https://www.iryou.teikyouseido.mhlw.go.jp/znk-web/juminkanja/S2430/initialize?prefCd=04&kikanCd=2800932&kikanKbn=2", "url2": "http://www.koujinkai-med.or.jp", "内容": "医療法人宏人会中央クリニック【2:診療所】【診療科目:0】宮城県仙台市宮城野区榴岡２丁目１－６" }, "geometry": { "type": "Point", "coordinates": [ 140.884552, 38.261093 ] } },
{ "type": "Feature", "properties": { "ID": 42800933, "正式名称": "いのうえ小児科クリニック", "機関区分": 2, "都道府県コード": 4, "市区町村コード": 102, "所在地": "宮城県仙台市宮城野区福室２丁目６－２４", "緯度": 38.272778, "経度": 140.967865, "url": "https://www.iryou.teikyouseido.mhlw.go.jp/znk-web/juminkanja/S2430/initialize?prefCd=04&kikanCd=2800933&kikanKbn=2", "url2": "https://www.inoueshounikaclinic.com", "内容": "いのうえ小児科クリニック【2:診療所】【診療科目:0】宮城県仙台市宮城野区福室２丁目６－２４" }, "geometry": { "type": "Point", "coordinates": [ 140.967865, 38.272778 ] } },
{ "type": "Feature", "properties": { "ID": 42800937, "正式名称": "医療法人こがね雅会　こがね医院", "機関区分": 2, "都道府県コード": 4, "市区町村コード": 203, "所在地": "宮城県塩竈市旭町５－１０", "緯度": 38.314766, "経度": 141.020386, "url": "https://www.iryou.teikyouseido.mhlw.go.jp/znk-web/juminkanja/S2430/initialize?prefCd=04&kikanCd=2800937&kikanKbn=2", "url2": "https://www.koganeclinic.com", "内容": "医療法人こがね雅会　こがね医院【2:診療所】【診療科目:0】宮城県塩竈市旭町５－１０" }, "geometry": { "type": "Point", "coordinates": [ 141.020386, 38.314766 ] } },
{ "type": "Feature", "properties": { "ID": 42800939, "正式名称": "医療法人　及川内科医院", "機関区分": 2, "都道府県コード": 4, "市区町村コード": 203, "所在地": "宮城県塩竈市尾島町５－１６", "緯度": 38.314644, "経度": 141.022995, "url": "https://www.iryou.teikyouseido.mhlw.go.jp/znk-web/juminkanja/S2430/initialize?prefCd=04&kikanCd=2800939&kikanKbn=2", "url2": null, "内容": "医療法人　及川内科医院【2:診療所】【診療科目:0】宮城県塩竈市尾島町５－１６" }, "geometry": { "type": "Point", "coordinates": [ 141.022995, 38.314644 ] } },
{ "type": "Feature", "properties": { "ID": 42800941, "正式名称": "医療法人社団杉山内科", "機関区分": 2, "都道府県コード": 4, "市区町村コード": 203, "所在地": "宮城県塩竈市北浜１丁目６－９", "緯度": 38.319866, "経度": 141.022736, "url": "https://www.iryou.teikyouseido.mhlw.go.jp/znk-web/juminkanja/S2430/initialize?prefCd=04&kikanCd=2800941&kikanKbn=2", "url2": null, "内容": "医療法人社団杉山内科【2:診療所】【診療科目:0】宮城県塩竈市北浜１丁目６－９" }, "geometry": { "type": "Point", "coordinates": [ 141.022736, 38.319866 ] } },
{ "type": "Feature", "properties": { "ID": 42800942, "正式名称": "村川医院", "機関区分": 2, "都道府県コード": 4, "市区町村コード": 323, "所在地": "宮城県柴田郡柴田町船岡中央２丁目９－１６", "緯度": 38.055862, "経度": 140.771332, "url": "https://www.iryou.teikyouseido.mhlw.go.jp/znk-web/juminkanja/S2430/initialize?prefCd=04&kikanCd=2800942&kikanKbn=2", "url2": null, "内容": "村川医院【2:診療所】【診療科目:0】宮城県柴田郡柴田町船岡中央２丁目９－１６" }, "geometry": { "type": "Point", "coordinates": [ 140.771332, 38.055862 ] } },
{ "type": "Feature", "properties": { "ID": 42800947, "正式名称": "田中内科小児科医院", "機関区分": 2, "都道府県コード": 4, "市区町村コード": 324, "所在地": "宮城県柴田郡川崎町前川山長７４", "緯度": 38.17263, "経度": 140.643509, "url": "https://www.iryou.teikyouseido.mhlw.go.jp/znk-web/juminkanja/S2430/initialize?prefCd=04&kikanCd=2800947&kikanKbn=2", "url2": null, "内容": "田中内科小児科医院【2:診療所】【診療科目:0】宮城県柴田郡川崎町前川山長７４" }, "geometry": { "type": "Point", "coordinates": [ 140.643509, 38.17263 ] } },
{ "type": "Feature", "properties": { "ID": 42800948, "正式名称": "医療法人社団　山家内科小児科医院", "機関区分": 2, "都道府県コード": 4, "市区町村コード": 324, "所在地": "宮城県柴田郡川崎町大字前川字中町７６－２", "緯度": 38.175007, "経度": 140.643463, "url": "https://www.iryou.teikyouseido.mhlw.go.jp/znk-web/juminkanja/S2430/initialize?prefCd=04&kikanCd=2800948&kikanKbn=2", "url2": null, "内容": "医療法人社団　山家内科小児科医院【2:診療所】【診療科目:0】宮城県柴田郡川崎町大字前川字中町７６－２" }, "geometry": { "type": "Point", "coordinates": [ 140.643463, 38.175007 ] } },
{ "type": "Feature", "properties": { "ID": 42800949, "正式名称": "町南診療所", "機関区分": 2, "都道府県コード": 4, "市区町村コード": 322, "所在地": "宮城県柴田郡村田町村田字町南３３－１", "緯度": 38.112297, "経度": 140.726822, "url": "https://www.iryou.teikyouseido.mhlw.go.jp/znk-web/juminkanja/S2430/initialize?prefCd=04&kikanCd=2800949&kikanKbn=2", "url2": null, "内容": "町南診療所【2:診療所】【診療科目:0】宮城県柴田郡村田町村田字町南３３－１" }, "geometry": { "type": "Point", "coordinates": [ 140.726822, 38.112297 ] } },
{ "type": "Feature", "properties": { "ID": 42800951, "正式名称": "村田内科クリニック", "機関区分": 2, "都道府県コード": 4, "市区町村コード": 322, "所在地": "宮城県柴田郡村田町大字小泉字西浦８４－１", "緯度": 38.108597, "経度": 140.724731, "url": "https://www.iryou.teikyouseido.mhlw.go.jp/znk-web/juminkanja/S2430/initialize?prefCd=04&kikanCd=2800951&kikanKbn=2", "url2": null, "内容": "村田内科クリニック【2:診療所】【診療科目:0】宮城県柴田郡村田町大字小泉字西浦８４－１" }, "geometry": { "type": "Point", "coordinates": [ 140.724731, 38.108597 ] } },
{ "type": "Feature", "properties": { "ID": 42800953, "正式名称": "一般財団法人善積回春会善積医院", "機関区分": 2, "都道府県コード": 4, "市区町村コード": 322, "所在地": "宮城県柴田郡村田町村田字西４６", "緯度": 38.117188, "経度": 140.723343, "url": "https://www.iryou.teikyouseido.mhlw.go.jp/znk-web/juminkanja/S2430/initialize?prefCd=04&kikanCd=2800953&kikanKbn=2", "url2": "http://www.yoshizumiiin.byoinnavi.jp", "内容": "一般財団法人善積回春会善積医院【2:診療所】【診療科目:0】宮城県柴田郡村田町村田字西４６" }, "geometry": { "type": "Point", "coordinates": [ 140.723343, 38.117188 ] } },
{ "type": "Feature", "properties": { "ID": 42800957, "正式名称": "みやぎ県南中核病院附属村田診療所", "機関区分": 2, "都道府県コード": 4, "市区町村コード": 322, "所在地": "宮城県柴田郡村田町大字村田字反町１１２番地", "緯度": 38.11434, "経度": 140.723211, "url": "https://www.iryou.teikyouseido.mhlw.go.jp/znk-web/juminkanja/S2430/initialize?prefCd=04&kikanCd=2800957&kikanKbn=2", "url2": null, "内容": "みやぎ県南中核病院附属村田診療所【2:診療所】【診療科目:0】宮城県柴田郡村田町大字村田字反町１１２番地" }, "geometry": { "type": "Point", "coordinates": [ 140.723211, 38.11434 ] } },
{ "type": "Feature", "properties": { "ID": 42800961, "正式名称": "さたけ整形外科", "機関区分": 2, "都道府県コード": 4, "市区町村コード": 301, "所在地": "宮城県刈田郡蔵王町大字円田字西浦３－２", "緯度": 38.096893, "経度": 140.658691, "url": "https://www.iryou.teikyouseido.mhlw.go.jp/znk-web/juminkanja/S2430/initialize?prefCd=04&kikanCd=2800961&kikanKbn=2", "url2": null, "内容": "さたけ整形外科【2:診療所】【診療科目:0】宮城県刈田郡蔵王町大字円田字西浦３－２" }, "geometry": { "type": "Point", "coordinates": [ 140.658691, 38.096893 ] } },
{ "type": "Feature", "properties": { "ID": 42800968, "正式名称": "医療法人名取会　名取医院", "機関区分": 2, "都道府県コード": 4, "市区町村コード": 208, "所在地": "宮城県角田市角田字南６１－１", "緯度": 37.968643, "経度": 140.781097, "url": "https://www.iryou.teikyouseido.mhlw.go.jp/znk-web/juminkanja/S2430/initialize?prefCd=04&kikanCd=2800968&kikanKbn=2", "url2": null, "内容": "医療法人名取会　名取医院【2:診療所】【診療科目:0】宮城県角田市角田字南６１－１" }, "geometry": { "type": "Point", "coordinates": [ 140.781097, 37.968643 ] } },
{ "type": "Feature", "properties": { "ID": 42800969, "正式名称": "医療法人社団大槻明徳会　大槻眼科医院", "機関区分": 2, "都道府県コード": 4, "市区町村コード": 208, "所在地": "宮城県角田市角田字田町９０", "緯度": 37.975018, "経度": 140.784363, "url": "https://www.iryou.teikyouseido.mhlw.go.jp/znk-web/juminkanja/S2430/initialize?prefCd=04&kikanCd=2800969&kikanKbn=2", "url2": null, "内容": "医療法人社団大槻明徳会　大槻眼科医院【2:診療所】【診療科目:0】宮城県角田市角田字田町９０" }, "geometry": { "type": "Point", "coordinates": [ 140.784363, 37.975018 ] } },
{ "type": "Feature", "properties": { "ID": 42800975, "正式名称": "医療法人社団　井上恩和会　角田ふれあいクリニック", "機関区分": 2, "都道府県コード": 4, "市区町村コード": 208, "所在地": "宮城県角田市角田字豊町１－３", "緯度": 37.984222, "経度": 140.778732, "url": "https://www.iryou.teikyouseido.mhlw.go.jp/znk-web/juminkanja/S2430/initialize?prefCd=04&kikanCd=2800975&kikanKbn=2", "url2": "http://www.fureai-cl.jp/", "内容": "医療法人社団　井上恩和会　角田ふれあいクリニック【2:診療所】【診療科目:0】宮城県角田市角田字豊町１－３" }, "geometry": { "type": "Point", "coordinates": [ 140.778732, 37.984222 ] } },
{ "type": "Feature", "properties": { "ID": 42800979, "正式名称": "高山内科胃腸科医院", "機関区分": 2, "都道府県コード": 4, "市区町村コード": 208, "所在地": "宮城県角田市角田字町２４３", "緯度": 37.97105, "経度": 140.784247, "url": "https://www.iryou.teikyouseido.mhlw.go.jp/znk-web/juminkanja/S2430/initialize?prefCd=04&kikanCd=2800979&kikanKbn=2", "url2": null, "内容": "高山内科胃腸科医院【2:診療所】【診療科目:0】宮城県角田市角田字町２４３" }, "geometry": { "type": "Point", "coordinates": [ 140.784247, 37.97105 ] } },
{ "type": "Feature", "properties": { "ID": 42800986, "正式名称": "医療法人社団中正会本間医院", "機関区分": 2, "都道府県コード": 4, "市区町村コード": 203, "所在地": "宮城県塩竈市本町３－２０", "緯度": 38.31699, "経度": 141.018478, "url": "https://www.iryou.teikyouseido.mhlw.go.jp/znk-web/juminkanja/S2430/initialize?prefCd=04&kikanCd=2800986&kikanKbn=2", "url2": "https://hommaclinic.jp/", "内容": "医療法人社団中正会本間医院【2:診療所】【診療科目:0】宮城県塩竈市本町３－２０" }, "geometry": { "type": "Point", "coordinates": [ 141.018478, 38.31699 ] } },
{ "type": "Feature", "properties": { "ID": 42800988, "正式名称": "高橋ジェネラルクリニック", "機関区分": 2, "都道府県コード": 4, "市区町村コード": 203, "所在地": "宮城県塩竈市藤倉３丁目６－４", "緯度": 38.326065, "経度": 141.029724, "url": "https://www.iryou.teikyouseido.mhlw.go.jp/znk-web/juminkanja/S2430/initialize?prefCd=04&kikanCd=2800988&kikanKbn=2", "url2": null, "内容": "高橋ジェネラルクリニック【2:診療所】【診療科目:0】宮城県塩竈市藤倉３丁目６－４" }, "geometry": { "type": "Point", "coordinates": [ 141.029724, 38.326065 ] } },
{ "type": "Feature", "properties": { "ID": 42800989, "正式名称": "医療法人平樹会　平澤内科医院", "機関区分": 2, "都道府県コード": 4, "市区町村コード": 203, "所在地": "宮城県塩竈市石堂１－３３", "緯度": 38.311459, "経度": 141.012192, "url": "https://www.iryou.teikyouseido.mhlw.go.jp/znk-web/juminkanja/S2430/initialize?prefCd=04&kikanCd=2800989&kikanKbn=2", "url2": null, "内容": "医療法人平樹会　平澤内科医院【2:診療所】【診療科目:0】宮城県塩竈市石堂１－３３" }, "geometry": { "type": "Point", "coordinates": [ 141.012192, 38.311459 ] } },
{ "type": "Feature", "properties": { "ID": 42800992, "正式名称": "渡辺耳鼻咽喉科気管食道科医院", "機関区分": 2, "都道府県コード": 4, "市区町村コード": 203, "所在地": "宮城県塩竈市尾島町６－３", "緯度": 38.314182, "経度": 141.02298, "url": "https://www.iryou.teikyouseido.mhlw.go.jp/znk-web/juminkanja/S2430/initialize?prefCd=04&kikanCd=2800992&kikanKbn=2", "url2": null, "内容": "渡辺耳鼻咽喉科気管食道科医院【2:診療所】【診療科目:0】宮城県塩竈市尾島町６－３" }, "geometry": { "type": "Point", "coordinates": [ 141.02298, 38.314182 ] } },
{ "type": "Feature", "properties": { "ID": 42800994, "正式名称": "医療法人　敬仁会　遠藤医院　遠藤レディスクリニック", "機関区分": 2, "都道府県コード": 4, "市区町村コード": 203, "所在地": "宮城県塩竈市花立町１－３２", "緯度": 38.310097, "経度": 141.021317, "url": "https://www.iryou.teikyouseido.mhlw.go.jp/znk-web/juminkanja/S2430/initialize?prefCd=04&kikanCd=2800994&kikanKbn=2", "url2": "http://endo-clinic.jp", "内容": "医療法人　敬仁会　遠藤医院　遠藤レディスクリニック【2:診療所】【診療科目:0】宮城県塩竈市花立町１－３２" }, "geometry": { "type": "Point", "coordinates": [ 141.021317, 38.310097 ] } },
{ "type": "Feature", "properties": { "ID": 42800996, "正式名称": "医療法人社団鈴木眼科医院", "機関区分": 2, "都道府県コード": 4, "市区町村コード": 203, "所在地": "宮城県塩竈市宮町３－２５", "緯度": 38.317434, "経度": 141.018158, "url": "https://www.iryou.teikyouseido.mhlw.go.jp/znk-web/juminkanja/S2430/initialize?prefCd=04&kikanCd=2800996&kikanKbn=2", "url2": null, "内容": "医療法人社団鈴木眼科医院【2:診療所】【診療科目:0】宮城県塩竈市宮町３－２５" }, "geometry": { "type": "Point", "coordinates": [ 141.018158, 38.317434 ] } },
{ "type": "Feature", "properties": { "ID": 42800997, "正式名称": "利府アイクリニック", "機関区分": 2, "都道府県コード": 4, "市区町村コード": 406, "所在地": "宮城県宮城郡利府町新中道３丁目１－１", "緯度": 38.322997, "経度": 140.97307, "url": "https://www.iryou.teikyouseido.mhlw.go.jp/znk-web/juminkanja/S2430/initialize?prefCd=04&kikanCd=2800997&kikanKbn=2", "url2": "https://rifueyeclinic.com", "内容": "利府アイクリニック【2:診療所】【診療科目:0】宮城県宮城郡利府町新中道３丁目１－１" }, "geometry": { "type": "Point", "coordinates": [ 140.97307, 38.322997 ] } },
{ "type": "Feature", "properties": { "ID": 42800998, "正式名称": "医療法人社団　永健会　冨永内科医院", "機関区分": 2, "都道府県コード": 4, "市区町村コード": 203, "所在地": "宮城県塩竈市松陽台１丁目１－２－２", "緯度": 38.329128, "経度": 141.028336, "url": "https://www.iryou.teikyouseido.mhlw.go.jp/znk-web/juminkanja/S2430/initialize?prefCd=04&kikanCd=2800998&kikanKbn=2", "url2": null, "内容": "医療法人社団　永健会　冨永内科医院【2:診療所】【診療科目:0】宮城県塩竈市松陽台１丁目１－２－２" }, "geometry": { "type": "Point", "coordinates": [ 141.028336, 38.329128 ] } },
{ "type": "Feature", "properties": { "ID": 42800999, "正式名称": "塩竈市浦戸診療所", "機関区分": 2, "都道府県コード": 4, "市区町村コード": 203, "所在地": "宮城県塩竈市浦戸野々島字河岸５０", "緯度": 38.338627, "経度": 141.105774, "url": "https://www.iryou.teikyouseido.mhlw.go.jp/znk-web/juminkanja/S2430/initialize?prefCd=04&kikanCd=2800999&kikanKbn=2", "url2": null, "内容": "塩竈市浦戸診療所【2:診療所】【診療科目:0】宮城県塩竈市浦戸野々島字河岸５０" }, "geometry": { "type": "Point", "coordinates": [ 141.105774, 38.338627 ] } },
{ "type": "Feature", "properties": { "ID": 42801000, "正式名称": "鳥越塩釜腎クリニック", "機関区分": 2, "都道府県コード": 4, "市区町村コード": 203, "所在地": "宮城県塩竈市錦町５－１３", "緯度": 38.31081, "経度": 141.020142, "url": "https://www.iryou.teikyouseido.mhlw.go.jp/znk-web/juminkanja/S2430/initialize?prefCd=04&kikanCd=2801000&kikanKbn=2", "url2": null, "内容": "鳥越塩釜腎クリニック【2:診療所】【診療科目:0】宮城県塩竈市錦町５－１３" }, "geometry": { "type": "Point", "coordinates": [ 141.020142, 38.31081 ] } },
{ "type": "Feature", "properties": { "ID": 42801002, "正式名称": "冨樫クリニック", "機関区分": 2, "都道府県コード": 4, "市区町村コード": 215, "所在地": "宮城県大崎市古川大宮８丁目９－１５", "緯度": 38.589325, "経度": 140.955688, "url": "https://www.iryou.teikyouseido.mhlw.go.jp/znk-web/juminkanja/S2430/initialize?prefCd=04&kikanCd=2801002&kikanKbn=2", "url2": "http://www.togashi-clinic.com", "内容": "冨樫クリニック【2:診療所】【診療科目:0】宮城県大崎市古川大宮８丁目９－１５" }, "geometry": { "type": "Point", "coordinates": [ 140.955688, 38.589325 ] } },
{ "type": "Feature", "properties": { "ID": 42801003, "正式名称": "髙橋医院", "機関区分": 2, "都道府県コード": 4, "市区町村コード": 215, "所在地": "宮城県大崎市古川中里２丁目２－２５", "緯度": 38.570187, "経度": 140.959808, "url": "https://www.iryou.teikyouseido.mhlw.go.jp/znk-web/juminkanja/S2430/initialize?prefCd=04&kikanCd=2801003&kikanKbn=2", "url2": "www.takahashi-hospital.com", "内容": "髙橋医院【2:診療所】【診療科目:0】宮城県大崎市古川中里２丁目２－２５" }, "geometry": { "type": "Point", "coordinates": [ 140.959808, 38.570187 ] } },
{ "type": "Feature", "properties": { "ID": 42801008, "正式名称": "古川駅前岡本クリニック", "機関区分": 2, "都道府県コード": 4, "市区町村コード": 215, "所在地": "宮城県大崎市古川駅前大通２丁目４－２６　瀬戸歯科ビル１階", "緯度": 38.572731, "経度": 140.967697, "url": "https://www.iryou.teikyouseido.mhlw.go.jp/znk-web/juminkanja/S2430/initialize?prefCd=04&kikanCd=2801008&kikanKbn=2", "url2": null, "内容": "古川駅前岡本クリニック【2:診療所】【診療科目:0】宮城県大崎市古川駅前大通２丁目４－２６　瀬戸歯科ビル１階" }, "geometry": { "type": "Point", "coordinates": [ 140.967697, 38.572731 ] } },
{ "type": "Feature", "properties": { "ID": 42801009, "正式名称": "大崎ペインクリニック", "機関区分": 2, "都道府県コード": 4, "市区町村コード": 215, "所在地": "宮城県大崎市古川大宮３丁目８番１０号", "緯度": 38.58769, "経度": 140.954555, "url": "https://www.iryou.teikyouseido.mhlw.go.jp/znk-web/juminkanja/S2430/initialize?prefCd=04&kikanCd=2801009&kikanKbn=2", "url2": "http://www.web-clover.net/oosaki-painclinic/", "内容": "大崎ペインクリニック【2:診療所】【診療科目:0】宮城県大崎市古川大宮３丁目８番１０号" }, "geometry": { "type": "Point", "coordinates": [ 140.954555, 38.58769 ] } },
{ "type": "Feature", "properties": { "ID": 42801010, "正式名称": "医療法人藤仁会　寛内科胃腸科クリニック", "機関区分": 2, "都道府県コード": 4, "市区町村コード": 215, "所在地": "宮城県大崎市古川駅前大通１－１－１０", "緯度": 38.572189, "経度": 140.963196, "url": "https://www.iryou.teikyouseido.mhlw.go.jp/znk-web/juminkanja/S2430/initialize?prefCd=04&kikanCd=2801010&kikanKbn=2", "url2": null, "内容": "医療法人藤仁会　寛内科胃腸科クリニック【2:診療所】【診療科目:0】宮城県大崎市古川駅前大通１－１－１０" }, "geometry": { "type": "Point", "coordinates": [ 140.963196, 38.572189 ] } },
{ "type": "Feature", "properties": { "ID": 42801011, "正式名称": "鴇田整形外科医院", "機関区分": 2, "都道府県コード": 4, "市区町村コード": 215, "所在地": "宮城県大崎市古川南町１丁目６－３１", "緯度": 38.571709, "経度": 140.957626, "url": "https://www.iryou.teikyouseido.mhlw.go.jp/znk-web/juminkanja/S2430/initialize?prefCd=04&kikanCd=2801011&kikanKbn=2", "url2": null, "内容": "鴇田整形外科医院【2:診療所】【診療科目:0】宮城県大崎市古川南町１丁目６－３１" }, "geometry": { "type": "Point", "coordinates": [ 140.957626, 38.571709 ] } },
{ "type": "Feature", "properties": { "ID": 42801013, "正式名称": "佐々木耳鼻咽喉科クリニック", "機関区分": 2, "都道府県コード": 4, "市区町村コード": 215, "所在地": "宮城県大崎市古川南町４丁目１－２３", "緯度": 38.570984, "経度": 140.952438, "url": "https://www.iryou.teikyouseido.mhlw.go.jp/znk-web/juminkanja/S2430/initialize?prefCd=04&kikanCd=2801013&kikanKbn=2", "url2": null, "内容": "佐々木耳鼻咽喉科クリニック【2:診療所】【診療科目:0】宮城県大崎市古川南町４丁目１－２３" }, "geometry": { "type": "Point", "coordinates": [ 140.952438, 38.570984 ] } },
{ "type": "Feature", "properties": { "ID": 42801014, "正式名称": "医療法人中川記念　ちか子女性クリニック", "機関区分": 2, "都道府県コード": 4, "市区町村コード": 215, "所在地": "宮城県大崎市古川駅前大通６丁目１番２３号", "緯度": 38.578445, "経度": 140.965897, "url": "https://www.iryou.teikyouseido.mhlw.go.jp/znk-web/juminkanja/S2430/initialize?prefCd=04&kikanCd=2801014&kikanKbn=2", "url2": "http://www.nakagawa-sanfujinka.jp", "内容": "医療法人中川記念　ちか子女性クリニック【2:診療所】【診療科目:0】宮城県大崎市古川駅前大通６丁目１番２３号" }, "geometry": { "type": "Point", "coordinates": [ 140.965897, 38.578445 ] } },
{ "type": "Feature", "properties": { "ID": 42801015, "正式名称": "さとう内科循環器科医院", "機関区分": 2, "都道府県コード": 4, "市区町村コード": 215, "所在地": "宮城県大崎市古川中里３丁目１１－５９", "緯度": 38.564236, "経度": 140.960251, "url": "https://www.iryou.teikyouseido.mhlw.go.jp/znk-web/juminkanja/S2430/initialize?prefCd=04&kikanCd=2801015&kikanKbn=2", "url2": "http://satouclk.jp/", "内容": "さとう内科循環器科医院【2:診療所】【診療科目:0】宮城県大崎市古川中里３丁目１１－５９" }, "geometry": { "type": "Point", "coordinates": [ 140.960251, 38.564236 ] } },
{ "type": "Feature", "properties": { "ID": 42801016, "正式名称": "医療法人ありま小児科医院", "機関区分": 2, "都道府県コード": 4, "市区町村コード": 215, "所在地": "宮城県大崎市古川駅南２丁目４－２０", "緯度": 38.567245, "経度": 140.968338, "url": "https://www.iryou.teikyouseido.mhlw.go.jp/znk-web/juminkanja/S2430/initialize?prefCd=04&kikanCd=2801016&kikanKbn=2", "url2": "http://arima-shounika.com/", "内容": "医療法人ありま小児科医院【2:診療所】【診療科目:0】宮城県大崎市古川駅南２丁目４－２０" }, "geometry": { "type": "Point", "coordinates": [ 140.968338, 38.567245 ] } },
{ "type": "Feature", "properties": { "ID": 42801023, "正式名称": "袖井クリニック", "機関区分": 2, "都道府県コード": 4, "市区町村コード": 505, "所在地": "宮城県遠田郡美里町北浦字姥ヶ沢７２－３", "緯度": 38.537369, "経度": 141.054749, "url": "https://www.iryou.teikyouseido.mhlw.go.jp/znk-web/juminkanja/S2430/initialize?prefCd=04&kikanCd=2801023&kikanKbn=2", "url2": null, "内容": "袖井クリニック【2:診療所】【診療科目:0】宮城県遠田郡美里町北浦字姥ヶ沢７２－３" }, "geometry": { "type": "Point", "coordinates": [ 141.054749, 38.537369 ] } },
{ "type": "Feature", "properties": { "ID": 42801024, "正式名称": "医療法人　広伸会　わたなべ皮フ科クリニック", "機関区分": 2, "都道府県コード": 4, "市区町村コード": 215, "所在地": "宮城県大崎市鹿島台平渡字巳待田４３０−１", "緯度": 38.477978, "経度": 141.099701, "url": "https://www.iryou.teikyouseido.mhlw.go.jp/znk-web/juminkanja/S2430/initialize?prefCd=04&kikanCd=2801024&kikanKbn=2", "url2": "http://www.w-hifu.jp", "内容": "医療法人　広伸会　わたなべ皮フ科クリニック【2:診療所】【診療科目:0】宮城県大崎市鹿島台平渡字巳待田４３０−１" }, "geometry": { "type": "Point", "coordinates": [ 141.099701, 38.477978 ] } },
{ "type": "Feature", "properties": { "ID": 42801029, "正式名称": "医療法人　佐久間内科医院", "機関区分": 2, "都道府県コード": 4, "市区町村コード": 215, "所在地": "宮城県大崎市鹿島台平渡字新屋敷下８７ー１", "緯度": 38.478256, "経度": 141.098221, "url": "https://www.iryou.teikyouseido.mhlw.go.jp/znk-web/juminkanja/S2430/initialize?prefCd=04&kikanCd=2801029&kikanKbn=2", "url2": null, "内容": "医療法人　佐久間内科医院【2:診療所】【診療科目:0】宮城県大崎市鹿島台平渡字新屋敷下８７ー１" }, "geometry": { "type": "Point", "coordinates": [ 141.098221, 38.478256 ] } },
{ "type": "Feature", "properties": { "ID": 42801031, "正式名称": "かしまだい中央眼科", "機関区分": 2, "都道府県コード": 4, "市区町村コード": 215, "所在地": "宮城県大崎市鹿島台木間塚字小谷地３８３－５", "緯度": 38.47649, "経度": 141.104446, "url": "https://www.iryou.teikyouseido.mhlw.go.jp/znk-web/juminkanja/S2430/initialize?prefCd=04&kikanCd=2801031&kikanKbn=2", "url2": null, "内容": "かしまだい中央眼科【2:診療所】【診療科目:0】宮城県大崎市鹿島台木間塚字小谷地３８３－５" }, "geometry": { "type": "Point", "coordinates": [ 141.104446, 38.47649 ] } },
{ "type": "Feature", "properties": { "ID": 42801037, "正式名称": "医療法人社団明和会たじり中央クリニック", "機関区分": 2, "都道府県コード": 4, "市区町村コード": 215, "所在地": "宮城県大崎市田尻沼部字新富岡３１－７", "緯度": 38.59811, "経度": 141.055161, "url": "https://www.iryou.teikyouseido.mhlw.go.jp/znk-web/juminkanja/S2430/initialize?prefCd=04&kikanCd=2801037&kikanKbn=2", "url2": "https://tajiri-chuo-clinic.com", "内容": "医療法人社団明和会たじり中央クリニック【2:診療所】【診療科目:0】宮城県大崎市田尻沼部字新富岡３１－７" }, "geometry": { "type": "Point", "coordinates": [ 141.055161, 38.59811 ] } },
{ "type": "Feature", "properties": { "ID": 42801038, "正式名称": "医療法人社団　天野内科クリニック", "機関区分": 2, "都道府県コード": 4, "市区町村コード": 215, "所在地": "宮城県大崎市田尻北牧目字新堀４６－８", "緯度": 38.596375, "経度": 141.047852, "url": "https://www.iryou.teikyouseido.mhlw.go.jp/znk-web/juminkanja/S2430/initialize?prefCd=04&kikanCd=2801038&kikanKbn=2", "url2": "http://www.amanonaika-clinic.com", "内容": "医療法人社団　天野内科クリニック【2:診療所】【診療科目:0】宮城県大崎市田尻北牧目字新堀４６－８" }, "geometry": { "type": "Point", "coordinates": [ 141.047852, 38.596375 ] } },
{ "type": "Feature", "properties": { "ID": 42801040, "正式名称": "大崎市民病院田尻診療所", "機関区分": 2, "都道府県コード": 4, "市区町村コード": 215, "所在地": "宮城県大崎市田尻通木字中崎東１０－１", "緯度": 38.601563, "経度": 141.029419, "url": "https://www.iryou.teikyouseido.mhlw.go.jp/znk-web/juminkanja/S2430/initialize?prefCd=04&kikanCd=2801040&kikanKbn=2", "url2": "http://www.h-osaki.jp/tajiri/", "内容": "大崎市民病院田尻診療所【2:診療所】【診療科目:0】宮城県大崎市田尻通木字中崎東１０－１" }, "geometry": { "type": "Point", "coordinates": [ 141.029419, 38.601563 ] } },
{ "type": "Feature", "properties": { "ID": 42801042, "正式名称": "医療法人　清仁会　古川クリニック", "機関区分": 2, "都道府県コード": 4, "市区町村コード": 215, "所在地": "宮城県大崎市古川西館三丁目三番二号", "緯度": 38.573368, "経度": 140.95076, "url": "https://www.iryou.teikyouseido.mhlw.go.jp/znk-web/juminkanja/S2430/initialize?prefCd=04&kikanCd=2801042&kikanKbn=2", "url2": null, "内容": "医療法人　清仁会　古川クリニック【2:診療所】【診療科目:0】宮城県大崎市古川西館三丁目三番二号" }, "geometry": { "type": "Point", "coordinates": [ 140.95076, 38.573368 ] } },
{ "type": "Feature", "properties": { "ID": 42801043, "正式名称": "佐々木医院", "機関区分": 2, "都道府県コード": 4, "市区町村コード": 215, "所在地": "宮城県大崎市古川諏訪１丁目３－３７", "緯度": 38.581005, "経度": 140.951508, "url": "https://www.iryou.teikyouseido.mhlw.go.jp/znk-web/juminkanja/S2430/initialize?prefCd=04&kikanCd=2801043&kikanKbn=2", "url2": null, "内容": "佐々木医院【2:診療所】【診療科目:0】宮城県大崎市古川諏訪１丁目３－３７" }, "geometry": { "type": "Point", "coordinates": [ 140.951508, 38.581005 ] } },
{ "type": "Feature", "properties": { "ID": 42801044, "正式名称": "医療法人社団　遊心会　こだしろクリニック", "機関区分": 2, "都道府県コード": 4, "市区町村コード": 215, "所在地": "宮城県大崎市古川駅南１丁目２７", "緯度": 38.569866, "経度": 140.96965, "url": "https://www.iryou.teikyouseido.mhlw.go.jp/znk-web/juminkanja/S2430/initialize?prefCd=04&kikanCd=2801044&kikanKbn=2", "url2": null, "内容": "医療法人社団　遊心会　こだしろクリニック【2:診療所】【診療科目:0】宮城県大崎市古川駅南１丁目２７" }, "geometry": { "type": "Point", "coordinates": [ 140.96965, 38.569866 ] } },
{ "type": "Feature", "properties": { "ID": 42801045, "正式名称": "医療法人　心の郷　穂波の郷クリニック", "機関区分": 2, "都道府県コード": 4, "市区町村コード": 215, "所在地": "宮城県大崎市古川穂波６丁目３０－１２", "緯度": 38.566723, "経度": 140.939224, "url": "https://www.iryou.teikyouseido.mhlw.go.jp/znk-web/juminkanja/S2430/initialize?prefCd=04&kikanCd=2801045&kikanKbn=2", "url2": "http://www.cocoronosato.net/", "内容": "医療法人　心の郷　穂波の郷クリニック【2:診療所】【診療科目:0】宮城県大崎市古川穂波６丁目３０－１２" }, "geometry": { "type": "Point", "coordinates": [ 140.939224, 38.566723 ] } },
{ "type": "Feature", "properties": { "ID": 42801047, "正式名称": "佐藤内科医院", "機関区分": 2, "都道府県コード": 4, "市区町村コード": 212, "所在地": "宮城県登米市迫町佐沼字光ケ丘５１－１", "緯度": 38.685333, "経度": 141.20372, "url": "https://www.iryou.teikyouseido.mhlw.go.jp/znk-web/juminkanja/S2430/initialize?prefCd=04&kikanCd=2801047&kikanKbn=2", "url2": null, "内容": "佐藤内科医院【2:診療所】【診療科目:0】宮城県登米市迫町佐沼字光ケ丘５１－１" }, "geometry": { "type": "Point", "coordinates": [ 141.20372, 38.685333 ] } },
{ "type": "Feature", "properties": { "ID": 42801048, "正式名称": "森整形外科医院", "機関区分": 2, "都道府県コード": 4, "市区町村コード": 212, "所在地": "宮城県登米市迫町佐沼字中江３丁目９－５", "緯度": 38.68861, "経度": 141.191132, "url": "https://www.iryou.teikyouseido.mhlw.go.jp/znk-web/juminkanja/S2430/initialize?prefCd=04&kikanCd=2801048&kikanKbn=2", "url2": null, "内容": "森整形外科医院【2:診療所】【診療科目:0】宮城県登米市迫町佐沼字中江３丁目９－５" }, "geometry": { "type": "Point", "coordinates": [ 141.191132, 38.68861 ] } },
{ "type": "Feature", "properties": { "ID": 42801050, "正式名称": "医療法人社団　千葉医院", "機関区分": 2, "都道府県コード": 4, "市区町村コード": 212, "所在地": "宮城県登米市迫町佐沼字天神前８０", "緯度": 38.691048, "経度": 141.192459, "url": "https://www.iryou.teikyouseido.mhlw.go.jp/znk-web/juminkanja/S2430/initialize?prefCd=04&kikanCd=2801050&kikanKbn=2", "url2": "https://www.chiba-iin.com", "内容": "医療法人社団　千葉医院【2:診療所】【診療科目:0】宮城県登米市迫町佐沼字天神前８０" }, "geometry": { "type": "Point", "coordinates": [ 141.192459, 38.691048 ] } },
{ "type": "Feature", "properties": { "ID": 42801052, "正式名称": "おのだクリニック", "機関区分": 2, "都道府県コード": 4, "市区町村コード": 445, "所在地": "宮城県加美郡加美町字下原３８番地３", "緯度": 38.574104, "経度": 140.786758, "url": "https://www.iryou.teikyouseido.mhlw.go.jp/znk-web/juminkanja/S2430/initialize?prefCd=04&kikanCd=2801052&kikanKbn=2", "url2": null, "内容": "おのだクリニック【2:診療所】【診療科目:0】宮城県加美郡加美町字下原３８番地３" }, "geometry": { "type": "Point", "coordinates": [ 140.786758, 38.574104 ] } },
{ "type": "Feature", "properties": { "ID": 42801054, "正式名称": "鈴木診療所", "機関区分": 2, "都道府県コード": 4, "市区町村コード": 445, "所在地": "宮城県加美郡加美町宮崎字屋敷５－２１－２", "緯度": 38.61187, "経度": 140.756119, "url": "https://www.iryou.teikyouseido.mhlw.go.jp/znk-web/juminkanja/S2430/initialize?prefCd=04&kikanCd=2801054&kikanKbn=2", "url2": null, "内容": "鈴木診療所【2:診療所】【診療科目:0】宮城県加美郡加美町宮崎字屋敷５－２１－２" }, "geometry": { "type": "Point", "coordinates": [ 140.756119, 38.61187 ] } },
{ "type": "Feature", "properties": { "ID": 42801058, "正式名称": "つのだ眼科", "機関区分": 2, "都道府県コード": 4, "市区町村コード": 501, "所在地": "宮城県遠田郡涌谷町字中下道１２９－１－１", "緯度": 38.529984, "経度": 141.134384, "url": "https://www.iryou.teikyouseido.mhlw.go.jp/znk-web/juminkanja/S2430/initialize?prefCd=04&kikanCd=2801058&kikanKbn=2", "url2": "https://www.tsunoda-ganka.com", "内容": "つのだ眼科【2:診療所】【診療科目:0】宮城県遠田郡涌谷町字中下道１２９－１－１" }, "geometry": { "type": "Point", "coordinates": [ 141.134384, 38.529984 ] } },
{ "type": "Feature", "properties": { "ID": 42801059, "正式名称": "わくや整形外科", "機関区分": 2, "都道府県コード": 4, "市区町村コード": 501, "所在地": "宮城県遠田郡涌谷町字下道２－１", "緯度": 38.532635, "経度": 141.131027, "url": "https://www.iryou.teikyouseido.mhlw.go.jp/znk-web/juminkanja/S2430/initialize?prefCd=04&kikanCd=2801059&kikanKbn=2", "url2": "http://www.wakuya-seikei.com", "内容": "わくや整形外科【2:診療所】【診療科目:0】宮城県遠田郡涌谷町字下道２－１" }, "geometry": { "type": "Point", "coordinates": [ 141.131027, 38.532635 ] } },
{ "type": "Feature", "properties": { "ID": 42801061, "正式名称": "涌谷中央医院", "機関区分": 2, "都道府県コード": 4, "市区町村コード": 501, "所在地": "宮城県遠田郡涌谷町涌谷字日向町３５", "緯度": 38.543781, "経度": 141.135788, "url": "https://www.iryou.teikyouseido.mhlw.go.jp/znk-web/juminkanja/S2430/initialize?prefCd=04&kikanCd=2801061&kikanKbn=2", "url2": null, "内容": "涌谷中央医院【2:診療所】【診療科目:0】宮城県遠田郡涌谷町涌谷字日向町３５" }, "geometry": { "type": "Point", "coordinates": [ 141.135788, 38.543781 ] } },
{ "type": "Feature", "properties": { "ID": 42801063, "正式名称": "医療法人社団健風会　宮野内科医院", "機関区分": 2, "都道府県コード": 4, "市区町村コード": 501, "所在地": "宮城県遠田郡涌谷町桑木荒", "緯度": 38.532772, "経度": 141.126572, "url": "https://www.iryou.teikyouseido.mhlw.go.jp/znk-web/juminkanja/S2430/initialize?prefCd=04&kikanCd=2801063&kikanKbn=2", "url2": null, "内容": "医療法人社団健風会　宮野内科医院【2:診療所】【診療科目:0】宮城県遠田郡涌谷町桑木荒" }, "geometry": { "type": "Point", "coordinates": [ 141.126572, 38.532772 ] } },
{ "type": "Feature", "properties": { "ID": 42801064, "正式名称": "医療法人　米谷医院", "機関区分": 2, "都道府県コード": 4, "市区町村コード": 501, "所在地": "宮城県遠田郡涌谷町字田町裏１９１－１", "緯度": 38.533417, "経度": 141.13028, "url": "https://www.iryou.teikyouseido.mhlw.go.jp/znk-web/juminkanja/S2430/initialize?prefCd=04&kikanCd=2801064&kikanKbn=2", "url2": "https://maiya-iin.com", "内容": "医療法人　米谷医院【2:診療所】【診療科目:0】宮城県遠田郡涌谷町字田町裏１９１－１" }, "geometry": { "type": "Point", "coordinates": [ 141.13028, 38.533417 ] } },
{ "type": "Feature", "properties": { "ID": 42801066, "正式名称": "医療法人　青翔会　北みやぎ外科クリニック", "機関区分": 2, "都道府県コード": 4, "市区町村コード": 215, "所在地": "宮城県大崎市古川幸町１丁目７－２０", "緯度": 38.57744, "経度": 140.968671, "url": "https://www.iryou.teikyouseido.mhlw.go.jp/znk-web/juminkanja/S2430/initialize?prefCd=04&kikanCd=2801066&kikanKbn=2", "url2": "https://www.northmiyagi.jp", "内容": "医療法人　青翔会　北みやぎ外科クリニック【2:診療所】【診療科目:0】宮城県大崎市古川幸町１丁目７－２０" }, "geometry": { "type": "Point", "coordinates": [ 140.968671, 38.57744 ] } },
{ "type": "Feature", "properties": { "ID": 42801069, "正式名称": "医療法人社団虹泉会　大崎東部クリニック", "機関区分": 2, "都道府県コード": 4, "市区町村コード": 215, "所在地": "宮城県大崎市松山金谷字中田８３", "緯度": 38.514454, "経度": 141.062683, "url": "https://www.iryou.teikyouseido.mhlw.go.jp/znk-web/juminkanja/S2430/initialize?prefCd=04&kikanCd=2801069&kikanKbn=2", "url2": null, "内容": "医療法人社団虹泉会　大崎東部クリニック【2:診療所】【診療科目:0】宮城県大崎市松山金谷字中田８３" }, "geometry": { "type": "Point", "coordinates": [ 141.062683, 38.514454 ] } },
{ "type": "Feature", "properties": { "ID": 42801070, "正式名称": "熱海医院", "機関区分": 2, "都道府県コード": 4, "市区町村コード": 505, "所在地": "宮城県遠田郡美里町字素山町１８－１", "緯度": 38.53833, "経度": 141.062637, "url": "https://www.iryou.teikyouseido.mhlw.go.jp/znk-web/juminkanja/S2430/initialize?prefCd=04&kikanCd=2801070&kikanKbn=2", "url2": null, "内容": "熱海医院【2:診療所】【診療科目:0】宮城県遠田郡美里町字素山町１８－１" }, "geometry": { "type": "Point", "coordinates": [ 141.062637, 38.53833 ] } },
{ "type": "Feature", "properties": { "ID": 42801074, "正式名称": "医療法人社団順神会　こごた整形外科クリニック", "機関区分": 2, "都道府県コード": 4, "市区町村コード": 505, "所在地": "宮城県遠田郡美里町南小牛田字山の神５３－４", "緯度": 38.556545, "経度": 141.05896, "url": "https://www.iryou.teikyouseido.mhlw.go.jp/znk-web/juminkanja/S2430/initialize?prefCd=04&kikanCd=2801074&kikanKbn=2", "url2": "http://www.kogota-seikeigeka.com", "内容": "医療法人社団順神会　こごた整形外科クリニック【2:診療所】【診療科目:0】宮城県遠田郡美里町南小牛田字山の神５３－４" }, "geometry": { "type": "Point", "coordinates": [ 141.05896, 38.556545 ] } },
{ "type": "Feature", "properties": { "ID": 42801079, "正式名称": "医療法人社団　博亮会　野崎内科胃腸科", "機関区分": 2, "都道府県コード": 4, "市区町村コード": 505, "所在地": "宮城県遠田郡美里町字藤ケ崎町１７８", "緯度": 38.540039, "経度": 141.058975, "url": "https://www.iryou.teikyouseido.mhlw.go.jp/znk-web/juminkanja/S2430/initialize?prefCd=04&kikanCd=2801079&kikanKbn=2", "url2": null, "内容": "医療法人社団　博亮会　野崎内科胃腸科【2:診療所】【診療科目:0】宮城県遠田郡美里町字藤ケ崎町１７８" }, "geometry": { "type": "Point", "coordinates": [ 141.058975, 38.540039 ] } },
{ "type": "Feature", "properties": { "ID": 42801080, "正式名称": "髙城利江整形外科", "機関区分": 2, "都道府県コード": 4, "市区町村コード": 505, "所在地": "宮城県遠田郡美里町牛飼１３９－１", "緯度": 38.554905, "経度": 141.048828, "url": "https://www.iryou.teikyouseido.mhlw.go.jp/znk-web/juminkanja/S2430/initialize?prefCd=04&kikanCd=2801080&kikanKbn=2", "url2": "http://rie-seikei.com", "内容": "髙城利江整形外科【2:診療所】【診療科目:0】宮城県遠田郡美里町牛飼１３９－１" }, "geometry": { "type": "Point", "coordinates": [ 141.048828, 38.554905 ] } },
{ "type": "Feature", "properties": { "ID": 42801081, "正式名称": "医療法人清仁会小牛田内科クリニック", "機関区分": 2, "都道府県コード": 4, "市区町村コード": 505, "所在地": "宮城県遠田郡美里町牛飼字牛飼７７－２", "緯度": 38.554371, "経度": 141.048874, "url": "https://www.iryou.teikyouseido.mhlw.go.jp/znk-web/juminkanja/S2430/initialize?prefCd=04&kikanCd=2801081&kikanKbn=2", "url2": null, "内容": "医療法人清仁会小牛田内科クリニック【2:診療所】【診療科目:0】宮城県遠田郡美里町牛飼字牛飼７７－２" }, "geometry": { "type": "Point", "coordinates": [ 141.048874, 38.554371 ] } },
{ "type": "Feature", "properties": { "ID": 42801083, "正式名称": "秋山内科医院", "機関区分": 2, "都道府県コード": 4, "市区町村コード": 215, "所在地": "宮城県大崎市古川荒谷字本町４５", "緯度": 38.6134, "経度": 140.981628, "url": "https://www.iryou.teikyouseido.mhlw.go.jp/znk-web/juminkanja/S2430/initialize?prefCd=04&kikanCd=2801083&kikanKbn=2", "url2": null, "内容": "秋山内科医院【2:診療所】【診療科目:0】宮城県大崎市古川荒谷字本町４５" }, "geometry": { "type": "Point", "coordinates": [ 140.981628, 38.6134 ] } },
{ "type": "Feature", "properties": { "ID": 42801084, "正式名称": "伊藤内科小児科医院", "機関区分": 2, "都道府県コード": 4, "市区町村コード": 215, "所在地": "宮城県大崎市古川小泉字泉４０", "緯度": 38.58868, "経度": 140.947861, "url": "https://www.iryou.teikyouseido.mhlw.go.jp/znk-web/juminkanja/S2430/initialize?prefCd=04&kikanCd=2801084&kikanKbn=2", "url2": null, "内容": "伊藤内科小児科医院【2:診療所】【診療科目:0】宮城県大崎市古川小泉字泉４０" }, "geometry": { "type": "Point", "coordinates": [ 140.947861, 38.58868 ] } },
{ "type": "Feature", "properties": { "ID": 42801085, "正式名称": "医療法人　新樹会", "機関区分": 2, "都道府県コード": 4, "市区町村コード": 215, "所在地": "宮城県大崎市古川大宮１丁目１－７９", "緯度": 38.581011, "経度": 140.958106, "url": "https://www.iryou.teikyouseido.mhlw.go.jp/znk-web/juminkanja/S2430/initialize?prefCd=04&kikanCd=2801085&kikanKbn=2", "url2": "http://matsuura.mycl.me/", "内容": "医療法人　新樹会【2:診療所】【診療科目:0】宮城県大崎市古川大宮１丁目１－７９" }, "geometry": { "type": "Point", "coordinates": [ 140.958106, 38.581011 ] } },
{ "type": "Feature", "properties": { "ID": 42801086, "正式名称": "宮城県子ども総合センター附属診療所大崎診療室", "機関区分": 2, "都道府県コード": 4, "市区町村コード": 215, "所在地": "宮城県大崎市古川駅南二丁目４番３号", "緯度": 38.567482, "経度": 140.968384, "url": "https://www.iryou.teikyouseido.mhlw.go.jp/znk-web/juminkanja/S2430/initialize?prefCd=04&kikanCd=2801086&kikanKbn=2", "url2": "https://www.pref.miyagi.jp/soshiki/kodomo_s/", "内容": "宮城県子ども総合センター附属診療所大崎診療室【2:診療所】【診療科目:0】宮城県大崎市古川駅南二丁目４番３号" }, "geometry": { "type": "Point", "coordinates": [ 140.968384, 38.567482 ] } },
{ "type": "Feature", "properties": { "ID": 42801087, "正式名称": "宮城県精神保健福祉センター附属診療所", "機関区分": 2, "都道府県コード": 4, "市区町村コード": 215, "所在地": "宮城県大崎市古川旭５丁目７番２０号", "緯度": 38.566486, "経度": 140.977005, "url": "https://www.iryou.teikyouseido.mhlw.go.jp/znk-web/juminkanja/S2430/initialize?prefCd=04&kikanCd=2801087&kikanKbn=2", "url2": "http://www.pref.miyagi.jp/soshiki/seihocnt/", "内容": "宮城県精神保健福祉センター附属診療所【2:診療所】【診療科目:0】宮城県大崎市古川旭５丁目７番２０号" }, "geometry": { "type": "Point", "coordinates": [ 140.977005, 38.566486 ] } },
{ "type": "Feature", "properties": { "ID": 42801090, "正式名称": "古川駅南耳鼻咽喉科", "機関区分": 2, "都道府県コード": 4, "市区町村コード": 215, "所在地": "宮城県大崎市古川駅南１－８－１", "緯度": 38.570217, "経度": 140.969223, "url": "https://www.iryou.teikyouseido.mhlw.go.jp/znk-web/juminkanja/S2430/initialize?prefCd=04&kikanCd=2801090&kikanKbn=2", "url2": null, "内容": "古川駅南耳鼻咽喉科【2:診療所】【診療科目:0】宮城県大崎市古川駅南１－８－１" }, "geometry": { "type": "Point", "coordinates": [ 140.969223, 38.570217 ] } },
{ "type": "Feature", "properties": { "ID": 42801091, "正式名称": "医療法人社団　古川中央眼科", "機関区分": 2, "都道府県コード": 4, "市区町村コード": 215, "所在地": "宮城県大崎市古川台町４番３６号", "緯度": 38.574211, "経度": 140.963455, "url": "https://www.iryou.teikyouseido.mhlw.go.jp/znk-web/juminkanja/S2430/initialize?prefCd=04&kikanCd=2801091&kikanKbn=2", "url2": "http://www.eye-care.or.jp", "内容": "医療法人社団　古川中央眼科【2:診療所】【診療科目:0】宮城県大崎市古川台町４番３６号" }, "geometry": { "type": "Point", "coordinates": [ 140.963455, 38.574211 ] } },
{ "type": "Feature", "properties": { "ID": 42801092, "正式名称": "医療法人　星　眼科医院", "機関区分": 2, "都道府県コード": 4, "市区町村コード": 215, "所在地": "宮城県大崎市古川江合本町２丁目４－３１", "緯度": 38.586731, "経度": 140.972168, "url": "https://www.iryou.teikyouseido.mhlw.go.jp/znk-web/juminkanja/S2430/initialize?prefCd=04&kikanCd=2801092&kikanKbn=2", "url2": null, "内容": "医療法人　星　眼科医院【2:診療所】【診療科目:0】宮城県大崎市古川江合本町２丁目４－３１" }, "geometry": { "type": "Point", "coordinates": [ 140.972168, 38.586731 ] } },
{ "type": "Feature", "properties": { "ID": 42801095, "正式名称": "医療法人渋谷皮膚科泌尿器科医院", "機関区分": 2, "都道府県コード": 4, "市区町村コード": 215, "所在地": "宮城県大崎市古川東町１－２８", "緯度": 38.575855, "経度": 140.961761, "url": "https://www.iryou.teikyouseido.mhlw.go.jp/znk-web/juminkanja/S2430/initialize?prefCd=04&kikanCd=2801095&kikanKbn=2", "url2": null, "内容": "医療法人渋谷皮膚科泌尿器科医院【2:診療所】【診療科目:0】宮城県大崎市古川東町１－２８" }, "geometry": { "type": "Point", "coordinates": [ 140.961761, 38.575855 ] } },
{ "type": "Feature", "properties": { "ID": 42801098, "正式名称": "医療法人　鎌田内科クリニック", "機関区分": 2, "都道府県コード": 4, "市区町村コード": 215, "所在地": "宮城県大崎市古川諏訪２丁目２－２８", "緯度": 38.582867, "経度": 140.952438, "url": "https://www.iryou.teikyouseido.mhlw.go.jp/znk-web/juminkanja/S2430/initialize?prefCd=04&kikanCd=2801098&kikanKbn=2", "url2": null, "内容": "医療法人　鎌田内科クリニック【2:診療所】【診療科目:0】宮城県大崎市古川諏訪２丁目２－２８" }, "geometry": { "type": "Point", "coordinates": [ 140.952438, 38.582867 ] } },
{ "type": "Feature", "properties": { "ID": 42801100, "正式名称": "熊谷皮ふ科", "機関区分": 2, "都道府県コード": 4, "市区町村コード": 215, "所在地": "宮城県大崎市古川三日町２丁目１－２", "緯度": 38.573677, "経度": 140.954956, "url": "https://www.iryou.teikyouseido.mhlw.go.jp/znk-web/juminkanja/S2430/initialize?prefCd=04&kikanCd=2801100&kikanKbn=2", "url2": "http://www.kumaskin.com", "内容": "熊谷皮ふ科【2:診療所】【診療科目:0】宮城県大崎市古川三日町２丁目１－２" }, "geometry": { "type": "Point", "coordinates": [ 140.954956, 38.573677 ] } },
{ "type": "Feature", "properties": { "ID": 42801103, "正式名称": "医療法人社団安田クリニック", "機関区分": 2, "都道府県コード": 4, "市区町村コード": 105, "所在地": "宮城県仙台市泉区寺岡", "緯度": 38.335552, "経度": 140.838089, "url": "https://www.iryou.teikyouseido.mhlw.go.jp/znk-web/juminkanja/S2430/initialize?prefCd=04&kikanCd=2801103&kikanKbn=2", "url2": "https://yasudac.net", "内容": "医療法人社団安田クリニック【2:診療所】【診療科目:0】宮城県仙台市泉区寺岡" }, "geometry": { "type": "Point", "coordinates": [ 140.838089, 38.335552 ] } },
{ "type": "Feature", "properties": { "ID": 42801111, "正式名称": "南光台みやぐち内科クリニック", "機関区分": 2, "都道府県コード": 4, "市区町村コード": 105, "所在地": "宮城県仙台市泉区南光台３丁目２７－１７", "緯度": 38.297784, "経度": 140.897035, "url": "https://www.iryou.teikyouseido.mhlw.go.jp/znk-web/juminkanja/S2430/initialize?prefCd=04&kikanCd=2801111&kikanKbn=2", "url2": "https://www.miyaguchinaika-cl.jp", "内容": "南光台みやぐち内科クリニック【2:診療所】【診療科目:0】宮城県仙台市泉区南光台３丁目２７－１７" }, "geometry": { "type": "Point", "coordinates": [ 140.897035, 38.297784 ] } },
{ "type": "Feature", "properties": { "ID": 42801116, "正式名称": "橋本内科胃腸科医院", "機関区分": 2, "都道府県コード": 4, "市区町村コード": 105, "所在地": "宮城県仙台市泉区長命ケ丘３丁目２－８", "緯度": 38.31052, "経度": 140.840332, "url": "https://www.iryou.teikyouseido.mhlw.go.jp/znk-web/juminkanja/S2430/initialize?prefCd=04&kikanCd=2801116&kikanKbn=2", "url2": null, "内容": "橋本内科胃腸科医院【2:診療所】【診療科目:0】宮城県仙台市泉区長命ケ丘３丁目２－８" }, "geometry": { "type": "Point", "coordinates": [ 140.840332, 38.31052 ] } },
{ "type": "Feature", "properties": { "ID": 42801117, "正式名称": "畑岡内科クリニック", "機関区分": 2, "都道府県コード": 4, "市区町村コード": 105, "所在地": "宮城県仙台市泉区寺岡１丁目２－１", "緯度": 38.33559, "経度": 140.835312, "url": "https://www.iryou.teikyouseido.mhlw.go.jp/znk-web/juminkanja/S2430/initialize?prefCd=04&kikanCd=2801117&kikanKbn=2", "url2": "http://www.myclinic.ne.jp/hataokac/pc/", "内容": "畑岡内科クリニック【2:診療所】【診療科目:0】宮城県仙台市泉区寺岡１丁目２－１" }, "geometry": { "type": "Point", "coordinates": [ 140.835312, 38.33559 ] } },
{ "type": "Feature", "properties": { "ID": 42801118, "正式名称": "特別養護老人ホーム　不老園　診療所", "機関区分": 2, "都道府県コード": 4, "市区町村コード": 214, "所在地": "宮城県東松島市野蒜ヶ丘３丁目２７－１", "緯度": 38.378874, "経度": 141.140018, "url": "https://www.iryou.teikyouseido.mhlw.go.jp/znk-web/juminkanja/S2430/initialize?prefCd=04&kikanCd=2801118&kikanKbn=2", "url2": "http://www.yasuragikai.or.jp", "内容": "特別養護老人ホーム　不老園　診療所【2:診療所】【診療科目:0】宮城県東松島市野蒜ヶ丘３丁目２７－１" }, "geometry": { "type": "Point", "coordinates": [ 141.140018, 38.378874 ] } },
{ "type": "Feature", "properties": { "ID": 42801119, "正式名称": "はんだ整形外科クリニック", "機関区分": 2, "都道府県コード": 4, "市区町村コード": 105, "所在地": "宮城県仙台市泉区実沢字広畑８０－１", "緯度": 38.327545, "経度": 140.809036, "url": "https://www.iryou.teikyouseido.mhlw.go.jp/znk-web/juminkanja/S2430/initialize?prefCd=04&kikanCd=2801119&kikanKbn=2", "url2": null, "内容": "はんだ整形外科クリニック【2:診療所】【診療科目:0】宮城県仙台市泉区実沢字広畑８０－１" }, "geometry": { "type": "Point", "coordinates": [ 140.809036, 38.327545 ] } },
{ "type": "Feature", "properties": { "ID": 42801122, "正式名称": "医療法人社団弘仁会南中山内科クリニック", "機関区分": 2, "都道府県コード": 4, "市区町村コード": 105, "所在地": "宮城県仙台市泉区南中山３丁目１６－４", "緯度": 38.309837, "経度": 140.825256, "url": "https://www.iryou.teikyouseido.mhlw.go.jp/znk-web/juminkanja/S2430/initialize?prefCd=04&kikanCd=2801122&kikanKbn=2", "url2": "https://www.nakagawanaikageka.com/", "内容": "医療法人社団弘仁会南中山内科クリニック【2:診療所】【診療科目:0】宮城県仙台市泉区南中山３丁目１６－４" }, "geometry": { "type": "Point", "coordinates": [ 140.825256, 38.309837 ] } },
{ "type": "Feature", "properties": { "ID": 42801124, "正式名称": "仙台たなか整形外科スポーツクリニック", "機関区分": 2, "都道府県コード": 4, "市区町村コード": 105, "所在地": "宮城県仙台市泉区長命ケ丘", "緯度": 38.309982, "経度": 140.844864, "url": "https://www.iryou.teikyouseido.mhlw.go.jp/znk-web/juminkanja/S2430/initialize?prefCd=04&kikanCd=2801124&kikanKbn=2", "url2": "http://tanaka-sports-cl.com", "内容": "仙台たなか整形外科スポーツクリニック【2:診療所】【診療科目:0】宮城県仙台市泉区長命ケ丘" }, "geometry": { "type": "Point", "coordinates": [ 140.844864, 38.309982 ] } },
{ "type": "Feature", "properties": { "ID": 42801125, "正式名称": "医療法人社団緑友会森整形外科リウマチ科クリニック", "機関区分": 2, "都道府県コード": 4, "市区町村コード": 105, "所在地": "宮城県仙台市泉区南中山１丁目４２－５　半場ビル３階", "緯度": 38.29705, "経度": 140.827438, "url": "https://www.iryou.teikyouseido.mhlw.go.jp/znk-web/juminkanja/S2430/initialize?prefCd=04&kikanCd=2801125&kikanKbn=2", "url2": "https://mori-seikei-clinic.jp/", "内容": "医療法人社団緑友会森整形外科リウマチ科クリニック【2:診療所】【診療科目:0】宮城県仙台市泉区南中山１丁目４２－５　半場ビル３階" }, "geometry": { "type": "Point", "coordinates": [ 140.827438, 38.29705 ] } },
{ "type": "Feature", "properties": { "ID": 42801126, "正式名称": "医療法人社団　彩名会　みちよレディースクリニック", "機関区分": 2, "都道府県コード": 4, "市区町村コード": 105, "所在地": "宮城県仙台市泉区高森１丁目１－２８７", "緯度": 38.335346, "経度": 140.843491, "url": "https://www.iryou.teikyouseido.mhlw.go.jp/znk-web/juminkanja/S2430/initialize?prefCd=04&kikanCd=2801126&kikanKbn=2", "url2": "https://michiyo-ladiesclinic.com", "内容": "医療法人社団　彩名会　みちよレディースクリニック【2:診療所】【診療科目:0】宮城県仙台市泉区高森１丁目１－２８７" }, "geometry": { "type": "Point", "coordinates": [ 140.843491, 38.335346 ] } },
{ "type": "Feature", "properties": { "ID": 42801127, "正式名称": "医療法人　北中山クリニック", "機関区分": 2, "都道府県コード": 4, "市区町村コード": 105, "所在地": "宮城県仙台市泉区北中山", "緯度": 38.317196, "経度": 140.817184, "url": "https://www.iryou.teikyouseido.mhlw.go.jp/znk-web/juminkanja/S2430/initialize?prefCd=04&kikanCd=2801127&kikanKbn=2", "url2": "http://www1.odn.ne.jp/kn-clinic/", "内容": "医療法人　北中山クリニック【2:診療所】【診療科目:0】宮城県仙台市泉区北中山" }, "geometry": { "type": "Point", "coordinates": [ 140.817184, 38.317196 ] } },
{ "type": "Feature", "properties": { "ID": 42801128, "正式名称": "北中山皮膚科医院", "機関区分": 2, "都道府県コード": 4, "市区町村コード": 105, "所在地": "宮城県仙台市泉区北中山２ー３２－５", "緯度": 38.316864, "経度": 140.816406, "url": "https://www.iryou.teikyouseido.mhlw.go.jp/znk-web/juminkanja/S2430/initialize?prefCd=04&kikanCd=2801128&kikanKbn=2", "url2": "http://www.genki-doctor.info/", "内容": "北中山皮膚科医院【2:診療所】【診療科目:0】宮城県仙台市泉区北中山２ー３２－５" }, "geometry": { "type": "Point", "coordinates": [ 140.816406, 38.316864 ] } },
{ "type": "Feature", "properties": { "ID": 42801129, "正式名称": "泉大沢ファミリークリニック", "機関区分": 2, "都道府県コード": 4, "市区町村コード": 105, "所在地": "宮城県仙台市泉区大沢２－１２－４", "緯度": 38.352081, "経度": 140.879425, "url": "https://www.iryou.teikyouseido.mhlw.go.jp/znk-web/juminkanja/S2430/initialize?prefCd=04&kikanCd=2801129&kikanKbn=2", "url2": "https://www.izumiosawafamily-cl.jp", "内容": "泉大沢ファミリークリニック【2:診療所】【診療科目:0】宮城県仙台市泉区大沢２－１２－４" }, "geometry": { "type": "Point", "coordinates": [ 140.879425, 38.352081 ] } },
{ "type": "Feature", "properties": { "ID": 42801130, "正式名称": "医療法人　末武皮膚科", "機関区分": 2, "都道府県コード": 4, "市区町村コード": 105, "所在地": "宮城県仙台市泉区高森１丁目１－２９５", "緯度": 38.335331, "経度": 140.841492, "url": "https://www.iryou.teikyouseido.mhlw.go.jp/znk-web/juminkanja/S2430/initialize?prefCd=04&kikanCd=2801130&kikanKbn=2", "url2": null, "内容": "医療法人　末武皮膚科【2:診療所】【診療科目:0】宮城県仙台市泉区高森１丁目１－２９５" }, "geometry": { "type": "Point", "coordinates": [ 140.841492, 38.335331 ] } },
{ "type": "Feature", "properties": { "ID": 42801131, "正式名称": "住吉台耳鼻咽喉科", "機関区分": 2, "都道府県コード": 4, "市区町村コード": 105, "所在地": "宮城県仙台市泉区住吉台東３丁目２－１", "緯度": 38.331444, "経度": 140.784332, "url": "https://www.iryou.teikyouseido.mhlw.go.jp/znk-web/juminkanja/S2430/initialize?prefCd=04&kikanCd=2801131&kikanKbn=2", "url2": null, "内容": "住吉台耳鼻咽喉科【2:診療所】【診療科目:0】宮城県仙台市泉区住吉台東３丁目２－１" }, "geometry": { "type": "Point", "coordinates": [ 140.784332, 38.331444 ] } },
{ "type": "Feature", "properties": { "ID": 42801133, "正式名称": "医療法人社団明世会　髙木医院", "機関区分": 2, "都道府県コード": 4, "市区町村コード": 105, "所在地": "宮城県仙台市泉区南中山２丁目２７－１", "緯度": 38.308929, "経度": 140.830368, "url": "https://www.iryou.teikyouseido.mhlw.go.jp/znk-web/juminkanja/S2430/initialize?prefCd=04&kikanCd=2801133&kikanKbn=2", "url2": "http://takagi-iin.com/", "内容": "医療法人社団明世会　髙木医院【2:診療所】【診療科目:0】宮城県仙台市泉区南中山２丁目２７－１" }, "geometry": { "type": "Point", "coordinates": [ 140.830368, 38.308929 ] } },
{ "type": "Feature", "properties": { "ID": 42801134, "正式名称": "仙台長命ヶ丘クリニック", "機関区分": 2, "都道府県コード": 4, "市区町村コード": 105, "所在地": "宮城県仙台市泉区長命ケ丘２－２１－１", "緯度": 38.309982, "経度": 140.844864, "url": "https://www.iryou.teikyouseido.mhlw.go.jp/znk-web/juminkanja/S2430/initialize?prefCd=04&kikanCd=2801134&kikanKbn=2", "url2": null, "内容": "仙台長命ヶ丘クリニック【2:診療所】【診療科目:0】宮城県仙台市泉区長命ケ丘２－２１－１" }, "geometry": { "type": "Point", "coordinates": [ 140.844864, 38.309982 ] } },
{ "type": "Feature", "properties": { "ID": 42801135, "正式名称": "高森クリニック", "機関区分": 2, "都道府県コード": 4, "市区町村コード": 105, "所在地": "宮城県仙台市泉区高森４丁目６－６", "緯度": 38.333065, "経度": 140.849274, "url": "https://www.iryou.teikyouseido.mhlw.go.jp/znk-web/juminkanja/S2430/initialize?prefCd=04&kikanCd=2801135&kikanKbn=2", "url2": "http://www.takamori-clinic.com", "内容": "高森クリニック【2:診療所】【診療科目:0】宮城県仙台市泉区高森４丁目６－６" }, "geometry": { "type": "Point", "coordinates": [ 140.849274, 38.333065 ] } },
{ "type": "Feature", "properties": { "ID": 42801136, "正式名称": "長命ヶ丘　針生・舟田クリニック", "機関区分": 2, "都道府県コード": 4, "市区町村コード": 105, "所在地": "宮城県仙台市泉区長命ヶ丘２丁目１７－２", "緯度": 38.310635, "経度": 140.84346, "url": "https://www.iryou.teikyouseido.mhlw.go.jp/znk-web/juminkanja/S2430/initialize?prefCd=04&kikanCd=2801136&kikanKbn=2", "url2": null, "内容": "長命ヶ丘　針生・舟田クリニック【2:診療所】【診療科目:0】宮城県仙台市泉区長命ヶ丘２丁目１７－２" }, "geometry": { "type": "Point", "coordinates": [ 140.84346, 38.310635 ] } },
{ "type": "Feature", "properties": { "ID": 42801139, "正式名称": "しらい健康クリニック泉中央", "機関区分": 2, "都道府県コード": 4, "市区町村コード": 105, "所在地": "宮城県仙台市泉区泉中央４丁目８－２　ソレイユハイツ泉中央１階", "緯度": 38.322796, "経度": 140.885071, "url": "https://www.iryou.teikyouseido.mhlw.go.jp/znk-web/juminkanja/S2430/initialize?prefCd=04&kikanCd=2801139&kikanKbn=2", "url2": "https://shirai-kenko-clinic.com", "内容": "しらい健康クリニック泉中央【2:診療所】【診療科目:0】宮城県仙台市泉区泉中央４丁目８－２　ソレイユハイツ泉中央１階" }, "geometry": { "type": "Point", "coordinates": [ 140.885071, 38.322796 ] } },
{ "type": "Feature", "properties": { "ID": 42801143, "正式名称": "五十嵐内科クリニック", "機関区分": 2, "都道府県コード": 4, "市区町村コード": 105, "所在地": "宮城県仙台市泉区向陽台２丁目２５の３", "緯度": 38.340847, "経度": 140.892563, "url": "https://www.iryou.teikyouseido.mhlw.go.jp/znk-web/juminkanja/S2430/initialize?prefCd=04&kikanCd=2801143&kikanKbn=2", "url2": null, "内容": "五十嵐内科クリニック【2:診療所】【診療科目:0】宮城県仙台市泉区向陽台２丁目２５の３" }, "geometry": { "type": "Point", "coordinates": [ 140.892563, 38.340847 ] } },
{ "type": "Feature", "properties": { "ID": 42801145, "正式名称": "青葉耳鼻咽喉科医院", "機関区分": 2, "都道府県コード": 4, "市区町村コード": 105, "所在地": "宮城県仙台市泉区八乙女中央３丁目２ー２０", "緯度": 38.314735, "経度": 140.884338, "url": "https://www.iryou.teikyouseido.mhlw.go.jp/znk-web/juminkanja/S2430/initialize?prefCd=04&kikanCd=2801145&kikanKbn=2", "url2": null, "内容": "青葉耳鼻咽喉科医院【2:診療所】【診療科目:0】宮城県仙台市泉区八乙女中央３丁目２ー２０" }, "geometry": { "type": "Point", "coordinates": [ 140.884338, 38.314735 ] } },
{ "type": "Feature", "properties": { "ID": 42801152, "正式名称": "医療法人社団　泉ヶ丘佐藤内科医院", "機関区分": 2, "都道府県コード": 4, "市区町村コード": 105, "所在地": "宮城県仙台市泉区泉ヶ丘４丁目２７－１０", "緯度": 38.361526, "経度": 140.865768, "url": "https://www.iryou.teikyouseido.mhlw.go.jp/znk-web/juminkanja/S2430/initialize?prefCd=04&kikanCd=2801152&kikanKbn=2", "url2": "https://www.big-advance.site/c/144/1851", "内容": "医療法人社団　泉ヶ丘佐藤内科医院【2:診療所】【診療科目:0】宮城県仙台市泉区泉ヶ丘４丁目２７－１０" }, "geometry": { "type": "Point", "coordinates": [ 140.865768, 38.361526 ] } },
{ "type": "Feature", "properties": { "ID": 42801153, "正式名称": "仙台消化器・内視鏡内科はじめのクリニック泉中央院", "機関区分": 2, "都道府県コード": 4, "市区町村コード": 105, "所在地": "宮城県仙台市泉区泉中央１丁目１５－２", "緯度": 38.323376, "経度": 140.879974, "url": "https://www.iryou.teikyouseido.mhlw.go.jp/znk-web/juminkanja/S2430/initialize?prefCd=04&kikanCd=2801153&kikanKbn=2", "url2": "https://www.sendai-naisikyou.jp/", "内容": "仙台消化器・内視鏡内科はじめのクリニック泉中央院【2:診療所】【診療科目:0】宮城県仙台市泉区泉中央１丁目１５－２" }, "geometry": { "type": "Point", "coordinates": [ 140.879974, 38.323376 ] } },
{ "type": "Feature", "properties": { "ID": 42801154, "正式名称": "泉パークタウンクリニック", "機関区分": 2, "都道府県コード": 4, "市区町村コード": 105, "所在地": "宮城県仙台市泉区高森７丁目４５－３", "緯度": 38.342335, "経度": 140.854218, "url": "https://www.iryou.teikyouseido.mhlw.go.jp/znk-web/juminkanja/S2430/initialize?prefCd=04&kikanCd=2801154&kikanKbn=2", "url2": "http://www.izumi-parktown-clinic.com/", "内容": "泉パークタウンクリニック【2:診療所】【診療科目:0】宮城県仙台市泉区高森７丁目４５－３" }, "geometry": { "type": "Point", "coordinates": [ 140.854218, 38.342335 ] } },
{ "type": "Feature", "properties": { "ID": 42801156, "正式名称": "医療法人松田会　寺岡クリニック", "機関区分": 2, "都道府県コード": 4, "市区町村コード": 105, "所在地": "宮城県仙台市泉区寺岡５丁目８－２", "緯度": 38.34351, "経度": 140.827209, "url": "https://www.iryou.teikyouseido.mhlw.go.jp/znk-web/juminkanja/S2430/initialize?prefCd=04&kikanCd=2801156&kikanKbn=2", "url2": "http://www.matsuda-hp.com/matsuda/teraoka-cl/index.html", "内容": "医療法人松田会　寺岡クリニック【2:診療所】【診療科目:0】宮城県仙台市泉区寺岡５丁目８－２" }, "geometry": { "type": "Point", "coordinates": [ 140.827209, 38.34351 ] } },
{ "type": "Feature", "properties": { "ID": 42801157, "正式名称": "大澤内科医院", "機関区分": 2, "都道府県コード": 4, "市区町村コード": 105, "所在地": "宮城県仙台市泉区住吉台東２丁目８－２０", "緯度": 38.328041, "経度": 140.785217, "url": "https://www.iryou.teikyouseido.mhlw.go.jp/znk-web/juminkanja/S2430/initialize?prefCd=04&kikanCd=2801157&kikanKbn=2", "url2": null, "内容": "大澤内科医院【2:診療所】【診療科目:0】宮城県仙台市泉区住吉台東２丁目８－２０" }, "geometry": { "type": "Point", "coordinates": [ 140.785217, 38.328041 ] } },
{ "type": "Feature", "properties": { "ID": 42801158, "正式名称": "岡部クリニック", "機関区分": 2, "都道府県コード": 4, "市区町村コード": 105, "所在地": "宮城県仙台市泉区南中山２－３８－３", "緯度": 38.307728, "経度": 140.831879, "url": "https://www.iryou.teikyouseido.mhlw.go.jp/znk-web/juminkanja/S2430/initialize?prefCd=04&kikanCd=2801158&kikanKbn=2", "url2": "http://www.okabeclinic.net", "内容": "岡部クリニック【2:診療所】【診療科目:0】宮城県仙台市泉区南中山２－３８－３" }, "geometry": { "type": "Point", "coordinates": [ 140.831879, 38.307728 ] } },
{ "type": "Feature", "properties": { "ID": 42801162, "正式名称": "時計台クリニック", "機関区分": 2, "都道府県コード": 4, "市区町村コード": 207, "所在地": "宮城県名取市杜せきのした２丁目６－７", "緯度": 38.165142, "経度": 140.898041, "url": "https://www.iryou.teikyouseido.mhlw.go.jp/znk-web/juminkanja/S2430/initialize?prefCd=04&kikanCd=2801162&kikanKbn=2", "url2": "http://www.tokeidai-mc.jp", "内容": "時計台クリニック【2:診療所】【診療科目:0】宮城県名取市杜せきのした２丁目６－７" }, "geometry": { "type": "Point", "coordinates": [ 140.898041, 38.165142 ] } },
{ "type": "Feature", "properties": { "ID": 42801163, "正式名称": "医療法人宏智会　せきのした総合クリニック", "機関区分": 2, "都道府県コード": 4, "市区町村コード": 207, "所在地": "宮城県名取市杜せきのした１丁目８－２３", "緯度": 38.167202, "経度": 140.897598, "url": "https://www.iryou.teikyouseido.mhlw.go.jp/znk-web/juminkanja/S2430/initialize?prefCd=04&kikanCd=2801163&kikanKbn=2", "url2": "https://www.seki-sgc.com/", "内容": "医療法人宏智会　せきのした総合クリニック【2:診療所】【診療科目:0】宮城県名取市杜せきのした１丁目８－２３" }, "geometry": { "type": "Point", "coordinates": [ 140.897598, 38.167202 ] } },
{ "type": "Feature", "properties": { "ID": 42801164, "正式名称": "あいのもりクリニック", "機関区分": 2, "都道府県コード": 4, "市区町村コード": 207, "所在地": "宮城県名取市愛の杜１－２－１", "緯度": 38.156601, "経度": 140.866287, "url": "https://www.iryou.teikyouseido.mhlw.go.jp/znk-web/juminkanja/S2430/initialize?prefCd=04&kikanCd=2801164&kikanKbn=2", "url2": "https://ainomori-cl.net/", "内容": "あいのもりクリニック【2:診療所】【診療科目:0】宮城県名取市愛の杜１－２－１" }, "geometry": { "type": "Point", "coordinates": [ 140.866287, 38.156601 ] } },
{ "type": "Feature", "properties": { "ID": 42801165, "正式名称": "藤野整形外科", "機関区分": 2, "都道府県コード": 4, "市区町村コード": 209, "所在地": "宮城県多賀城市大代５－１－１", "緯度": 38.293064, "経度": 141.03746, "url": "https://www.iryou.teikyouseido.mhlw.go.jp/znk-web/juminkanja/S2430/initialize?prefCd=04&kikanCd=2801165&kikanKbn=2", "url2": null, "内容": "藤野整形外科【2:診療所】【診療科目:0】宮城県多賀城市大代５－１－１" }, "geometry": { "type": "Point", "coordinates": [ 141.03746, 38.293064 ] } },
{ "type": "Feature", "properties": { "ID": 42801166, "正式名称": "石井小児科", "機関区分": 2, "都道府県コード": 4, "市区町村コード": 209, "所在地": "宮城県多賀城市高崎３丁目２７－２７", "緯度": 38.293365, "経度": 140.998001, "url": "https://www.iryou.teikyouseido.mhlw.go.jp/znk-web/juminkanja/S2430/initialize?prefCd=04&kikanCd=2801166&kikanKbn=2", "url2": "http://ishii-shounika.com", "内容": "石井小児科【2:診療所】【診療科目:0】宮城県多賀城市高崎３丁目２７－２７" }, "geometry": { "type": "Point", "coordinates": [ 140.998001, 38.293365 ] } },
{ "type": "Feature", "properties": { "ID": 42801173, "正式名称": "長谷川小児科医院", "機関区分": 2, "都道府県コード": 4, "市区町村コード": 105, "所在地": "宮城県仙台市泉区泉中央３丁目１ー９", "緯度": 38.324087, "経度": 140.883514, "url": "https://www.iryou.teikyouseido.mhlw.go.jp/znk-web/juminkanja/S2430/initialize?prefCd=04&kikanCd=2801173&kikanKbn=2", "url2": null, "内容": "長谷川小児科医院【2:診療所】【診療科目:0】宮城県仙台市泉区泉中央３丁目１ー９" }, "geometry": { "type": "Point", "coordinates": [ 140.883514, 38.324087 ] } },
{ "type": "Feature", "properties": { "ID": 42801175, "正式名称": "ハートクリニック", "機関区分": 2, "都道府県コード": 4, "市区町村コード": 105, "所在地": "宮城県仙台市泉区泉中央１丁目７－１　泉中央駅ビル２Ｆ", "緯度": 38.323223, "経度": 140.880783, "url": "https://www.iryou.teikyouseido.mhlw.go.jp/znk-web/juminkanja/S2430/initialize?prefCd=04&kikanCd=2801175&kikanKbn=2", "url2": null, "内容": "ハートクリニック【2:診療所】【診療科目:0】宮城県仙台市泉区泉中央１丁目７－１　泉中央駅ビル２Ｆ" }, "geometry": { "type": "Point", "coordinates": [ 140.880783, 38.323223 ] } },
{ "type": "Feature", "properties": { "ID": 42801176, "正式名称": "医療法人　東岡内科醫院", "機関区分": 2, "都道府県コード": 4, "市区町村コード": 105, "所在地": "宮城県仙台市泉区松森字岡本前１０－１", "緯度": 38.312454, "経度": 140.911255, "url": "https://www.iryou.teikyouseido.mhlw.go.jp/znk-web/juminkanja/S2430/initialize?prefCd=04&kikanCd=2801176&kikanKbn=2", "url2": "http://higashioka-clinic.com", "内容": "医療法人　東岡内科醫院【2:診療所】【診療科目:0】宮城県仙台市泉区松森字岡本前１０－１" }, "geometry": { "type": "Point", "coordinates": [ 140.911255, 38.312454 ] } },
{ "type": "Feature", "properties": { "ID": 42801177, "正式名称": "医療法人社団三史会　福田内科クリニック", "機関区分": 2, "都道府県コード": 4, "市区町村コード": 105, "所在地": "宮城県仙台市泉区泉中央１－１７－１", "緯度": 38.324104, "経度": 140.879211, "url": "https://www.iryou.teikyouseido.mhlw.go.jp/znk-web/juminkanja/S2430/initialize?prefCd=04&kikanCd=2801177&kikanKbn=2", "url2": "http://www.fukuda-naikaclinic.com", "内容": "医療法人社団三史会　福田内科クリニック【2:診療所】【診療科目:0】宮城県仙台市泉区泉中央１－１７－１" }, "geometry": { "type": "Point", "coordinates": [ 140.879211, 38.324104 ] } },
{ "type": "Feature", "properties": { "ID": 42801180, "正式名称": "医療法人社団　杏泉堂　本間記念　仙台北整形外科", "機関区分": 2, "都道府県コード": 4, "市区町村コード": 105, "所在地": "宮城県仙台市泉区上谷刈４丁目９－２３", "緯度": 38.315865, "経度": 140.871109, "url": "https://www.iryou.teikyouseido.mhlw.go.jp/znk-web/juminkanja/S2430/initialize?prefCd=04&kikanCd=2801180&kikanKbn=2", "url2": "http://www.tohokuseikei.com/", "内容": "医療法人社団　杏泉堂　本間記念　仙台北整形外科【2:診療所】【診療科目:0】宮城県仙台市泉区上谷刈４丁目９－２３" }, "geometry": { "type": "Point", "coordinates": [ 140.871109, 38.315865 ] } },
{ "type": "Feature", "properties": { "ID": 42801181, "正式名称": "医療法人社団　杏泉堂　本間記念　東北整形外科・東北歯科", "機関区分": 2, "都道府県コード": 4, "市区町村コード": 105, "所在地": "宮城県仙台市泉区上谷刈４丁目９－２２", "緯度": 38.315933, "経度": 140.870605, "url": "https://www.iryou.teikyouseido.mhlw.go.jp/znk-web/juminkanja/S2430/initialize?prefCd=04&kikanCd=2801181&kikanKbn=2", "url2": "http://www.tohokuseikei.com/", "内容": "医療法人社団　杏泉堂　本間記念　東北整形外科・東北歯科【2:診療所】【診療科目:0】宮城県仙台市泉区上谷刈４丁目９－２２" }, "geometry": { "type": "Point", "coordinates": [ 140.870605, 38.315933 ] } },
{ "type": "Feature", "properties": { "ID": 42801183, "正式名称": "松永厚生クリニック", "機関区分": 2, "都道府県コード": 4, "市区町村コード": 105, "所在地": "宮城県仙台市泉区泉中央１丁目２６－４", "緯度": 38.321743, "経度": 140.878296, "url": "https://www.iryou.teikyouseido.mhlw.go.jp/znk-web/juminkanja/S2430/initialize?prefCd=04&kikanCd=2801183&kikanKbn=2", "url2": "http://www.mk-clinic.jp", "内容": "松永厚生クリニック【2:診療所】【診療科目:0】宮城県仙台市泉区泉中央１丁目２６－４" }, "geometry": { "type": "Point", "coordinates": [ 140.878296, 38.321743 ] } },
{ "type": "Feature", "properties": { "ID": 42801185, "正式名称": "おかだしゅうこ皮ふ科", "機関区分": 2, "都道府県コード": 4, "市区町村コード": 105, "所在地": "宮城県仙台市泉区泉中央１丁目１５－２　赤間総業泉中央パーキングビル１階", "緯度": 38.323338, "経度": 140.880005, "url": "https://www.iryou.teikyouseido.mhlw.go.jp/znk-web/juminkanja/S2430/initialize?prefCd=04&kikanCd=2801185&kikanKbn=2", "url2": "http://www.okadashuko-hifuka.jp/", "内容": "おかだしゅうこ皮ふ科【2:診療所】【診療科目:0】宮城県仙台市泉区泉中央１丁目１５－２　赤間総業泉中央パーキングビル１階" }, "geometry": { "type": "Point", "coordinates": [ 140.880005, 38.323338 ] } },
{ "type": "Feature", "properties": { "ID": 42801186, "正式名称": "宮澤循環器科・内科クリニック", "機関区分": 2, "都道府県コード": 4, "市区町村コード": 105, "所在地": "宮城県仙台市泉区泉中央１丁目１４－１　インテレクト２１ビル５Ｆ", "緯度": 38.323097, "経度": 140.879272, "url": "https://www.iryou.teikyouseido.mhlw.go.jp/znk-web/juminkanja/S2430/initialize?prefCd=04&kikanCd=2801186&kikanKbn=2", "url2": null, "内容": "宮澤循環器科・内科クリニック【2:診療所】【診療科目:0】宮城県仙台市泉区泉中央１丁目１４－１　インテレクト２１ビル５Ｆ" }, "geometry": { "type": "Point", "coordinates": [ 140.879272, 38.323097 ] } },
{ "type": "Feature", "properties": { "ID": 42801187, "正式名称": "医療法人社団　三好耳鼻咽喉科クリニック", "機関区分": 2, "都道府県コード": 4, "市区町村コード": 105, "所在地": "宮城県仙台市泉区泉中央１丁目３４－１", "緯度": 38.323284, "経度": 140.87648, "url": "https://www.iryou.teikyouseido.mhlw.go.jp/znk-web/juminkanja/S2430/initialize?prefCd=04&kikanCd=2801187&kikanKbn=2", "url2": "http://www.3443.or.jp", "内容": "医療法人社団　三好耳鼻咽喉科クリニック【2:診療所】【診療科目:0】宮城県仙台市泉区泉中央１丁目３４－１" }, "geometry": { "type": "Point", "coordinates": [ 140.87648, 38.323284 ] } },
{ "type": "Feature", "properties": { "ID": 42801188, "正式名称": "医療法人　太世会　フォレスト内科クリニック", "機関区分": 2, "都道府県コード": 4, "市区町村コード": 105, "所在地": "宮城県仙台市泉区泉中央４丁目２０－５", "緯度": 38.322056, "経度": 140.886292, "url": "https://www.iryou.teikyouseido.mhlw.go.jp/znk-web/juminkanja/S2430/initialize?prefCd=04&kikanCd=2801188&kikanKbn=2", "url2": "http://forest-naika-clinic.com", "内容": "医療法人　太世会　フォレスト内科クリニック【2:診療所】【診療科目:0】宮城県仙台市泉区泉中央４丁目２０－５" }, "geometry": { "type": "Point", "coordinates": [ 140.886292, 38.322056 ] } },
{ "type": "Feature", "properties": { "ID": 42801192, "正式名称": "曽我内科こどもクリニック", "機関区分": 2, "都道府県コード": 4, "市区町村コード": 207, "所在地": "宮城県名取市杉ケ袋字前沖７１－１", "緯度": 38.155216, "経度": 140.916321, "url": "https://www.iryou.teikyouseido.mhlw.go.jp/znk-web/juminkanja/S2430/initialize?prefCd=04&kikanCd=2801192&kikanKbn=2", "url2": "https://www.soganaikakodomoclinic.com", "内容": "曽我内科こどもクリニック【2:診療所】【診療科目:0】宮城県名取市杉ケ袋字前沖７１－１" }, "geometry": { "type": "Point", "coordinates": [ 140.916321, 38.155216 ] } },
{ "type": "Feature", "properties": { "ID": 42801193, "正式名称": "名取とおる内科・糖尿病クリニック", "機関区分": 2, "都道府県コード": 4, "市区町村コード": 207, "所在地": "宮城県名取市手倉田字八幡３３８－８", "緯度": 38.171951, "経度": 140.881561, "url": "https://www.iryou.teikyouseido.mhlw.go.jp/znk-web/juminkanja/S2430/initialize?prefCd=04&kikanCd=2801193&kikanKbn=2", "url2": "https://toru-cl.com/", "内容": "名取とおる内科・糖尿病クリニック【2:診療所】【診療科目:0】宮城県名取市手倉田字八幡３３８－８" }, "geometry": { "type": "Point", "coordinates": [ 140.881561, 38.171951 ] } },
{ "type": "Feature", "properties": { "ID": 42801194, "正式名称": "仙台空港北クリニック", "機関区分": 2, "都道府県コード": 4, "市区町村コード": 207, "所在地": "宮城県名取市美田園８丁目１－８", "緯度": 38.162067, "経度": 140.906128, "url": "https://www.iryou.teikyouseido.mhlw.go.jp/znk-web/juminkanja/S2430/initialize?prefCd=04&kikanCd=2801194&kikanKbn=2", "url2": "https://gamo.or.jp", "内容": "仙台空港北クリニック【2:診療所】【診療科目:0】宮城県名取市美田園８丁目１－８" }, "geometry": { "type": "Point", "coordinates": [ 140.906128, 38.162067 ] } },
{ "type": "Feature", "properties": { "ID": 42801196, "正式名称": "医療法人社団　名取駅東口クリニック", "機関区分": 2, "都道府県コード": 4, "市区町村コード": 207, "所在地": "宮城県名取市増田４－７－２０　グローリオレジデンス名取駅前２階", "緯度": 38.173516, "経度": 140.88375, "url": "https://www.iryou.teikyouseido.mhlw.go.jp/znk-web/juminkanja/S2430/initialize?prefCd=04&kikanCd=2801196&kikanKbn=2", "url2": "https://higashiguti-cl.jp", "内容": "医療法人社団　名取駅東口クリニック【2:診療所】【診療科目:0】宮城県名取市増田４－７－２０　グローリオレジデンス名取駅前２階" }, "geometry": { "type": "Point", "coordinates": [ 140.88375, 38.173516 ] } },
{ "type": "Feature", "properties": { "ID": 42801198, "正式名称": "みどり台ヒルズクリニック", "機関区分": 2, "都道府県コード": 4, "市区町村コード": 207, "所在地": "宮城県名取市みどり台", "緯度": 38.19986, "経度": 140.834244, "url": "https://www.iryou.teikyouseido.mhlw.go.jp/znk-web/juminkanja/S2430/initialize?prefCd=04&kikanCd=2801198&kikanKbn=2", "url2": "https://natori-himawari-c.jp/", "内容": "みどり台ヒルズクリニック【2:診療所】【診療科目:0】宮城県名取市みどり台" }, "geometry": { "type": "Point", "coordinates": [ 140.834244, 38.19986 ] } },
{ "type": "Feature", "properties": { "ID": 42801199, "正式名称": "医療法人　永昇　野田眼科　クリニック", "機関区分": 2, "都道府県コード": 4, "市区町村コード": 207, "所在地": "宮城県名取市増田７丁目３－９", "緯度": 38.179329, "経度": 140.885971, "url": "https://www.iryou.teikyouseido.mhlw.go.jp/znk-web/juminkanja/S2430/initialize?prefCd=04&kikanCd=2801199&kikanKbn=2", "url2": "http://www.noda-eye.or.jp", "内容": "医療法人　永昇　野田眼科　クリニック【2:診療所】【診療科目:0】宮城県名取市増田７丁目３－９" }, "geometry": { "type": "Point", "coordinates": [ 140.885971, 38.179329 ] } },
{ "type": "Feature", "properties": { "ID": 42801200, "正式名称": "なとり皮膚科くまのどう内科下肢静脈瘤クリニック", "機関区分": 2, "都道府県コード": 4, "市区町村コード": 207, "所在地": "宮城県名取市高舘熊野堂岩口下４５－３", "緯度": 38.1992, "経度": 140.84874, "url": "https://www.iryou.teikyouseido.mhlw.go.jp/znk-web/juminkanja/S2430/initialize?prefCd=04&kikanCd=2801200&kikanKbn=2", "url2": "https://natori-kumanodo-clinic.jp", "内容": "なとり皮膚科くまのどう内科下肢静脈瘤クリニック【2:診療所】【診療科目:0】宮城県名取市高舘熊野堂岩口下４５－３" }, "geometry": { "type": "Point", "coordinates": [ 140.84874, 38.1992 ] } },
{ "type": "Feature", "properties": { "ID": 42801201, "正式名称": "金久保眼科", "機関区分": 2, "都道府県コード": 4, "市区町村コード": 104, "所在地": "宮城県仙台市太白区長町６丁目４－１２", "緯度": 38.224312, "経度": 140.882721, "url": "https://www.iryou.teikyouseido.mhlw.go.jp/znk-web/juminkanja/S2430/initialize?prefCd=04&kikanCd=2801201&kikanKbn=2", "url2": "http://www.myclinic.ne.jp/kanakubo", "内容": "金久保眼科【2:診療所】【診療科目:0】宮城県仙台市太白区長町６丁目４－１２" }, "geometry": { "type": "Point", "coordinates": [ 140.882721, 38.224312 ] } },
{ "type": "Feature", "properties": { "ID": 42801202, "正式名称": "たかはし内科クリニック", "機関区分": 2, "都道府県コード": 4, "市区町村コード": 206, "所在地": "宮城県白石市城北町４－１１", "緯度": 38.006706, "経度": 140.618668, "url": "https://www.iryou.teikyouseido.mhlw.go.jp/znk-web/juminkanja/S2430/initialize?prefCd=04&kikanCd=2801202&kikanKbn=2", "url2": "http://www.citydo.com/prf/miyagi/guide/sg/110001466.html", "内容": "たかはし内科クリニック【2:診療所】【診療科目:0】宮城県白石市城北町４－１１" }, "geometry": { "type": "Point", "coordinates": [ 140.618668, 38.006706 ] } },
{ "type": "Feature", "properties": { "ID": 42801203, "正式名称": "こまつ外科内科クリニック", "機関区分": 2, "都道府県コード": 4, "市区町村コード": 206, "所在地": "宮城県白石市城南２丁目２－６", "緯度": 37.997227, "経度": 140.614426, "url": "https://www.iryou.teikyouseido.mhlw.go.jp/znk-web/juminkanja/S2430/initialize?prefCd=04&kikanCd=2801203&kikanKbn=2", "url2": "http://komatsucl.byoinnavi.jp/", "内容": "こまつ外科内科クリニック【2:診療所】【診療科目:0】宮城県白石市城南２丁目２－６" }, "geometry": { "type": "Point", "coordinates": [ 140.614426, 37.997227 ] } },
{ "type": "Feature", "properties": { "ID": 42801204, "正式名称": "白石今野医院", "機関区分": 2, "都道府県コード": 4, "市区町村コード": 206, "所在地": "宮城県白石市郡山字虎子沢山１－３", "緯度": 38.003231, "経度": 140.648956, "url": "https://www.iryou.teikyouseido.mhlw.go.jp/znk-web/juminkanja/S2430/initialize?prefCd=04&kikanCd=2801204&kikanKbn=2", "url2": null, "内容": "白石今野医院【2:診療所】【診療科目:0】宮城県白石市郡山字虎子沢山１－３" }, "geometry": { "type": "Point", "coordinates": [ 140.648956, 38.003231 ] } },
{ "type": "Feature", "properties": { "ID": 42801205, "正式名称": "塚本内科消化器科", "機関区分": 2, "都道府県コード": 4, "市区町村コード": 206, "所在地": "宮城県白石市城南１－２－２９", "緯度": 37.99622, "経度": 140.612366, "url": "https://www.iryou.teikyouseido.mhlw.go.jp/znk-web/juminkanja/S2430/initialize?prefCd=04&kikanCd=2801205&kikanKbn=2", "url2": "http://tsukamoto-naika.org/", "内容": "塚本内科消化器科【2:診療所】【診療科目:0】宮城県白石市城南１－２－２９" }, "geometry": { "type": "Point", "coordinates": [ 140.612366, 37.99622 ] } },
{ "type": "Feature", "properties": { "ID": 42801207, "正式名称": "つつみ内科外科こどもクリニック", "機関区分": 2, "都道府県コード": 4, "市区町村コード": 206, "所在地": "宮城県白石市清水小路６", "緯度": 38.007336, "経度": 140.623154, "url": "https://www.iryou.teikyouseido.mhlw.go.jp/znk-web/juminkanja/S2430/initialize?prefCd=04&kikanCd=2801207&kikanKbn=2", "url2": "http://www.web-clover.net/tsutsumi-clinic/news/", "内容": "つつみ内科外科こどもクリニック【2:診療所】【診療科目:0】宮城県白石市清水小路６" }, "geometry": { "type": "Point", "coordinates": [ 140.623154, 38.007336 ] } },
{ "type": "Feature", "properties": { "ID": 42801209, "正式名称": "加藤小児科内科医院", "機関区分": 2, "都道府県コード": 4, "市区町村コード": 206, "所在地": "宮城県白石市大手町３－１３", "緯度": 38.002464, "経度": 140.620651, "url": "https://www.iryou.teikyouseido.mhlw.go.jp/znk-web/juminkanja/S2430/initialize?prefCd=04&kikanCd=2801209&kikanKbn=2", "url2": "https://katosyounikanaika.jp", "内容": "加藤小児科内科医院【2:診療所】【診療科目:0】宮城県白石市大手町３－１３" }, "geometry": { "type": "Point", "coordinates": [ 140.620651, 38.002464 ] } },
{ "type": "Feature", "properties": { "ID": 42801212, "正式名称": "柿崎小児科", "機関区分": 2, "都道府県コード": 4, "市区町村コード": 206, "所在地": "宮城県白石市沢端町１－３７", "緯度": 38.00444, "経度": 140.620163, "url": "https://www.iryou.teikyouseido.mhlw.go.jp/znk-web/juminkanja/S2430/initialize?prefCd=04&kikanCd=2801212&kikanKbn=2", "url2": "http://kakizaki-ped.com", "内容": "柿崎小児科【2:診療所】【診療科目:0】宮城県白石市沢端町１－３７" }, "geometry": { "type": "Point", "coordinates": [ 140.620163, 38.00444 ] } },
{ "type": "Feature", "properties": { "ID": 42801213, "正式名称": "大手町おおはし眼科", "機関区分": 2, "都道府県コード": 4, "市区町村コード": 206, "所在地": "宮城県白石市城北町４－４１", "緯度": 38.006271, "経度": 140.618317, "url": "https://www.iryou.teikyouseido.mhlw.go.jp/znk-web/juminkanja/S2430/initialize?prefCd=04&kikanCd=2801213&kikanKbn=2", "url2": null, "内容": "大手町おおはし眼科【2:診療所】【診療科目:0】宮城県白石市城北町４－４１" }, "geometry": { "type": "Point", "coordinates": [ 140.618317, 38.006271 ] } },
{ "type": "Feature", "properties": { "ID": 42801214, "正式名称": "医療法人社団　浅野眼科医院", "機関区分": 2, "都道府県コード": 4, "市区町村コード": 206, "所在地": "宮城県白石市柳町６１", "緯度": 38.000146, "経度": 140.625001, "url": "https://www.iryou.teikyouseido.mhlw.go.jp/znk-web/juminkanja/S2430/initialize?prefCd=04&kikanCd=2801214&kikanKbn=2", "url2": null, "内容": "医療法人社団　浅野眼科医院【2:診療所】【診療科目:0】宮城県白石市柳町６１" }, "geometry": { "type": "Point", "coordinates": [ 140.625001, 38.000146 ] } },
{ "type": "Feature", "properties": { "ID": 42801215, "正式名称": "朝倉医院", "機関区分": 2, "都道府県コード": 4, "市区町村コード": 206, "所在地": "宮城県白石市字本町８９", "緯度": 38.002328, "経度": 140.62319, "url": "https://www.iryou.teikyouseido.mhlw.go.jp/znk-web/juminkanja/S2430/initialize?prefCd=04&kikanCd=2801215&kikanKbn=2", "url2": null, "内容": "朝倉医院【2:診療所】【診療科目:0】宮城県白石市字本町８９" }, "geometry": { "type": "Point", "coordinates": [ 140.62319, 38.002328 ] } },
{ "type": "Feature", "properties": { "ID": 42801219, "正式名称": "引地クリニック", "機関区分": 2, "都道府県コード": 4, "市区町村コード": 206, "所在地": "宮城県白石市鷹巣東１丁目５ー２６", "緯度": 37.997749, "経度": 140.63623, "url": "https://www.iryou.teikyouseido.mhlw.go.jp/znk-web/juminkanja/S2430/initialize?prefCd=04&kikanCd=2801219&kikanKbn=2", "url2": "https://hikichi-cl.jp/", "内容": "引地クリニック【2:診療所】【診療科目:0】宮城県白石市鷹巣東１丁目５ー２６" }, "geometry": { "type": "Point", "coordinates": [ 140.63623, 37.997749 ] } },
{ "type": "Feature", "properties": { "ID": 42801220, "正式名称": "医療法人社団橋本整形外科医院", "機関区分": 2, "都道府県コード": 4, "市区町村コード": 206, "所在地": "宮城県白石市旭町２ー９－１７", "緯度": 37.992661, "経度": 140.63298, "url": "https://www.iryou.teikyouseido.mhlw.go.jp/znk-web/juminkanja/S2430/initialize?prefCd=04&kikanCd=2801220&kikanKbn=2", "url2": null, "内容": "医療法人社団橋本整形外科医院【2:診療所】【診療科目:0】宮城県白石市旭町２ー９－１７" }, "geometry": { "type": "Point", "coordinates": [ 140.63298, 37.992661 ] } },
{ "type": "Feature", "properties": { "ID": 42801224, "正式名称": "医療法人圭友会　水野内科クリニック", "機関区分": 2, "都道府県コード": 4, "市区町村コード": 206, "所在地": "宮城県白石市沢端町３－４３", "緯度": 38.005783, "経度": 140.619339, "url": "https://www.iryou.teikyouseido.mhlw.go.jp/znk-web/juminkanja/S2430/initialize?prefCd=04&kikanCd=2801224&kikanKbn=2", "url2": "http://www.mizunonaika-cl.jp", "内容": "医療法人圭友会　水野内科クリニック【2:診療所】【診療科目:0】宮城県白石市沢端町３－４３" }, "geometry": { "type": "Point", "coordinates": [ 140.619339, 38.005783 ] } },
{ "type": "Feature", "properties": { "ID": 42801225, "正式名称": "山本医院", "機関区分": 2, "都道府県コード": 4, "市区町村コード": 341, "所在地": "宮城県伊具郡丸森町字町西６２－１", "緯度": 37.91407, "経度": 140.761353, "url": "https://www.iryou.teikyouseido.mhlw.go.jp/znk-web/juminkanja/S2430/initialize?prefCd=04&kikanCd=2801225&kikanKbn=2", "url2": null, "内容": "山本医院【2:診療所】【診療科目:0】宮城県伊具郡丸森町字町西６２－１" }, "geometry": { "type": "Point", "coordinates": [ 140.761353, 37.91407 ] } },
{ "type": "Feature", "properties": { "ID": 42801226, "正式名称": "旭ヶ丘ハート内科クリニック", "機関区分": 2, "都道府県コード": 4, "市区町村コード": 101, "所在地": "宮城県仙台市青葉区旭ケ丘", "緯度": 38.2975, "経度": 140.88815, "url": "https://www.iryou.teikyouseido.mhlw.go.jp/znk-web/juminkanja/S2430/initialize?prefCd=04&kikanCd=2801226&kikanKbn=2", "url2": "https://asahi810.jp", "内容": "旭ヶ丘ハート内科クリニック【2:診療所】【診療科目:0】宮城県仙台市青葉区旭ケ丘" }, "geometry": { "type": "Point", "coordinates": [ 140.88815, 38.2975 ] } },
{ "type": "Feature", "properties": { "ID": 42801230, "正式名称": "医療法人　梅津内科医院", "機関区分": 2, "都道府県コード": 4, "市区町村コード": 206, "所在地": "宮城県白石市字銚子ケ森１０－１３", "緯度": 38.000423, "経度": 140.628235, "url": "https://www.iryou.teikyouseido.mhlw.go.jp/znk-web/juminkanja/S2430/initialize?prefCd=04&kikanCd=2801230&kikanKbn=2", "url2": "https://www.umetsu-naika.com", "内容": "医療法人　梅津内科医院【2:診療所】【診療科目:0】宮城県白石市字銚子ケ森１０－１３" }, "geometry": { "type": "Point", "coordinates": [ 140.628235, 38.000423 ] } },
{ "type": "Feature", "properties": { "ID": 42801231, "正式名称": "海上内科医院", "機関区分": 2, "都道府県コード": 4, "市区町村コード": 206, "所在地": "宮城県白石市長町５６－１", "緯度": 38.005592, "経度": 140.622726, "url": "https://www.iryou.teikyouseido.mhlw.go.jp/znk-web/juminkanja/S2430/initialize?prefCd=04&kikanCd=2801231&kikanKbn=2", "url2": "http://nttbj.itp.ne.jp/0224251501/", "内容": "海上内科医院【2:診療所】【診療科目:0】宮城県白石市長町５６－１" }, "geometry": { "type": "Point", "coordinates": [ 140.622726, 38.005592 ] } },
{ "type": "Feature", "properties": { "ID": 42801233, "正式名称": "医療法人社団えんどうクリニック", "機関区分": 2, "都道府県コード": 4, "市区町村コード": 206, "所在地": "宮城県白石市兎作４０－１", "緯度": 38.001701, "経度": 140.625626, "url": "https://www.iryou.teikyouseido.mhlw.go.jp/znk-web/juminkanja/S2430/initialize?prefCd=04&kikanCd=2801233&kikanKbn=2", "url2": "https://www.endo-cl-s.jp", "内容": "医療法人社団えんどうクリニック【2:診療所】【診療科目:0】宮城県白石市兎作４０－１" }, "geometry": { "type": "Point", "coordinates": [ 140.625626, 38.001701 ] } },
{ "type": "Feature", "properties": { "ID": 42801236, "正式名称": "長町南眼科", "機関区分": 2, "都道府県コード": 4, "市区町村コード": 104, "所在地": "宮城県仙台市太白区長町７丁目１９－３９　ユニビル２階", "緯度": 38.227652, "経度": 140.877835, "url": "https://www.iryou.teikyouseido.mhlw.go.jp/znk-web/juminkanja/S2430/initialize?prefCd=04&kikanCd=2801236&kikanKbn=2", "url2": null, "内容": "長町南眼科【2:診療所】【診療科目:0】宮城県仙台市太白区長町７丁目１９－３９　ユニビル２階" }, "geometry": { "type": "Point", "coordinates": [ 140.877835, 38.227652 ] } },
{ "type": "Feature", "properties": { "ID": 42801237, "正式名称": "長町三好耳鼻咽喉科医院", "機関区分": 2, "都道府県コード": 4, "市区町村コード": 104, "所在地": "宮城県仙台市太白区長町３丁目２－１－１", "緯度": 38.230556, "経度": 140.885834, "url": "https://www.iryou.teikyouseido.mhlw.go.jp/znk-web/juminkanja/S2430/initialize?prefCd=04&kikanCd=2801237&kikanKbn=2", "url2": "http://nagamachimiyoshi-ent.com", "内容": "長町三好耳鼻咽喉科医院【2:診療所】【診療科目:0】宮城県仙台市太白区長町３丁目２－１－１" }, "geometry": { "type": "Point", "coordinates": [ 140.885834, 38.230556 ] } },
{ "type": "Feature", "properties": { "ID": 42801238, "正式名称": "新井川内科クリニック", "機関区分": 2, "都道府県コード": 4, "市区町村コード": 104, "所在地": "宮城県仙台市太白区泉崎１丁目２９－１５", "緯度": 38.219646, "経度": 140.869339, "url": "https://www.iryou.teikyouseido.mhlw.go.jp/znk-web/juminkanja/S2430/initialize?prefCd=04&kikanCd=2801238&kikanKbn=2", "url2": null, "内容": "新井川内科クリニック【2:診療所】【診療科目:0】宮城県仙台市太白区泉崎１丁目２９－１５" }, "geometry": { "type": "Point", "coordinates": [ 140.869339, 38.219646 ] } },
{ "type": "Feature", "properties": { "ID": 42801241, "正式名称": "医療法人社団　健栄会　中田公園前クリニック", "機関区分": 2, "都道府県コード": 4, "市区町村コード": 104, "所在地": "宮城県仙台市太白区東中田４丁目５－５", "緯度": 38.198078, "経度": 140.901749, "url": "https://www.iryou.teikyouseido.mhlw.go.jp/znk-web/juminkanja/S2430/initialize?prefCd=04&kikanCd=2801241&kikanKbn=2", "url2": null, "内容": "医療法人社団　健栄会　中田公園前クリニック【2:診療所】【診療科目:0】宮城県仙台市太白区東中田４丁目５－５" }, "geometry": { "type": "Point", "coordinates": [ 140.901749, 38.198078 ] } },
{ "type": "Feature", "properties": { "ID": 42801242, "正式名称": "医療法人社団河野医院", "機関区分": 2, "都道府県コード": 4, "市区町村コード": 104, "所在地": "宮城県仙台市太白区旗立２丁目４－１８", "緯度": 38.224339, "経度": 140.81163, "url": "https://www.iryou.teikyouseido.mhlw.go.jp/znk-web/juminkanja/S2430/initialize?prefCd=04&kikanCd=2801242&kikanKbn=2", "url2": null, "内容": "医療法人社団河野医院【2:診療所】【診療科目:0】宮城県仙台市太白区旗立２丁目４－１８" }, "geometry": { "type": "Point", "coordinates": [ 140.81163, 38.224339 ] } },
{ "type": "Feature", "properties": { "ID": 42801243, "正式名称": "障害者支援施設　太白ありのまま舎医務室", "機関区分": 2, "都道府県コード": 4, "市区町村コード": 104, "所在地": "宮城県仙台市太白区茂庭台２丁目１５－３０", "緯度": 38.23386, "経度": 140.781891, "url": "https://www.iryou.teikyouseido.mhlw.go.jp/znk-web/juminkanja/S2430/initialize?prefCd=04&kikanCd=2801243&kikanKbn=2", "url2": null, "内容": "障害者支援施設　太白ありのまま舎医務室【2:診療所】【診療科目:0】宮城県仙台市太白区茂庭台２丁目１５－３０" }, "geometry": { "type": "Point", "coordinates": [ 140.781891, 38.23386 ] } },
{ "type": "Feature", "properties": { "ID": 42801244, "正式名称": "仙台クリニック", "機関区分": 2, "都道府県コード": 4, "市区町村コード": 104, "所在地": "宮城県仙台市太白区秋保町湯元字木戸保１－１", "緯度": 38.223309, "経度": 140.729004, "url": "https://www.iryou.teikyouseido.mhlw.go.jp/znk-web/juminkanja/S2430/initialize?prefCd=04&kikanCd=2801244&kikanKbn=2", "url2": null, "内容": "仙台クリニック【2:診療所】【診療科目:0】宮城県仙台市太白区秋保町湯元字木戸保１－１" }, "geometry": { "type": "Point", "coordinates": [ 140.729004, 38.223309 ] } },
{ "type": "Feature", "properties": { "ID": 42801245, "正式名称": "仙台市生出診療所", "機関区分": 2, "都道府県コード": 4, "市区町村コード": 104, "所在地": "宮城県仙台市太白区茂庭２丁目８番地の１", "緯度": 38.221467, "経度": 140.789815, "url": "https://www.iryou.teikyouseido.mhlw.go.jp/znk-web/juminkanja/S2430/initialize?prefCd=04&kikanCd=2801245&kikanKbn=2", "url2": "http://www.city.sendai.jp/sesakukoho/kurashi/shisetsu/kokyo/byoin/1193118_1867.html", "内容": "仙台市生出診療所【2:診療所】【診療科目:0】宮城県仙台市太白区茂庭２丁目８番地の１" }, "geometry": { "type": "Point", "coordinates": [ 140.789815, 38.221467 ] } },
{ "type": "Feature", "properties": { "ID": 42801248, "正式名称": "医療法人社団内方医院", "機関区分": 2, "都道府県コード": 4, "市区町村コード": 301, "所在地": "宮城県刈田郡蔵王町宮字町３２", "緯度": 38.04657, "経度": 140.65213, "url": "https://www.iryou.teikyouseido.mhlw.go.jp/znk-web/juminkanja/S2430/initialize?prefCd=04&kikanCd=2801248&kikanKbn=2", "url2": null, "内容": "医療法人社団内方医院【2:診療所】【診療科目:0】宮城県刈田郡蔵王町宮字町３２" }, "geometry": { "type": "Point", "coordinates": [ 140.65213, 38.04657 ] } },
{ "type": "Feature", "properties": { "ID": 42801249, "正式名称": "医療法人社団恒心会佐藤医院", "機関区分": 2, "都道府県コード": 4, "市区町村コード": 301, "所在地": "宮城県刈田郡蔵王町宮字町３６", "緯度": 38.046944, "経度": 140.652756, "url": "https://www.iryou.teikyouseido.mhlw.go.jp/znk-web/juminkanja/S2430/initialize?prefCd=04&kikanCd=2801249&kikanKbn=2", "url2": "http://satohiin.byoinnavi.jp/pc/", "内容": "医療法人社団恒心会佐藤医院【2:診療所】【診療科目:0】宮城県刈田郡蔵王町宮字町３６" }, "geometry": { "type": "Point", "coordinates": [ 140.652756, 38.046944 ] } },
{ "type": "Feature", "properties": { "ID": 42801250, "正式名称": "七ヶ宿町国民健康保険湯原診療所", "機関区分": 2, "都道府県コード": 4, "市区町村コード": 302, "所在地": "宮城県刈田郡七ヶ宿町東口道下４－６", "緯度": 38.010017, "経度": 140.327087, "url": "https://www.iryou.teikyouseido.mhlw.go.jp/znk-web/juminkanja/S2430/initialize?prefCd=04&kikanCd=2801250&kikanKbn=2", "url2": null, "内容": "七ヶ宿町国民健康保険湯原診療所【2:診療所】【診療科目:0】宮城県刈田郡七ヶ宿町東口道下４－６" }, "geometry": { "type": "Point", "coordinates": [ 140.327087, 38.010017 ] } },
{ "type": "Feature", "properties": { "ID": 42801251, "正式名称": "七ヶ宿町国民健康保険診療所", "機関区分": 2, "都道府県コード": 4, "市区町村コード": 302, "所在地": "宮城県刈田郡七ヶ宿町関１８３", "緯度": 37.994798, "経度": 140.439832, "url": "https://www.iryou.teikyouseido.mhlw.go.jp/znk-web/juminkanja/S2430/initialize?prefCd=04&kikanCd=2801251&kikanKbn=2", "url2": "https://town.shichikashuku.miyagi.jp/life/clinic.html", "内容": "七ヶ宿町国民健康保険診療所【2:診療所】【診療科目:0】宮城県刈田郡七ヶ宿町関１８３" }, "geometry": { "type": "Point", "coordinates": [ 140.439832, 37.994798 ] } },
{ "type": "Feature", "properties": { "ID": 42801253, "正式名称": "三澤医院", "機関区分": 2, "都道府県コード": 4, "市区町村コード": 341, "所在地": "宮城県伊具郡丸森町字大舘３－１１０", "緯度": 37.922966, "経度": 140.76358, "url": "https://www.iryou.teikyouseido.mhlw.go.jp/znk-web/juminkanja/S2430/initialize?prefCd=04&kikanCd=2801253&kikanKbn=2", "url2": null, "内容": "三澤医院【2:診療所】【診療科目:0】宮城県伊具郡丸森町字大舘３－１１０" }, "geometry": { "type": "Point", "coordinates": [ 140.76358, 37.922966 ] } },
{ "type": "Feature", "properties": { "ID": 42801256, "正式名称": "たけだ耳鼻咽喉科アレルギー科クリニック", "機関区分": 2, "都道府県コード": 4, "市区町村コード": 104, "所在地": "宮城県仙台市太白区長町南１丁目１－８　Ｋ’Ｓビル３階", "緯度": 38.224293, "経度": 140.878723, "url": "https://www.iryou.teikyouseido.mhlw.go.jp/znk-web/juminkanja/S2430/initialize?prefCd=04&kikanCd=2801256&kikanKbn=2", "url2": "http://www.takeda-ent.jp", "内容": "たけだ耳鼻咽喉科アレルギー科クリニック【2:診療所】【診療科目:0】宮城県仙台市太白区長町南１丁目１－８　Ｋ’Ｓビル３階" }, "geometry": { "type": "Point", "coordinates": [ 140.878723, 38.224293 ] } },
{ "type": "Feature", "properties": { "ID": 42801257, "正式名称": "舘下診療所", "機関区分": 2, "都道府県コード": 4, "市区町村コード": 104, "所在地": "宮城県仙台市太白区長町５丁目２－１６　１０１", "緯度": 38.225415, "経度": 140.884352, "url": "https://www.iryou.teikyouseido.mhlw.go.jp/znk-web/juminkanja/S2430/initialize?prefCd=04&kikanCd=2801257&kikanKbn=2", "url2": null, "内容": "舘下診療所【2:診療所】【診療科目:0】宮城県仙台市太白区長町５丁目２－１６　１０１" }, "geometry": { "type": "Point", "coordinates": [ 140.884352, 38.225415 ] } },
{ "type": "Feature", "properties": { "ID": 42801261, "正式名称": "医療法人　樹久会　ひご整形外科クリニック", "機関区分": 2, "都道府県コード": 4, "市区町村コード": 104, "所在地": "宮城県仙台市太白区長町１丁目９－１０", "緯度": 38.23608, "経度": 140.885941, "url": "https://www.iryou.teikyouseido.mhlw.go.jp/znk-web/juminkanja/S2430/initialize?prefCd=04&kikanCd=2801261&kikanKbn=2", "url2": "https://www.higoseikeicl.com/", "内容": "医療法人　樹久会　ひご整形外科クリニック【2:診療所】【診療科目:0】宮城県仙台市太白区長町１丁目９－１０" }, "geometry": { "type": "Point", "coordinates": [ 140.885941, 38.23608 ] } },
{ "type": "Feature", "properties": { "ID": 42801262, "正式名称": "医療法人社団祥泉会皮膚科コスモスクリニック", "機関区分": 2, "都道府県コード": 4, "市区町村コード": 104, "所在地": "宮城県仙台市太白区富沢４丁目６－１　ＳＫ２０ビル２０３", "緯度": 38.215317, "経度": 140.870605, "url": "https://www.iryou.teikyouseido.mhlw.go.jp/znk-web/juminkanja/S2430/initialize?prefCd=04&kikanCd=2801262&kikanKbn=2", "url2": null, "内容": "医療法人社団祥泉会皮膚科コスモスクリニック【2:診療所】【診療科目:0】宮城県仙台市太白区富沢４丁目６－１　ＳＫ２０ビル２０３" }, "geometry": { "type": "Point", "coordinates": [ 140.870605, 38.215317 ] } },
{ "type": "Feature", "properties": { "ID": 42801264, "正式名称": "ファミリア皮膚科長町", "機関区分": 2, "都道府県コード": 4, "市区町村コード": 104, "所在地": "宮城県仙台市太白区長町７－２０－５ララガーデン長町４階", "緯度": 38.225304, "経度": 140.875748, "url": "https://www.iryou.teikyouseido.mhlw.go.jp/znk-web/juminkanja/S2430/initialize?prefCd=04&kikanCd=2801264&kikanKbn=2", "url2": "https://familia-hifuka.com", "内容": "ファミリア皮膚科長町【2:診療所】【診療科目:0】宮城県仙台市太白区長町７－２０－５ララガーデン長町４階" }, "geometry": { "type": "Point", "coordinates": [ 140.875748, 38.225304 ] } },
{ "type": "Feature", "properties": { "ID": 42801265, "正式名称": "松本小児科", "機関区分": 2, "都道府県コード": 4, "市区町村コード": 104, "所在地": "宮城県仙台市太白区長町４丁目７－２３　エルピノ１Ｆ", "緯度": 38.22916, "経度": 140.881256, "url": "https://www.iryou.teikyouseido.mhlw.go.jp/znk-web/juminkanja/S2430/initialize?prefCd=04&kikanCd=2801265&kikanKbn=2", "url2": "http://www.matsumoto-ped.jp", "内容": "松本小児科【2:診療所】【診療科目:0】宮城県仙台市太白区長町４丁目７－２３　エルピノ１Ｆ" }, "geometry": { "type": "Point", "coordinates": [ 140.881256, 38.22916 ] } },
{ "type": "Feature", "properties": { "ID": 42801266, "正式名称": "医療法人ＭＯＰＣ　水戸整形外科クリニック", "機関区分": 2, "都道府県コード": 4, "市区町村コード": 104, "所在地": "宮城県仙台市太白区門前町１２−２３", "緯度": 38.233154, "経度": 140.87648, "url": "https://www.iryou.teikyouseido.mhlw.go.jp/znk-web/juminkanja/S2430/initialize?prefCd=04&kikanCd=2801266&kikanKbn=2", "url2": "http://www.mitoseikei.com", "内容": "医療法人ＭＯＰＣ　水戸整形外科クリニック【2:診療所】【診療科目:0】宮城県仙台市太白区門前町１２−２３" }, "geometry": { "type": "Point", "coordinates": [ 140.87648, 38.233154 ] } },
{ "type": "Feature", "properties": { "ID": 42801267, "正式名称": "医療法人社団南大野田こいけクリニック", "機関区分": 2, "都道府県コード": 4, "市区町村コード": 104, "所在地": "宮城県仙台市太白区南大野田１０－４", "緯度": 38.210831, "経度": 140.871902, "url": "https://www.iryou.teikyouseido.mhlw.go.jp/znk-web/juminkanja/S2430/initialize?prefCd=04&kikanCd=2801267&kikanKbn=2", "url2": "https://mkoike-clinic.jp/", "内容": "医療法人社団南大野田こいけクリニック【2:診療所】【診療科目:0】宮城県仙台市太白区南大野田１０－４" }, "geometry": { "type": "Point", "coordinates": [ 140.871902, 38.210831 ] } },
{ "type": "Feature", "properties": { "ID": 42801268, "正式名称": "徳永眼科医院", "機関区分": 2, "都道府県コード": 4, "市区町村コード": 104, "所在地": "宮城県仙台市太白区西多賀一丁目１２番４５号", "緯度": 38.223568, "経度": 140.860397, "url": "https://www.iryou.teikyouseido.mhlw.go.jp/znk-web/juminkanja/S2430/initialize?prefCd=04&kikanCd=2801268&kikanKbn=2", "url2": null, "内容": "徳永眼科医院【2:診療所】【診療科目:0】宮城県仙台市太白区西多賀一丁目１２番４５号" }, "geometry": { "type": "Point", "coordinates": [ 140.860397, 38.223568 ] } },
{ "type": "Feature", "properties": { "ID": 42801271, "正式名称": "とみざわみなみ眼科クリニック", "機関区分": 2, "都道府県コード": 4, "市区町村コード": 104, "所在地": "宮城県仙台市太白区富沢南２丁目１７－１５", "緯度": 38.210838, "経度": 140.867874, "url": "https://www.iryou.teikyouseido.mhlw.go.jp/znk-web/juminkanja/S2430/initialize?prefCd=04&kikanCd=2801271&kikanKbn=2", "url2": "http://www.megastate.com/tomizawaminami-eye-clinic", "内容": "とみざわみなみ眼科クリニック【2:診療所】【診療科目:0】宮城県仙台市太白区富沢南２丁目１７－１５" }, "geometry": { "type": "Point", "coordinates": [ 140.867874, 38.210838 ] } },
{ "type": "Feature", "properties": { "ID": 42801273, "正式名称": "内科・循環器科ちばクリニック", "機関区分": 2, "都道府県コード": 4, "市区町村コード": 104, "所在地": "宮城県仙台市太白区緑ケ丘１丁目３－１９", "緯度": 38.228741, "経度": 140.868713, "url": "https://www.iryou.teikyouseido.mhlw.go.jp/znk-web/juminkanja/S2430/initialize?prefCd=04&kikanCd=2801273&kikanKbn=2", "url2": null, "内容": "内科・循環器科ちばクリニック【2:診療所】【診療科目:0】宮城県仙台市太白区緑ケ丘１丁目３－１９" }, "geometry": { "type": "Point", "coordinates": [ 140.868713, 38.228741 ] } },
{ "type": "Feature", "properties": { "ID": 42801274, "正式名称": "仙台透析クリニック", "機関区分": 2, "都道府県コード": 4, "市区町村コード": 104, "所在地": "宮城県仙台市太白区鈎取本町１丁目２４－１０", "緯度": 38.219723, "経度": 140.836151, "url": "https://www.iryou.teikyouseido.mhlw.go.jp/znk-web/juminkanja/S2430/initialize?prefCd=04&kikanCd=2801274&kikanKbn=2", "url2": null, "内容": "仙台透析クリニック【2:診療所】【診療科目:0】宮城県仙台市太白区鈎取本町１丁目２４－１０" }, "geometry": { "type": "Point", "coordinates": [ 140.836151, 38.219723 ] } },
{ "type": "Feature", "properties": { "ID": 42801275, "正式名称": "医療法人夢叶会　長町南クリニック", "機関区分": 2, "都道府県コード": 4, "市区町村コード": 104, "所在地": "宮城県仙台市太白区長町南２丁目６－５", "緯度": 38.220249, "経度": 140.879486, "url": "https://www.iryou.teikyouseido.mhlw.go.jp/znk-web/juminkanja/S2430/initialize?prefCd=04&kikanCd=2801275&kikanKbn=2", "url2": "https://www.nm-c.jp/", "内容": "医療法人夢叶会　長町南クリニック【2:診療所】【診療科目:0】宮城県仙台市太白区長町南２丁目６－５" }, "geometry": { "type": "Point", "coordinates": [ 140.879486, 38.220249 ] } },
{ "type": "Feature", "properties": { "ID": 42801276, "正式名称": "医療法人社団交鐘会　あおぞら在宅診療所　仙台南", "機関区分": 2, "都道府県コード": 4, "市区町村コード": 104, "所在地": "宮城県仙台市太白区長町７丁目１９－３９　ＣＯＭビル３０１", "緯度": 38.227486, "経度": 140.877913, "url": "https://www.iryou.teikyouseido.mhlw.go.jp/znk-web/juminkanja/S2430/initialize?prefCd=04&kikanCd=2801276&kikanKbn=2", "url2": "http://www.aozoracl.jp", "内容": "医療法人社団交鐘会　あおぞら在宅診療所　仙台南【2:診療所】【診療科目:0】宮城県仙台市太白区長町７丁目１９－３９　ＣＯＭビル３０１" }, "geometry": { "type": "Point", "coordinates": [ 140.877913, 38.227486 ] } },
{ "type": "Feature", "properties": { "ID": 42801277, "正式名称": "かねこクリニック", "機関区分": 2, "都道府県コード": 4, "市区町村コード": 104, "所在地": "宮城県仙台市太白区西の平一丁目２５－２７", "緯度": 38.229523, "経度": 140.855515, "url": "https://www.iryou.teikyouseido.mhlw.go.jp/znk-web/juminkanja/S2430/initialize?prefCd=04&kikanCd=2801277&kikanKbn=2", "url2": "http://www.kaneko-cli.jp", "内容": "かねこクリニック【2:診療所】【診療科目:0】宮城県仙台市太白区西の平一丁目２５－２７" }, "geometry": { "type": "Point", "coordinates": [ 140.855515, 38.229523 ] } },
{ "type": "Feature", "properties": { "ID": 42801279, "正式名称": "かめやま整形外科・リハビリテーションクリニック", "機関区分": 2, "都道府県コード": 4, "市区町村コード": 104, "所在地": "宮城県仙台市太白区富沢南１丁目２３－７", "緯度": 38.212696, "経度": 140.868149, "url": "https://www.iryou.teikyouseido.mhlw.go.jp/znk-web/juminkanja/S2430/initialize?prefCd=04&kikanCd=2801279&kikanKbn=2", "url2": null, "内容": "かめやま整形外科・リハビリテーションクリニック【2:診療所】【診療科目:0】宮城県仙台市太白区富沢南１丁目２３－７" }, "geometry": { "type": "Point", "coordinates": [ 140.868149, 38.212696 ] } },
{ "type": "Feature", "properties": { "ID": 42801281, "正式名称": "医療法人社団　興野内科医院", "機関区分": 2, "都道府県コード": 4, "市区町村コード": 104, "所在地": "宮城県仙台市太白区松が丘８－１０", "緯度": 38.242561, "経度": 140.849838, "url": "https://www.iryou.teikyouseido.mhlw.go.jp/znk-web/juminkanja/S2430/initialize?prefCd=04&kikanCd=2801281&kikanKbn=2", "url2": "http://www.kyono-naika.com/", "内容": "医療法人社団　興野内科医院【2:診療所】【診療科目:0】宮城県仙台市太白区松が丘８－１０" }, "geometry": { "type": "Point", "coordinates": [ 140.849838, 38.242561 ] } },
{ "type": "Feature", "properties": { "ID": 42801282, "正式名称": "医療法人社団くまがいクリニック", "機関区分": 2, "都道府県コード": 4, "市区町村コード": 104, "所在地": "宮城県仙台市太白区西多賀", "緯度": 38.22327, "経度": 140.858612, "url": "https://www.iryou.teikyouseido.mhlw.go.jp/znk-web/juminkanja/S2430/initialize?prefCd=04&kikanCd=2801282&kikanKbn=2", "url2": "http://www.kumagaiclinic.jp", "内容": "医療法人社団くまがいクリニック【2:診療所】【診療科目:0】宮城県仙台市太白区西多賀" }, "geometry": { "type": "Point", "coordinates": [ 140.858612, 38.22327 ] } },
{ "type": "Feature", "properties": { "ID": 42801285, "正式名称": "小林内科医院", "機関区分": 2, "都道府県コード": 4, "市区町村コード": 104, "所在地": "宮城県仙台市太白区鹿野２丁目４－１５", "緯度": 38.229496, "経度": 140.870773, "url": "https://www.iryou.teikyouseido.mhlw.go.jp/znk-web/juminkanja/S2430/initialize?prefCd=04&kikanCd=2801285&kikanKbn=2", "url2": null, "内容": "小林内科医院【2:診療所】【診療科目:0】宮城県仙台市太白区鹿野２丁目４－１５" }, "geometry": { "type": "Point", "coordinates": [ 140.870773, 38.229496 ] } },
{ "type": "Feature", "properties": { "ID": 42801287, "正式名称": "医療法人　仁正会　さとう腎臓内科ひ尿器科", "機関区分": 2, "都道府県コード": 4, "市区町村コード": 104, "所在地": "宮城県仙台市太白区長町二丁目九の三十一", "緯度": 38.235355, "経度": 140.881622, "url": "https://www.iryou.teikyouseido.mhlw.go.jp/znk-web/juminkanja/S2430/initialize?prefCd=04&kikanCd=2801287&kikanKbn=2", "url2": "http://www.satojin.jp", "内容": "医療法人　仁正会　さとう腎臓内科ひ尿器科【2:診療所】【診療科目:0】宮城県仙台市太白区長町二丁目九の三十一" }, "geometry": { "type": "Point", "coordinates": [ 140.881622, 38.235355 ] } },
{ "type": "Feature", "properties": { "ID": 42801288, "正式名称": "医療法人　鹿苑会　佐々木悦子産科婦人科クリニック", "機関区分": 2, "都道府県コード": 4, "市区町村コード": 104, "所在地": "宮城県仙台市太白区鹿野本町１１－２１", "緯度": 38.231533, "経度": 140.872391, "url": "https://www.iryou.teikyouseido.mhlw.go.jp/znk-web/juminkanja/S2430/initialize?prefCd=04&kikanCd=2801288&kikanKbn=2", "url2": "http://www.etsuko-cl.jp/", "内容": "医療法人　鹿苑会　佐々木悦子産科婦人科クリニック【2:診療所】【診療科目:0】宮城県仙台市太白区鹿野本町１１－２１" }, "geometry": { "type": "Point", "coordinates": [ 140.872391, 38.231533 ] } },
{ "type": "Feature", "properties": { "ID": 42801289, "正式名称": "医療法人　尚圭フェニックス　さとう小児科内科", "機関区分": 2, "都道府県コード": 4, "市区町村コード": 104, "所在地": "宮城県仙台市太白区鈎取本町１ー５ー５", "緯度": 38.221104, "経度": 140.842102, "url": "https://www.iryou.teikyouseido.mhlw.go.jp/znk-web/juminkanja/S2430/initialize?prefCd=04&kikanCd=2801289&kikanKbn=2", "url2": "http://www.sato-shounikanaika.com", "内容": "医療法人　尚圭フェニックス　さとう小児科内科【2:診療所】【診療科目:0】宮城県仙台市太白区鈎取本町１ー５ー５" }, "geometry": { "type": "Point", "coordinates": [ 140.842102, 38.221104 ] } },
{ "type": "Feature", "properties": { "ID": 42801290, "正式名称": "佐藤ひでつぐ整形外科", "機関区分": 2, "都道府県コード": 4, "市区町村コード": 104, "所在地": "宮城県仙台市太白区長町８丁目１－１", "緯度": 38.23349, "経度": 140.878769, "url": "https://www.iryou.teikyouseido.mhlw.go.jp/znk-web/juminkanja/S2430/initialize?prefCd=04&kikanCd=2801290&kikanKbn=2", "url2": null, "内容": "佐藤ひでつぐ整形外科【2:診療所】【診療科目:0】宮城県仙台市太白区長町８丁目１－１" }, "geometry": { "type": "Point", "coordinates": [ 140.878769, 38.23349 ] } },
{ "type": "Feature", "properties": { "ID": 42801292, "正式名称": "医療法人社団廣仁会　仙台たいはく皮膚科クリニック", "機関区分": 2, "都道府県コード": 4, "市区町村コード": 104, "所在地": "宮城県仙台市太白区鈎取本町１丁目２１－１　イオンスーパーセンター鈎取店２Ｆ", "緯度": 38.219666, "経度": 140.837524, "url": "https://www.iryou.teikyouseido.mhlw.go.jp/znk-web/juminkanja/S2430/initialize?prefCd=04&kikanCd=2801292&kikanKbn=2", "url2": "http://www.kojinkai.org", "内容": "医療法人社団廣仁会　仙台たいはく皮膚科クリニック【2:診療所】【診療科目:0】宮城県仙台市太白区鈎取本町１丁目２１－１　イオンスーパーセンター鈎取店２Ｆ" }, "geometry": { "type": "Point", "coordinates": [ 140.837524, 38.219666 ] } },
{ "type": "Feature", "properties": { "ID": 42801293, "正式名称": "すけの医院", "機関区分": 2, "都道府県コード": 4, "市区町村コード": 104, "所在地": "宮城県仙台市太白区三神峯２丁目２－３", "緯度": 38.228878, "経度": 140.850037, "url": "https://www.iryou.teikyouseido.mhlw.go.jp/znk-web/juminkanja/S2430/initialize?prefCd=04&kikanCd=2801293&kikanKbn=2", "url2": null, "内容": "すけの医院【2:診療所】【診療科目:0】宮城県仙台市太白区三神峯２丁目２－３" }, "geometry": { "type": "Point", "coordinates": [ 140.850037, 38.228878 ] } },
{ "type": "Feature", "properties": { "ID": 42801295, "正式名称": "医療法人　すずき整形外科・小児科内科", "機関区分": 2, "都道府県コード": 4, "市区町村コード": 104, "所在地": "宮城県仙台市太白区長町南３丁目３５－１", "緯度": 38.220139, "経度": 140.875336, "url": "https://www.iryou.teikyouseido.mhlw.go.jp/znk-web/juminkanja/S2430/initialize?prefCd=04&kikanCd=2801295&kikanKbn=2", "url2": "http://suzuki-ortho-pedi.com", "内容": "医療法人　すずき整形外科・小児科内科【2:診療所】【診療科目:0】宮城県仙台市太白区長町南３丁目３５－１" }, "geometry": { "type": "Point", "coordinates": [ 140.875336, 38.220139 ] } },
{ "type": "Feature", "properties": { "ID": 42801297, "正式名称": "長町南たかの整形外科", "機関区分": 2, "都道府県コード": 4, "市区町村コード": 104, "所在地": "宮城県仙台市太白区泉崎２丁目１－２３", "緯度": 38.223636, "経度": 140.867578, "url": "https://www.iryou.teikyouseido.mhlw.go.jp/znk-web/juminkanja/S2430/initialize?prefCd=04&kikanCd=2801297&kikanKbn=2", "url2": "https://takanoseikei.com", "内容": "長町南たかの整形外科【2:診療所】【診療科目:0】宮城県仙台市太白区泉崎２丁目１－２３" }, "geometry": { "type": "Point", "coordinates": [ 140.867578, 38.223636 ] } },
{ "type": "Feature", "properties": { "ID": 42801298, "正式名称": "仙台今村クリニック", "機関区分": 2, "都道府県コード": 4, "市区町村コード": 104, "所在地": "宮城県仙台市太白区長町５丁目３－１　たいはっくる２階", "緯度": 38.228371, "経度": 140.884308, "url": "https://www.iryou.teikyouseido.mhlw.go.jp/znk-web/juminkanja/S2430/initialize?prefCd=04&kikanCd=2801298&kikanKbn=2", "url2": "http://imamura-clinic.mcpu.jp/", "内容": "仙台今村クリニック【2:診療所】【診療科目:0】宮城県仙台市太白区長町５丁目３－１　たいはっくる２階" }, "geometry": { "type": "Point", "coordinates": [ 140.884308, 38.228371 ] } },
{ "type": "Feature", "properties": { "ID": 42801300, "正式名称": "仙台中央レディースクリニック", "機関区分": 2, "都道府県コード": 4, "市区町村コード": 104, "所在地": "宮城県仙台市太白区富沢４丁目４－２", "緯度": 38.21526, "経度": 140.868011, "url": "https://www.iryou.teikyouseido.mhlw.go.jp/znk-web/juminkanja/S2430/initialize?prefCd=04&kikanCd=2801300&kikanKbn=2", "url2": null, "内容": "仙台中央レディースクリニック【2:診療所】【診療科目:0】宮城県仙台市太白区富沢４丁目４－２" }, "geometry": { "type": "Point", "coordinates": [ 140.868011, 38.21526 ] } },
{ "type": "Feature", "properties": { "ID": 42801302, "正式名称": "医療法人社団敏翔会", "機関区分": 2, "都道府県コード": 4, "市区町村コード": 101, "所在地": "宮城県仙台市青葉区台原３丁目２９－３５", "緯度": 38.288364, "経度": 140.877609, "url": "https://www.iryou.teikyouseido.mhlw.go.jp/znk-web/juminkanja/S2430/initialize?prefCd=04&kikanCd=2801302&kikanKbn=2", "url2": "http://www.dainohara.jp/index.html", "内容": "医療法人社団敏翔会【2:診療所】【診療科目:0】宮城県仙台市青葉区台原３丁目２９－３５" }, "geometry": { "type": "Point", "coordinates": [ 140.877609, 38.288364 ] } },
{ "type": "Feature", "properties": { "ID": 42801304, "正式名称": "よだ形成外科クリニック", "機関区分": 2, "都道府県コード": 4, "市区町村コード": 101, "所在地": "宮城県仙台市青葉区花京院１丁目１－６　Ｅｖｅｒ－ｉ仙台駅前２Ｆ", "緯度": 38.263866, "経度": 140.880569, "url": "https://www.iryou.teikyouseido.mhlw.go.jp/znk-web/juminkanja/S2430/initialize?prefCd=04&kikanCd=2801304&kikanKbn=2", "url2": "https://yoda-clinic.jp/", "内容": "よだ形成外科クリニック【2:診療所】【診療科目:0】宮城県仙台市青葉区花京院１丁目１－６　Ｅｖｅｒ－ｉ仙台駅前２Ｆ" }, "geometry": { "type": "Point", "coordinates": [ 140.880569, 38.263866 ] } },
{ "type": "Feature", "properties": { "ID": 42801307, "正式名称": "マドレクリニック", "機関区分": 2, "都道府県コード": 4, "市区町村コード": 101, "所在地": "宮城県仙台市青葉区中央３－１－２２　ＥＱＵＩＮＩＡ青葉通り２Ｆ", "緯度": 38.260292, "経度": 140.878738, "url": "https://www.iryou.teikyouseido.mhlw.go.jp/znk-web/juminkanja/S2430/initialize?prefCd=04&kikanCd=2801307&kikanKbn=2", "url2": "http://www.madreclinic.jp", "内容": "マドレクリニック【2:診療所】【診療科目:0】宮城県仙台市青葉区中央３－１－２２　ＥＱＵＩＮＩＡ青葉通り２Ｆ" }, "geometry": { "type": "Point", "coordinates": [ 140.878738, 38.260292 ] } },
{ "type": "Feature", "properties": { "ID": 42801313, "正式名称": "仙台駅前婦人科クリニック", "機関区分": 2, "都道府県コード": 4, "市区町村コード": 101, "所在地": "宮城県仙台市青葉区中央３－６－１２仙台南町通りビル６カイ", "緯度": 38.259771, "経度": 140.87899, "url": "https://www.iryou.teikyouseido.mhlw.go.jp/znk-web/juminkanja/S2430/initialize?prefCd=04&kikanCd=2801313&kikanKbn=2", "url2": "http://sendai-fujinka.jp", "内容": "仙台駅前婦人科クリニック【2:診療所】【診療科目:0】宮城県仙台市青葉区中央３－６－１２仙台南町通りビル６カイ" }, "geometry": { "type": "Point", "coordinates": [ 140.87899, 38.259771 ] } },
{ "type": "Feature", "properties": { "ID": 42801314, "正式名称": "清水医院", "機関区分": 2, "都道府県コード": 4, "市区町村コード": 101, "所在地": "宮城県仙台市青葉区錦町２丁目１－６", "緯度": 38.268349, "経度": 140.879578, "url": "https://www.iryou.teikyouseido.mhlw.go.jp/znk-web/juminkanja/S2430/initialize?prefCd=04&kikanCd=2801314&kikanKbn=2", "url2": null, "内容": "清水医院【2:診療所】【診療科目:0】宮城県仙台市青葉区錦町２丁目１－６" }, "geometry": { "type": "Point", "coordinates": [ 140.879578, 38.268349 ] } },
{ "type": "Feature", "properties": { "ID": 42801331, "正式名称": "からだとこころのクリニック　ラポール", "機関区分": 2, "都道府県コード": 4, "市区町村コード": 103, "所在地": "宮城県仙台市若林区堰場１２－５ソレアード舟丁１階", "緯度": 38.24295, "経度": 140.886642, "url": "https://www.iryou.teikyouseido.mhlw.go.jp/znk-web/juminkanja/S2430/initialize?prefCd=04&kikanCd=2801331&kikanKbn=2", "url2": "http://www.sendai-body-mind.com", "内容": "からだとこころのクリニック　ラポール【2:診療所】【診療科目:0】宮城県仙台市若林区堰場１２－５ソレアード舟丁１階" }, "geometry": { "type": "Point", "coordinates": [ 140.886642, 38.24295 ] } },
{ "type": "Feature", "properties": { "ID": 42801347, "正式名称": "さくら外科整形外科クリニック", "機関区分": 2, "都道府県コード": 4, "市区町村コード": 103, "所在地": "宮城県仙台市若林区上飯田４丁目９－１８", "緯度": 38.217777, "経度": 140.925873, "url": "https://www.iryou.teikyouseido.mhlw.go.jp/znk-web/juminkanja/S2430/initialize?prefCd=04&kikanCd=2801347&kikanKbn=2", "url2": null, "内容": "さくら外科整形外科クリニック【2:診療所】【診療科目:0】宮城県仙台市若林区上飯田４丁目９－１８" }, "geometry": { "type": "Point", "coordinates": [ 140.925873, 38.217777 ] } },
{ "type": "Feature", "properties": { "ID": 42801372, "正式名称": "仙台北部整形外科", "機関区分": 2, "都道府県コード": 4, "市区町村コード": 105, "所在地": "宮城県仙台市泉区大沢２丁目１３番地４", "緯度": 38.351162, "経度": 140.877121, "url": "https://www.iryou.teikyouseido.mhlw.go.jp/znk-web/juminkanja/S2430/initialize?prefCd=04&kikanCd=2801372&kikanKbn=2", "url2": "http://www.nsoc.jp", "内容": "仙台北部整形外科【2:診療所】【診療科目:0】宮城県仙台市泉区大沢２丁目１３番地４" }, "geometry": { "type": "Point", "coordinates": [ 140.877121, 38.351162 ] } },
{ "type": "Feature", "properties": { "ID": 42801381, "正式名称": "医療法人菅野愛生会こころのクリニックみどりの風", "機関区分": 2, "都道府県コード": 4, "市区町村コード": 209, "所在地": "宮城県多賀城市中央３丁目１０番５号Ｏｇｇｅビル３階", "緯度": 38.292568, "経度": 141.006866, "url": "https://www.iryou.teikyouseido.mhlw.go.jp/znk-web/juminkanja/S2430/initialize?prefCd=04&kikanCd=2801381&kikanKbn=2", "url2": "http://midori-kaze.com", "内容": "医療法人菅野愛生会こころのクリニックみどりの風【2:診療所】【診療科目:0】宮城県多賀城市中央３丁目１０番５号Ｏｇｇｅビル３階" }, "geometry": { "type": "Point", "coordinates": [ 141.006866, 38.292568 ] } },
{ "type": "Feature", "properties": { "ID": 42801385, "正式名称": "医療法人　社団　みやぎ清耀会　緑の里第二クリニック", "機関区分": 2, "都道府県コード": 4, "市区町村コード": 211, "所在地": "宮城県岩沼市北長谷字畑向山南２８－２", "緯度": 38.108906, "経度": 140.841293, "url": "https://www.iryou.teikyouseido.mhlw.go.jp/znk-web/juminkanja/S2430/initialize?prefCd=04&kikanCd=2801385&kikanKbn=2", "url2": "http://www.midorino-sato.com/", "内容": "医療法人　社団　みやぎ清耀会　緑の里第二クリニック【2:診療所】【診療科目:0】宮城県岩沼市北長谷字畑向山南２８－２" }, "geometry": { "type": "Point", "coordinates": [ 140.841293, 38.108906 ] } },
{ "type": "Feature", "properties": { "ID": 42801386, "正式名称": "ふくちゃんクリニック", "機関区分": 2, "都道府県コード": 4, "市区町村コード": 203, "所在地": "宮城県塩竈市泉沢町２２－１０　１階", "緯度": 38.323784, "経度": 141.004944, "url": "https://www.iryou.teikyouseido.mhlw.go.jp/znk-web/juminkanja/S2430/initialize?prefCd=04&kikanCd=2801386&kikanKbn=2", "url2": null, "内容": "ふくちゃんクリニック【2:診療所】【診療科目:0】宮城県塩竈市泉沢町２２－１０　１階" }, "geometry": { "type": "Point", "coordinates": [ 141.004944, 38.323784 ] } },
{ "type": "Feature", "properties": { "ID": 42801388, "正式名称": "いたのこどもクリニック", "機関区分": 2, "都道府県コード": 4, "市区町村コード": 211, "所在地": "宮城県岩沼市恵み野１−７−６", "緯度": 38.109257, "経度": 140.904526, "url": "https://www.iryou.teikyouseido.mhlw.go.jp/znk-web/juminkanja/S2430/initialize?prefCd=04&kikanCd=2801388&kikanKbn=2", "url2": "http://www.itanokodomo.com/pc/index.html", "内容": "いたのこどもクリニック【2:診療所】【診療科目:0】宮城県岩沼市恵み野１−７−６" }, "geometry": { "type": "Point", "coordinates": [ 140.904526, 38.109257 ] } },
{ "type": "Feature", "properties": { "ID": 42801389, "正式名称": "あかいし台眼科", "機関区分": 2, "都道府県コード": 4, "市区町村コード": 216, "所在地": "宮城県富谷市明石台６丁目１－２０", "緯度": 38.349016, "経度": 140.893788, "url": "https://www.iryou.teikyouseido.mhlw.go.jp/znk-web/juminkanja/S2430/initialize?prefCd=04&kikanCd=2801389&kikanKbn=2", "url2": "http://www.akaishidai.com", "内容": "あかいし台眼科【2:診療所】【診療科目:0】宮城県富谷市明石台６丁目１－２０" }, "geometry": { "type": "Point", "coordinates": [ 140.893788, 38.349016 ] } },
{ "type": "Feature", "properties": { "ID": 42801390, "正式名称": "医療法人天助会　エアリ総合内科　漢方クリニック", "機関区分": 2, "都道府県コード": 4, "市区町村コード": 207, "所在地": "宮城県名取市杜せきのした５丁目３－１　イオンモール名取１階", "緯度": 38.163727, "経度": 140.895813, "url": "https://www.iryou.teikyouseido.mhlw.go.jp/znk-web/juminkanja/S2430/initialize?prefCd=04&kikanCd=2801390&kikanKbn=2", "url2": "http://www.airy-naika.com/", "内容": "医療法人天助会　エアリ総合内科　漢方クリニック【2:診療所】【診療科目:0】宮城県名取市杜せきのした５丁目３－１　イオンモール名取１階" }, "geometry": { "type": "Point", "coordinates": [ 140.895813, 38.163727 ] } },
{ "type": "Feature", "properties": { "ID": 42801396, "正式名称": "なりた耳鼻咽喉科", "機関区分": 2, "都道府県コード": 4, "市区町村コード": 216, "所在地": "宮城県富谷市成田４丁目１８－８", "緯度": 38.361481, "経度": 140.896149, "url": "https://www.iryou.teikyouseido.mhlw.go.jp/znk-web/juminkanja/S2430/initialize?prefCd=04&kikanCd=2801396&kikanKbn=2", "url2": "http://www.narita-jibika.com", "内容": "なりた耳鼻咽喉科【2:診療所】【診療科目:0】宮城県富谷市成田４丁目１８－８" }, "geometry": { "type": "Point", "coordinates": [ 140.896149, 38.361481 ] } },
{ "type": "Feature", "properties": { "ID": 42801397, "正式名称": "名取つちやま皮ふ科", "機関区分": 2, "都道府県コード": 4, "市区町村コード": 207, "所在地": "宮城県名取市田高字原５９７　名取メディカルモール２０１", "緯度": 38.17859, "経度": 140.87911, "url": "https://www.iryou.teikyouseido.mhlw.go.jp/znk-web/juminkanja/S2430/initialize?prefCd=04&kikanCd=2801397&kikanKbn=2", "url2": "https://www.natori-hifuka.com", "内容": "名取つちやま皮ふ科【2:診療所】【診療科目:0】宮城県名取市田高字原５９７　名取メディカルモール２０１" }, "geometry": { "type": "Point", "coordinates": [ 140.87911, 38.17859 ] } },
{ "type": "Feature", "properties": { "ID": 42801398, "正式名称": "かとうこどもクリニック", "機関区分": 2, "都道府県コード": 4, "市区町村コード": 207, "所在地": "宮城県名取市杜せきのした２丁目６－８", "緯度": 38.165031, "経度": 140.898224, "url": "https://www.iryou.teikyouseido.mhlw.go.jp/znk-web/juminkanja/S2430/initialize?prefCd=04&kikanCd=2801398&kikanKbn=2", "url2": "http://www.kato-kidsclinic.jp", "内容": "かとうこどもクリニック【2:診療所】【診療科目:0】宮城県名取市杜せきのした２丁目６－８" }, "geometry": { "type": "Point", "coordinates": [ 140.898224, 38.165031 ] } },
{ "type": "Feature", "properties": { "ID": 42801399, "正式名称": "ゆりあげクリニック", "機関区分": 2, "都道府県コード": 4, "市区町村コード": 207, "所在地": "宮城県名取市美田園７丁目１７番地の３", "緯度": 38.159927, "経度": 140.910873, "url": "https://www.iryou.teikyouseido.mhlw.go.jp/znk-web/juminkanja/S2430/initialize?prefCd=04&kikanCd=2801399&kikanKbn=2", "url2": "http://yuriage-cl.byoinnavi.jp/pc/", "内容": "ゆりあげクリニック【2:診療所】【診療科目:0】宮城県名取市美田園７丁目１７番地の３" }, "geometry": { "type": "Point", "coordinates": [ 140.910873, 38.159927 ] } },
{ "type": "Feature", "properties": { "ID": 42801401, "正式名称": "甘糟医院", "機関区分": 2, "都道府県コード": 4, "市区町村コード": 321, "所在地": "宮城県柴田郡大河原町大谷字末広８１", "緯度": 38.050208, "経度": 140.740464, "url": "https://www.iryou.teikyouseido.mhlw.go.jp/znk-web/juminkanja/S2430/initialize?prefCd=04&kikanCd=2801401&kikanKbn=2", "url2": "http://www.amakasu-iin.com/", "内容": "甘糟医院【2:診療所】【診療科目:0】宮城県柴田郡大河原町大谷字末広８１" }, "geometry": { "type": "Point", "coordinates": [ 140.740464, 38.050208 ] } },
{ "type": "Feature", "properties": { "ID": 42801403, "正式名称": "さくら小児科医院", "機関区分": 2, "都道府県コード": 4, "市区町村コード": 321, "所在地": "宮城県柴田郡大河原町住吉町１１－１", "緯度": 38.043995, "経度": 140.74231, "url": "https://www.iryou.teikyouseido.mhlw.go.jp/znk-web/juminkanja/S2430/initialize?prefCd=04&kikanCd=2801403&kikanKbn=2", "url2": null, "内容": "さくら小児科医院【2:診療所】【診療科目:0】宮城県柴田郡大河原町住吉町１１－１" }, "geometry": { "type": "Point", "coordinates": [ 140.74231, 38.043995 ] } },
{ "type": "Feature", "properties": { "ID": 42801404, "正式名称": "医療法人　庄司クリニック", "機関区分": 2, "都道府県コード": 4, "市区町村コード": 321, "所在地": "宮城県柴田郡大河原町大谷字戸ノ内前３５－１", "緯度": 38.051559, "経度": 140.745712, "url": "https://www.iryou.teikyouseido.mhlw.go.jp/znk-web/juminkanja/S2430/initialize?prefCd=04&kikanCd=2801404&kikanKbn=2", "url2": "http://www.shoji-clinic.com/", "内容": "医療法人　庄司クリニック【2:診療所】【診療科目:0】宮城県柴田郡大河原町大谷字戸ノ内前３５－１" }, "geometry": { "type": "Point", "coordinates": [ 140.745712, 38.051559 ] } },
{ "type": "Feature", "properties": { "ID": 42801405, "正式名称": "さくらの杜診療所", "機関区分": 2, "都道府県コード": 4, "市区町村コード": 321, "所在地": "宮城県柴田郡大河原町広表３３－４", "緯度": 38.048271, "経度": 140.716324, "url": "https://www.iryou.teikyouseido.mhlw.go.jp/znk-web/juminkanja/S2430/initialize?prefCd=04&kikanCd=2801405&kikanKbn=2", "url2": "https://www.izuminomori.jp", "内容": "さくらの杜診療所【2:診療所】【診療科目:0】宮城県柴田郡大河原町広表３３－４" }, "geometry": { "type": "Point", "coordinates": [ 140.716324, 38.048271 ] } },
{ "type": "Feature", "properties": { "ID": 42801406, "正式名称": "平井内科", "機関区分": 2, "都道府県コード": 4, "市区町村コード": 321, "所在地": "宮城県柴田郡大河原町字甲子町３－５", "緯度": 38.045326, "経度": 140.737335, "url": "https://www.iryou.teikyouseido.mhlw.go.jp/znk-web/juminkanja/S2430/initialize?prefCd=04&kikanCd=2801406&kikanKbn=2", "url2": null, "内容": "平井内科【2:診療所】【診療科目:0】宮城県柴田郡大河原町字甲子町３－５" }, "geometry": { "type": "Point", "coordinates": [ 140.737335, 38.045326 ] } },
{ "type": "Feature", "properties": { "ID": 42801407, "正式名称": "医療法人じん整形外科クリニック", "機関区分": 2, "都道府県コード": 4, "市区町村コード": 321, "所在地": "宮城県柴田郡大河原町小島２６－６", "緯度": 38.063869, "経度": 140.73555, "url": "https://www.iryou.teikyouseido.mhlw.go.jp/znk-web/juminkanja/S2430/initialize?prefCd=04&kikanCd=2801407&kikanKbn=2", "url2": "https://jinseikei.com/", "内容": "医療法人じん整形外科クリニック【2:診療所】【診療科目:0】宮城県柴田郡大河原町小島２６－６" }, "geometry": { "type": "Point", "coordinates": [ 140.73555, 38.063869 ] } },
{ "type": "Feature", "properties": { "ID": 42801408, "正式名称": "秀成会　乾医院", "機関区分": 2, "都道府県コード": 4, "市区町村コード": 323, "所在地": "宮城県柴田郡柴田町槻木下町３丁目１－２０", "緯度": 38.078388, "経度": 140.815872, "url": "https://www.iryou.teikyouseido.mhlw.go.jp/znk-web/juminkanja/S2430/initialize?prefCd=04&kikanCd=2801408&kikanKbn=2", "url2": "http://www.inui-iin.net/", "内容": "秀成会　乾医院【2:診療所】【診療科目:0】宮城県柴田郡柴田町槻木下町３丁目１－２０" }, "geometry": { "type": "Point", "coordinates": [ 140.815872, 38.078388 ] } },
{ "type": "Feature", "properties": { "ID": 42801409, "正式名称": "槻木皮膚科クリニック", "機関区分": 2, "都道府県コード": 4, "市区町村コード": 323, "所在地": "宮城県柴田郡柴田町槻木上町１丁目１－５４", "緯度": 38.078197, "経度": 140.811905, "url": "https://www.iryou.teikyouseido.mhlw.go.jp/znk-web/juminkanja/S2430/initialize?prefCd=04&kikanCd=2801409&kikanKbn=2", "url2": "http://www7b.biglobe.ne.jp/~tsukinoki_d_c/", "内容": "槻木皮膚科クリニック【2:診療所】【診療科目:0】宮城県柴田郡柴田町槻木上町１丁目１－５４" }, "geometry": { "type": "Point", "coordinates": [ 140.811905, 38.078197 ] } },
{ "type": "Feature", "properties": { "ID": 42801410, "正式名称": "玉渕医院", "機関区分": 2, "都道府県コード": 4, "市区町村コード": 323, "所在地": "宮城県柴田郡柴田町槻木上町１丁目１－５４", "緯度": 38.07821, "経度": 140.812292, "url": "https://www.iryou.teikyouseido.mhlw.go.jp/znk-web/juminkanja/S2430/initialize?prefCd=04&kikanCd=2801410&kikanKbn=2", "url2": null, "内容": "玉渕医院【2:診療所】【診療科目:0】宮城県柴田郡柴田町槻木上町１丁目１－５４" }, "geometry": { "type": "Point", "coordinates": [ 140.812292, 38.07821 ] } },
{ "type": "Feature", "properties": { "ID": 42801411, "正式名称": "医療法人　社団　槻萌会　大沼胃腸科内科外科医院", "機関区分": 2, "都道府県コード": 4, "市区町村コード": 323, "所在地": "宮城県柴田郡柴田町槻木上町３丁目１－１０", "緯度": 38.076488, "経度": 140.811691, "url": "https://www.iryou.teikyouseido.mhlw.go.jp/znk-web/juminkanja/S2430/initialize?prefCd=04&kikanCd=2801411&kikanKbn=2", "url2": null, "内容": "医療法人　社団　槻萌会　大沼胃腸科内科外科医院【2:診療所】【診療科目:0】宮城県柴田郡柴田町槻木上町３丁目１－１０" }, "geometry": { "type": "Point", "coordinates": [ 140.811691, 38.076488 ] } },
{ "type": "Feature", "properties": { "ID": 42801412, "正式名称": "医療法人　玉川　太田内科", "機関区分": 2, "都道府県コード": 4, "市区町村コード": 323, "所在地": "宮城県柴田郡柴田町船岡中央３丁目３－３４", "緯度": 38.05415, "経度": 140.766022, "url": "https://www.iryou.teikyouseido.mhlw.go.jp/znk-web/juminkanja/S2430/initialize?prefCd=04&kikanCd=2801412&kikanKbn=2", "url2": null, "内容": "医療法人　玉川　太田内科【2:診療所】【診療科目:0】宮城県柴田郡柴田町船岡中央３丁目３－３４" }, "geometry": { "type": "Point", "coordinates": [ 140.766022, 38.05415 ] } },
{ "type": "Feature", "properties": { "ID": 42801414, "正式名称": "医療法人社団康和会　八木沼眼科クリニック", "機関区分": 2, "都道府県コード": 4, "市区町村コード": 323, "所在地": "宮城県柴田郡柴田町船岡東", "緯度": 38.0574, "経度": 140.773621, "url": "https://www.iryou.teikyouseido.mhlw.go.jp/znk-web/juminkanja/S2430/initialize?prefCd=04&kikanCd=2801414&kikanKbn=2", "url2": "http://www.citydo.com/sp/0224-54-1472", "内容": "医療法人社団康和会　八木沼眼科クリニック【2:診療所】【診療科目:0】宮城県柴田郡柴田町船岡東" }, "geometry": { "type": "Point", "coordinates": [ 140.773621, 38.0574 ] } },
{ "type": "Feature", "properties": { "ID": 42801415, "正式名称": "医療法人社団　英仁会　永沼整形外科", "機関区分": 2, "都道府県コード": 4, "市区町村コード": 323, "所在地": "宮城県柴田郡柴田町船岡東２丁目９－３４", "緯度": 38.057217, "経度": 140.774002, "url": "https://www.iryou.teikyouseido.mhlw.go.jp/znk-web/juminkanja/S2430/initialize?prefCd=04&kikanCd=2801415&kikanKbn=2", "url2": null, "内容": "医療法人社団　英仁会　永沼整形外科【2:診療所】【診療科目:0】宮城県柴田郡柴田町船岡東２丁目９－３４" }, "geometry": { "type": "Point", "coordinates": [ 140.774002, 38.057217 ] } },
{ "type": "Feature", "properties": { "ID": 42801416, "正式名称": "仙台大学　健康管理センター付属診療所", "機関区分": 2, "都道府県コード": 4, "市区町村コード": 323, "所在地": "宮城県柴田郡柴田町船岡南２丁目２－１８", "緯度": 38.051453, "経度": 140.771576, "url": "https://www.iryou.teikyouseido.mhlw.go.jp/znk-web/juminkanja/S2430/initialize?prefCd=04&kikanCd=2801416&kikanKbn=2", "url2": null, "内容": "仙台大学　健康管理センター付属診療所【2:診療所】【診療科目:0】宮城県柴田郡柴田町船岡南２丁目２－１８" }, "geometry": { "type": "Point", "coordinates": [ 140.771576, 38.051453 ] } },
{ "type": "Feature", "properties": { "ID": 42801419, "正式名称": "医療法人ふなばさま医院", "機関区分": 2, "都道府県コード": 4, "市区町村コード": 323, "所在地": "宮城県柴田郡柴田町大字本船迫字上町２６－３２", "緯度": 38.069866, "経度": 140.771194, "url": "https://www.iryou.teikyouseido.mhlw.go.jp/znk-web/juminkanja/S2430/initialize?prefCd=04&kikanCd=2801419&kikanKbn=2", "url2": "http://www.citydo.com/sp/0224-58-2220", "内容": "医療法人ふなばさま医院【2:診療所】【診療科目:0】宮城県柴田郡柴田町大字本船迫字上町２６－３２" }, "geometry": { "type": "Point", "coordinates": [ 140.771194, 38.069866 ] } },
{ "type": "Feature", "properties": { "ID": 42801424, "正式名称": "高沢内科", "機関区分": 2, "都道府県コード": 4, "市区町村コード": 323, "所在地": "宮城県柴田郡柴田町西船迫３丁目５－１", "緯度": 38.065811, "経度": 140.764206, "url": "https://www.iryou.teikyouseido.mhlw.go.jp/znk-web/juminkanja/S2430/initialize?prefCd=04&kikanCd=2801424&kikanKbn=2", "url2": "https://takasawanaika.com", "内容": "高沢内科【2:診療所】【診療科目:0】宮城県柴田郡柴田町西船迫３丁目５－１" }, "geometry": { "type": "Point", "coordinates": [ 140.764206, 38.065811 ] } },
{ "type": "Feature", "properties": { "ID": 42801425, "正式名称": "宮上クリニック", "機関区分": 2, "都道府県コード": 4, "市区町村コード": 323, "所在地": "宮城県柴田郡柴田町西船迫２丁目７－１", "緯度": 38.061546, "経度": 140.758255, "url": "https://www.iryou.teikyouseido.mhlw.go.jp/znk-web/juminkanja/S2430/initialize?prefCd=04&kikanCd=2801425&kikanKbn=2", "url2": "http://miyagami.jp/", "内容": "宮上クリニック【2:診療所】【診療科目:0】宮城県柴田郡柴田町西船迫２丁目７－１" }, "geometry": { "type": "Point", "coordinates": [ 140.758255, 38.061546 ] } },
{ "type": "Feature", "properties": { "ID": 42801426, "正式名称": "みやぎ県南医療生活協同組合しばた協同クリニック", "機関区分": 2, "都道府県コード": 4, "市区町村コード": 323, "所在地": "宮城県柴田郡柴田町船岡新栄４丁目４－１", "緯度": 38.051987, "経度": 140.783151, "url": "https://www.iryou.teikyouseido.mhlw.go.jp/znk-web/juminkanja/S2430/initialize?prefCd=04&kikanCd=2801426&kikanKbn=2", "url2": "miyagikennan-mcoop.com", "内容": "みやぎ県南医療生活協同組合しばた協同クリニック【2:診療所】【診療科目:0】宮城県柴田郡柴田町船岡新栄４丁目４－１" }, "geometry": { "type": "Point", "coordinates": [ 140.783151, 38.051987 ] } },
{ "type": "Feature", "properties": { "ID": 42801428, "正式名称": "医療法人社団毛利クリニック　毛利産婦人科医院", "機関区分": 2, "都道府県コード": 4, "市区町村コード": 323, "所在地": "宮城県柴田郡柴田町船岡西１丁目９－２８", "緯度": 38.057297, "経度": 140.763596, "url": "https://www.iryou.teikyouseido.mhlw.go.jp/znk-web/juminkanja/S2430/initialize?prefCd=04&kikanCd=2801428&kikanKbn=2", "url2": null, "内容": "医療法人社団毛利クリニック　毛利産婦人科医院【2:診療所】【診療科目:0】宮城県柴田郡柴田町船岡西１丁目９－２８" }, "geometry": { "type": "Point", "coordinates": [ 140.763596, 38.057297 ] } },
{ "type": "Feature", "properties": { "ID": 42801430, "正式名称": "袋原内科医院", "機関区分": 2, "都道府県コード": 4, "市区町村コード": 104, "所在地": "宮城県仙台市太白区東中田４丁目１４－３", "緯度": 38.199516, "経度": 140.905212, "url": "https://www.iryou.teikyouseido.mhlw.go.jp/znk-web/juminkanja/S2430/initialize?prefCd=04&kikanCd=2801430&kikanKbn=2", "url2": null, "内容": "袋原内科医院【2:診療所】【診療科目:0】宮城県仙台市太白区東中田４丁目１４－３" }, "geometry": { "type": "Point", "coordinates": [ 140.905212, 38.199516 ] } },
{ "type": "Feature", "properties": { "ID": 42801431, "正式名称": "医療法人社団千翔会　みうら医院", "機関区分": 2, "都道府県コード": 4, "市区町村コード": 104, "所在地": "宮城県仙台市太白区東中田２丁目２７－２６", "緯度": 38.201313, "経度": 140.899796, "url": "https://www.iryou.teikyouseido.mhlw.go.jp/znk-web/juminkanja/S2430/initialize?prefCd=04&kikanCd=2801431&kikanKbn=2", "url2": "http://miura-hp.com", "内容": "医療法人社団千翔会　みうら医院【2:診療所】【診療科目:0】宮城県仙台市太白区東中田２丁目２７－２６" }, "geometry": { "type": "Point", "coordinates": [ 140.899796, 38.201313 ] } },
{ "type": "Feature", "properties": { "ID": 42801432, "正式名称": "医療法人　啓医会　みなみ仙台皮膚科クリニック", "機関区分": 2, "都道府県コード": 4, "市区町村コード": 104, "所在地": "宮城県仙台市太白区西中田３丁目２２－８", "緯度": 38.197445, "経度": 140.877884, "url": "https://www.iryou.teikyouseido.mhlw.go.jp/znk-web/juminkanja/S2430/initialize?prefCd=04&kikanCd=2801432&kikanKbn=2", "url2": null, "内容": "医療法人　啓医会　みなみ仙台皮膚科クリニック【2:診療所】【診療科目:0】宮城県仙台市太白区西中田３丁目２２－８" }, "geometry": { "type": "Point", "coordinates": [ 140.877884, 38.197445 ] } },
{ "type": "Feature", "properties": { "ID": 42801436, "正式名称": "医療法人社団　静実会　ないとうクリニック", "機関区分": 2, "都道府県コード": 4, "市区町村コード": 104, "所在地": "宮城県仙台市太白区茂庭台３丁目３０－３０", "緯度": 38.239582, "経度": 140.789902, "url": "https://www.iryou.teikyouseido.mhlw.go.jp/znk-web/juminkanja/S2430/initialize?prefCd=04&kikanCd=2801436&kikanKbn=2", "url2": "https://www.naitoclinic.jp//", "内容": "医療法人社団　静実会　ないとうクリニック【2:診療所】【診療科目:0】宮城県仙台市太白区茂庭台３丁目３０－３０" }, "geometry": { "type": "Point", "coordinates": [ 140.789902, 38.239582 ] } },
{ "type": "Feature", "properties": { "ID": 42801438, "正式名称": "公益財団法人　仙台市医療センター　茂庭台診療所", "機関区分": 2, "都道府県コード": 4, "市区町村コード": 104, "所在地": "宮城県仙台市太白区茂庭台２丁目１６－１０", "緯度": 38.232998, "経度": 140.783051, "url": "https://www.iryou.teikyouseido.mhlw.go.jp/znk-web/juminkanja/S2430/initialize?prefCd=04&kikanCd=2801438&kikanKbn=2", "url2": null, "内容": "公益財団法人　仙台市医療センター　茂庭台診療所【2:診療所】【診療科目:0】宮城県仙台市太白区茂庭台２丁目１６－１０" }, "geometry": { "type": "Point", "coordinates": [ 140.783051, 38.232998 ] } },
{ "type": "Feature", "properties": { "ID": 42801439, "正式名称": "菅原医院", "機関区分": 2, "都道府県コード": 4, "市区町村コード": 104, "所在地": "宮城県仙台市太白区秋保町長袋字大原３１－１", "緯度": 38.260227, "経度": 140.670735, "url": "https://www.iryou.teikyouseido.mhlw.go.jp/znk-web/juminkanja/S2430/initialize?prefCd=04&kikanCd=2801439&kikanKbn=2", "url2": null, "内容": "菅原医院【2:診療所】【診療科目:0】宮城県仙台市太白区秋保町長袋字大原３１－１" }, "geometry": { "type": "Point", "coordinates": [ 140.670735, 38.260227 ] } },
{ "type": "Feature", "properties": { "ID": 42801440, "正式名称": "仙台市秋保診療所", "機関区分": 2, "都道府県コード": 4, "市区町村コード": 104, "所在地": "宮城県仙台市太白区秋保町長袋字大原４５－３", "緯度": 38.258354, "経度": 140.67247, "url": "https://www.iryou.teikyouseido.mhlw.go.jp/znk-web/juminkanja/S2430/initialize?prefCd=04&kikanCd=2801440&kikanKbn=2", "url2": null, "内容": "仙台市秋保診療所【2:診療所】【診療科目:0】宮城県仙台市太白区秋保町長袋字大原４５－３" }, "geometry": { "type": "Point", "coordinates": [ 140.67247, 38.258354 ] } },
{ "type": "Feature", "properties": { "ID": 42801441, "正式名称": "大河原耳鼻咽喉科クリニック", "機関区分": 2, "都道府県コード": 4, "市区町村コード": 321, "所在地": "宮城県柴田郡大河原町字新南２５－１３", "緯度": 38.052299, "経度": 140.73288, "url": "https://www.iryou.teikyouseido.mhlw.go.jp/znk-web/juminkanja/S2430/initialize?prefCd=04&kikanCd=2801441&kikanKbn=2", "url2": null, "内容": "大河原耳鼻咽喉科クリニック【2:診療所】【診療科目:0】宮城県柴田郡大河原町字新南２５－１３" }, "geometry": { "type": "Point", "coordinates": [ 140.73288, 38.052299 ] } },
{ "type": "Feature", "properties": { "ID": 42801442, "正式名称": "長町駅前あい皮ふ科", "機関区分": 2, "都道府県コード": 4, "市区町村コード": 104, "所在地": "宮城県仙台市太白区あすと長町１丁目５－５　ｔｅｋｕｔｅながまち２　２階", "緯度": 38.22794, "経度": 140.887009, "url": "https://www.iryou.teikyouseido.mhlw.go.jp/znk-web/juminkanja/S2430/initialize?prefCd=04&kikanCd=2801442&kikanKbn=2", "url2": "https://www.aihifuka.com", "内容": "長町駅前あい皮ふ科【2:診療所】【診療科目:0】宮城県仙台市太白区あすと長町１丁目５－５　ｔｅｋｕｔｅながまち２　２階" }, "geometry": { "type": "Point", "coordinates": [ 140.887009, 38.22794 ] } },
{ "type": "Feature", "properties": { "ID": 42801444, "正式名称": "水戸眼科医院", "機関区分": 2, "都道府県コード": 4, "市区町村コード": 321, "所在地": "宮城県柴田郡大河原町新東２９ー５", "緯度": 38.061741, "経度": 140.736877, "url": "https://www.iryou.teikyouseido.mhlw.go.jp/znk-web/juminkanja/S2430/initialize?prefCd=04&kikanCd=2801444&kikanKbn=2", "url2": "http://mito-ganka.com/", "内容": "水戸眼科医院【2:診療所】【診療科目:0】宮城県柴田郡大河原町新東２９ー５" }, "geometry": { "type": "Point", "coordinates": [ 140.736877, 38.061741 ] } },
{ "type": "Feature", "properties": { "ID": 42801445, "正式名称": "医療法人社団　博優会　いのまた眼科", "機関区分": 2, "都道府県コード": 4, "市区町村コード": 321, "所在地": "宮城県柴田郡大河原町西町８０－３", "緯度": 38.051697, "経度": 140.734787, "url": "https://www.iryou.teikyouseido.mhlw.go.jp/znk-web/juminkanja/S2430/initialize?prefCd=04&kikanCd=2801445&kikanKbn=2", "url2": null, "内容": "医療法人社団　博優会　いのまた眼科【2:診療所】【診療科目:0】宮城県柴田郡大河原町西町８０－３" }, "geometry": { "type": "Point", "coordinates": [ 140.734787, 38.051697 ] } },
{ "type": "Feature", "properties": { "ID": 42801447, "正式名称": "日下内科医院", "機関区分": 2, "都道府県コード": 4, "市区町村コード": 321, "所在地": "宮城県柴田郡大河原町町７３", "緯度": 38.051659, "経度": 140.735855, "url": "https://www.iryou.teikyouseido.mhlw.go.jp/znk-web/juminkanja/S2430/initialize?prefCd=04&kikanCd=2801447&kikanKbn=2", "url2": null, "内容": "日下内科医院【2:診療所】【診療科目:0】宮城県柴田郡大河原町町７３" }, "geometry": { "type": "Point", "coordinates": [ 140.735855, 38.051659 ] } },
{ "type": "Feature", "properties": { "ID": 42801448, "正式名称": "かわち医院", "機関区分": 2, "都道府県コード": 4, "市区町村コード": 321, "所在地": "宮城県柴田郡大河原町東新町１０－７", "緯度": 38.043816, "経度": 140.715256, "url": "https://www.iryou.teikyouseido.mhlw.go.jp/znk-web/juminkanja/S2430/initialize?prefCd=04&kikanCd=2801448&kikanKbn=2", "url2": "https://kawachiclinic.jp/", "内容": "かわち医院【2:診療所】【診療科目:0】宮城県柴田郡大河原町東新町１０－７" }, "geometry": { "type": "Point", "coordinates": [ 140.715256, 38.043816 ] } },
{ "type": "Feature", "properties": { "ID": 42801452, "正式名称": "医療法人社団　柳生吉田こどもクリニック", "機関区分": 2, "都道府県コード": 4, "市区町村コード": 104, "所在地": "宮城県仙台市太白区柳生字田中８－８", "緯度": 38.194218, "経度": 140.8685, "url": "https://www.iryou.teikyouseido.mhlw.go.jp/znk-web/juminkanja/S2430/initialize?prefCd=04&kikanCd=2801452&kikanKbn=2", "url2": null, "内容": "医療法人社団　柳生吉田こどもクリニック【2:診療所】【診療科目:0】宮城県仙台市太白区柳生字田中８－８" }, "geometry": { "type": "Point", "coordinates": [ 140.8685, 38.194218 ] } },
{ "type": "Feature", "properties": { "ID": 42801454, "正式名称": "仙台ＡＲＴクリニック", "機関区分": 2, "都道府県コード": 4, "市区町村コード": 102, "所在地": "宮城県仙台市宮城野区名掛丁２０６ー１３", "緯度": 38.262398, "経度": 140.886169, "url": "https://www.iryou.teikyouseido.mhlw.go.jp/znk-web/juminkanja/S2430/initialize?prefCd=04&kikanCd=2801454&kikanKbn=2", "url2": "http://www.sendai-art-cl.jp", "内容": "仙台ＡＲＴクリニック【2:診療所】【診療科目:0】宮城県仙台市宮城野区名掛丁２０６ー１３" }, "geometry": { "type": "Point", "coordinates": [ 140.886169, 38.262398 ] } },
{ "type": "Feature", "properties": { "ID": 42801457, "正式名称": "あんどうクリニック", "機関区分": 2, "都道府県コード": 4, "市区町村コード": 104, "所在地": "宮城県仙台市太白区四郎丸字吹上２８－３８", "緯度": 38.192747, "経度": 140.91291, "url": "https://www.iryou.teikyouseido.mhlw.go.jp/znk-web/juminkanja/S2430/initialize?prefCd=04&kikanCd=2801457&kikanKbn=2", "url2": "https://ando-cl.net.", "内容": "あんどうクリニック【2:診療所】【診療科目:0】宮城県仙台市太白区四郎丸字吹上２８－３８" }, "geometry": { "type": "Point", "coordinates": [ 140.91291, 38.192747 ] } },
{ "type": "Feature", "properties": { "ID": 42801458, "正式名称": "まきこ内科クリニック", "機関区分": 2, "都道府県コード": 4, "市区町村コード": 104, "所在地": "宮城県仙台市太白区あすと長町１丁目２－１　仙台長町メディカルプラザ２Ｆ", "緯度": 38.231094, "経度": 140.887756, "url": "https://www.iryou.teikyouseido.mhlw.go.jp/znk-web/juminkanja/S2430/initialize?prefCd=04&kikanCd=2801458&kikanKbn=2", "url2": "http://makiko-naika.net/clinic", "内容": "まきこ内科クリニック【2:診療所】【診療科目:0】宮城県仙台市太白区あすと長町１丁目２－１　仙台長町メディカルプラザ２Ｆ" }, "geometry": { "type": "Point", "coordinates": [ 140.887756, 38.231094 ] } },
{ "type": "Feature", "properties": { "ID": 42801459, "正式名称": "医療法人　西多賀眼科医院", "機関区分": 2, "都道府県コード": 4, "市区町村コード": 104, "所在地": "宮城県仙台市太白区西多賀４丁目７－３０", "緯度": 38.222633, "経度": 140.852127, "url": "https://www.iryou.teikyouseido.mhlw.go.jp/znk-web/juminkanja/S2430/initialize?prefCd=04&kikanCd=2801459&kikanKbn=2", "url2": "https://www.nishitaga-ganka-clinic.com/", "内容": "医療法人　西多賀眼科医院【2:診療所】【診療科目:0】宮城県仙台市太白区西多賀４丁目７－３０" }, "geometry": { "type": "Point", "coordinates": [ 140.852127, 38.222633 ] } },
{ "type": "Feature", "properties": { "ID": 42801460, "正式名称": "外科．整形外科．大山医院", "機関区分": 2, "都道府県コード": 4, "市区町村コード": 104, "所在地": "宮城県仙台市太白区西中田５丁目２７－６", "緯度": 38.194511, "経度": 140.877502, "url": "https://www.iryou.teikyouseido.mhlw.go.jp/znk-web/juminkanja/S2430/initialize?prefCd=04&kikanCd=2801460&kikanKbn=2", "url2": null, "内容": "外科．整形外科．大山医院【2:診療所】【診療科目:0】宮城県仙台市太白区西中田５丁目２７－６" }, "geometry": { "type": "Point", "coordinates": [ 140.877502, 38.194511 ] } },
{ "type": "Feature", "properties": { "ID": 42801462, "正式名称": "医療法人　社団　菊地内科クリニック", "機関区分": 2, "都道府県コード": 4, "市区町村コード": 104, "所在地": "宮城県仙台市太白区東中田１丁目１８－３０", "緯度": 38.203564, "経度": 140.902008, "url": "https://www.iryou.teikyouseido.mhlw.go.jp/znk-web/juminkanja/S2430/initialize?prefCd=04&kikanCd=2801462&kikanKbn=2", "url2": null, "内容": "医療法人　社団　菊地内科クリニック【2:診療所】【診療科目:0】宮城県仙台市太白区東中田１丁目１８－３０" }, "geometry": { "type": "Point", "coordinates": [ 140.902008, 38.203564 ] } },
{ "type": "Feature", "properties": { "ID": 42801464, "正式名称": "医療法人社団誠英会クリニックソアーズ", "機関区分": 2, "都道府県コード": 4, "市区町村コード": 104, "所在地": "宮城県仙台市太白区西中田２丁目１９番１号", "緯度": 38.202805, "経度": 140.878647, "url": "https://www.iryou.teikyouseido.mhlw.go.jp/znk-web/juminkanja/S2430/initialize?prefCd=04&kikanCd=2801464&kikanKbn=2", "url2": "http://www.myclinic.ne.jp/seieikai/i/index.html", "内容": "医療法人社団誠英会クリニックソアーズ【2:診療所】【診療科目:0】宮城県仙台市太白区西中田２丁目１９番１号" }, "geometry": { "type": "Point", "coordinates": [ 140.878647, 38.202805 ] } },
{ "type": "Feature", "properties": { "ID": 42801466, "正式名称": "医療法人社団康正会　佐藤内科外科クリニック", "機関区分": 2, "都道府県コード": 4, "市区町村コード": 104, "所在地": "宮城県仙台市太白区柳生４丁目１４－３", "緯度": 38.195457, "経度": 140.865005, "url": "https://www.iryou.teikyouseido.mhlw.go.jp/znk-web/juminkanja/S2430/initialize?prefCd=04&kikanCd=2801466&kikanKbn=2", "url2": "http://www.myclinic.ne.jp/sathocl/", "内容": "医療法人社団康正会　佐藤内科外科クリニック【2:診療所】【診療科目:0】宮城県仙台市太白区柳生４丁目１４－３" }, "geometry": { "type": "Point", "coordinates": [ 140.865005, 38.195457 ] } },
{ "type": "Feature", "properties": { "ID": 42801467, "正式名称": "宍戸クリニック", "機関区分": 2, "都道府県コード": 4, "市区町村コード": 104, "所在地": "宮城県仙台市太白区柳生７丁目２－９", "緯度": 38.196728, "経度": 140.867737, "url": "https://www.iryou.teikyouseido.mhlw.go.jp/znk-web/juminkanja/S2430/initialize?prefCd=04&kikanCd=2801467&kikanKbn=2", "url2": "http://www.shishido-clinic.info", "内容": "宍戸クリニック【2:診療所】【診療科目:0】宮城県仙台市太白区柳生７丁目２－９" }, "geometry": { "type": "Point", "coordinates": [ 140.867737, 38.196728 ] } },
{ "type": "Feature", "properties": { "ID": 42801468, "正式名称": "仙台柳生クリニック", "機関区分": 2, "都道府県コード": 4, "市区町村コード": 104, "所在地": "宮城県仙台市太白区柳生７丁目１６－１", "緯度": 38.198051, "経度": 140.869843, "url": "https://www.iryou.teikyouseido.mhlw.go.jp/znk-web/juminkanja/S2430/initialize?prefCd=04&kikanCd=2801468&kikanKbn=2", "url2": "https://www.yanagiu-clinic.jp/", "内容": "仙台柳生クリニック【2:診療所】【診療科目:0】宮城県仙台市太白区柳生７丁目１６－１" }, "geometry": { "type": "Point", "coordinates": [ 140.869843, 38.198051 ] } },
{ "type": "Feature", "properties": { "ID": 42801469, "正式名称": "高瀬眼科医院", "機関区分": 2, "都道府県コード": 4, "市区町村コード": 104, "所在地": "宮城県仙台市太白区東中田６丁目９－３０", "緯度": 38.200268, "経度": 140.89328, "url": "https://www.iryou.teikyouseido.mhlw.go.jp/znk-web/juminkanja/S2430/initialize?prefCd=04&kikanCd=2801469&kikanKbn=2", "url2": null, "内容": "高瀬眼科医院【2:診療所】【診療科目:0】宮城県仙台市太白区東中田６丁目９－３０" }, "geometry": { "type": "Point", "coordinates": [ 140.89328, 38.200268 ] } },
{ "type": "Feature", "properties": { "ID": 42801470, "正式名称": "医療法人社団谷整形外科クリニック", "機関区分": 2, "都道府県コード": 4, "市区町村コード": 104, "所在地": "宮城県仙台市太白区東中田四丁目二十二の二", "緯度": 38.197983, "経度": 140.907852, "url": "https://www.iryou.teikyouseido.mhlw.go.jp/znk-web/juminkanja/S2430/initialize?prefCd=04&kikanCd=2801470&kikanKbn=2", "url2": "http://homepage3.nifty.com/tani-ortho-sendai/", "内容": "医療法人社団谷整形外科クリニック【2:診療所】【診療科目:0】宮城県仙台市太白区東中田四丁目二十二の二" }, "geometry": { "type": "Point", "coordinates": [ 140.907852, 38.197983 ] } },
{ "type": "Feature", "properties": { "ID": 42801476, "正式名称": "サポートはぎ診療所", "機関区分": 2, "都道府県コード": 4, "市区町村コード": 104, "所在地": "宮城県仙台市太白区大野田５丁目２３－３", "緯度": 38.21521, "経度": 140.874847, "url": "https://www.iryou.teikyouseido.mhlw.go.jp/znk-web/juminkanja/S2430/initialize?prefCd=04&kikanCd=2801476&kikanKbn=2", "url2": "http://www.sendaishi-ikuseikai.or.jp/publics/index/60/", "内容": "サポートはぎ診療所【2:診療所】【診療科目:0】宮城県仙台市太白区大野田５丁目２３－３" }, "geometry": { "type": "Point", "coordinates": [ 140.874847, 38.21521 ] } },
{ "type": "Feature", "properties": { "ID": 42801477, "正式名称": "あいクリニック", "機関区分": 2, "都道府県コード": 4, "市区町村コード": 104, "所在地": "宮城県仙台市太白区長町５−９−６", "緯度": 38.226391, "経度": 140.881943, "url": "https://www.iryou.teikyouseido.mhlw.go.jp/znk-web/juminkanja/S2430/initialize?prefCd=04&kikanCd=2801477&kikanKbn=2", "url2": "http://i-cl.jp", "内容": "あいクリニック【2:診療所】【診療科目:0】宮城県仙台市太白区長町５−９−６" }, "geometry": { "type": "Point", "coordinates": [ 140.881943, 38.226391 ] } },
{ "type": "Feature", "properties": { "ID": 42801478, "正式名称": "医療法人　太白クリニック", "機関区分": 2, "都道府県コード": 4, "市区町村コード": 104, "所在地": "宮城県仙台市太白区富沢西４丁目１９－２", "緯度": 38.211747, "経度": 140.860017, "url": "https://www.iryou.teikyouseido.mhlw.go.jp/znk-web/juminkanja/S2430/initialize?prefCd=04&kikanCd=2801478&kikanKbn=2", "url2": "http://www.taihakuclinic.com/", "内容": "医療法人　太白クリニック【2:診療所】【診療科目:0】宮城県仙台市太白区富沢西４丁目１９－２" }, "geometry": { "type": "Point", "coordinates": [ 140.860017, 38.211747 ] } },
{ "type": "Feature", "properties": { "ID": 42801479, "正式名称": "中田内科胃腸科医院", "機関区分": 2, "都道府県コード": 4, "市区町村コード": 104, "所在地": "宮城県仙台市太白区中田４丁目１６－３", "緯度": 38.197643, "経度": 140.888443, "url": "https://www.iryou.teikyouseido.mhlw.go.jp/znk-web/juminkanja/S2430/initialize?prefCd=04&kikanCd=2801479&kikanKbn=2", "url2": null, "内容": "中田内科胃腸科医院【2:診療所】【診療科目:0】宮城県仙台市太白区中田４丁目１６－３" }, "geometry": { "type": "Point", "coordinates": [ 140.888443, 38.197643 ] } },
{ "type": "Feature", "properties": { "ID": 42801480, "正式名称": "医療法人中目医院中目眼科", "機関区分": 2, "都道府県コード": 4, "市区町村コード": 104, "所在地": "宮城県仙台市太白区柳生４丁目１０－１１", "緯度": 38.194775, "経度": 140.869003, "url": "https://www.iryou.teikyouseido.mhlw.go.jp/znk-web/juminkanja/S2430/initialize?prefCd=04&kikanCd=2801480&kikanKbn=2", "url2": null, "内容": "医療法人中目医院中目眼科【2:診療所】【診療科目:0】宮城県仙台市太白区柳生４丁目１０－１１" }, "geometry": { "type": "Point", "coordinates": [ 140.869003, 38.194775 ] } },
{ "type": "Feature", "properties": { "ID": 42801482, "正式名称": "医療法人社団誠英会西中田中央内科小児科", "機関区分": 2, "都道府県コード": 4, "市区町村コード": 104, "所在地": "宮城県仙台市太白区西中田５丁目１２－１２", "緯度": 38.196457, "経度": 140.876572, "url": "https://www.iryou.teikyouseido.mhlw.go.jp/znk-web/juminkanja/S2430/initialize?prefCd=04&kikanCd=2801482&kikanKbn=2", "url2": "http://www.myclinic.ne.jp/seieikai/", "内容": "医療法人社団誠英会西中田中央内科小児科【2:診療所】【診療科目:0】宮城県仙台市太白区西中田５丁目１２－１２" }, "geometry": { "type": "Point", "coordinates": [ 140.876572, 38.196457 ] } },
{ "type": "Feature", "properties": { "ID": 42801483, "正式名称": "医療法人修楽会　宮城島整形外科", "機関区分": 2, "都道府県コード": 4, "市区町村コード": 104, "所在地": "宮城県仙台市太白区西中田４丁目１４－２０", "緯度": 38.194842, "経度": 140.881698, "url": "https://www.iryou.teikyouseido.mhlw.go.jp/znk-web/juminkanja/S2430/initialize?prefCd=04&kikanCd=2801483&kikanKbn=2", "url2": null, "内容": "医療法人修楽会　宮城島整形外科【2:診療所】【診療科目:0】宮城県仙台市太白区西中田４丁目１４－２０" }, "geometry": { "type": "Point", "coordinates": [ 140.881698, 38.194842 ] } },
{ "type": "Feature", "properties": { "ID": 42801484, "正式名称": "医療法人　賢善会　宮田医院", "機関区分": 2, "都道府県コード": 4, "市区町村コード": 104, "所在地": "宮城県仙台市太白区四郎丸字吹上７１－４", "緯度": 38.192909, "経度": 140.915878, "url": "https://www.iryou.teikyouseido.mhlw.go.jp/znk-web/juminkanja/S2430/initialize?prefCd=04&kikanCd=2801484&kikanKbn=2", "url2": "https://kenzenkai-miyata.com", "内容": "医療法人　賢善会　宮田医院【2:診療所】【診療科目:0】宮城県仙台市太白区四郎丸字吹上７１－４" }, "geometry": { "type": "Point", "coordinates": [ 140.915878, 38.192909 ] } },
{ "type": "Feature", "properties": { "ID": 42801487, "正式名称": "みみ・はな・のど富沢クリニック", "機関区分": 2, "都道府県コード": 4, "市区町村コード": 104, "所在地": "宮城県仙台市太白区富沢南２丁目１７－１４", "緯度": 38.210381, "経度": 140.867844, "url": "https://www.iryou.teikyouseido.mhlw.go.jp/znk-web/juminkanja/S2430/initialize?prefCd=04&kikanCd=2801487&kikanKbn=2", "url2": "http://www.tomizawa-clinic.jp", "内容": "みみ・はな・のど富沢クリニック【2:診療所】【診療科目:0】宮城県仙台市太白区富沢南２丁目１７－１４" }, "geometry": { "type": "Point", "coordinates": [ 140.867844, 38.210381 ] } },
{ "type": "Feature", "properties": { "ID": 42801489, "正式名称": "森元クリニック", "機関区分": 2, "都道府県コード": 4, "市区町村コード": 104, "所在地": "宮城県仙台市太白区長町南１丁目１－８　Ｋ’ｓビル長町南２Ｆ", "緯度": 38.224293, "経度": 140.878723, "url": "https://www.iryou.teikyouseido.mhlw.go.jp/znk-web/juminkanja/S2430/initialize?prefCd=04&kikanCd=2801489&kikanKbn=2", "url2": "http://www.morimoto-clinic-naikaichoka.com", "内容": "森元クリニック【2:診療所】【診療科目:0】宮城県仙台市太白区長町南１丁目１－８　Ｋ’ｓビル長町南２Ｆ" }, "geometry": { "type": "Point", "coordinates": [ 140.878723, 38.224293 ] } },
{ "type": "Feature", "properties": { "ID": 42801490, "正式名称": "門間医院", "機関区分": 2, "都道府県コード": 4, "市区町村コード": 104, "所在地": "宮城県仙台市太白区八本松１丁目４－１７", "緯度": 38.231724, "経度": 140.89035, "url": "https://www.iryou.teikyouseido.mhlw.go.jp/znk-web/juminkanja/S2430/initialize?prefCd=04&kikanCd=2801490&kikanKbn=2", "url2": null, "内容": "門間医院【2:診療所】【診療科目:0】宮城県仙台市太白区八本松１丁目４－１７" }, "geometry": { "type": "Point", "coordinates": [ 140.89035, 38.231724 ] } },
{ "type": "Feature", "properties": { "ID": 42801492, "正式名称": "山田医院", "機関区分": 2, "都道府県コード": 4, "市区町村コード": 104, "所在地": "宮城県仙台市太白区金剛沢３丁目１４－３３", "緯度": 38.233051, "経度": 140.841431, "url": "https://www.iryou.teikyouseido.mhlw.go.jp/znk-web/juminkanja/S2430/initialize?prefCd=04&kikanCd=2801492&kikanKbn=2", "url2": null, "内容": "山田医院【2:診療所】【診療科目:0】宮城県仙台市太白区金剛沢３丁目１４－３３" }, "geometry": { "type": "Point", "coordinates": [ 140.841431, 38.233051 ] } },
{ "type": "Feature", "properties": { "ID": 42801493, "正式名称": "ユキクリニック", "機関区分": 2, "都道府県コード": 4, "市区町村コード": 104, "所在地": "宮城県仙台市太白区長町７－１９－２６", "緯度": 38.226017, "経度": 140.878265, "url": "https://www.iryou.teikyouseido.mhlw.go.jp/znk-web/juminkanja/S2430/initialize?prefCd=04&kikanCd=2801493&kikanKbn=2", "url2": null, "内容": "ユキクリニック【2:診療所】【診療科目:0】宮城県仙台市太白区長町７－１９－２６" }, "geometry": { "type": "Point", "coordinates": [ 140.878265, 38.226017 ] } },
{ "type": "Feature", "properties": { "ID": 42801495, "正式名称": "わたなべクリニック", "機関区分": 2, "都道府県コード": 4, "市区町村コード": 104, "所在地": "宮城県仙台市太白区長町南４丁目１２ー２７", "緯度": 38.22102, "経度": 140.871399, "url": "https://www.iryou.teikyouseido.mhlw.go.jp/znk-web/juminkanja/S2430/initialize?prefCd=04&kikanCd=2801495&kikanKbn=2", "url2": "http://www.watanabe-cl.biz/", "内容": "わたなべクリニック【2:診療所】【診療科目:0】宮城県仙台市太白区長町南４丁目１２ー２７" }, "geometry": { "type": "Point", "coordinates": [ 140.871399, 38.22102 ] } },
{ "type": "Feature", "properties": { "ID": 42801496, "正式名称": "わたるクリニック", "機関区分": 2, "都道府県コード": 4, "市区町村コード": 104, "所在地": "宮城県仙台市太白区山田新町７４ー１", "緯度": 38.217529, "経度": 140.834305, "url": "https://www.iryou.teikyouseido.mhlw.go.jp/znk-web/juminkanja/S2430/initialize?prefCd=04&kikanCd=2801496&kikanKbn=2", "url2": null, "内容": "わたるクリニック【2:診療所】【診療科目:0】宮城県仙台市太白区山田新町７４ー１" }, "geometry": { "type": "Point", "coordinates": [ 140.834305, 38.217529 ] } },
{ "type": "Feature", "properties": { "ID": 42801497, "正式名称": "今野医院", "機関区分": 2, "都道府県コード": 4, "市区町村コード": 104, "所在地": "宮城県仙台市太白区鈎取１丁目６－１７", "緯度": 38.220993, "経度": 140.845734, "url": "https://www.iryou.teikyouseido.mhlw.go.jp/znk-web/juminkanja/S2430/initialize?prefCd=04&kikanCd=2801497&kikanKbn=2", "url2": "https://www.konnoiin.jp/", "内容": "今野医院【2:診療所】【診療科目:0】宮城県仙台市太白区鈎取１丁目６－１７" }, "geometry": { "type": "Point", "coordinates": [ 140.845734, 38.220993 ] } },
{ "type": "Feature", "properties": { "ID": 42801509, "正式名称": "医療法人　青楓会　あおば脳神経内科", "機関区分": 2, "都道府県コード": 4, "市区町村コード": 101, "所在地": "宮城県仙台市青葉区中央２丁目１１－１９　仙南ビル", "緯度": 38.262672, "経度": 140.877075, "url": "https://www.iryou.teikyouseido.mhlw.go.jp/znk-web/juminkanja/S2430/initialize?prefCd=04&kikanCd=2801509&kikanKbn=2", "url2": "https://aoba-noushinkeinaika.jp/index.html", "内容": "医療法人　青楓会　あおば脳神経内科【2:診療所】【診療科目:0】宮城県仙台市青葉区中央２丁目１１－１９　仙南ビル" }, "geometry": { "type": "Point", "coordinates": [ 140.877075, 38.262672 ] } },
{ "type": "Feature", "properties": { "ID": 42801512, "正式名称": "こまつ皮膚科クリニック北仙台", "機関区分": 2, "都道府県コード": 4, "市区町村コード": 101, "所在地": "宮城県仙台市青葉区昭和町３－２４", "緯度": 38.279919, "経度": 140.870102, "url": "https://www.iryou.teikyouseido.mhlw.go.jp/znk-web/juminkanja/S2430/initialize?prefCd=04&kikanCd=2801512&kikanKbn=2", "url2": "http://www.komatsu-hifuka.com", "内容": "こまつ皮膚科クリニック北仙台【2:診療所】【診療科目:0】宮城県仙台市青葉区昭和町３－２４" }, "geometry": { "type": "Point", "coordinates": [ 140.870102, 38.279919 ] } },
{ "type": "Feature", "properties": { "ID": 42801527, "正式名称": "医療法人　秀放会　仙台総合放射線クリニック", "機関区分": 2, "都道府県コード": 4, "市区町村コード": 105, "所在地": "宮城県仙台市泉区上谷刈字向原２１番地４", "緯度": 38.311592, "経度": 140.877823, "url": "https://www.iryou.teikyouseido.mhlw.go.jp/znk-web/juminkanja/S2430/initialize?prefCd=04&kikanCd=2801527&kikanKbn=2", "url2": "http://www.sendai-roic.or.jp", "内容": "医療法人　秀放会　仙台総合放射線クリニック【2:診療所】【診療科目:0】宮城県仙台市泉区上谷刈字向原２１番地４" }, "geometry": { "type": "Point", "coordinates": [ 140.877823, 38.311592 ] } },
{ "type": "Feature", "properties": { "ID": 42801529, "正式名称": "仙台青葉皮ふ科", "機関区分": 2, "都道府県コード": 4, "市区町村コード": 101, "所在地": "宮城県仙台市青葉区支倉町４番３４号　マルキンビル３０３号", "緯度": 38.270679, "経度": 140.861313, "url": "https://www.iryou.teikyouseido.mhlw.go.jp/znk-web/juminkanja/S2430/initialize?prefCd=04&kikanCd=2801529&kikanKbn=2", "url2": "http://www.s-aobahihu.com/", "内容": "仙台青葉皮ふ科【2:診療所】【診療科目:0】宮城県仙台市青葉区支倉町４番３４号　マルキンビル３０３号" }, "geometry": { "type": "Point", "coordinates": [ 140.861313, 38.270679 ] } },
{ "type": "Feature", "properties": { "ID": 42801540, "正式名称": "阿部内視鏡内科", "機関区分": 2, "都道府県コード": 4, "市区町村コード": 101, "所在地": "宮城県仙台市青葉区川内川前丁５", "緯度": 38.263058, "経度": 140.859406, "url": "https://www.iryou.teikyouseido.mhlw.go.jp/znk-web/juminkanja/S2430/initialize?prefCd=04&kikanCd=2801540&kikanKbn=2", "url2": "https://www.abe-naika.jp", "内容": "阿部内視鏡内科【2:診療所】【診療科目:0】宮城県仙台市青葉区川内川前丁５" }, "geometry": { "type": "Point", "coordinates": [ 140.859406, 38.263058 ] } },
{ "type": "Feature", "properties": { "ID": 42801551, "正式名称": "やすだ耳鼻咽喉科・アレルギー科クリニック", "機関区分": 2, "都道府県コード": 4, "市区町村コード": 323, "所在地": "宮城県柴田郡柴田町槻木駅西１－４－７", "緯度": 38.078663, "経度": 140.809296, "url": "https://www.iryou.teikyouseido.mhlw.go.jp/znk-web/juminkanja/S2430/initialize?prefCd=04&kikanCd=2801551&kikanKbn=2", "url2": "http://www.yasuda-jibika.jp/", "内容": "やすだ耳鼻咽喉科・アレルギー科クリニック【2:診療所】【診療科目:0】宮城県柴田郡柴田町槻木駅西１－４－７" }, "geometry": { "type": "Point", "coordinates": [ 140.809296, 38.078663 ] } },
{ "type": "Feature", "properties": { "ID": 42801556, "正式名称": "いずみ往診クリニック", "機関区分": 2, "都道府県コード": 4, "市区町村コード": 105, "所在地": "宮城県仙台市泉区泉中央１丁目１４－１　インテレクト２１ビル２階", "緯度": 38.323097, "経度": 140.879272, "url": "https://www.iryou.teikyouseido.mhlw.go.jp/znk-web/juminkanja/S2430/initialize?prefCd=04&kikanCd=2801556&kikanKbn=2", "url2": "https://izumioushin.com/", "内容": "いずみ往診クリニック【2:診療所】【診療科目:0】宮城県仙台市泉区泉中央１丁目１４－１　インテレクト２１ビル２階" }, "geometry": { "type": "Point", "coordinates": [ 140.879272, 38.323097 ] } },
{ "type": "Feature", "properties": { "ID": 42801563, "正式名称": "医療法人　おおのだ田中クリニック", "機関区分": 2, "都道府県コード": 4, "市区町村コード": 104, "所在地": "宮城県仙台市太白区大野田４丁目１８－１", "緯度": 38.214025, "経度": 140.875167, "url": "https://www.iryou.teikyouseido.mhlw.go.jp/znk-web/juminkanja/S2430/initialize?prefCd=04&kikanCd=2801563&kikanKbn=2", "url2": "http://www.tana-cl.jp/", "内容": "医療法人　おおのだ田中クリニック【2:診療所】【診療科目:0】宮城県仙台市太白区大野田４丁目１８－１" }, "geometry": { "type": "Point", "coordinates": [ 140.875167, 38.214025 ] } },
{ "type": "Feature", "properties": { "ID": 42801612, "正式名称": "大崎西部クリニック", "機関区分": 2, "都道府県コード": 4, "市区町村コード": 215, "所在地": "宮城県大崎市古川新堀字東田３５", "緯度": 38.57346, "経度": 140.895142, "url": "https://www.iryou.teikyouseido.mhlw.go.jp/znk-web/juminkanja/S2430/initialize?prefCd=04&kikanCd=2801612&kikanKbn=2", "url2": "http://ohsakiseibuclinic.life.coocan.jp", "内容": "大崎西部クリニック【2:診療所】【診療科目:0】宮城県大崎市古川新堀字東田３５" }, "geometry": { "type": "Point", "coordinates": [ 140.895142, 38.57346 ] } },
{ "type": "Feature", "properties": { "ID": 42801613, "正式名称": "大崎西整形外科", "機関区分": 2, "都道府県コード": 4, "市区町村コード": 215, "所在地": "宮城県大崎市古川新田字川原前２９７番地", "緯度": 38.595966, "経度": 140.932038, "url": "https://www.iryou.teikyouseido.mhlw.go.jp/znk-web/juminkanja/S2430/initialize?prefCd=04&kikanCd=2801613&kikanKbn=2", "url2": "http://oosakinishi.byoinnavi.jp", "内容": "大崎西整形外科【2:診療所】【診療科目:0】宮城県大崎市古川新田字川原前２９７番地" }, "geometry": { "type": "Point", "coordinates": [ 140.932038, 38.595966 ] } },
{ "type": "Feature", "properties": { "ID": 42801614, "正式名称": "医療法人社団佐藤医院", "機関区分": 2, "都道府県コード": 4, "市区町村コード": 215, "所在地": "宮城県大崎市古川十日町３－１３", "緯度": 38.576229, "経度": 140.960068, "url": "https://www.iryou.teikyouseido.mhlw.go.jp/znk-web/juminkanja/S2430/initialize?prefCd=04&kikanCd=2801614&kikanKbn=2", "url2": "https://sato-ent-hn.jp/", "内容": "医療法人社団佐藤医院【2:診療所】【診療科目:0】宮城県大崎市古川十日町３－１３" }, "geometry": { "type": "Point", "coordinates": [ 140.960068, 38.576229 ] } },
{ "type": "Feature", "properties": { "ID": 42801620, "正式名称": "医療法人社団高橋記念　せきや整形外科", "機関区分": 2, "都道府県コード": 4, "市区町村コード": 215, "所在地": "宮城県大崎市古川駅前大通５丁目１－１９", "緯度": 38.576569, "経度": 140.965332, "url": "https://www.iryou.teikyouseido.mhlw.go.jp/znk-web/juminkanja/S2430/initialize?prefCd=04&kikanCd=2801620&kikanKbn=2", "url2": null, "内容": "医療法人社団高橋記念　せきや整形外科【2:診療所】【診療科目:0】宮城県大崎市古川駅前大通５丁目１－１９" }, "geometry": { "type": "Point", "coordinates": [ 140.965332, 38.576569 ] } },
{ "type": "Feature", "properties": { "ID": 42801623, "正式名称": "医療法人社団　静信会　日野外科内科", "機関区分": 2, "都道府県コード": 4, "市区町村コード": 213, "所在地": "宮城県栗原市築館薬師３丁目３－３３", "緯度": 38.73427, "経度": 141.01818, "url": "https://www.iryou.teikyouseido.mhlw.go.jp/znk-web/juminkanja/S2430/initialize?prefCd=04&kikanCd=2801623&kikanKbn=2", "url2": null, "内容": "医療法人社団　静信会　日野外科内科【2:診療所】【診療科目:0】宮城県栗原市築館薬師３丁目３－３３" }, "geometry": { "type": "Point", "coordinates": [ 141.01818, 38.73427 ] } },
{ "type": "Feature", "properties": { "ID": 42801631, "正式名称": "米川診療所", "機関区分": 2, "都道府県コード": 4, "市区町村コード": 212, "所在地": "宮城県登米市東和町米川字町下５９－１", "緯度": 38.766739, "経度": 141.326523, "url": "https://www.iryou.teikyouseido.mhlw.go.jp/znk-web/juminkanja/S2430/initialize?prefCd=04&kikanCd=2801631&kikanKbn=2", "url2": null, "内容": "米川診療所【2:診療所】【診療科目:0】宮城県登米市東和町米川字町下５９－１" }, "geometry": { "type": "Point", "coordinates": [ 141.326523, 38.766739 ] } },
{ "type": "Feature", "properties": { "ID": 42801632, "正式名称": "医療法人社団遊佐内科胃腸科医院", "機関区分": 2, "都道府県コード": 4, "市区町村コード": 212, "所在地": "宮城県登米市迫町佐沼字南佐沼１丁目４－１５", "緯度": 38.682632, "経度": 141.194626, "url": "https://www.iryou.teikyouseido.mhlw.go.jp/znk-web/juminkanja/S2430/initialize?prefCd=04&kikanCd=2801632&kikanKbn=2", "url2": null, "内容": "医療法人社団遊佐内科胃腸科医院【2:診療所】【診療科目:0】宮城県登米市迫町佐沼字南佐沼１丁目４－１５" }, "geometry": { "type": "Point", "coordinates": [ 141.194626, 38.682632 ] } },
{ "type": "Feature", "properties": { "ID": 42801633, "正式名称": "医療法人楠風会　小出医院", "機関区分": 2, "都道府県コード": 4, "市区町村コード": 212, "所在地": "宮城県登米市登米町日野渡内ノ目３２９番地１", "緯度": 38.66021, "経度": 141.271072, "url": "https://www.iryou.teikyouseido.mhlw.go.jp/znk-web/juminkanja/S2430/initialize?prefCd=04&kikanCd=2801633&kikanKbn=2", "url2": null, "内容": "医療法人楠風会　小出医院【2:診療所】【診療科目:0】宮城県登米市登米町日野渡内ノ目３２９番地１" }, "geometry": { "type": "Point", "coordinates": [ 141.271072, 38.66021 ] } },
{ "type": "Feature", "properties": { "ID": 42801641, "正式名称": "あらい脳神経外科クリニック", "機関区分": 2, "都道府県コード": 4, "市区町村コード": 202, "所在地": "宮城県石巻市蛇田字下中埣２７－２７", "緯度": 38.442051, "経度": 141.285416, "url": "https://www.iryou.teikyouseido.mhlw.go.jp/znk-web/juminkanja/S2430/initialize?prefCd=04&kikanCd=2801641&kikanKbn=2", "url2": "http://website2.infomity.net/8070000119/", "内容": "あらい脳神経外科クリニック【2:診療所】【診療科目:0】宮城県石巻市蛇田字下中埣２７－２７" }, "geometry": { "type": "Point", "coordinates": [ 141.285416, 38.442051 ] } },
{ "type": "Feature", "properties": { "ID": 42801642, "正式名称": "医療法人社団　石巻診療所", "機関区分": 2, "都道府県コード": 4, "市区町村コード": 202, "所在地": "宮城県石巻市穀町５－２４", "緯度": 38.433525, "経度": 141.301819, "url": "https://www.iryou.teikyouseido.mhlw.go.jp/znk-web/juminkanja/S2430/initialize?prefCd=04&kikanCd=2801642&kikanKbn=2", "url2": "http://ishishin.life.coocan.jp/index.html", "内容": "医療法人社団　石巻診療所【2:診療所】【診療科目:0】宮城県石巻市穀町５－２４" }, "geometry": { "type": "Point", "coordinates": [ 141.301819, 38.433525 ] } },
{ "type": "Feature", "properties": { "ID": 42801646, "正式名称": "しらゆりクリニック", "機関区分": 2, "都道府県コード": 4, "市区町村コード": 202, "所在地": "宮城県石巻市蛇田字新立野３３０－２", "緯度": 38.449429, "経度": 141.261765, "url": "https://www.iryou.teikyouseido.mhlw.go.jp/znk-web/juminkanja/S2430/initialize?prefCd=04&kikanCd=2801646&kikanKbn=2", "url2": "http://shirayuriclinic.sakura.ne.jp/", "内容": "しらゆりクリニック【2:診療所】【診療科目:0】宮城県石巻市蛇田字新立野３３０－２" }, "geometry": { "type": "Point", "coordinates": [ 141.261765, 38.449429 ] } },
{ "type": "Feature", "properties": { "ID": 42801649, "正式名称": "医療法人社団　伊藤内科クリニック　いとう心療クリニック", "機関区分": 2, "都道府県コード": 4, "市区町村コード": 202, "所在地": "宮城県石巻市中里２－１２－２６", "緯度": 38.442764, "経度": 141.300293, "url": "https://www.iryou.teikyouseido.mhlw.go.jp/znk-web/juminkanja/S2430/initialize?prefCd=04&kikanCd=2801649&kikanKbn=2", "url2": "https://www.ito-shinryo-cl.com/", "内容": "医療法人社団　伊藤内科クリニック　いとう心療クリニック【2:診療所】【診療科目:0】宮城県石巻市中里２－１２－２６" }, "geometry": { "type": "Point", "coordinates": [ 141.300293, 38.442764 ] } },
{ "type": "Feature", "properties": { "ID": 42801650, "正式名称": "診療所　在宅医療", "機関区分": 2, "都道府県コード": 4, "市区町村コード": 202, "所在地": "宮城県石巻市大街道北３丁目６－７２", "緯度": 38.43129, "経度": 141.279907, "url": "https://www.iryou.teikyouseido.mhlw.go.jp/znk-web/juminkanja/S2430/initialize?prefCd=04&kikanCd=2801650&kikanKbn=2", "url2": null, "内容": "診療所　在宅医療【2:診療所】【診療科目:0】宮城県石巻市大街道北３丁目６－７２" }, "geometry": { "type": "Point", "coordinates": [ 141.279907, 38.43129 ] } },
{ "type": "Feature", "properties": { "ID": 42801651, "正式名称": "大島医院", "機関区分": 2, "都道府県コード": 4, "市区町村コード": 205, "所在地": "宮城県気仙沼市高井２１５－２", "緯度": 38.85401, "経度": 141.615983, "url": "https://www.iryou.teikyouseido.mhlw.go.jp/znk-web/juminkanja/S2430/initialize?prefCd=04&kikanCd=2801651&kikanKbn=2", "url2": null, "内容": "大島医院【2:診療所】【診療科目:0】宮城県気仙沼市高井２１５－２" }, "geometry": { "type": "Point", "coordinates": [ 141.615983, 38.85401 ] } },
{ "type": "Feature", "properties": { "ID": 42801654, "正式名称": "猪苗代医院", "機関区分": 2, "都道府県コード": 4, "市区町村コード": 205, "所在地": "宮城県気仙沼市三日町２丁目１－９", "緯度": 38.906441, "経度": 141.567795, "url": "https://www.iryou.teikyouseido.mhlw.go.jp/znk-web/juminkanja/S2430/initialize?prefCd=04&kikanCd=2801654&kikanKbn=2", "url2": null, "内容": "猪苗代医院【2:診療所】【診療科目:0】宮城県気仙沼市三日町２丁目１－９" }, "geometry": { "type": "Point", "coordinates": [ 141.567795, 38.906441 ] } },
{ "type": "Feature", "properties": { "ID": 42801655, "正式名称": "小松クリニック", "機関区分": 2, "都道府県コード": 4, "市区町村コード": 205, "所在地": "宮城県気仙沼市東八幡前２７０－６", "緯度": 38.920113, "経度": 141.590378, "url": "https://www.iryou.teikyouseido.mhlw.go.jp/znk-web/juminkanja/S2430/initialize?prefCd=04&kikanCd=2801655&kikanKbn=2", "url2": null, "内容": "小松クリニック【2:診療所】【診療科目:0】宮城県気仙沼市東八幡前２７０－６" }, "geometry": { "type": "Point", "coordinates": [ 141.590378, 38.920113 ] } },
{ "type": "Feature", "properties": { "ID": 42801656, "正式名称": "条南整形外科", "機関区分": 2, "都道府県コード": 4, "市区町村コード": 205, "所在地": "宮城県気仙沼市田中前２丁目１－１０", "緯度": 38.892586, "経度": 141.565872, "url": "https://www.iryou.teikyouseido.mhlw.go.jp/znk-web/juminkanja/S2430/initialize?prefCd=04&kikanCd=2801656&kikanKbn=2", "url2": null, "内容": "条南整形外科【2:診療所】【診療科目:0】宮城県気仙沼市田中前２丁目１－１０" }, "geometry": { "type": "Point", "coordinates": [ 141.565872, 38.892586 ] } },
{ "type": "Feature", "properties": { "ID": 42801664, "正式名称": "医療法人社団やべ内科クリニックわたり", "機関区分": 2, "都道府県コード": 4, "市区町村コード": 361, "所在地": "宮城県亘理郡亘理町吉田字松崎７０の１", "緯度": 38.003578, "経度": 140.862747, "url": "https://www.iryou.teikyouseido.mhlw.go.jp/znk-web/juminkanja/S2430/initialize?prefCd=04&kikanCd=2801664&kikanKbn=2", "url2": "www.yabenaika-clinic-watari.com", "内容": "医療法人社団やべ内科クリニックわたり【2:診療所】【診療科目:0】宮城県亘理郡亘理町吉田字松崎７０の１" }, "geometry": { "type": "Point", "coordinates": [ 140.862747, 38.003578 ] } },
{ "type": "Feature", "properties": { "ID": 42801682, "正式名称": "東照宮駅前皮ふ科クリニック", "機関区分": 2, "都道府県コード": 4, "市区町村コード": 101, "所在地": "宮城県仙台市青葉区宮町５丁目７－２０", "緯度": 38.276989, "経度": 140.88591, "url": "https://www.iryou.teikyouseido.mhlw.go.jp/znk-web/juminkanja/S2430/initialize?prefCd=04&kikanCd=2801682&kikanKbn=2", "url2": null, "内容": "東照宮駅前皮ふ科クリニック【2:診療所】【診療科目:0】宮城県仙台市青葉区宮町５丁目７－２０" }, "geometry": { "type": "Point", "coordinates": [ 140.88591, 38.276989 ] } },
{ "type": "Feature", "properties": { "ID": 42801702, "正式名称": "長町整形外科", "機関区分": 2, "都道府県コード": 4, "市区町村コード": 104, "所在地": "宮城県仙台市太白区長町４－７－１２", "緯度": 38.229961, "経度": 140.881042, "url": "https://www.iryou.teikyouseido.mhlw.go.jp/znk-web/juminkanja/S2430/initialize?prefCd=04&kikanCd=2801702&kikanKbn=2", "url2": "http://asanuma-clinic.jp/", "内容": "長町整形外科【2:診療所】【診療科目:0】宮城県仙台市太白区長町４－７－１２" }, "geometry": { "type": "Point", "coordinates": [ 140.881042, 38.229961 ] } },
{ "type": "Feature", "properties": { "ID": 42801703, "正式名称": "あすと長町えだクリニック", "機関区分": 2, "都道府県コード": 4, "市区町村コード": 104, "所在地": "宮城県仙台市太白区あすと長町３丁目３－３３", "緯度": 38.218449, "経度": 140.885941, "url": "https://www.iryou.teikyouseido.mhlw.go.jp/znk-web/juminkanja/S2430/initialize?prefCd=04&kikanCd=2801703&kikanKbn=2", "url2": "https://www.edacl.jp", "内容": "あすと長町えだクリニック【2:診療所】【診療科目:0】宮城県仙台市太白区あすと長町３丁目３－３３" }, "geometry": { "type": "Point", "coordinates": [ 140.885941, 38.218449 ] } },
{ "type": "Feature", "properties": { "ID": 42801705, "正式名称": "医療法人　ゆうき婦人科産科クリニック", "機関区分": 2, "都道府県コード": 4, "市区町村コード": 104, "所在地": "宮城県仙台市太白区あすと長町１－２－１仙台長町メディカルプラザ３Ｆ", "緯度": 38.231094, "経度": 140.887756, "url": "https://www.iryou.teikyouseido.mhlw.go.jp/znk-web/juminkanja/S2430/initialize?prefCd=04&kikanCd=2801705&kikanKbn=2", "url2": "https://yuuki-fujinka.com", "内容": "医療法人　ゆうき婦人科産科クリニック【2:診療所】【診療科目:0】宮城県仙台市太白区あすと長町１－２－１仙台長町メディカルプラザ３Ｆ" }, "geometry": { "type": "Point", "coordinates": [ 140.887756, 38.231094 ] } },
{ "type": "Feature", "properties": { "ID": 42801708, "正式名称": "今井クリニック", "機関区分": 2, "都道府県コード": 4, "市区町村コード": 104, "所在地": "宮城県仙台市太白区太白１ー７ー１", "緯度": 38.231289, "経度": 140.818558, "url": "https://www.iryou.teikyouseido.mhlw.go.jp/znk-web/juminkanja/S2430/initialize?prefCd=04&kikanCd=2801708&kikanKbn=2", "url2": null, "内容": "今井クリニック【2:診療所】【診療科目:0】宮城県仙台市太白区太白１ー７ー１" }, "geometry": { "type": "Point", "coordinates": [ 140.818558, 38.231289 ] } },
{ "type": "Feature", "properties": { "ID": 42801710, "正式名称": "医療法人社団　長谷川眼科医院", "機関区分": 2, "都道府県コード": 4, "市区町村コード": 104, "所在地": "宮城県仙台市太白区長町一丁目５－６アイビル２階", "緯度": 38.233028, "経度": 140.886459, "url": "https://www.iryou.teikyouseido.mhlw.go.jp/znk-web/juminkanja/S2430/initialize?prefCd=04&kikanCd=2801710&kikanKbn=2", "url2": "https://www.hasegawa-gankaiin.com", "内容": "医療法人社団　長谷川眼科医院【2:診療所】【診療科目:0】宮城県仙台市太白区長町一丁目５－６アイビル２階" }, "geometry": { "type": "Point", "coordinates": [ 140.886459, 38.233028 ] } },
{ "type": "Feature", "properties": { "ID": 42801711, "正式名称": "医療法人社団　山家内科医院", "機関区分": 2, "都道府県コード": 4, "市区町村コード": 104, "所在地": "宮城県仙台市太白区金剛沢１丁目４－２６", "緯度": 38.230892, "経度": 140.849487, "url": "https://www.iryou.teikyouseido.mhlw.go.jp/znk-web/juminkanja/S2430/initialize?prefCd=04&kikanCd=2801711&kikanKbn=2", "url2": null, "内容": "医療法人社団　山家内科医院【2:診療所】【診療科目:0】宮城県仙台市太白区金剛沢１丁目４－２６" }, "geometry": { "type": "Point", "coordinates": [ 140.849487, 38.230892 ] } },
{ "type": "Feature", "properties": { "ID": 42801712, "正式名称": "医療法人社団　渡辺内科胃腸科医院", "機関区分": 2, "都道府県コード": 4, "市区町村コード": 104, "所在地": "宮城県仙台市太白区長町７丁目２－７", "緯度": 38.22789, "経度": 140.881317, "url": "https://www.iryou.teikyouseido.mhlw.go.jp/znk-web/juminkanja/S2430/initialize?prefCd=04&kikanCd=2801712&kikanKbn=2", "url2": "http://www.watanabe-naika.com", "内容": "医療法人社団　渡辺内科胃腸科医院【2:診療所】【診療科目:0】宮城県仙台市太白区長町７丁目２－７" }, "geometry": { "type": "Point", "coordinates": [ 140.881317, 38.22789 ] } },
{ "type": "Feature", "properties": { "ID": 42801713, "正式名称": "医療法人　平沢内科", "機関区分": 2, "都道府県コード": 4, "市区町村コード": 104, "所在地": "宮城県仙台市太白区砂押南町１－４７", "緯度": 38.227474, "経度": 140.868484, "url": "https://www.iryou.teikyouseido.mhlw.go.jp/znk-web/juminkanja/S2430/initialize?prefCd=04&kikanCd=2801713&kikanKbn=2", "url2": "http://hirasawa-clinic.jp/", "内容": "医療法人　平沢内科【2:診療所】【診療科目:0】宮城県仙台市太白区砂押南町１－４７" }, "geometry": { "type": "Point", "coordinates": [ 140.868484, 38.227474 ] } },
{ "type": "Feature", "properties": { "ID": 42801716, "正式名称": "大波医院", "機関区分": 2, "都道府県コード": 4, "市区町村コード": 104, "所在地": "宮城県仙台市太白区大塒町６ー１", "緯度": 38.235538, "経度": 140.860001, "url": "https://www.iryou.teikyouseido.mhlw.go.jp/znk-web/juminkanja/S2430/initialize?prefCd=04&kikanCd=2801716&kikanKbn=2", "url2": null, "内容": "大波医院【2:診療所】【診療科目:0】宮城県仙台市太白区大塒町６ー１" }, "geometry": { "type": "Point", "coordinates": [ 140.860001, 38.235538 ] } },
{ "type": "Feature", "properties": { "ID": 42801717, "正式名称": "尾子クリニック", "機関区分": 2, "都道府県コード": 4, "市区町村コード": 104, "所在地": "宮城県仙台市太白区富沢南２－１７－８", "緯度": 38.210655, "経度": 140.868027, "url": "https://www.iryou.teikyouseido.mhlw.go.jp/znk-web/juminkanja/S2430/initialize?prefCd=04&kikanCd=2801717&kikanKbn=2", "url2": "http://www.ogo-clinic.com", "内容": "尾子クリニック【2:診療所】【診療科目:0】宮城県仙台市太白区富沢南２－１７－８" }, "geometry": { "type": "Point", "coordinates": [ 140.868027, 38.210655 ] } },
{ "type": "Feature", "properties": { "ID": 42801718, "正式名称": "かさい内科クリニック", "機関区分": 2, "都道府県コード": 4, "市区町村コード": 104, "所在地": "宮城県仙台市太白区富沢南１丁目２５－１", "緯度": 38.213886, "経度": 140.868774, "url": "https://www.iryou.teikyouseido.mhlw.go.jp/znk-web/juminkanja/S2430/initialize?prefCd=04&kikanCd=2801718&kikanKbn=2", "url2": "https://itp.ne.jp/info/047432994000000899/", "内容": "かさい内科クリニック【2:診療所】【診療科目:0】宮城県仙台市太白区富沢南１丁目２５－１" }, "geometry": { "type": "Point", "coordinates": [ 140.868774, 38.213886 ] } },
{ "type": "Feature", "properties": { "ID": 42801719, "正式名称": "水の森整形外科クリニック", "機関区分": 2, "都道府県コード": 4, "市区町村コード": 101, "所在地": "宮城県仙台市青葉区水の森３丁目４１番地１５号　フローラル共済ビル３Ｆ", "緯度": 38.296692, "経度": 140.855118, "url": "https://www.iryou.teikyouseido.mhlw.go.jp/znk-web/juminkanja/S2430/initialize?prefCd=04&kikanCd=2801719&kikanKbn=2", "url2": "https://mizunomori-seikei.com", "内容": "水の森整形外科クリニック【2:診療所】【診療科目:0】宮城県仙台市青葉区水の森３丁目４１番地１５号　フローラル共済ビル３Ｆ" }, "geometry": { "type": "Point", "coordinates": [ 140.855118, 38.296692 ] } },
{ "type": "Feature", "properties": { "ID": 42801720, "正式名称": "松尾けんこうクリニック", "機関区分": 2, "都道府県コード": 4, "市区町村コード": 101, "所在地": "宮城県仙台市青葉区高松２－１１－７４", "緯度": 38.279812, "経度": 140.890167, "url": "https://www.iryou.teikyouseido.mhlw.go.jp/znk-web/juminkanja/S2430/initialize?prefCd=04&kikanCd=2801720&kikanKbn=2", "url2": "https://www.matsuo-kenkou-cl.com", "内容": "松尾けんこうクリニック【2:診療所】【診療科目:0】宮城県仙台市青葉区高松２－１１－７４" }, "geometry": { "type": "Point", "coordinates": [ 140.890167, 38.279812 ] } },
{ "type": "Feature", "properties": { "ID": 42801721, "正式名称": "医療法人社団　原クリニック", "機関区分": 2, "都道府県コード": 4, "市区町村コード": 101, "所在地": "宮城県仙台市青葉区昭和町２－２５　ＨＣビル２Ｆ", "緯度": 38.279343, "経度": 140.86879, "url": "https://www.iryou.teikyouseido.mhlw.go.jp/znk-web/juminkanja/S2430/initialize?prefCd=04&kikanCd=2801721&kikanKbn=2", "url2": "https://haraclinic.org", "内容": "医療法人社団　原クリニック【2:診療所】【診療科目:0】宮城県仙台市青葉区昭和町２－２５　ＨＣビル２Ｆ" }, "geometry": { "type": "Point", "coordinates": [ 140.86879, 38.279343 ] } },
{ "type": "Feature", "properties": { "ID": 42801723, "正式名称": "医療法人社団　秀薫会　耳鼻咽喉科　小児科　池田クリニック", "機関区分": 2, "都道府県コード": 4, "市区町村コード": 101, "所在地": "宮城県仙台市青葉区旭ケ丘２丁目１５－１５", "緯度": 38.292229, "経度": 140.887924, "url": "https://www.iryou.teikyouseido.mhlw.go.jp/znk-web/juminkanja/S2430/initialize?prefCd=04&kikanCd=2801723&kikanKbn=2", "url2": "http://www.ikekuri.jp", "内容": "医療法人社団　秀薫会　耳鼻咽喉科　小児科　池田クリニック【2:診療所】【診療科目:0】宮城県仙台市青葉区旭ケ丘２丁目１５－１５" }, "geometry": { "type": "Point", "coordinates": [ 140.887924, 38.292229 ] } },
{ "type": "Feature", "properties": { "ID": 42801724, "正式名称": "荒巻なべ胃腸科内科クリニック", "機関区分": 2, "都道府県コード": 4, "市区町村コード": 101, "所在地": "宮城県仙台市青葉区荒巻本沢３丁目１－７", "緯度": 38.28886, "経度": 140.856491, "url": "https://www.iryou.teikyouseido.mhlw.go.jp/znk-web/juminkanja/S2430/initialize?prefCd=04&kikanCd=2801724&kikanKbn=2", "url2": "http://www.nabe-cl.com", "内容": "荒巻なべ胃腸科内科クリニック【2:診療所】【診療科目:0】宮城県仙台市青葉区荒巻本沢３丁目１－７" }, "geometry": { "type": "Point", "coordinates": [ 140.856491, 38.28886 ] } },
{ "type": "Feature", "properties": { "ID": 42801725, "正式名称": "キャンサーコンパスクリニック", "機関区分": 2, "都道府県コード": 4, "市区町村コード": 101, "所在地": "宮城県仙台市青葉区大町２丁目３ー２３駒井ビル５０１号", "緯度": 38.259189, "経度": 140.865673, "url": "https://www.iryou.teikyouseido.mhlw.go.jp/znk-web/juminkanja/S2430/initialize?prefCd=04&kikanCd=2801725&kikanKbn=2", "url2": "https://www.ccc8jin.life/", "内容": "キャンサーコンパスクリニック【2:診療所】【診療科目:0】宮城県仙台市青葉区大町２丁目３ー２３駒井ビル５０１号" }, "geometry": { "type": "Point", "coordinates": [ 140.865673, 38.259189 ] } },
{ "type": "Feature", "properties": { "ID": 42801726, "正式名称": "だいのはら殿塚クリニック", "機関区分": 2, "都道府県コード": 4, "市区町村コード": 101, "所在地": "宮城県仙台市青葉区台原２丁目１０－２　アークヒルズ台原２０１", "緯度": 38.285904, "経度": 140.871643, "url": "https://www.iryou.teikyouseido.mhlw.go.jp/znk-web/juminkanja/S2430/initialize?prefCd=04&kikanCd=2801726&kikanKbn=2", "url2": "https://tono-clinic.com/", "内容": "だいのはら殿塚クリニック【2:診療所】【診療科目:0】宮城県仙台市青葉区台原２丁目１０－２　アークヒルズ台原２０１" }, "geometry": { "type": "Point", "coordinates": [ 140.871643, 38.285904 ] } },
{ "type": "Feature", "properties": { "ID": 42801727, "正式名称": "医療法人江川クリニック", "機関区分": 2, "都道府県コード": 4, "市区町村コード": 101, "所在地": "宮城県仙台市青葉区旭ヶ丘４丁目３５－２７", "緯度": 38.297386, "経度": 140.884735, "url": "https://www.iryou.teikyouseido.mhlw.go.jp/znk-web/juminkanja/S2430/initialize?prefCd=04&kikanCd=2801727&kikanKbn=2", "url2": null, "内容": "医療法人江川クリニック【2:診療所】【診療科目:0】宮城県仙台市青葉区旭ヶ丘４丁目３５－２７" }, "geometry": { "type": "Point", "coordinates": [ 140.884735, 38.297386 ] } },
{ "type": "Feature", "properties": { "ID": 42801728, "正式名称": "医療法人社団浩然会　桜ヶ丘　あおぞら内科", "機関区分": 2, "都道府県コード": 4, "市区町村コード": 101, "所在地": "宮城県仙台市青葉区桜ケ丘２丁目１３－３", "緯度": 38.297791, "経度": 140.85141, "url": "https://www.iryou.teikyouseido.mhlw.go.jp/znk-web/juminkanja/S2430/initialize?prefCd=04&kikanCd=2801728&kikanKbn=2", "url2": "http://www.sakura-aozoramed.jp", "内容": "医療法人社団浩然会　桜ヶ丘　あおぞら内科【2:診療所】【診療科目:0】宮城県仙台市青葉区桜ケ丘２丁目１３－３" }, "geometry": { "type": "Point", "coordinates": [ 140.85141, 38.297791 ] } },
{ "type": "Feature", "properties": { "ID": 42801729, "正式名称": "医療法人　大竹整形外科医院", "機関区分": 2, "都道府県コード": 4, "市区町村コード": 101, "所在地": "宮城県仙台市青葉区小松島４ー１４－１０", "緯度": 38.287022, "経度": 140.88913, "url": "https://www.iryou.teikyouseido.mhlw.go.jp/znk-web/juminkanja/S2430/initialize?prefCd=04&kikanCd=2801729&kikanKbn=2", "url2": null, "内容": "医療法人　大竹整形外科医院【2:診療所】【診療科目:0】宮城県仙台市青葉区小松島４ー１４－１０" }, "geometry": { "type": "Point", "coordinates": [ 140.88913, 38.287022 ] } },
{ "type": "Feature", "properties": { "ID": 42801731, "正式名称": "エミナルクリニック　仙台院", "機関区分": 2, "都道府県コード": 4, "市区町村コード": 101, "所在地": "宮城県仙台市青葉区一番町３丁目９－１３　ＤＡＴＥ　ＯＮＥ　５Ｆ", "緯度": 38.261272, "経度": 140.871429, "url": "https://www.iryou.teikyouseido.mhlw.go.jp/znk-web/juminkanja/S2430/initialize?prefCd=04&kikanCd=2801731&kikanKbn=2", "url2": null, "内容": "エミナルクリニック　仙台院【2:診療所】【診療科目:0】宮城県仙台市青葉区一番町３丁目９－１３　ＤＡＴＥ　ＯＮＥ　５Ｆ" }, "geometry": { "type": "Point", "coordinates": [ 140.871429, 38.261272 ] } },
{ "type": "Feature", "properties": { "ID": 42801733, "正式名称": "医療法人西隆会　厚生仙台クリニック", "機関区分": 2, "都道府県コード": 4, "市区町村コード": 101, "所在地": "宮城県仙台市青葉区柏木１丁目５－４５", "緯度": 38.275108, "経度": 140.863297, "url": "https://www.iryou.teikyouseido.mhlw.go.jp/znk-web/juminkanja/S2430/initialize?prefCd=04&kikanCd=2801733&kikanKbn=2", "url2": "https://kousei-sendai.jp", "内容": "医療法人西隆会　厚生仙台クリニック【2:診療所】【診療科目:0】宮城県仙台市青葉区柏木１丁目５－４５" }, "geometry": { "type": "Point", "coordinates": [ 140.863297, 38.275108 ] } },
{ "type": "Feature", "properties": { "ID": 42801734, "正式名称": "会川クリニック内科呼吸器科", "機関区分": 2, "都道府県コード": 4, "市区町村コード": 101, "所在地": "宮城県仙台市青葉区北山１－４－１２", "緯度": 38.281011, "経度": 140.857657, "url": "https://www.iryou.teikyouseido.mhlw.go.jp/znk-web/juminkanja/S2430/initialize?prefCd=04&kikanCd=2801734&kikanKbn=2", "url2": "http://miyagi.doctor-search.tv/details/1.aspx", "内容": "会川クリニック内科呼吸器科【2:診療所】【診療科目:0】宮城県仙台市青葉区北山１－４－１２" }, "geometry": { "type": "Point", "coordinates": [ 140.857657, 38.281011 ] } },
{ "type": "Feature", "properties": { "ID": 42801735, "正式名称": "医療法人　社団　相田内科医院", "機関区分": 2, "都道府県コード": 4, "市区町村コード": 101, "所在地": "宮城県仙台市青葉区荒巻本沢３丁目１６－５", "緯度": 38.292889, "経度": 140.855438, "url": "https://www.iryou.teikyouseido.mhlw.go.jp/znk-web/juminkanja/S2430/initialize?prefCd=04&kikanCd=2801735&kikanKbn=2", "url2": "http://www.aida-naika.jp/", "内容": "医療法人　社団　相田内科医院【2:診療所】【診療科目:0】宮城県仙台市青葉区荒巻本沢３丁目１６－５" }, "geometry": { "type": "Point", "coordinates": [ 140.855438, 38.292889 ] } },
{ "type": "Feature", "properties": { "ID": 42801740, "正式名称": "医療法人社団　優藍会　なかの皮ふ科・形成外科", "機関区分": 2, "都道府県コード": 4, "市区町村コード": 101, "所在地": "宮城県仙台市青葉区南吉成３－１－２３", "緯度": 38.286079, "経度": 140.81723, "url": "https://www.iryou.teikyouseido.mhlw.go.jp/znk-web/juminkanja/S2430/initialize?prefCd=04&kikanCd=2801740&kikanKbn=2", "url2": null, "内容": "医療法人社団　優藍会　なかの皮ふ科・形成外科【2:診療所】【診療科目:0】宮城県仙台市青葉区南吉成３－１－２３" }, "geometry": { "type": "Point", "coordinates": [ 140.81723, 38.286079 ] } },
{ "type": "Feature", "properties": { "ID": 42801743, "正式名称": "医療法人社団恵泉会　南吉成しまむら整形外科", "機関区分": 2, "都道府県コード": 4, "市区町村コード": 101, "所在地": "宮城県仙台市青葉区南吉成", "緯度": 38.286079, "経度": 140.81723, "url": "https://www.iryou.teikyouseido.mhlw.go.jp/znk-web/juminkanja/S2430/initialize?prefCd=04&kikanCd=2801743&kikanKbn=2", "url2": "http://www.medical-square.com/", "内容": "医療法人社団恵泉会　南吉成しまむら整形外科【2:診療所】【診療科目:0】宮城県仙台市青葉区南吉成" }, "geometry": { "type": "Point", "coordinates": [ 140.81723, 38.286079 ] } },
{ "type": "Feature", "properties": { "ID": 42801747, "正式名称": "佐藤眼科医院", "機関区分": 2, "都道府県コード": 4, "市区町村コード": 101, "所在地": "宮城県仙台市青葉区荒巻神明町２０－１", "緯度": 38.287827, "経度": 140.858398, "url": "https://www.iryou.teikyouseido.mhlw.go.jp/znk-web/juminkanja/S2430/initialize?prefCd=04&kikanCd=2801747&kikanKbn=2", "url2": null, "内容": "佐藤眼科医院【2:診療所】【診療科目:0】宮城県仙台市青葉区荒巻神明町２０－１" }, "geometry": { "type": "Point", "coordinates": [ 140.858398, 38.287827 ] } },
{ "type": "Feature", "properties": { "ID": 42801748, "正式名称": "佐藤医院", "機関区分": 2, "都道府県コード": 4, "市区町村コード": 101, "所在地": "宮城県仙台市青葉区中山４丁目１０－３３", "緯度": 38.291893, "経度": 140.842194, "url": "https://www.iryou.teikyouseido.mhlw.go.jp/znk-web/juminkanja/S2430/initialize?prefCd=04&kikanCd=2801748&kikanKbn=2", "url2": null, "内容": "佐藤医院【2:診療所】【診療科目:0】宮城県仙台市青葉区中山４丁目１０－３３" }, "geometry": { "type": "Point", "coordinates": [ 140.842194, 38.291893 ] } },
{ "type": "Feature", "properties": { "ID": 42801749, "正式名称": "みみ・はな・のど北仙台クリニック", "機関区分": 2, "都道府県コード": 4, "市区町村コード": 101, "所在地": "宮城県仙台市青葉区堤町１－１－２　エムズ北仙台４階", "緯度": 38.282585, "経度": 140.869308, "url": "https://www.iryou.teikyouseido.mhlw.go.jp/znk-web/juminkanja/S2430/initialize?prefCd=04&kikanCd=2801749&kikanKbn=2", "url2": "http://www.mimihananodo-kitasendai.jp", "内容": "みみ・はな・のど北仙台クリニック【2:診療所】【診療科目:0】宮城県仙台市青葉区堤町１－１－２　エムズ北仙台４階" }, "geometry": { "type": "Point", "coordinates": [ 140.869308, 38.282585 ] } },
{ "type": "Feature", "properties": { "ID": 42801751, "正式名称": "医療法人社団慶健会栗生内科胃腸科医院", "機関区分": 2, "都道府県コード": 4, "市区町村コード": 101, "所在地": "宮城県仙台市青葉区落合６丁目１－１", "緯度": 38.268936, "経度": 140.784805, "url": "https://www.iryou.teikyouseido.mhlw.go.jp/znk-web/juminkanja/S2430/initialize?prefCd=04&kikanCd=2801751&kikanKbn=2", "url2": null, "内容": "医療法人社団慶健会栗生内科胃腸科医院【2:診療所】【診療科目:0】宮城県仙台市青葉区落合６丁目１－１" }, "geometry": { "type": "Point", "coordinates": [ 140.784805, 38.268936 ] } },
{ "type": "Feature", "properties": { "ID": 42801758, "正式名称": "医療法人めときこどもクリニック", "機関区分": 2, "都道府県コード": 4, "市区町村コード": 101, "所在地": "宮城県仙台市青葉区国見ケ丘１丁目１４－４", "緯度": 38.295509, "経度": 140.830505, "url": "https://www.iryou.teikyouseido.mhlw.go.jp/znk-web/juminkanja/S2430/initialize?prefCd=04&kikanCd=2801758&kikanKbn=2", "url2": "metoko-cl.com", "内容": "医療法人めときこどもクリニック【2:診療所】【診療科目:0】宮城県仙台市青葉区国見ケ丘１丁目１４－４" }, "geometry": { "type": "Point", "coordinates": [ 140.830505, 38.295509 ] } },
{ "type": "Feature", "properties": { "ID": 42801759, "正式名称": "森ウイメンズクリニック", "機関区分": 2, "都道府県コード": 4, "市区町村コード": 101, "所在地": "宮城県仙台市青葉区南吉成３丁目１－２３", "緯度": 38.286079, "経度": 140.81723, "url": "https://www.iryou.teikyouseido.mhlw.go.jp/znk-web/juminkanja/S2430/initialize?prefCd=04&kikanCd=2801759&kikanKbn=2", "url2": "http://www.medical-square.com/mori/", "内容": "森ウイメンズクリニック【2:診療所】【診療科目:0】宮城県仙台市青葉区南吉成３丁目１－２３" }, "geometry": { "type": "Point", "coordinates": [ 140.81723, 38.286079 ] } },
{ "type": "Feature", "properties": { "ID": 42801760, "正式名称": "医療法人　矢野内科クリニック", "機関区分": 2, "都道府県コード": 4, "市区町村コード": 101, "所在地": "宮城県仙台市青葉区中山台２丁目２６－１４", "緯度": 38.30183, "経度": 140.817856, "url": "https://www.iryou.teikyouseido.mhlw.go.jp/znk-web/juminkanja/S2430/initialize?prefCd=04&kikanCd=2801760&kikanKbn=2", "url2": null, "内容": "医療法人　矢野内科クリニック【2:診療所】【診療科目:0】宮城県仙台市青葉区中山台２丁目２６－１４" }, "geometry": { "type": "Point", "coordinates": [ 140.817856, 38.30183 ] } },
{ "type": "Feature", "properties": { "ID": 42801761, "正式名称": "むとう眼科医院", "機関区分": 2, "都道府県コード": 4, "市区町村コード": 101, "所在地": "宮城県仙台市青葉区国見ケ丘１丁目４－１１", "緯度": 38.295589, "経度": 140.827698, "url": "https://www.iryou.teikyouseido.mhlw.go.jp/znk-web/juminkanja/S2430/initialize?prefCd=04&kikanCd=2801761&kikanKbn=2", "url2": null, "内容": "むとう眼科医院【2:診療所】【診療科目:0】宮城県仙台市青葉区国見ケ丘１丁目４－１１" }, "geometry": { "type": "Point", "coordinates": [ 140.827698, 38.295589 ] } },
{ "type": "Feature", "properties": { "ID": 42801762, "正式名称": "南吉成クリニック", "機関区分": 2, "都道府県コード": 4, "市区町村コード": 101, "所在地": "宮城県仙台市青葉区南吉成３丁目９－５", "緯度": 38.288639, "経度": 140.816711, "url": "https://www.iryou.teikyouseido.mhlw.go.jp/znk-web/juminkanja/S2430/initialize?prefCd=04&kikanCd=2801762&kikanKbn=2", "url2": "http://myncl.byoinnavi.jp/pc/index.html", "内容": "南吉成クリニック【2:診療所】【診療科目:0】宮城県仙台市青葉区南吉成３丁目９－５" }, "geometry": { "type": "Point", "coordinates": [ 140.816711, 38.288639 ] } },
{ "type": "Feature", "properties": { "ID": 42801763, "正式名称": "さくやま小児科クリニック", "機関区分": 2, "都道府県コード": 4, "市区町村コード": 101, "所在地": "宮城県仙台市青葉区南吉成４丁目１３－２", "緯度": 38.288933, "経度": 140.81546, "url": "https://www.iryou.teikyouseido.mhlw.go.jp/znk-web/juminkanja/S2430/initialize?prefCd=04&kikanCd=2801763&kikanKbn=2", "url2": null, "内容": "さくやま小児科クリニック【2:診療所】【診療科目:0】宮城県仙台市青葉区南吉成４丁目１３－２" }, "geometry": { "type": "Point", "coordinates": [ 140.81546, 38.288933 ] } },
{ "type": "Feature", "properties": { "ID": 42801764, "正式名称": "公益財団法人宮城県結核予防会複十字健診センター", "機関区分": 2, "都道府県コード": 4, "市区町村コード": 101, "所在地": "宮城県仙台市青葉区中山吉成２丁目３－１", "緯度": 38.296364, "経度": 140.821121, "url": "https://www.iryou.teikyouseido.mhlw.go.jp/znk-web/juminkanja/S2430/initialize?prefCd=04&kikanCd=2801764&kikanKbn=2", "url2": "http://www.jata-miyagi.org", "内容": "公益財団法人宮城県結核予防会複十字健診センター【2:診療所】【診療科目:0】宮城県仙台市青葉区中山吉成２丁目３－１" }, "geometry": { "type": "Point", "coordinates": [ 140.821121, 38.296364 ] } },
{ "type": "Feature", "properties": { "ID": 42801765, "正式名称": "医療法人　社団　仙台腎泌尿器科", "機関区分": 2, "都道府県コード": 4, "市区町村コード": 101, "所在地": "宮城県仙台市青葉区南吉成３丁目１－３２", "緯度": 38.286789, "経度": 140.816681, "url": "https://www.iryou.teikyouseido.mhlw.go.jp/znk-web/juminkanja/S2430/initialize?prefCd=04&kikanCd=2801765&kikanKbn=2", "url2": "https://sendai-jin.jp", "内容": "医療法人　社団　仙台腎泌尿器科【2:診療所】【診療科目:0】宮城県仙台市青葉区南吉成３丁目１－３２" }, "geometry": { "type": "Point", "coordinates": [ 140.816681, 38.286789 ] } },
{ "type": "Feature", "properties": { "ID": 42801766, "正式名称": "東西クリニック仙台", "機関区分": 2, "都道府県コード": 4, "市区町村コード": 101, "所在地": "宮城県仙台市青葉区南吉成３丁目１－２３", "緯度": 38.286079, "経度": 140.81723, "url": "https://www.iryou.teikyouseido.mhlw.go.jp/znk-web/juminkanja/S2430/initialize?prefCd=04&kikanCd=2801766&kikanKbn=2", "url2": "http://www.tozai-clinic.com", "内容": "東西クリニック仙台【2:診療所】【診療科目:0】宮城県仙台市青葉区南吉成３丁目１－２３" }, "geometry": { "type": "Point", "coordinates": [ 140.81723, 38.286079 ] } },
{ "type": "Feature", "properties": { "ID": 42801771, "正式名称": "医療法人　ひろせ中央クリニック", "機関区分": 2, "都道府県コード": 4, "市区町村コード": 101, "所在地": "宮城県仙台市青葉区落合２丁目４－１２", "緯度": 38.271881, "経度": 140.794418, "url": "https://www.iryou.teikyouseido.mhlw.go.jp/znk-web/juminkanja/S2430/initialize?prefCd=04&kikanCd=2801771&kikanKbn=2", "url2": "http://www.hirosecyuouclinic.jp", "内容": "医療法人　ひろせ中央クリニック【2:診療所】【診療科目:0】宮城県仙台市青葉区落合２丁目４－１２" }, "geometry": { "type": "Point", "coordinates": [ 140.794418, 38.271881 ] } },
{ "type": "Feature", "properties": { "ID": 42801772, "正式名称": "医療法人社団あきもとクリニック", "機関区分": 2, "都道府県コード": 4, "市区町村コード": 101, "所在地": "宮城県仙台市青葉区栗生七丁目１０ー７", "緯度": 38.26889, "経度": 140.778, "url": "https://www.iryou.teikyouseido.mhlw.go.jp/znk-web/juminkanja/S2430/initialize?prefCd=04&kikanCd=2801772&kikanKbn=2", "url2": "http://www.akimoc.com/", "内容": "医療法人社団あきもとクリニック【2:診療所】【診療科目:0】宮城県仙台市青葉区栗生七丁目１０ー７" }, "geometry": { "type": "Point", "coordinates": [ 140.778, 38.26889 ] } },
{ "type": "Feature", "properties": { "ID": 42801773, "正式名称": "医療法人　伍星会　あやし眼科クリニック", "機関区分": 2, "都道府県コード": 4, "市区町村コード": 101, "所在地": "宮城県仙台市青葉区栗生７丁目１０－２", "緯度": 38.268798, "経度": 140.779023, "url": "https://www.iryou.teikyouseido.mhlw.go.jp/znk-web/juminkanja/S2430/initialize?prefCd=04&kikanCd=2801773&kikanKbn=2", "url2": "http://www.ayashi-eyeclinic.jp/", "内容": "医療法人　伍星会　あやし眼科クリニック【2:診療所】【診療科目:0】宮城県仙台市青葉区栗生７丁目１０－２" }, "geometry": { "type": "Point", "coordinates": [ 140.779023, 38.268798 ] } },
{ "type": "Feature", "properties": { "ID": 42801774, "正式名称": "あやし小児科医院", "機関区分": 2, "都道府県コード": 4, "市区町村コード": 101, "所在地": "宮城県仙台市青葉区愛子中央６丁目２－１７", "緯度": 38.272507, "経度": 140.761139, "url": "https://www.iryou.teikyouseido.mhlw.go.jp/znk-web/juminkanja/S2430/initialize?prefCd=04&kikanCd=2801774&kikanKbn=2", "url2": "https://ayashipc.amebaownd.com/", "内容": "あやし小児科医院【2:診療所】【診療科目:0】宮城県仙台市青葉区愛子中央６丁目２－１７" }, "geometry": { "type": "Point", "coordinates": [ 140.761139, 38.272507 ] } },
{ "type": "Feature", "properties": { "ID": 42801775, "正式名称": "愛子整形外科", "機関区分": 2, "都道府県コード": 4, "市区町村コード": 101, "所在地": "宮城県仙台市青葉区愛子東１丁目４－４５", "緯度": 38.273163, "経度": 140.780762, "url": "https://www.iryou.teikyouseido.mhlw.go.jp/znk-web/juminkanja/S2430/initialize?prefCd=04&kikanCd=2801775&kikanKbn=2", "url2": null, "内容": "愛子整形外科【2:診療所】【診療科目:0】宮城県仙台市青葉区愛子東１丁目４－４５" }, "geometry": { "type": "Point", "coordinates": [ 140.780762, 38.273163 ] } },
{ "type": "Feature", "properties": { "ID": 42801776, "正式名称": "せせらぎクリニック　泌尿器科・内科", "機関区分": 2, "都道府県コード": 4, "市区町村コード": 101, "所在地": "宮城県仙台市青葉区愛子東１丁目４－２７", "緯度": 38.272913, "経度": 140.780282, "url": "https://www.iryou.teikyouseido.mhlw.go.jp/znk-web/juminkanja/S2430/initialize?prefCd=04&kikanCd=2801776&kikanKbn=2", "url2": "http://seseragi-urology.com", "内容": "せせらぎクリニック　泌尿器科・内科【2:診療所】【診療科目:0】宮城県仙台市青葉区愛子東１丁目４－２７" }, "geometry": { "type": "Point", "coordinates": [ 140.780282, 38.272913 ] } },
{ "type": "Feature", "properties": { "ID": 42801778, "正式名称": "岩崎医院", "機関区分": 2, "都道府県コード": 4, "市区町村コード": 101, "所在地": "宮城県仙台市青葉区愛子中央　６−７−２３", "緯度": 38.272087, "経度": 140.757385, "url": "https://www.iryou.teikyouseido.mhlw.go.jp/znk-web/juminkanja/S2430/initialize?prefCd=04&kikanCd=2801778&kikanKbn=2", "url2": "http://iwasaki-iin.com", "内容": "岩崎医院【2:診療所】【診療科目:0】宮城県仙台市青葉区愛子中央　６−７−２３" }, "geometry": { "type": "Point", "coordinates": [ 140.757385, 38.272087 ] } },
{ "type": "Feature", "properties": { "ID": 42801779, "正式名称": "医療法人社団　長生会　仙台けやきクリニック", "機関区分": 2, "都道府県コード": 4, "市区町村コード": 101, "所在地": "宮城県仙台市青葉区栗生６丁目７－２", "緯度": 38.26775, "経度": 140.785065, "url": "https://www.iryou.teikyouseido.mhlw.go.jp/znk-web/juminkanja/S2430/initialize?prefCd=04&kikanCd=2801779&kikanKbn=2", "url2": null, "内容": "医療法人社団　長生会　仙台けやきクリニック【2:診療所】【診療科目:0】宮城県仙台市青葉区栗生６丁目７－２" }, "geometry": { "type": "Point", "coordinates": [ 140.785065, 38.26775 ] } },
{ "type": "Feature", "properties": { "ID": 42801780, "正式名称": "医療法人社団くりう耳鼻科", "機関区分": 2, "都道府県コード": 4, "市区町村コード": 101, "所在地": "宮城県仙台市青葉区栗生５丁目８－１０　ロワールＴＮビル２Ｆ", "緯度": 38.26619, "経度": 140.790314, "url": "https://www.iryou.teikyouseido.mhlw.go.jp/znk-web/juminkanja/S2430/initialize?prefCd=04&kikanCd=2801780&kikanKbn=2", "url2": null, "内容": "医療法人社団くりう耳鼻科【2:診療所】【診療科目:0】宮城県仙台市青葉区栗生５丁目８－１０　ロワールＴＮビル２Ｆ" }, "geometry": { "type": "Point", "coordinates": [ 140.790314, 38.26619 ] } },
{ "type": "Feature", "properties": { "ID": 42801781, "正式名称": "医療法人社団曽木会　高野原曽木医院", "機関区分": 2, "都道府県コード": 4, "市区町村コード": 101, "所在地": "宮城県仙台市青葉区高野原４丁目１０－１４", "緯度": 38.290512, "経度": 140.754501, "url": "https://www.iryou.teikyouseido.mhlw.go.jp/znk-web/juminkanja/S2430/initialize?prefCd=04&kikanCd=2801781&kikanKbn=2", "url2": "http://sogi.webmedipr.jp", "内容": "医療法人社団曽木会　高野原曽木医院【2:診療所】【診療科目:0】宮城県仙台市青葉区高野原４丁目１０－１４" }, "geometry": { "type": "Point", "coordinates": [ 140.754501, 38.290512 ] } },
{ "type": "Feature", "properties": { "ID": 42801790, "正式名称": "医療法人共和会　宮城共立医院", "機関区分": 2, "都道府県コード": 4, "市区町村コード": 101, "所在地": "宮城県仙台市青葉区上愛子字上遠野原９－７６", "緯度": 38.272064, "経度": 140.724747, "url": "https://www.iryou.teikyouseido.mhlw.go.jp/znk-web/juminkanja/S2430/initialize?prefCd=04&kikanCd=2801790&kikanKbn=2", "url2": null, "内容": "医療法人共和会　宮城共立医院【2:診療所】【診療科目:0】宮城県仙台市青葉区上愛子字上遠野原９－７６" }, "geometry": { "type": "Point", "coordinates": [ 140.724747, 38.272064 ] } },
{ "type": "Feature", "properties": { "ID": 42801792, "正式名称": "三浦りょう内科クリニック", "機関区分": 2, "都道府県コード": 4, "市区町村コード": 101, "所在地": "宮城県仙台市青葉区栗生６丁目１３ー８", "緯度": 38.266842, "経度": 140.781382, "url": "https://www.iryou.teikyouseido.mhlw.go.jp/znk-web/juminkanja/S2430/initialize?prefCd=04&kikanCd=2801792&kikanKbn=2", "url2": null, "内容": "三浦りょう内科クリニック【2:診療所】【診療科目:0】宮城県仙台市青葉区栗生６丁目１３ー８" }, "geometry": { "type": "Point", "coordinates": [ 140.781382, 38.266842 ] } },
{ "type": "Feature", "properties": { "ID": 42801795, "正式名称": "すずきクリニック", "機関区分": 2, "都道府県コード": 4, "市区町村コード": 101, "所在地": "宮城県仙台市青葉区栗生４丁目１２－３", "緯度": 38.267132, "経度": 140.790833, "url": "https://www.iryou.teikyouseido.mhlw.go.jp/znk-web/juminkanja/S2430/initialize?prefCd=04&kikanCd=2801795&kikanKbn=2", "url2": "http://www.sendai-suzukiclinic.jp", "内容": "すずきクリニック【2:診療所】【診療科目:0】宮城県仙台市青葉区栗生４丁目１２－３" }, "geometry": { "type": "Point", "coordinates": [ 140.790833, 38.267132 ] } },
{ "type": "Feature", "properties": { "ID": 42801796, "正式名称": "医療法人川平内科", "機関区分": 2, "都道府県コード": 4, "市区町村コード": 101, "所在地": "宮城県仙台市青葉区川平３－４０－１０", "緯度": 38.305889, "経度": 140.836212, "url": "https://www.iryou.teikyouseido.mhlw.go.jp/znk-web/juminkanja/S2430/initialize?prefCd=04&kikanCd=2801796&kikanKbn=2", "url2": "http://www.kawadairanaika.com/", "内容": "医療法人川平内科【2:診療所】【診療科目:0】宮城県仙台市青葉区川平３－４０－１０" }, "geometry": { "type": "Point", "coordinates": [ 140.836212, 38.305889 ] } },
{ "type": "Feature", "properties": { "ID": 42801797, "正式名称": "医療法人　やすだクリニック", "機関区分": 2, "都道府県コード": 4, "市区町村コード": 101, "所在地": "宮城県仙台市青葉区桜ケ丘４丁目１９－１６", "緯度": 38.300743, "経度": 140.851578, "url": "https://www.iryou.teikyouseido.mhlw.go.jp/znk-web/juminkanja/S2430/initialize?prefCd=04&kikanCd=2801797&kikanKbn=2", "url2": "http://yasuda-cl.byoinnavi.jp/", "内容": "医療法人　やすだクリニック【2:診療所】【診療科目:0】宮城県仙台市青葉区桜ケ丘４丁目１９－１６" }, "geometry": { "type": "Point", "coordinates": [ 140.851578, 38.300743 ] } },
{ "type": "Feature", "properties": { "ID": 42801799, "正式名称": "みやぎ台かねこ医院", "機関区分": 2, "都道府県コード": 4, "市区町村コード": 101, "所在地": "宮城県仙台市青葉区みやぎ台３－２６－８", "緯度": 38.311516, "経度": 140.768585, "url": "https://www.iryou.teikyouseido.mhlw.go.jp/znk-web/juminkanja/S2430/initialize?prefCd=04&kikanCd=2801799&kikanKbn=2", "url2": null, "内容": "みやぎ台かねこ医院【2:診療所】【診療科目:0】宮城県仙台市青葉区みやぎ台３－２６－８" }, "geometry": { "type": "Point", "coordinates": [ 140.768585, 38.311516 ] } },
{ "type": "Feature", "properties": { "ID": 42801800, "正式名称": "前澤医科歯科クリニック", "機関区分": 2, "都道府県コード": 4, "市区町村コード": 101, "所在地": "宮城県仙台市青葉区赤坂２丁目２３－１０", "緯度": 38.294479, "経度": 140.741409, "url": "https://www.iryou.teikyouseido.mhlw.go.jp/znk-web/juminkanja/S2430/initialize?prefCd=04&kikanCd=2801800&kikanKbn=2", "url2": "http://www.h6.dion.ne.jp/~mza-clnc/", "内容": "前澤医科歯科クリニック【2:診療所】【診療科目:0】宮城県仙台市青葉区赤坂２丁目２３－１０" }, "geometry": { "type": "Point", "coordinates": [ 140.741409, 38.294479 ] } },
{ "type": "Feature", "properties": { "ID": 42801805, "正式名称": "あかかぶクリニック", "機関区分": 2, "都道府県コード": 4, "市区町村コード": 101, "所在地": "宮城県仙台市青葉区中央２丁目６－１９　豊栄堂ビル５階", "緯度": 38.262161, "経度": 140.877182, "url": "https://www.iryou.teikyouseido.mhlw.go.jp/znk-web/juminkanja/S2430/initialize?prefCd=04&kikanCd=2801805&kikanKbn=2", "url2": null, "内容": "あかかぶクリニック【2:診療所】【診療科目:0】宮城県仙台市青葉区中央２丁目６－１９　豊栄堂ビル５階" }, "geometry": { "type": "Point", "coordinates": [ 140.877182, 38.262161 ] } },
{ "type": "Feature", "properties": { "ID": 42801806, "正式名称": "医療法人土橋内科医院", "機関区分": 2, "都道府県コード": 4, "市区町村コード": 101, "所在地": "宮城県仙台市青葉区八幡２丁目１１－８", "緯度": 38.272503, "経度": 140.852798, "url": "https://www.iryou.teikyouseido.mhlw.go.jp/znk-web/juminkanja/S2430/initialize?prefCd=04&kikanCd=2801806&kikanKbn=2", "url2": "http://www.dobashinaika.jp/", "内容": "医療法人土橋内科医院【2:診療所】【診療科目:0】宮城県仙台市青葉区八幡２丁目１１－８" }, "geometry": { "type": "Point", "coordinates": [ 140.852798, 38.272503 ] } },
{ "type": "Feature", "properties": { "ID": 42801807, "正式名称": "長池産婦人科", "機関区分": 2, "都道府県コード": 4, "市区町村コード": 101, "所在地": "宮城県仙台市青葉区中央３丁目４－２", "緯度": 38.25959, "経度": 140.876892, "url": "https://www.iryou.teikyouseido.mhlw.go.jp/znk-web/juminkanja/S2430/initialize?prefCd=04&kikanCd=2801807&kikanKbn=2", "url2": "https://www.nagaike-clinic.com/", "内容": "長池産婦人科【2:診療所】【診療科目:0】宮城県仙台市青葉区中央３丁目４－２" }, "geometry": { "type": "Point", "coordinates": [ 140.876892, 38.25959 ] } },
{ "type": "Feature", "properties": { "ID": 42801808, "正式名称": "とよま整形外科クリニック", "機関区分": 2, "都道府県コード": 4, "市区町村コード": 101, "所在地": "宮城県仙台市青葉区五橋１丁目６－６　五橋ビル１階", "緯度": 38.253059, "経度": 140.880814, "url": "https://www.iryou.teikyouseido.mhlw.go.jp/znk-web/juminkanja/S2430/initialize?prefCd=04&kikanCd=2801808&kikanKbn=2", "url2": "http://toyoma.ptu.jp/", "内容": "とよま整形外科クリニック【2:診療所】【診療科目:0】宮城県仙台市青葉区五橋１丁目６－６　五橋ビル１階" }, "geometry": { "type": "Point", "coordinates": [ 140.880814, 38.253059 ] } },
{ "type": "Feature", "properties": { "ID": 42801809, "正式名称": "ひでゆき眼科クリニック", "機関区分": 2, "都道府県コード": 4, "市区町村コード": 101, "所在地": "宮城県仙台市青葉区中央２丁目４－１１　水晶堂ビル２Ｆ", "緯度": 38.26123, "経度": 140.874786, "url": "https://www.iryou.teikyouseido.mhlw.go.jp/znk-web/juminkanja/S2430/initialize?prefCd=04&kikanCd=2801809&kikanKbn=2", "url2": "http://www.hideyuki-eyeclinic.com", "内容": "ひでゆき眼科クリニック【2:診療所】【診療科目:0】宮城県仙台市青葉区中央２丁目４－１１　水晶堂ビル２Ｆ" }, "geometry": { "type": "Point", "coordinates": [ 140.874786, 38.26123 ] } },
{ "type": "Feature", "properties": { "ID": 42801810, "正式名称": "医療法人柚桜会　中村クリニック", "機関区分": 2, "都道府県コード": 4, "市区町村コード": 101, "所在地": "宮城県仙台市青葉区中央２丁目２－５　あおば通駅前ビル６Ｆ", "緯度": 38.260883, "経度": 140.877182, "url": "https://www.iryou.teikyouseido.mhlw.go.jp/znk-web/juminkanja/S2430/initialize?prefCd=04&kikanCd=2801810&kikanKbn=2", "url2": "http://uo-nakamura.com", "内容": "医療法人柚桜会　中村クリニック【2:診療所】【診療科目:0】宮城県仙台市青葉区中央２丁目２－５　あおば通駅前ビル６Ｆ" }, "geometry": { "type": "Point", "coordinates": [ 140.877182, 38.260883 ] } },
{ "type": "Feature", "properties": { "ID": 42801812, "正式名称": "春樹記念眼科診療所", "機関区分": 2, "都道府県コード": 4, "市区町村コード": 101, "所在地": "宮城県仙台市青葉区中央２丁目８－３２　生活文化ビル", "緯度": 38.261822, "経度": 140.875504, "url": "https://www.iryou.teikyouseido.mhlw.go.jp/znk-web/juminkanja/S2430/initialize?prefCd=04&kikanCd=2801812&kikanKbn=2", "url2": "http://www.heisei-oph.or.jp", "内容": "春樹記念眼科診療所【2:診療所】【診療科目:0】宮城県仙台市青葉区中央２丁目８－３２　生活文化ビル" }, "geometry": { "type": "Point", "coordinates": [ 140.875504, 38.261822 ] } },
{ "type": "Feature", "properties": { "ID": 42801813, "正式名称": "馬場眼科", "機関区分": 2, "都道府県コード": 4, "市区町村コード": 101, "所在地": "宮城県仙台市青葉区中央３丁目１－２４　荘銀ビル４Ｆ", "緯度": 38.260494, "経度": 140.879044, "url": "https://www.iryou.teikyouseido.mhlw.go.jp/znk-web/juminkanja/S2430/initialize?prefCd=04&kikanCd=2801813&kikanKbn=2", "url2": null, "内容": "馬場眼科【2:診療所】【診療科目:0】宮城県仙台市青葉区中央３丁目１－２４　荘銀ビル４Ｆ" }, "geometry": { "type": "Point", "coordinates": [ 140.879044, 38.260494 ] } },
{ "type": "Feature", "properties": { "ID": 42801815, "正式名称": "晩翠通クリニック", "機関区分": 2, "都道府県コード": 4, "市区町村コード": 101, "所在地": "宮城県仙台市青葉区立町１－２３", "緯度": 38.262726, "経度": 140.867203, "url": "https://www.iryou.teikyouseido.mhlw.go.jp/znk-web/juminkanja/S2430/initialize?prefCd=04&kikanCd=2801815&kikanKbn=2", "url2": "http://www.ne.jp/asahi/bansui/clinic", "内容": "晩翠通クリニック【2:診療所】【診療科目:0】宮城県仙台市青葉区立町１－２３" }, "geometry": { "type": "Point", "coordinates": [ 140.867203, 38.262726 ] } },
{ "type": "Feature", "properties": { "ID": 42801817, "正式名称": "広瀬耳鼻咽喉科クリニック", "機関区分": 2, "都道府県コード": 4, "市区町村コード": 101, "所在地": "宮城県仙台市青葉区広瀬町４－８　１０９", "緯度": 38.270352, "経度": 140.856357, "url": "https://www.iryou.teikyouseido.mhlw.go.jp/znk-web/juminkanja/S2430/initialize?prefCd=04&kikanCd=2801817&kikanKbn=2", "url2": "http://www.hiroseclinic.jp/", "内容": "広瀬耳鼻咽喉科クリニック【2:診療所】【診療科目:0】宮城県仙台市青葉区広瀬町４－８　１０９" }, "geometry": { "type": "Point", "coordinates": [ 140.856357, 38.270352 ] } },
{ "type": "Feature", "properties": { "ID": 42801819, "正式名称": "かやま小児科医院", "機関区分": 2, "都道府県コード": 4, "市区町村コード": 101, "所在地": "宮城県仙台市青葉区昭和町２－２７", "緯度": 38.279213, "経度": 140.870087, "url": "https://www.iryou.teikyouseido.mhlw.go.jp/znk-web/juminkanja/S2430/initialize?prefCd=04&kikanCd=2801819&kikanKbn=2", "url2": null, "内容": "かやま小児科医院【2:診療所】【診療科目:0】宮城県仙台市青葉区昭和町２－２７" }, "geometry": { "type": "Point", "coordinates": [ 140.870087, 38.279213 ] } },
{ "type": "Feature", "properties": { "ID": 42801821, "正式名称": "仙台ひまわり眼科", "機関区分": 2, "都道府県コード": 4, "市区町村コード": 101, "所在地": "宮城県仙台市青葉区中央２丁目３－２９榎戸ビル１階２階", "緯度": 38.261089, "経度": 140.876038, "url": "https://www.iryou.teikyouseido.mhlw.go.jp/znk-web/juminkanja/S2430/initialize?prefCd=04&kikanCd=2801821&kikanKbn=2", "url2": null, "内容": "仙台ひまわり眼科【2:診療所】【診療科目:0】宮城県仙台市青葉区中央２丁目３－２９榎戸ビル１階２階" }, "geometry": { "type": "Point", "coordinates": [ 140.876038, 38.261089 ] } },
{ "type": "Feature", "properties": { "ID": 42801824, "正式名称": "古川眼科", "機関区分": 2, "都道府県コード": 4, "市区町村コード": 101, "所在地": "宮城県仙台市青葉区中央１‐７‐４　宮城商事ビル６階", "緯度": 38.262306, "経度": 140.880127, "url": "https://www.iryou.teikyouseido.mhlw.go.jp/znk-web/juminkanja/S2430/initialize?prefCd=04&kikanCd=2801824&kikanKbn=2", "url2": null, "内容": "古川眼科【2:診療所】【診療科目:0】宮城県仙台市青葉区中央１‐７‐４　宮城商事ビル６階" }, "geometry": { "type": "Point", "coordinates": [ 140.880127, 38.262306 ] } },
{ "type": "Feature", "properties": { "ID": 42801825, "正式名称": "りょうベビー＆キッズクリニック", "機関区分": 2, "都道府県コード": 4, "市区町村コード": 101, "所在地": "宮城県仙台市青葉区五橋", "緯度": 38.25193, "経度": 140.880692, "url": "https://www.iryou.teikyouseido.mhlw.go.jp/znk-web/juminkanja/S2430/initialize?prefCd=04&kikanCd=2801825&kikanKbn=2", "url2": "https://ryo-bkc.com", "内容": "りょうベビー＆キッズクリニック【2:診療所】【診療科目:0】宮城県仙台市青葉区五橋" }, "geometry": { "type": "Point", "coordinates": [ 140.880692, 38.25193 ] } },
{ "type": "Feature", "properties": { "ID": 42801826, "正式名称": "医療法人　有麟堂　堀田内科", "機関区分": 2, "都道府県コード": 4, "市区町村コード": 101, "所在地": "宮城県仙台市青葉区立町１２－３", "緯度": 38.262814, "経度": 140.865799, "url": "https://www.iryou.teikyouseido.mhlw.go.jp/znk-web/juminkanja/S2430/initialize?prefCd=04&kikanCd=2801826&kikanKbn=2", "url2": null, "内容": "医療法人　有麟堂　堀田内科【2:診療所】【診療科目:0】宮城県仙台市青葉区立町１２－３" }, "geometry": { "type": "Point", "coordinates": [ 140.865799, 38.262814 ] } },
{ "type": "Feature", "properties": { "ID": 42801828, "正式名称": "医療法人　かんとうクリニック", "機関区分": 2, "都道府県コード": 4, "市区町村コード": 101, "所在地": "宮城県仙台市青葉区本町２丁目１７―２３", "緯度": 38.265675, "経度": 140.87323, "url": "https://www.iryou.teikyouseido.mhlw.go.jp/znk-web/juminkanja/S2430/initialize?prefCd=04&kikanCd=2801828&kikanKbn=2", "url2": "http://kanto-clinic.jp/", "内容": "医療法人　かんとうクリニック【2:診療所】【診療科目:0】宮城県仙台市青葉区本町２丁目１７―２３" }, "geometry": { "type": "Point", "coordinates": [ 140.87323, 38.265675 ] } },
{ "type": "Feature", "properties": { "ID": 42801829, "正式名称": "明神クリニック", "機関区分": 2, "都道府県コード": 4, "市区町村コード": 101, "所在地": "宮城県仙台市青葉区中央２丁目６－３６　中央レントビル６階", "緯度": 38.261967, "経度": 140.878342, "url": "https://www.iryou.teikyouseido.mhlw.go.jp/znk-web/juminkanja/S2430/initialize?prefCd=04&kikanCd=2801829&kikanKbn=2", "url2": "http://www.sendai-mc.com", "内容": "明神クリニック【2:診療所】【診療科目:0】宮城県仙台市青葉区中央２丁目６－３６　中央レントビル６階" }, "geometry": { "type": "Point", "coordinates": [ 140.878342, 38.261967 ] } },
{ "type": "Feature", "properties": { "ID": 42801830, "正式名称": "美容皮膚科　リゼクリニック　仙台", "機関区分": 2, "都道府県コード": 4, "市区町村コード": 101, "所在地": "宮城県仙台市青葉区中央３丁目６番１２号　仙台南町通ビル８階", "緯度": 38.263908, "経度": 140.873306, "url": "https://www.iryou.teikyouseido.mhlw.go.jp/znk-web/juminkanja/S2430/initialize?prefCd=04&kikanCd=2801830&kikanKbn=2", "url2": "https://www.rizeclinic.com/locations/sendai/", "内容": "美容皮膚科　リゼクリニック　仙台【2:診療所】【診療科目:0】宮城県仙台市青葉区中央３丁目６番１２号　仙台南町通ビル８階" }, "geometry": { "type": "Point", "coordinates": [ 140.873306, 38.263908 ] } },
{ "type": "Feature", "properties": { "ID": 42801831, "正式名称": "医療法人社団　青葉通クリニック", "機関区分": 2, "都道府県コード": 4, "市区町村コード": 101, "所在地": "宮城県仙台市青葉区一番町三丁目八の二", "緯度": 38.26128, "経度": 140.872421, "url": "https://www.iryou.teikyouseido.mhlw.go.jp/znk-web/juminkanja/S2430/initialize?prefCd=04&kikanCd=2801831&kikanKbn=2", "url2": null, "内容": "医療法人社団　青葉通クリニック【2:診療所】【診療科目:0】宮城県仙台市青葉区一番町三丁目八の二" }, "geometry": { "type": "Point", "coordinates": [ 140.872421, 38.26128 ] } },
{ "type": "Feature", "properties": { "ID": 42801832, "正式名称": "上杉脳外科クリニック", "機関区分": 2, "都道府県コード": 4, "市区町村コード": 101, "所在地": "宮城県仙台市青葉区上杉１丁目６－１０　３Ｆ", "緯度": 38.270515, "経度": 140.869949, "url": "https://www.iryou.teikyouseido.mhlw.go.jp/znk-web/juminkanja/S2430/initialize?prefCd=04&kikanCd=2801832&kikanKbn=2", "url2": "http://www.kncl.jp", "内容": "上杉脳外科クリニック【2:診療所】【診療科目:0】宮城県仙台市青葉区上杉１丁目６－１０　３Ｆ" }, "geometry": { "type": "Point", "coordinates": [ 140.869949, 38.270515 ] } },
{ "type": "Feature", "properties": { "ID": 42801833, "正式名称": "医療法人社団あおばクリニック　あおばクリニック仙台院", "機関区分": 2, "都道府県コード": 4, "市区町村コード": 101, "所在地": "宮城県仙台市青葉区中央３丁目７－５　仙台パルコ２　５階", "緯度": 38.258972, "経度": 140.879562, "url": "https://www.iryou.teikyouseido.mhlw.go.jp/znk-web/juminkanja/S2430/initialize?prefCd=04&kikanCd=2801833&kikanKbn=2", "url2": null, "内容": "医療法人社団あおばクリニック　あおばクリニック仙台院【2:診療所】【診療科目:0】宮城県仙台市青葉区中央３丁目７－５　仙台パルコ２　５階" }, "geometry": { "type": "Point", "coordinates": [ 140.879562, 38.258972 ] } },
{ "type": "Feature", "properties": { "ID": 42801835, "正式名称": "青葉通けやきクリニック", "機関区分": 2, "都道府県コード": 4, "市区町村コード": 101, "所在地": "宮城県仙台市青葉区大町１丁目１－８　第３青葉ビル４階", "緯度": 38.259483, "経度": 140.870041, "url": "https://www.iryou.teikyouseido.mhlw.go.jp/znk-web/juminkanja/S2430/initialize?prefCd=04&kikanCd=2801835&kikanKbn=2", "url2": "http://www.keyakicl.com/", "内容": "青葉通けやきクリニック【2:診療所】【診療科目:0】宮城県仙台市青葉区大町１丁目１－８　第３青葉ビル４階" }, "geometry": { "type": "Point", "coordinates": [ 140.870041, 38.259483 ] } },
{ "type": "Feature", "properties": { "ID": 42801836, "正式名称": "鬼怒川眼科医院", "機関区分": 2, "都道府県コード": 4, "市区町村コード": 101, "所在地": "宮城県仙台市青葉区本町１丁目２－３", "緯度": 38.263321, "経度": 140.878601, "url": "https://www.iryou.teikyouseido.mhlw.go.jp/znk-web/juminkanja/S2430/initialize?prefCd=04&kikanCd=2801836&kikanKbn=2", "url2": "https://www.kinukawa-ganka.jp", "内容": "鬼怒川眼科医院【2:診療所】【診療科目:0】宮城県仙台市青葉区本町１丁目２－３" }, "geometry": { "type": "Point", "coordinates": [ 140.878601, 38.263321 ] } },
{ "type": "Feature", "properties": { "ID": 42801838, "正式名称": "木町さとうクリニック", "機関区分": 2, "都道府県コード": 4, "市区町村コード": 101, "所在地": "宮城県仙台市青葉区木町通１丁目８－１５　木町通オフィスビル３階", "緯度": 38.270329, "経度": 140.862106, "url": "https://www.iryou.teikyouseido.mhlw.go.jp/znk-web/juminkanja/S2430/initialize?prefCd=04&kikanCd=2801838&kikanKbn=2", "url2": "http://kampozempan-clinic.com", "内容": "木町さとうクリニック【2:診療所】【診療科目:0】宮城県仙台市青葉区木町通１丁目８－１５　木町通オフィスビル３階" }, "geometry": { "type": "Point", "coordinates": [ 140.862106, 38.270329 ] } },
{ "type": "Feature", "properties": { "ID": 42801839, "正式名称": "医療法人社団　レディースクリニック京野　京野アートクリニック仙台", "機関区分": 2, "都道府県コード": 4, "市区町村コード": 101, "所在地": "宮城県仙台市青葉区本町１－１－１　アジュール仙台３階", "緯度": 38.263596, "経度": 140.879913, "url": "https://www.iryou.teikyouseido.mhlw.go.jp/znk-web/juminkanja/S2430/initialize?prefCd=04&kikanCd=2801839&kikanKbn=2", "url2": "https://www.ivf-kyono.jp/", "内容": "医療法人社団　レディースクリニック京野　京野アートクリニック仙台【2:診療所】【診療科目:0】宮城県仙台市青葉区本町１－１－１　アジュール仙台３階" }, "geometry": { "type": "Point", "coordinates": [ 140.879913, 38.263596 ] } },
{ "type": "Feature", "properties": { "ID": 42801843, "正式名称": "小泉内科医院", "機関区分": 2, "都道府県コード": 4, "市区町村コード": 101, "所在地": "宮城県仙台市青葉区上杉４－２－４７", "緯度": 38.271156, "経度": 140.88089, "url": "https://www.iryou.teikyouseido.mhlw.go.jp/znk-web/juminkanja/S2430/initialize?prefCd=04&kikanCd=2801843&kikanKbn=2", "url2": "http://www.koizumi-naika-iin.com", "内容": "小泉内科医院【2:診療所】【診療科目:0】宮城県仙台市青葉区上杉４－２－４７" }, "geometry": { "type": "Point", "coordinates": [ 140.88089, 38.271156 ] } },
{ "type": "Feature", "properties": { "ID": 42801844, "正式名称": "向仁会永井産婦人科", "機関区分": 2, "都道府県コード": 4, "市区町村コード": 101, "所在地": "宮城県仙台市青葉区支倉町４－３", "緯度": 38.269789, "経度": 140.861715, "url": "https://www.iryou.teikyouseido.mhlw.go.jp/znk-web/juminkanja/S2430/initialize?prefCd=04&kikanCd=2801844&kikanKbn=2", "url2": "http://www.nagai-obgyne.com/", "内容": "向仁会永井産婦人科【2:診療所】【診療科目:0】宮城県仙台市青葉区支倉町４－３" }, "geometry": { "type": "Point", "coordinates": [ 140.861715, 38.269789 ] } },
{ "type": "Feature", "properties": { "ID": 42801847, "正式名称": "わだゆうこ眼科クリニック", "機関区分": 2, "都道府県コード": 4, "市区町村コード": 101, "所在地": "宮城県仙台市青葉区上杉１－４－２８－３階", "緯度": 38.269577, "経度": 140.871124, "url": "https://www.iryou.teikyouseido.mhlw.go.jp/znk-web/juminkanja/S2430/initialize?prefCd=04&kikanCd=2801847&kikanKbn=2", "url2": "http://www.yukow-oph.jp/", "内容": "わだゆうこ眼科クリニック【2:診療所】【診療科目:0】宮城県仙台市青葉区上杉１－４－２８－３階" }, "geometry": { "type": "Point", "coordinates": [ 140.871124, 38.269577 ] } },
{ "type": "Feature", "properties": { "ID": 42801851, "正式名称": "医療法人社団イギスクリニック", "機関区分": 2, "都道府県コード": 4, "市区町村コード": 101, "所在地": "宮城県仙台市青葉区上杉６丁目２－２６", "緯度": 38.275707, "経度": 140.873947, "url": "https://www.iryou.teikyouseido.mhlw.go.jp/znk-web/juminkanja/S2430/initialize?prefCd=04&kikanCd=2801851&kikanKbn=2", "url2": null, "内容": "医療法人社団イギスクリニック【2:診療所】【診療科目:0】宮城県仙台市青葉区上杉６丁目２－２６" }, "geometry": { "type": "Point", "coordinates": [ 140.873947, 38.275707 ] } },
{ "type": "Feature", "properties": { "ID": 42801853, "正式名称": "医療法人社団人愛会　石川内科　はちまん石川内科クリニック", "機関区分": 2, "都道府県コード": 4, "市区町村コード": 101, "所在地": "宮城県仙台市青葉区八幡２－１８ー２", "緯度": 38.274158, "経度": 140.849655, "url": "https://www.iryou.teikyouseido.mhlw.go.jp/znk-web/juminkanja/S2430/initialize?prefCd=04&kikanCd=2801853&kikanKbn=2", "url2": "http://www.ishikawa-medical.jp", "内容": "医療法人社団人愛会　石川内科　はちまん石川内科クリニック【2:診療所】【診療科目:0】宮城県仙台市青葉区八幡２－１８ー２" }, "geometry": { "type": "Point", "coordinates": [ 140.849655, 38.274158 ] } },
{ "type": "Feature", "properties": { "ID": 42801854, "正式名称": "セルプロケアデンタルクリニック漢方内科", "機関区分": 2, "都道府県コード": 4, "市区町村コード": 101, "所在地": "宮城県仙台市青葉区一番町３丁目７－１　電力ビル１階", "緯度": 38.261962, "経度": 140.873527, "url": "https://www.iryou.teikyouseido.mhlw.go.jp/znk-web/juminkanja/S2430/initialize?prefCd=04&kikanCd=2801854&kikanKbn=2", "url2": "http://www.ichikawanaika.dr-clinic.jp", "内容": "セルプロケアデンタルクリニック漢方内科【2:診療所】【診療科目:0】宮城県仙台市青葉区一番町３丁目７－１　電力ビル１階" }, "geometry": { "type": "Point", "coordinates": [ 140.873527, 38.261962 ] } },
{ "type": "Feature", "properties": { "ID": 42801855, "正式名称": "一番町メンタルクリニック", "機関区分": 2, "都道府県コード": 4, "市区町村コード": 101, "所在地": "宮城県仙台市青葉区一番町２丁目４－１９　３Ｆ", "緯度": 38.259403, "経度": 140.87265, "url": "https://www.iryou.teikyouseido.mhlw.go.jp/znk-web/juminkanja/S2430/initialize?prefCd=04&kikanCd=2801855&kikanKbn=2", "url2": "http://www.i-mental-c.jp", "内容": "一番町メンタルクリニック【2:診療所】【診療科目:0】宮城県仙台市青葉区一番町２丁目４－１９　３Ｆ" }, "geometry": { "type": "Point", "coordinates": [ 140.87265, 38.259403 ] } },
{ "type": "Feature", "properties": { "ID": 42801856, "正式名称": "医療法人社団北仁会　胃腸科内科　北川医院", "機関区分": 2, "都道府県コード": 4, "市区町村コード": 101, "所在地": "宮城県仙台市青葉区中央３丁目８－２０", "緯度": 38.258728, "経度": 140.87767, "url": "https://www.iryou.teikyouseido.mhlw.go.jp/znk-web/juminkanja/S2430/initialize?prefCd=04&kikanCd=2801856&kikanKbn=2", "url2": "http://www.kitagawa-iin.jp", "内容": "医療法人社団北仁会　胃腸科内科　北川医院【2:診療所】【診療科目:0】宮城県仙台市青葉区中央３丁目８－２０" }, "geometry": { "type": "Point", "coordinates": [ 140.87767, 38.258728 ] } },
{ "type": "Feature", "properties": { "ID": 42801858, "正式名称": "五橋神経科クリニック", "機関区分": 2, "都道府県コード": 4, "市区町村コード": 101, "所在地": "宮城県仙台市青葉区五橋２丁目１－４", "緯度": 38.252537, "経度": 140.88031, "url": "https://www.iryou.teikyouseido.mhlw.go.jp/znk-web/juminkanja/S2430/initialize?prefCd=04&kikanCd=2801858&kikanKbn=2", "url2": null, "内容": "五橋神経科クリニック【2:診療所】【診療科目:0】宮城県仙台市青葉区五橋２丁目１－４" }, "geometry": { "type": "Point", "coordinates": [ 140.88031, 38.252537 ] } },
{ "type": "Feature", "properties": { "ID": 42801859, "正式名称": "片平丁伊藤整形外科", "機関区分": 2, "都道府県コード": 4, "市区町村コード": 101, "所在地": "宮城県仙台市青葉区一番町１丁目１５－１５", "緯度": 38.256104, "経度": 140.871109, "url": "https://www.iryou.teikyouseido.mhlw.go.jp/znk-web/juminkanja/S2430/initialize?prefCd=04&kikanCd=2801859&kikanKbn=2", "url2": "http://nttbj.itp.ne.jp/0227962388", "内容": "片平丁伊藤整形外科【2:診療所】【診療科目:0】宮城県仙台市青葉区一番町１丁目１５－１５" }, "geometry": { "type": "Point", "coordinates": [ 140.871109, 38.256104 ] } },
{ "type": "Feature", "properties": { "ID": 42801860, "正式名称": "医療法人社団　今井眼科医院", "機関区分": 2, "都道府県コード": 4, "市区町村コード": 101, "所在地": "宮城県仙台市青葉区中央二丁目１１－１　オルタス仙台ビル８階", "緯度": 38.262569, "経度": 140.877823, "url": "https://www.iryou.teikyouseido.mhlw.go.jp/znk-web/juminkanja/S2430/initialize?prefCd=04&kikanCd=2801860&kikanKbn=2", "url2": "http://imai-ganka.jp/", "内容": "医療法人社団　今井眼科医院【2:診療所】【診療科目:0】宮城県仙台市青葉区中央二丁目１１－１　オルタス仙台ビル８階" }, "geometry": { "type": "Point", "coordinates": [ 140.877823, 38.262569 ] } },
{ "type": "Feature", "properties": { "ID": 42801864, "正式名称": "医療法人社団嘉数会かかず整形外科", "機関区分": 2, "都道府県コード": 4, "市区町村コード": 101, "所在地": "宮城県仙台市青葉区八幡３－４－１３", "緯度": 38.269325, "経度": 140.845139, "url": "https://www.iryou.teikyouseido.mhlw.go.jp/znk-web/juminkanja/S2430/initialize?prefCd=04&kikanCd=2801864&kikanKbn=2", "url2": "http://www.akahige.net", "内容": "医療法人社団嘉数会かかず整形外科【2:診療所】【診療科目:0】宮城県仙台市青葉区八幡３－４－１３" }, "geometry": { "type": "Point", "coordinates": [ 140.845139, 38.269325 ] } },
{ "type": "Feature", "properties": { "ID": 42801866, "正式名称": "上杉胃腸科内科クリニック", "機関区分": 2, "都道府県コード": 4, "市区町村コード": 101, "所在地": "宮城県仙台市青葉区上杉１丁目６－１０　ＥＡＲＴＨ　ＢＬＵＥ　仙台勾当台３Ｆ", "緯度": 38.270515, "経度": 140.869949, "url": "https://www.iryou.teikyouseido.mhlw.go.jp/znk-web/juminkanja/S2430/initialize?prefCd=04&kikanCd=2801866&kikanKbn=2", "url2": "http://www.kamisugiclinic..com/", "内容": "上杉胃腸科内科クリニック【2:診療所】【診療科目:0】宮城県仙台市青葉区上杉１丁目６－１０　ＥＡＲＴＨ　ＢＬＵＥ　仙台勾当台３Ｆ" }, "geometry": { "type": "Point", "coordinates": [ 140.869949, 38.270515 ] } },
{ "type": "Feature", "properties": { "ID": 42801868, "正式名称": "内山内科医院", "機関区分": 2, "都道府県コード": 4, "市区町村コード": 101, "所在地": "宮城県仙台市青葉区広瀬町４番１号", "緯度": 38.27034, "経度": 140.855759, "url": "https://www.iryou.teikyouseido.mhlw.go.jp/znk-web/juminkanja/S2430/initialize?prefCd=04&kikanCd=2801868&kikanKbn=2", "url2": null, "内容": "内山内科医院【2:診療所】【診療科目:0】宮城県仙台市青葉区広瀬町４番１号" }, "geometry": { "type": "Point", "coordinates": [ 140.855759, 38.27034 ] } },
{ "type": "Feature", "properties": { "ID": 42801869, "正式名称": "大内医院", "機関区分": 2, "都道府県コード": 4, "市区町村コード": 101, "所在地": "宮城県仙台市青葉区福沢町１－３４", "緯度": 38.274422, "経度": 140.885834, "url": "https://www.iryou.teikyouseido.mhlw.go.jp/znk-web/juminkanja/S2430/initialize?prefCd=04&kikanCd=2801869&kikanKbn=2", "url2": null, "内容": "大内医院【2:診療所】【診療科目:0】宮城県仙台市青葉区福沢町１－３４" }, "geometry": { "type": "Point", "coordinates": [ 140.885834, 38.274422 ] } },
{ "type": "Feature", "properties": { "ID": 42801870, "正式名称": "医療法人社団漆山医院", "機関区分": 2, "都道府県コード": 4, "市区町村コード": 101, "所在地": "宮城県仙台市青葉区木町通１丁目４－２０", "緯度": 38.269573, "経度": 140.862289, "url": "https://www.iryou.teikyouseido.mhlw.go.jp/znk-web/juminkanja/S2430/initialize?prefCd=04&kikanCd=2801870&kikanKbn=2", "url2": "https://www.urushiyama-iin1961.com", "内容": "医療法人社団漆山医院【2:診療所】【診療科目:0】宮城県仙台市青葉区木町通１丁目４－２０" }, "geometry": { "type": "Point", "coordinates": [ 140.862289, 38.269573 ] } },
{ "type": "Feature", "properties": { "ID": 42801871, "正式名称": "医療法人社団イースト会　イースト駅前クリニック仙台院", "機関区分": 2, "都道府県コード": 4, "市区町村コード": 101, "所在地": "宮城県仙台市青葉区中央一丁目７番１８号　日吉第一ビル４階", "緯度": 38.262051, "経度": 140.878937, "url": "https://www.iryou.teikyouseido.mhlw.go.jp/znk-web/juminkanja/S2430/initialize?prefCd=04&kikanCd=2801871&kikanKbn=2", "url2": "https://www.eastcl.com/sendai", "内容": "医療法人社団イースト会　イースト駅前クリニック仙台院【2:診療所】【診療科目:0】宮城県仙台市青葉区中央一丁目７番１８号　日吉第一ビル４階" }, "geometry": { "type": "Point", "coordinates": [ 140.878937, 38.262051 ] } },
{ "type": "Feature", "properties": { "ID": 42801872, "正式名称": "ＬＣクリニック仙台", "機関区分": 2, "都道府県コード": 4, "市区町村コード": 101, "所在地": "宮城県仙台市青葉区中央アエル１１Ｆ", "緯度": 38.262684, "経度": 140.881271, "url": "https://www.iryou.teikyouseido.mhlw.go.jp/znk-web/juminkanja/S2430/initialize?prefCd=04&kikanCd=2801872&kikanKbn=2", "url2": "http://www.lc-sendai.jp", "内容": "ＬＣクリニック仙台【2:診療所】【診療科目:0】宮城県仙台市青葉区中央アエル１１Ｆ" }, "geometry": { "type": "Point", "coordinates": [ 140.881271, 38.262684 ] } },
{ "type": "Feature", "properties": { "ID": 42801873, "正式名称": "遠藤外科医院", "機関区分": 2, "都道府県コード": 4, "市区町村コード": 101, "所在地": "宮城県仙台市青葉区小田原６丁目５－３７", "緯度": 38.271908, "経度": 140.888306, "url": "https://www.iryou.teikyouseido.mhlw.go.jp/znk-web/juminkanja/S2430/initialize?prefCd=04&kikanCd=2801873&kikanKbn=2", "url2": null, "内容": "遠藤外科医院【2:診療所】【診療科目:0】宮城県仙台市青葉区小田原６丁目５－３７" }, "geometry": { "type": "Point", "coordinates": [ 140.888306, 38.271908 ] } },
{ "type": "Feature", "properties": { "ID": 42801874, "正式名称": "医療法人社団創輝会　ＴＨＥ　ＢＥＡＵＴＹ　ＣＬＩＮＩＣ", "機関区分": 2, "都道府県コード": 4, "市区町村コード": 101, "所在地": "宮城県仙台市青葉区中央１－３－１　ＡＥＲ１９Ｆ", "緯度": 38.262684, "経度": 140.881271, "url": "https://www.iryou.teikyouseido.mhlw.go.jp/znk-web/juminkanja/S2430/initialize?prefCd=04&kikanCd=2801874&kikanKbn=2", "url2": "https://souki-kai.or.jp/beauty-clinic/", "内容": "医療法人社団創輝会　ＴＨＥ　ＢＥＡＵＴＹ　ＣＬＩＮＩＣ【2:診療所】【診療科目:0】宮城県仙台市青葉区中央１－３－１　ＡＥＲ１９Ｆ" }, "geometry": { "type": "Point", "coordinates": [ 140.881271, 38.262684 ] } },
{ "type": "Feature", "properties": { "ID": 42801876, "正式名称": "大橋眼科医院", "機関区分": 2, "都道府県コード": 4, "市区町村コード": 101, "所在地": "宮城県仙台市青葉区中央２丁目９－３４", "緯度": 38.26236, "経度": 140.874939, "url": "https://www.iryou.teikyouseido.mhlw.go.jp/znk-web/juminkanja/S2430/initialize?prefCd=04&kikanCd=2801876&kikanKbn=2", "url2": "https://ohashi-eye-clinic.jp", "内容": "大橋眼科医院【2:診療所】【診療科目:0】宮城県仙台市青葉区中央２丁目９－３４" }, "geometry": { "type": "Point", "coordinates": [ 140.874939, 38.26236 ] } },
{ "type": "Feature", "properties": { "ID": 42801877, "正式名称": "おおひら内科クリニック", "機関区分": 2, "都道府県コード": 4, "市区町村コード": 101, "所在地": "宮城県仙台市青葉区二日町１６－２７", "緯度": 38.270985, "経度": 140.865707, "url": "https://www.iryou.teikyouseido.mhlw.go.jp/znk-web/juminkanja/S2430/initialize?prefCd=04&kikanCd=2801877&kikanKbn=2", "url2": "http://www.oohiraclinic.jp", "内容": "おおひら内科クリニック【2:診療所】【診療科目:0】宮城県仙台市青葉区二日町１６－２７" }, "geometry": { "type": "Point", "coordinates": [ 140.865707, 38.270985 ] } },
{ "type": "Feature", "properties": { "ID": 42801880, "正式名称": "小野よしあき内科クリニック", "機関区分": 2, "都道府県コード": 4, "市区町村コード": 101, "所在地": "宮城県仙台市青葉区米ケ袋２丁目３－４　米ケ袋ベルサンテ１Ｆ", "緯度": 38.250336, "経度": 140.871643, "url": "https://www.iryou.teikyouseido.mhlw.go.jp/znk-web/juminkanja/S2430/initialize?prefCd=04&kikanCd=2801880&kikanKbn=2", "url2": "http://www.onoimc.jp", "内容": "小野よしあき内科クリニック【2:診療所】【診療科目:0】宮城県仙台市青葉区米ケ袋２丁目３－４　米ケ袋ベルサンテ１Ｆ" }, "geometry": { "type": "Point", "coordinates": [ 140.871643, 38.250336 ] } },
{ "type": "Feature", "properties": { "ID": 42801883, "正式名称": "医療法人　花壇医院", "機関区分": 2, "都道府県コード": 4, "市区町村コード": 101, "所在地": "宮城県仙台市青葉区花壇５－３", "緯度": 38.256234, "経度": 140.86343, "url": "https://www.iryou.teikyouseido.mhlw.go.jp/znk-web/juminkanja/S2430/initialize?prefCd=04&kikanCd=2801883&kikanKbn=2", "url2": "https://www.kadaniin.com", "内容": "医療法人　花壇医院【2:診療所】【診療科目:0】宮城県仙台市青葉区花壇５－３" }, "geometry": { "type": "Point", "coordinates": [ 140.86343, 38.256234 ] } },
{ "type": "Feature", "properties": { "ID": 42801884, "正式名称": "一般社団法人Ｂｅｌｌ　あやし腎・泌尿器クリニック", "機関区分": 2, "都道府県コード": 4, "市区町村コード": 101, "所在地": "宮城県仙台市青葉区下愛子字観音堂２６－１", "緯度": 38.267816, "経度": 140.761647, "url": "https://www.iryou.teikyouseido.mhlw.go.jp/znk-web/juminkanja/S2430/initialize?prefCd=04&kikanCd=2801884&kikanKbn=2", "url2": "http://ayashicl.jp", "内容": "一般社団法人Ｂｅｌｌ　あやし腎・泌尿器クリニック【2:診療所】【診療科目:0】宮城県仙台市青葉区下愛子字観音堂２６－１" }, "geometry": { "type": "Point", "coordinates": [ 140.761647, 38.267816 ] } },
{ "type": "Feature", "properties": { "ID": 42801885, "正式名称": "あおば・南吉成ペインクリニック", "機関区分": 2, "都道府県コード": 4, "市区町村コード": 101, "所在地": "宮城県仙台市青葉区南吉成６－６－１０", "緯度": 38.286732, "経度": 140.813004, "url": "https://www.iryou.teikyouseido.mhlw.go.jp/znk-web/juminkanja/S2430/initialize?prefCd=04&kikanCd=2801885&kikanKbn=2", "url2": "https://aobaminamiyoshinari-pc.jp/", "内容": "あおば・南吉成ペインクリニック【2:診療所】【診療科目:0】宮城県仙台市青葉区南吉成６－６－１０" }, "geometry": { "type": "Point", "coordinates": [ 140.813004, 38.286732 ] } },
{ "type": "Feature", "properties": { "ID": 42801886, "正式名称": "かねとう腎泌尿器クリニック", "機関区分": 2, "都道府県コード": 4, "市区町村コード": 101, "所在地": "宮城県仙台市青葉区中央３丁目１―２１ＵＳビル・ナインティーン２ーＡ", "緯度": 38.260545, "経度": 140.878679, "url": "https://www.iryou.teikyouseido.mhlw.go.jp/znk-web/juminkanja/S2430/initialize?prefCd=04&kikanCd=2801886&kikanKbn=2", "url2": "https://www.akaza-mc.com/kanetou", "内容": "かねとう腎泌尿器クリニック【2:診療所】【診療科目:0】宮城県仙台市青葉区中央３丁目１―２１ＵＳビル・ナインティーン２ーＡ" }, "geometry": { "type": "Point", "coordinates": [ 140.878679, 38.260545 ] } },
{ "type": "Feature", "properties": { "ID": 42801889, "正式名称": "河北診療所　耳鼻咽喉科", "機関区分": 2, "都道府県コード": 4, "市区町村コード": 101, "所在地": "宮城県仙台市青葉区五橋１丁目２－２８", "緯度": 38.255321, "経度": 140.878277, "url": "https://www.iryou.teikyouseido.mhlw.go.jp/znk-web/juminkanja/S2430/initialize?prefCd=04&kikanCd=2801889&kikanKbn=2", "url2": "http://www.kahoku-jibika.jp", "内容": "河北診療所　耳鼻咽喉科【2:診療所】【診療科目:0】宮城県仙台市青葉区五橋１丁目２－２８" }, "geometry": { "type": "Point", "coordinates": [ 140.878277, 38.255321 ] } },
{ "type": "Feature", "properties": { "ID": 42801891, "正式名称": "さいとう脳神経外科クリニック", "機関区分": 2, "都道府県コード": 4, "市区町村コード": 101, "所在地": "宮城県仙台市青葉区吉成台１丁目１－２０", "緯度": 38.292789, "経度": 140.8228, "url": "https://www.iryou.teikyouseido.mhlw.go.jp/znk-web/juminkanja/S2430/initialize?prefCd=04&kikanCd=2801891&kikanKbn=2", "url2": "https://www.saito-nsclinic.jp", "内容": "さいとう脳神経外科クリニック【2:診療所】【診療科目:0】宮城県仙台市青葉区吉成台１丁目１－２０" }, "geometry": { "type": "Point", "coordinates": [ 140.8228, 38.292789 ] } },
{ "type": "Feature", "properties": { "ID": 42801892, "正式名称": "医療法人社団　交鐘会　あおぞら在宅診療所　仙台中央", "機関区分": 2, "都道府県コード": 4, "市区町村コード": 101, "所在地": "宮城県仙台市青葉区堤通雨宮町８－１　ＷＩＮＧ９９・２０２号", "緯度": 38.279022, "経度": 140.872406, "url": "https://www.iryou.teikyouseido.mhlw.go.jp/znk-web/juminkanja/S2430/initialize?prefCd=04&kikanCd=2801892&kikanKbn=2", "url2": "http://www.aozoracl.jp", "内容": "医療法人社団　交鐘会　あおぞら在宅診療所　仙台中央【2:診療所】【診療科目:0】宮城県仙台市青葉区堤通雨宮町８－１　ＷＩＮＧ９９・２０２号" }, "geometry": { "type": "Point", "coordinates": [ 140.872406, 38.279022 ] } },
{ "type": "Feature", "properties": { "ID": 42801895, "正式名称": "医療法人社団十二会　ゴリラクリニック仙台院", "機関区分": 2, "都道府県コード": 4, "市区町村コード": 101, "所在地": "宮城県仙台市青葉区中央２丁目４－５　アルボーレ仙台４Ｆ", "緯度": 38.261436, "経度": 140.875381, "url": "https://www.iryou.teikyouseido.mhlw.go.jp/znk-web/juminkanja/S2430/initialize?prefCd=04&kikanCd=2801895&kikanKbn=2", "url2": "https://gorilla.clinic/clinic/sendai/", "内容": "医療法人社団十二会　ゴリラクリニック仙台院【2:診療所】【診療科目:0】宮城県仙台市青葉区中央２丁目４－５　アルボーレ仙台４Ｆ" }, "geometry": { "type": "Point", "coordinates": [ 140.875381, 38.261436 ] } },
{ "type": "Feature", "properties": { "ID": 42801897, "正式名称": "医療法人社団　菊地胃腸科内科医院", "機関区分": 2, "都道府県コード": 4, "市区町村コード": 101, "所在地": "宮城県仙台市青葉区春日町１０－３０", "緯度": 38.267067, "経度": 140.863876, "url": "https://www.iryou.teikyouseido.mhlw.go.jp/znk-web/juminkanja/S2430/initialize?prefCd=04&kikanCd=2801897&kikanKbn=2", "url2": null, "内容": "医療法人社団　菊地胃腸科内科医院【2:診療所】【診療科目:0】宮城県仙台市青葉区春日町１０－３０" }, "geometry": { "type": "Point", "coordinates": [ 140.863876, 38.267067 ] } },
{ "type": "Feature", "properties": { "ID": 42801898, "正式名称": "きたのはら女性クリニック", "機関区分": 2, "都道府県コード": 4, "市区町村コード": 101, "所在地": "宮城県仙台市青葉区国分町２丁目２－５　柴崎ビル８Ｆ", "緯度": 38.262375, "経度": 140.869263, "url": "https://www.iryou.teikyouseido.mhlw.go.jp/znk-web/juminkanja/S2430/initialize?prefCd=04&kikanCd=2801898&kikanKbn=2", "url2": "http://www.kitanohara.com", "内容": "きたのはら女性クリニック【2:診療所】【診療科目:0】宮城県仙台市青葉区国分町２丁目２－５　柴崎ビル８Ｆ" }, "geometry": { "type": "Point", "coordinates": [ 140.869263, 38.262375 ] } },
{ "type": "Feature", "properties": { "ID": 42801899, "正式名称": "木町ささきクリニック", "機関区分": 2, "都道府県コード": 4, "市区町村コード": 101, "所在地": "宮城県仙台市青葉区木町９番２４号", "緯度": 38.27864, "経度": 140.86064, "url": "https://www.iryou.teikyouseido.mhlw.go.jp/znk-web/juminkanja/S2430/initialize?prefCd=04&kikanCd=2801899&kikanKbn=2", "url2": "https://www.kimachisasaki.jp", "内容": "木町ささきクリニック【2:診療所】【診療科目:0】宮城県仙台市青葉区木町９番２４号" }, "geometry": { "type": "Point", "coordinates": [ 140.86064, 38.27864 ] } },
{ "type": "Feature", "properties": { "ID": 42801900, "正式名称": "一番町堀耳鼻咽喉科", "機関区分": 2, "都道府県コード": 4, "市区町村コード": 101, "所在地": "宮城県仙台市青葉区一番町３丁目６－１　一番町平和ビル５階", "緯度": 38.261147, "経度": 140.874008, "url": "https://www.iryou.teikyouseido.mhlw.go.jp/znk-web/juminkanja/S2430/initialize?prefCd=04&kikanCd=2801900&kikanKbn=2", "url2": "http://horijibika.com/", "内容": "一番町堀耳鼻咽喉科【2:診療所】【診療科目:0】宮城県仙台市青葉区一番町３丁目６－１　一番町平和ビル５階" }, "geometry": { "type": "Point", "coordinates": [ 140.874008, 38.261147 ] } },
{ "type": "Feature", "properties": { "ID": 42801904, "正式名称": "医療法人社団豊衛会　佐藤医院", "機関区分": 2, "都道府県コード": 4, "市区町村コード": 212, "所在地": "宮城県登米市豊里町横町６０番地", "緯度": 38.582901, "経度": 141.246521, "url": "https://www.iryou.teikyouseido.mhlw.go.jp/znk-web/juminkanja/S2430/initialize?prefCd=04&kikanCd=2801904&kikanKbn=2", "url2": "http://satohclinic.byoinnavi.jp", "内容": "医療法人社団豊衛会　佐藤医院【2:診療所】【診療科目:0】宮城県登米市豊里町横町６０番地" }, "geometry": { "type": "Point", "coordinates": [ 141.246521, 38.582901 ] } },
{ "type": "Feature", "properties": { "ID": 42801906, "正式名称": "八嶋中央診療所", "機関区分": 2, "都道府県コード": 4, "市区町村コード": 212, "所在地": "宮城県登米市石越町南郷字矢作１３８", "緯度": 38.757206, "経度": 141.179736, "url": "https://www.iryou.teikyouseido.mhlw.go.jp/znk-web/juminkanja/S2430/initialize?prefCd=04&kikanCd=2801906&kikanKbn=2", "url2": null, "内容": "八嶋中央診療所【2:診療所】【診療科目:0】宮城県登米市石越町南郷字矢作１３８" }, "geometry": { "type": "Point", "coordinates": [ 141.179736, 38.757206 ] } },
{ "type": "Feature", "properties": { "ID": 42801910, "正式名称": "桜井医院", "機関区分": 2, "都道府県コード": 4, "市区町村コード": 212, "所在地": "宮城県登米市登米町寺池前舟橋６－１", "緯度": 38.652958, "経度": 141.277039, "url": "https://www.iryou.teikyouseido.mhlw.go.jp/znk-web/juminkanja/S2430/initialize?prefCd=04&kikanCd=2801910&kikanKbn=2", "url2": null, "内容": "桜井医院【2:診療所】【診療科目:0】宮城県登米市登米町寺池前舟橋６－１" }, "geometry": { "type": "Point", "coordinates": [ 141.277039, 38.652958 ] } },
{ "type": "Feature", "properties": { "ID": 42801915, "正式名称": "島医院", "機関区分": 2, "都道府県コード": 4, "市区町村コード": 212, "所在地": "宮城県登米市南方町西山成前１３３", "緯度": 38.661083, "経度": 141.157425, "url": "https://www.iryou.teikyouseido.mhlw.go.jp/znk-web/juminkanja/S2430/initialize?prefCd=04&kikanCd=2801915&kikanKbn=2", "url2": null, "内容": "島医院【2:診療所】【診療科目:0】宮城県登米市南方町西山成前１３３" }, "geometry": { "type": "Point", "coordinates": [ 141.157425, 38.661083 ] } },
{ "type": "Feature", "properties": { "ID": 42801917, "正式名称": "登米市立上沼診療所", "機関区分": 2, "都道府県コード": 4, "市区町村コード": 212, "所在地": "宮城県登米市中田町上沼字新寺山下５９－１", "緯度": 38.733654, "経度": 141.258682, "url": "https://www.iryou.teikyouseido.mhlw.go.jp/znk-web/juminkanja/S2430/initialize?prefCd=04&kikanCd=2801917&kikanKbn=2", "url2": "http://www.city.tome.miyagi.jp/iryou/uwanumacl/", "内容": "登米市立上沼診療所【2:診療所】【診療科目:0】宮城県登米市中田町上沼字新寺山下５９－１" }, "geometry": { "type": "Point", "coordinates": [ 141.258682, 38.733654 ] } },
{ "type": "Feature", "properties": { "ID": 42801918, "正式名称": "みうら眼科医院", "機関区分": 2, "都道府県コード": 4, "市区町村コード": 212, "所在地": "宮城県登米市中田町石森字加賀野二丁目５ー２５", "緯度": 38.700603, "経度": 141.211411, "url": "https://www.iryou.teikyouseido.mhlw.go.jp/znk-web/juminkanja/S2430/initialize?prefCd=04&kikanCd=2801918&kikanKbn=2", "url2": null, "内容": "みうら眼科医院【2:診療所】【診療科目:0】宮城県登米市中田町石森字加賀野二丁目５ー２５" }, "geometry": { "type": "Point", "coordinates": [ 141.211411, 38.700603 ] } },
{ "type": "Feature", "properties": { "ID": 42801919, "正式名称": "医療法人　公孫樹会　大里胃腸科内科婦人科医院", "機関区分": 2, "都道府県コード": 4, "市区町村コード": 205, "所在地": "宮城県気仙沼市内の脇一丁目１５番１号", "緯度": 38.8948, "経度": 141.574908, "url": "https://www.iryou.teikyouseido.mhlw.go.jp/znk-web/juminkanja/S2430/initialize?prefCd=04&kikanCd=2801919&kikanKbn=2", "url2": "https://osato-clinic.com/", "内容": "医療法人　公孫樹会　大里胃腸科内科婦人科医院【2:診療所】【診療科目:0】宮城県気仙沼市内の脇一丁目１５番１号" }, "geometry": { "type": "Point", "coordinates": [ 141.574908, 38.8948 ] } },
{ "type": "Feature", "properties": { "ID": 42801921, "正式名称": "医療法人　武田眼科医院", "機関区分": 2, "都道府県コード": 4, "市区町村コード": 205, "所在地": "宮城県気仙沼市南郷９－７", "緯度": 38.893684, "経度": 141.570572, "url": "https://www.iryou.teikyouseido.mhlw.go.jp/znk-web/juminkanja/S2430/initialize?prefCd=04&kikanCd=2801921&kikanKbn=2", "url2": "http://www.citydo.com/sp/0226-23-3285", "内容": "医療法人　武田眼科医院【2:診療所】【診療科目:0】宮城県気仙沼市南郷９－７" }, "geometry": { "type": "Point", "coordinates": [ 141.570572, 38.893684 ] } },
{ "type": "Feature", "properties": { "ID": 42801923, "正式名称": "医療法人尚仁会森田医院", "機関区分": 2, "都道府県コード": 4, "市区町村コード": 205, "所在地": "宮城県気仙沼市八日町１丁目４－１", "緯度": 38.908099, "経度": 141.571992, "url": "https://www.iryou.teikyouseido.mhlw.go.jp/znk-web/juminkanja/S2430/initialize?prefCd=04&kikanCd=2801923&kikanKbn=2", "url2": "http://www.k-macs.ne.jp/~moritak/", "内容": "医療法人尚仁会森田医院【2:診療所】【診療科目:0】宮城県気仙沼市八日町１丁目４－１" }, "geometry": { "type": "Point", "coordinates": [ 141.571992, 38.908099 ] } },
{ "type": "Feature", "properties": { "ID": 42801932, "正式名称": "医療法人社団新生会　佐藤徹内科クリニック", "機関区分": 2, "都道府県コード": 4, "市区町村コード": 606, "所在地": "宮城県本吉郡南三陸町志津川字沼田１４４－４５", "緯度": 38.689205, "経度": 141.463531, "url": "https://www.iryou.teikyouseido.mhlw.go.jp/znk-web/juminkanja/S2430/initialize?prefCd=04&kikanCd=2801932&kikanKbn=2", "url2": "https://stcl.jp/", "内容": "医療法人社団新生会　佐藤徹内科クリニック【2:診療所】【診療科目:0】宮城県本吉郡南三陸町志津川字沼田１４４－４５" }, "geometry": { "type": "Point", "coordinates": [ 141.463531, 38.689205 ] } },
{ "type": "Feature", "properties": { "ID": 42801935, "正式名称": "小林直樹眼科", "機関区分": 2, "都道府県コード": 4, "市区町村コード": 205, "所在地": "宮城県気仙沼市東新城３丁目１０－８", "緯度": 38.903301, "経度": 141.552994, "url": "https://www.iryou.teikyouseido.mhlw.go.jp/znk-web/juminkanja/S2430/initialize?prefCd=04&kikanCd=2801935&kikanKbn=2", "url2": "http://www.kobayashi-eye.com", "内容": "小林直樹眼科【2:診療所】【診療科目:0】宮城県気仙沼市東新城３丁目１０－８" }, "geometry": { "type": "Point", "coordinates": [ 141.552994, 38.903301 ] } },
{ "type": "Feature", "properties": { "ID": 42801936, "正式名称": "うちクリニック", "機関区分": 2, "都道府県コード": 4, "市区町村コード": 205, "所在地": "宮城県気仙沼市東新城１－６－１３", "緯度": 38.907554, "経度": 141.550636, "url": "https://www.iryou.teikyouseido.mhlw.go.jp/znk-web/juminkanja/S2430/initialize?prefCd=04&kikanCd=2801936&kikanKbn=2", "url2": "http://www.uchiclinic.jp/", "内容": "うちクリニック【2:診療所】【診療科目:0】宮城県気仙沼市東新城１－６－１３" }, "geometry": { "type": "Point", "coordinates": [ 141.550636, 38.907554 ] } },
{ "type": "Feature", "properties": { "ID": 42801937, "正式名称": "こまつ内科医院", "機関区分": 2, "都道府県コード": 4, "市区町村コード": 205, "所在地": "宮城県気仙沼市田谷１１－１１", "緯度": 38.894425, "経度": 141.567237, "url": "https://www.iryou.teikyouseido.mhlw.go.jp/znk-web/juminkanja/S2430/initialize?prefCd=04&kikanCd=2801937&kikanKbn=2", "url2": "https://komatsu-naika.jp/", "内容": "こまつ内科医院【2:診療所】【診療科目:0】宮城県気仙沼市田谷１１－１１" }, "geometry": { "type": "Point", "coordinates": [ 141.567237, 38.894425 ] } },
{ "type": "Feature", "properties": { "ID": 42801940, "正式名称": "南気仙沼内科医院", "機関区分": 2, "都道府県コード": 4, "市区町村コード": 205, "所在地": "宮城県気仙沼市内の脇１丁目６－１５－１", "緯度": 38.896431, "経度": 141.573257, "url": "https://www.iryou.teikyouseido.mhlw.go.jp/znk-web/juminkanja/S2430/initialize?prefCd=04&kikanCd=2801940&kikanKbn=2", "url2": "http://www.mkesen-cl.com", "内容": "南気仙沼内科医院【2:診療所】【診療科目:0】宮城県気仙沼市内の脇１丁目６－１５－１" }, "geometry": { "type": "Point", "coordinates": [ 141.573257, 38.896431 ] } },
{ "type": "Feature", "properties": { "ID": 42801941, "正式名称": "宮城県子ども総合センター附属診療所気仙沼診察室", "機関区分": 2, "都道府県コード": 4, "市区町村コード": 205, "所在地": "宮城県気仙沼市東新城三丁目３番地の３", "緯度": 38.903328, "経度": 141.554153, "url": "https://www.iryou.teikyouseido.mhlw.go.jp/znk-web/juminkanja/S2430/initialize?prefCd=04&kikanCd=2801941&kikanKbn=2", "url2": "https://www.pref.miyagi.jp/soshiki/kodomo_s/", "内容": "宮城県子ども総合センター附属診療所気仙沼診察室【2:診療所】【診療科目:0】宮城県気仙沼市東新城三丁目３番地の３" }, "geometry": { "type": "Point", "coordinates": [ 141.554153, 38.903328 ] } },
{ "type": "Feature", "properties": { "ID": 42801945, "正式名称": "医療法人社団齋藤外科齋藤外科クリニック", "機関区分": 2, "都道府県コード": 4, "市区町村コード": 205, "所在地": "宮城県気仙沼市東新城１丁目１２－１", "緯度": 38.904709, "経度": 141.551514, "url": "https://www.iryou.teikyouseido.mhlw.go.jp/znk-web/juminkanja/S2430/initialize?prefCd=04&kikanCd=2801945&kikanKbn=2", "url2": "http://www.web-clover.net/saitohgekac", "内容": "医療法人社団齋藤外科齋藤外科クリニック【2:診療所】【診療科目:0】宮城県気仙沼市東新城１丁目１２－１" }, "geometry": { "type": "Point", "coordinates": [ 141.551514, 38.904709 ] } },
{ "type": "Feature", "properties": { "ID": 42801946, "正式名称": "医療法人敬仁会大友医院", "機関区分": 2, "都道府県コード": 4, "市区町村コード": 205, "所在地": "宮城県気仙沼市三日町２丁目２－２５", "緯度": 38.905769, "経度": 141.566917, "url": "https://www.iryou.teikyouseido.mhlw.go.jp/znk-web/juminkanja/S2430/initialize?prefCd=04&kikanCd=2801946&kikanKbn=2", "url2": "https://www.ohtomo-clinic.com", "内容": "医療法人敬仁会大友医院【2:診療所】【診療科目:0】宮城県気仙沼市三日町２丁目２－２５" }, "geometry": { "type": "Point", "coordinates": [ 141.566917, 38.905769 ] } },
{ "type": "Feature", "properties": { "ID": 42801947, "正式名称": "小野寺医院", "機関区分": 2, "都道府県コード": 4, "市区町村コード": 205, "所在地": "宮城県気仙沼市赤岩五駄鱈７６－１", "緯度": 38.882366, "経度": 141.574493, "url": "https://www.iryou.teikyouseido.mhlw.go.jp/znk-web/juminkanja/S2430/initialize?prefCd=04&kikanCd=2801947&kikanKbn=2", "url2": null, "内容": "小野寺医院【2:診療所】【診療科目:0】宮城県気仙沼市赤岩五駄鱈７６－１" }, "geometry": { "type": "Point", "coordinates": [ 141.574493, 38.882366 ] } },
{ "type": "Feature", "properties": { "ID": 42801949, "正式名称": "医療法人千圃　鈴木医院", "機関区分": 2, "都道府県コード": 4, "市区町村コード": 205, "所在地": "宮城県気仙沼市長磯原ノ沢５０－２", "緯度": 38.836842, "経度": 141.577133, "url": "https://www.iryou.teikyouseido.mhlw.go.jp/znk-web/juminkanja/S2430/initialize?prefCd=04&kikanCd=2801949&kikanKbn=2", "url2": null, "内容": "医療法人千圃　鈴木医院【2:診療所】【診療科目:0】宮城県気仙沼市長磯原ノ沢５０－２" }, "geometry": { "type": "Point", "coordinates": [ 141.577133, 38.836842 ] } },
{ "type": "Feature", "properties": { "ID": 42801953, "正式名称": "おの眼科クリニック", "機関区分": 2, "都道府県コード": 4, "市区町村コード": 213, "所在地": "宮城県栗原市若柳字川南堤通１９－１", "緯度": 38.77319, "経度": 141.118225, "url": "https://www.iryou.teikyouseido.mhlw.go.jp/znk-web/juminkanja/S2430/initialize?prefCd=04&kikanCd=2801953&kikanKbn=2", "url2": "https://onoganka.net", "内容": "おの眼科クリニック【2:診療所】【診療科目:0】宮城県栗原市若柳字川南堤通１９－１" }, "geometry": { "type": "Point", "coordinates": [ 141.118225, 38.77319 ] } },
{ "type": "Feature", "properties": { "ID": 42801954, "正式名称": "医療法人社団泰清会小野医院", "機関区分": 2, "都道府県コード": 4, "市区町村コード": 205, "所在地": "宮城県気仙沼市唐桑町宿浦４０５ー８", "緯度": 38.90036, "経度": 141.645706, "url": "https://www.iryou.teikyouseido.mhlw.go.jp/znk-web/juminkanja/S2430/initialize?prefCd=04&kikanCd=2801954&kikanKbn=2", "url2": null, "内容": "医療法人社団泰清会小野医院【2:診療所】【診療科目:0】宮城県気仙沼市唐桑町宿浦４０５ー８" }, "geometry": { "type": "Point", "coordinates": [ 141.645706, 38.90036 ] } },
{ "type": "Feature", "properties": { "ID": 42801958, "正式名称": "原田乳腺クリニック", "機関区分": 2, "都道府県コード": 4, "市区町村コード": 207, "所在地": "宮城県名取市手倉田字八幡４２３－１", "緯度": 38.173122, "経度": 140.880051, "url": "https://www.iryou.teikyouseido.mhlw.go.jp/znk-web/juminkanja/S2430/initialize?prefCd=04&kikanCd=2801958&kikanKbn=2", "url2": "https://www.harada-bc.com/", "内容": "原田乳腺クリニック【2:診療所】【診療科目:0】宮城県名取市手倉田字八幡４２３－１" }, "geometry": { "type": "Point", "coordinates": [ 140.880051, 38.173122 ] } },
{ "type": "Feature", "properties": { "ID": 42801993, "正式名称": "やもと内科クリニック", "機関区分": 2, "都道府県コード": 4, "市区町村コード": 214, "所在地": "宮城県東松島市矢本字大溜３２５", "緯度": 38.428318, "経度": 141.215988, "url": "https://www.iryou.teikyouseido.mhlw.go.jp/znk-web/juminkanja/S2430/initialize?prefCd=04&kikanCd=2801993&kikanKbn=2", "url2": "https://www.neo-yamoto-naika.com/", "内容": "やもと内科クリニック【2:診療所】【診療科目:0】宮城県東松島市矢本字大溜３２５" }, "geometry": { "type": "Point", "coordinates": [ 141.215988, 38.428318 ] } },
{ "type": "Feature", "properties": { "ID": 42801995, "正式名称": "りんくう透析クリニック", "機関区分": 2, "都道府県コード": 4, "市区町村コード": 207, "所在地": "宮城県名取市本郷字焼野１３６", "緯度": 38.132637, "経度": 140.876862, "url": "https://www.iryou.teikyouseido.mhlw.go.jp/znk-web/juminkanja/S2430/initialize?prefCd=04&kikanCd=2801995&kikanKbn=2", "url2": null, "内容": "りんくう透析クリニック【2:診療所】【診療科目:0】宮城県名取市本郷字焼野１３６" }, "geometry": { "type": "Point", "coordinates": [ 140.876862, 38.132637 ] } },
{ "type": "Feature", "properties": { "ID": 42802003, "正式名称": "さとうクリニック", "機関区分": 2, "都道府県コード": 4, "市区町村コード": 207, "所在地": "宮城県名取市手倉田字諏訪５６５－１", "緯度": 38.169102, "経度": 140.875305, "url": "https://www.iryou.teikyouseido.mhlw.go.jp/znk-web/juminkanja/S2430/initialize?prefCd=04&kikanCd=2802003&kikanKbn=2", "url2": "https://www.satoclinic-natori.com/", "内容": "さとうクリニック【2:診療所】【診療科目:0】宮城県名取市手倉田字諏訪５６５－１" }, "geometry": { "type": "Point", "coordinates": [ 140.875305, 38.169102 ] } },
{ "type": "Feature", "properties": { "ID": 42802004, "正式名称": "丹野小児科医院", "機関区分": 2, "都道府県コード": 4, "市区町村コード": 207, "所在地": "宮城県名取市大手町３丁目６２０－１", "緯度": 38.164528, "経度": 140.877075, "url": "https://www.iryou.teikyouseido.mhlw.go.jp/znk-web/juminkanja/S2430/initialize?prefCd=04&kikanCd=2802004&kikanKbn=2", "url2": null, "内容": "丹野小児科医院【2:診療所】【診療科目:0】宮城県名取市大手町３丁目６２０－１" }, "geometry": { "type": "Point", "coordinates": [ 140.877075, 38.164528 ] } },
{ "type": "Feature", "properties": { "ID": 42802005, "正式名称": "医療法人　秀友会　那智が丘クリニック", "機関区分": 2, "都道府県コード": 4, "市区町村コード": 207, "所在地": "宮城県名取市那智が丘４丁目１９－１", "緯度": 38.19521, "経度": 140.84111, "url": "https://www.iryou.teikyouseido.mhlw.go.jp/znk-web/juminkanja/S2430/initialize?prefCd=04&kikanCd=2802005&kikanKbn=2", "url2": null, "内容": "医療法人　秀友会　那智が丘クリニック【2:診療所】【診療科目:0】宮城県名取市那智が丘４丁目１９－１" }, "geometry": { "type": "Point", "coordinates": [ 140.84111, 38.19521 ] } },
{ "type": "Feature", "properties": { "ID": 42802006, "正式名称": "毛利内科", "機関区分": 2, "都道府県コード": 4, "市区町村コード": 207, "所在地": "宮城県名取市増田６丁目２－８", "緯度": 38.179195, "経度": 140.885513, "url": "https://www.iryou.teikyouseido.mhlw.go.jp/znk-web/juminkanja/S2430/initialize?prefCd=04&kikanCd=2802006&kikanKbn=2", "url2": null, "内容": "毛利内科【2:診療所】【診療科目:0】宮城県名取市増田６丁目２－８" }, "geometry": { "type": "Point", "coordinates": [ 140.885513, 38.179195 ] } },
{ "type": "Feature", "properties": { "ID": 42802007, "正式名称": "名取中央クリニック", "機関区分": 2, "都道府県コード": 4, "市区町村コード": 207, "所在地": "宮城県名取市増田字柳田８", "緯度": 38.172138, "経度": 140.893585, "url": "https://www.iryou.teikyouseido.mhlw.go.jp/znk-web/juminkanja/S2430/initialize?prefCd=04&kikanCd=2802007&kikanKbn=2", "url2": "http://www.natorichuo-clinic.jp/", "内容": "名取中央クリニック【2:診療所】【診療科目:0】宮城県名取市増田字柳田８" }, "geometry": { "type": "Point", "coordinates": [ 140.893585, 38.172138 ] } },
{ "type": "Feature", "properties": { "ID": 42802010, "正式名称": "なとり耳鼻咽喉科・アレルギー科医院", "機関区分": 2, "都道府県コード": 4, "市区町村コード": 207, "所在地": "宮城県名取市増田字柳田２１０－６", "緯度": 38.170696, "経度": 140.892776, "url": "https://www.iryou.teikyouseido.mhlw.go.jp/znk-web/juminkanja/S2430/initialize?prefCd=04&kikanCd=2802010&kikanKbn=2", "url2": "http://www.natojibi.jp/", "内容": "なとり耳鼻咽喉科・アレルギー科医院【2:診療所】【診療科目:0】宮城県名取市増田字柳田２１０－６" }, "geometry": { "type": "Point", "coordinates": [ 140.892776, 38.170696 ] } },
{ "type": "Feature", "properties": { "ID": 42802011, "正式名称": "医療法人社団祐人会　館腰クリニック", "機関区分": 2, "都道府県コード": 4, "市区町村コード": 207, "所在地": "宮城県名取市植松４－１７－１６", "緯度": 38.143837, "経度": 140.879639, "url": "https://www.iryou.teikyouseido.mhlw.go.jp/znk-web/juminkanja/S2430/initialize?prefCd=04&kikanCd=2802011&kikanKbn=2", "url2": null, "内容": "医療法人社団祐人会　館腰クリニック【2:診療所】【診療科目:0】宮城県名取市植松４－１７－１６" }, "geometry": { "type": "Point", "coordinates": [ 140.879639, 38.143837 ] } },
{ "type": "Feature", "properties": { "ID": 42802012, "正式名称": "名取市休日夜間急患センター", "機関区分": 2, "都道府県コード": 4, "市区町村コード": 207, "所在地": "宮城県名取市下余田字鹿島７４－３", "緯度": 38.172176, "経度": 140.898239, "url": "https://www.iryou.teikyouseido.mhlw.go.jp/znk-web/juminkanja/S2430/initialize?prefCd=04&kikanCd=2802012&kikanKbn=2", "url2": "http://www.city.natori.miyagi.jp", "内容": "名取市休日夜間急患センター【2:診療所】【診療科目:0】宮城県名取市下余田字鹿島７４－３" }, "geometry": { "type": "Point", "coordinates": [ 140.898239, 38.172176 ] } },
{ "type": "Feature", "properties": { "ID": 42802015, "正式名称": "医療法人尚真会たんのクリニック", "機関区分": 2, "都道府県コード": 4, "市区町村コード": 207, "所在地": "宮城県名取市手倉田字諏訪５９９－１", "緯度": 38.167603, "経度": 140.876007, "url": "https://www.iryou.teikyouseido.mhlw.go.jp/znk-web/juminkanja/S2430/initialize?prefCd=04&kikanCd=2802015&kikanKbn=2", "url2": null, "内容": "医療法人尚真会たんのクリニック【2:診療所】【診療科目:0】宮城県名取市手倉田字諏訪５９９－１" }, "geometry": { "type": "Point", "coordinates": [ 140.876007, 38.167603 ] } },
{ "type": "Feature", "properties": { "ID": 42802016, "正式名称": "桑島内科消化器科クリニック", "機関区分": 2, "都道府県コード": 4, "市区町村コード": 207, "所在地": "宮城県名取市箱塚１丁目１９－３５", "緯度": 38.158642, "経度": 140.872665, "url": "https://www.iryou.teikyouseido.mhlw.go.jp/znk-web/juminkanja/S2430/initialize?prefCd=04&kikanCd=2802016&kikanKbn=2", "url2": null, "内容": "桑島内科消化器科クリニック【2:診療所】【診療科目:0】宮城県名取市箱塚１丁目１９－３５" }, "geometry": { "type": "Point", "coordinates": [ 140.872665, 38.158642 ] } },
{ "type": "Feature", "properties": { "ID": 42802017, "正式名称": "あべ脳神経クリニック", "機関区分": 2, "都道府県コード": 4, "市区町村コード": 207, "所在地": "宮城県名取市上余田字市の坪２７０", "緯度": 38.185711, "経度": 140.885345, "url": "https://www.iryou.teikyouseido.mhlw.go.jp/znk-web/juminkanja/S2430/initialize?prefCd=04&kikanCd=2802017&kikanKbn=2", "url2": null, "内容": "あべ脳神経クリニック【2:診療所】【診療科目:0】宮城県名取市上余田字市の坪２７０" }, "geometry": { "type": "Point", "coordinates": [ 140.885345, 38.185711 ] } },
{ "type": "Feature", "properties": { "ID": 42802018, "正式名称": "医療法人徳重会みどり台小児科外科内科", "機関区分": 2, "都道府県コード": 4, "市区町村コード": 207, "所在地": "宮城県名取市みどり台１丁目３－１", "緯度": 38.199364, "経度": 140.833771, "url": "https://www.iryou.teikyouseido.mhlw.go.jp/znk-web/juminkanja/S2430/initialize?prefCd=04&kikanCd=2802018&kikanKbn=2", "url2": null, "内容": "医療法人徳重会みどり台小児科外科内科【2:診療所】【診療科目:0】宮城県名取市みどり台１丁目３－１" }, "geometry": { "type": "Point", "coordinates": [ 140.833771, 38.199364 ] } },
{ "type": "Feature", "properties": { "ID": 42802020, "正式名称": "医療法人社団利府内科胃腸科医院", "機関区分": 2, "都道府県コード": 4, "市区町村コード": 406, "所在地": "宮城県宮城郡利府町中央２丁目８－４", "緯度": 38.329033, "経度": 140.980835, "url": "https://www.iryou.teikyouseido.mhlw.go.jp/znk-web/juminkanja/S2430/initialize?prefCd=04&kikanCd=2802020&kikanKbn=2", "url2": null, "内容": "医療法人社団利府内科胃腸科医院【2:診療所】【診療科目:0】宮城県宮城郡利府町中央２丁目８－４" }, "geometry": { "type": "Point", "coordinates": [ 140.980835, 38.329033 ] } },
{ "type": "Feature", "properties": { "ID": 42802021, "正式名称": "しらかし台医院", "機関区分": 2, "都道府県コード": 4, "市区町村コード": 406, "所在地": "宮城県宮城郡利府町しらかし台", "緯度": 38.346474, "経度": 140.960846, "url": "https://www.iryou.teikyouseido.mhlw.go.jp/znk-web/juminkanja/S2430/initialize?prefCd=04&kikanCd=2802021&kikanKbn=2", "url2": null, "内容": "しらかし台医院【2:診療所】【診療科目:0】宮城県宮城郡利府町しらかし台" }, "geometry": { "type": "Point", "coordinates": [ 140.960846, 38.346474 ] } },
{ "type": "Feature", "properties": { "ID": 42802022, "正式名称": "青葉台クリニック", "機関区分": 2, "都道府県コード": 4, "市区町村コード": 406, "所在地": "宮城県宮城郡利府町青葉台", "緯度": 38.340572, "経度": 140.964767, "url": "https://www.iryou.teikyouseido.mhlw.go.jp/znk-web/juminkanja/S2430/initialize?prefCd=04&kikanCd=2802022&kikanKbn=2", "url2": null, "内容": "青葉台クリニック【2:診療所】【診療科目:0】宮城県宮城郡利府町青葉台" }, "geometry": { "type": "Point", "coordinates": [ 140.964767, 38.340572 ] } },
{ "type": "Feature", "properties": { "ID": 42802023, "正式名称": "りふの内科クリニック", "機関区分": 2, "都道府県コード": 4, "市区町村コード": 406, "所在地": "宮城県宮城郡利府町新中道２丁目１番地２", "緯度": 38.324993, "経度": 140.974533, "url": "https://www.iryou.teikyouseido.mhlw.go.jp/znk-web/juminkanja/S2430/initialize?prefCd=04&kikanCd=2802023&kikanKbn=2", "url2": "http://www.shinrifu.jp/", "内容": "りふの内科クリニック【2:診療所】【診療科目:0】宮城県宮城郡利府町新中道２丁目１番地２" }, "geometry": { "type": "Point", "coordinates": [ 140.974533, 38.324993 ] } },
{ "type": "Feature", "properties": { "ID": 42802024, "正式名称": "医療法人社団にしむら整形外科", "機関区分": 2, "都道府県コード": 4, "市区町村コード": 406, "所在地": "宮城県宮城郡利府町沢乙寺下２－１", "緯度": 38.332798, "経度": 140.972473, "url": "https://www.iryou.teikyouseido.mhlw.go.jp/znk-web/juminkanja/S2430/initialize?prefCd=04&kikanCd=2802024&kikanKbn=2", "url2": null, "内容": "医療法人社団にしむら整形外科【2:診療所】【診療科目:0】宮城県宮城郡利府町沢乙寺下２－１" }, "geometry": { "type": "Point", "coordinates": [ 140.972473, 38.332798 ] } },
{ "type": "Feature", "properties": { "ID": 42802025, "正式名称": "たかだこども医院", "機関区分": 2, "都道府県コード": 4, "市区町村コード": 406, "所在地": "宮城県宮城郡利府町沢乙東１－１４", "緯度": 38.332508, "経度": 140.971168, "url": "https://www.iryou.teikyouseido.mhlw.go.jp/znk-web/juminkanja/S2430/initialize?prefCd=04&kikanCd=2802025&kikanKbn=2", "url2": "http://takadakodomo.byoinnavi.jp/", "内容": "たかだこども医院【2:診療所】【診療科目:0】宮城県宮城郡利府町沢乙東１－１４" }, "geometry": { "type": "Point", "coordinates": [ 140.971168, 38.332508 ] } },
{ "type": "Feature", "properties": { "ID": 42802026, "正式名称": "医療法人　泰山会　神谷沢内科クリニック", "機関区分": 2, "都道府県コード": 4, "市区町村コード": 406, "所在地": "宮城県宮城郡利府町神谷沢字塚元３６－１", "緯度": 38.315514, "経度": 140.956787, "url": "https://www.iryou.teikyouseido.mhlw.go.jp/znk-web/juminkanja/S2430/initialize?prefCd=04&kikanCd=2802026&kikanKbn=2", "url2": null, "内容": "医療法人　泰山会　神谷沢内科クリニック【2:診療所】【診療科目:0】宮城県宮城郡利府町神谷沢字塚元３６－１" }, "geometry": { "type": "Point", "coordinates": [ 140.956787, 38.315514 ] } },
{ "type": "Feature", "properties": { "ID": 42802027, "正式名称": "医療法人　社団　俊仁会　ウィメンズクリニック利府", "機関区分": 2, "都道府県コード": 4, "市区町村コード": 406, "所在地": "宮城県宮城郡利府町沢乙寺下３２－１", "緯度": 38.33279, "経度": 140.973511, "url": "https://www.iryou.teikyouseido.mhlw.go.jp/znk-web/juminkanja/S2430/initialize?prefCd=04&kikanCd=2802027&kikanKbn=2", "url2": "https://www.womensclinic-rifu.com", "内容": "医療法人　社団　俊仁会　ウィメンズクリニック利府【2:診療所】【診療科目:0】宮城県宮城郡利府町沢乙寺下３２－１" }, "geometry": { "type": "Point", "coordinates": [ 140.973511, 38.33279 ] } },
{ "type": "Feature", "properties": { "ID": 42802028, "正式名称": "やすい眼科", "機関区分": 2, "都道府県コード": 4, "市区町村コード": 406, "所在地": "宮城県宮城郡利府町花園１丁目２０１－２", "緯度": 38.333614, "経度": 140.972458, "url": "https://www.iryou.teikyouseido.mhlw.go.jp/znk-web/juminkanja/S2430/initialize?prefCd=04&kikanCd=2802028&kikanKbn=2", "url2": "https://www.yasui-ganka.com", "内容": "やすい眼科【2:診療所】【診療科目:0】宮城県宮城郡利府町花園１丁目２０１－２" }, "geometry": { "type": "Point", "coordinates": [ 140.972458, 38.333614 ] } },
{ "type": "Feature", "properties": { "ID": 42802030, "正式名称": "金沢内科胃腸科", "機関区分": 2, "都道府県コード": 4, "市区町村コード": 207, "所在地": "宮城県名取市小山２丁目３－３２", "緯度": 38.165058, "経度": 140.880066, "url": "https://www.iryou.teikyouseido.mhlw.go.jp/znk-web/juminkanja/S2430/initialize?prefCd=04&kikanCd=2802030&kikanKbn=2", "url2": null, "内容": "金沢内科胃腸科【2:診療所】【診療科目:0】宮城県名取市小山２丁目３－３２" }, "geometry": { "type": "Point", "coordinates": [ 140.880066, 38.165058 ] } },
{ "type": "Feature", "properties": { "ID": 42802031, "正式名称": "医療法人社団　さくら慈愛会　名取さくらみらい眼科", "機関区分": 2, "都道府県コード": 4, "市区町村コード": 207, "所在地": "宮城県名取市杜せきのした５丁目３－１　イオンモール名取１階", "緯度": 38.163727, "経度": 140.895813, "url": "https://www.iryou.teikyouseido.mhlw.go.jp/znk-web/juminkanja/S2430/initialize?prefCd=04&kikanCd=2802031&kikanKbn=2", "url2": "https://sakura-mirai-natori.jp", "内容": "医療法人社団　さくら慈愛会　名取さくらみらい眼科【2:診療所】【診療科目:0】宮城県名取市杜せきのした５丁目３－１　イオンモール名取１階" }, "geometry": { "type": "Point", "coordinates": [ 140.895813, 38.163727 ] } },
{ "type": "Feature", "properties": { "ID": 42802032, "正式名称": "笹川医院", "機関区分": 2, "都道府県コード": 4, "市区町村コード": 207, "所在地": "宮城県名取市増田２丁目３－８　高芳店舗１階", "緯度": 38.172489, "経度": 140.886032, "url": "https://www.iryou.teikyouseido.mhlw.go.jp/znk-web/juminkanja/S2430/initialize?prefCd=04&kikanCd=2802032&kikanKbn=2", "url2": null, "内容": "笹川医院【2:診療所】【診療科目:0】宮城県名取市増田２丁目３－８　高芳店舗１階" }, "geometry": { "type": "Point", "coordinates": [ 140.886032, 38.172489 ] } },
{ "type": "Feature", "properties": { "ID": 42802033, "正式名称": "医療法人　武田内科医院", "機関区分": 2, "都道府県コード": 4, "市区町村コード": 207, "所在地": "宮城県名取市増田２丁目６－１１", "緯度": 38.171219, "経度": 140.884827, "url": "https://www.iryou.teikyouseido.mhlw.go.jp/znk-web/juminkanja/S2430/initialize?prefCd=04&kikanCd=2802033&kikanKbn=2", "url2": null, "内容": "医療法人　武田内科医院【2:診療所】【診療科目:0】宮城県名取市増田２丁目６－１１" }, "geometry": { "type": "Point", "coordinates": [ 140.884827, 38.171219 ] } },
{ "type": "Feature", "properties": { "ID": 42802036, "正式名称": "おやま小児科クリニック", "機関区分": 2, "都道府県コード": 4, "市区町村コード": 421, "所在地": "宮城県黒川郡大和町吉岡字館下２２－５", "緯度": 38.445332, "経度": 140.882706, "url": "https://www.iryou.teikyouseido.mhlw.go.jp/znk-web/juminkanja/S2430/initialize?prefCd=04&kikanCd=2802036&kikanKbn=2", "url2": "https://oyama-pediatrics.jp/", "内容": "おやま小児科クリニック【2:診療所】【診療科目:0】宮城県黒川郡大和町吉岡字館下２２－５" }, "geometry": { "type": "Point", "coordinates": [ 140.882706, 38.445332 ] } },
{ "type": "Feature", "properties": { "ID": 42802040, "正式名称": "かとう眼科医院", "機関区分": 2, "都道府県コード": 4, "市区町村コード": 421, "所在地": "宮城県黒川郡大和町吉岡東２－８－１０", "緯度": 38.436981, "経度": 140.897354, "url": "https://www.iryou.teikyouseido.mhlw.go.jp/znk-web/juminkanja/S2430/initialize?prefCd=04&kikanCd=2802040&kikanKbn=2", "url2": "https://www.kato-ganka.com", "内容": "かとう眼科医院【2:診療所】【診療科目:0】宮城県黒川郡大和町吉岡東２－８－１０" }, "geometry": { "type": "Point", "coordinates": [ 140.897354, 38.436981 ] } },
{ "type": "Feature", "properties": { "ID": 42802041, "正式名称": "さわおとクリニック", "機関区分": 2, "都道府県コード": 4, "市区町村コード": 406, "所在地": "宮城県宮城郡利府町沢乙東１－１２", "緯度": 38.332676, "経度": 140.971375, "url": "https://www.iryou.teikyouseido.mhlw.go.jp/znk-web/juminkanja/S2430/initialize?prefCd=04&kikanCd=2802041&kikanKbn=2", "url2": "https://www.sawaoto-clinic.jp/", "内容": "さわおとクリニック【2:診療所】【診療科目:0】宮城県宮城郡利府町沢乙東１－１２" }, "geometry": { "type": "Point", "coordinates": [ 140.971375, 38.332676 ] } },
{ "type": "Feature", "properties": { "ID": 42802042, "正式名称": "せせらぎ耳鼻科", "機関区分": 2, "都道府県コード": 4, "市区町村コード": 406, "所在地": "宮城県宮城郡利府町沢乙字新北橋８７－１", "緯度": 38.331707, "経度": 140.970886, "url": "https://www.iryou.teikyouseido.mhlw.go.jp/znk-web/juminkanja/S2430/initialize?prefCd=04&kikanCd=2802042&kikanKbn=2", "url2": "http://seseragi-ent.com", "内容": "せせらぎ耳鼻科【2:診療所】【診療科目:0】宮城県宮城郡利府町沢乙字新北橋８７－１" }, "geometry": { "type": "Point", "coordinates": [ 140.970886, 38.331707 ] } },
{ "type": "Feature", "properties": { "ID": 42802043, "正式名称": "医療法人慈裕会ゆうファミリークリニック", "機関区分": 2, "都道府県コード": 4, "市区町村コード": 406, "所在地": "宮城県宮城郡利府町利字新館２－５", "緯度": 38.331833, "経度": 140.976563, "url": "https://www.iryou.teikyouseido.mhlw.go.jp/znk-web/juminkanja/S2430/initialize?prefCd=04&kikanCd=2802043&kikanKbn=2", "url2": "http://www.yu-family-clinic.com", "内容": "医療法人慈裕会ゆうファミリークリニック【2:診療所】【診療科目:0】宮城県宮城郡利府町利字新館２－５" }, "geometry": { "type": "Point", "coordinates": [ 140.976563, 38.331833 ] } },
{ "type": "Feature", "properties": { "ID": 42802044, "正式名称": "加瀬クリニック", "機関区分": 2, "都道府県コード": 4, "市区町村コード": 406, "所在地": "宮城県宮城郡利府町加瀬字北窪１６－１", "緯度": 38.320297, "経度": 140.981339, "url": "https://www.iryou.teikyouseido.mhlw.go.jp/znk-web/juminkanja/S2430/initialize?prefCd=04&kikanCd=2802044&kikanKbn=2", "url2": "kase-clinic-rifu.com", "内容": "加瀬クリニック【2:診療所】【診療科目:0】宮城県宮城郡利府町加瀬字北窪１６－１" }, "geometry": { "type": "Point", "coordinates": [ 140.981339, 38.320297 ] } },
{ "type": "Feature", "properties": { "ID": 42802045, "正式名称": "利府泌尿器科クリニック", "機関区分": 2, "都道府県コード": 4, "市区町村コード": 406, "所在地": "宮城県宮城郡利府町花園１丁目２０１－３", "緯度": 38.333405, "経度": 140.972305, "url": "https://www.iryou.teikyouseido.mhlw.go.jp/znk-web/juminkanja/S2430/initialize?prefCd=04&kikanCd=2802045&kikanKbn=2", "url2": "http://www.rifuclinic.jp/", "内容": "利府泌尿器科クリニック【2:診療所】【診療科目:0】宮城県宮城郡利府町花園１丁目２０１－３" }, "geometry": { "type": "Point", "coordinates": [ 140.972305, 38.333405 ] } },
{ "type": "Feature", "properties": { "ID": 42802053, "正式名称": "塚本耳鼻咽喉科医院", "機関区分": 2, "都道府県コード": 4, "市区町村コード": 421, "所在地": "宮城県黒川郡大和町吉岡字中町６０", "緯度": 38.448997, "経度": 140.884949, "url": "https://www.iryou.teikyouseido.mhlw.go.jp/znk-web/juminkanja/S2430/initialize?prefCd=04&kikanCd=2802053&kikanKbn=2", "url2": null, "内容": "塚本耳鼻咽喉科医院【2:診療所】【診療科目:0】宮城県黒川郡大和町吉岡字中町６０" }, "geometry": { "type": "Point", "coordinates": [ 140.884949, 38.448997 ] } },
{ "type": "Feature", "properties": { "ID": 42802057, "正式名称": "小野寺記念たけなか医院", "機関区分": 2, "都道府県コード": 4, "市区町村コード": 401, "所在地": "宮城県宮城郡松島町高城字町６１", "緯度": 38.384688, "経度": 141.069387, "url": "https://www.iryou.teikyouseido.mhlw.go.jp/znk-web/juminkanja/S2430/initialize?prefCd=04&kikanCd=2802057&kikanKbn=2", "url2": "http://onoderaclinic.org/", "内容": "小野寺記念たけなか医院【2:診療所】【診療科目:0】宮城県宮城郡松島町高城字町６１" }, "geometry": { "type": "Point", "coordinates": [ 141.069387, 38.384688 ] } },
{ "type": "Feature", "properties": { "ID": 42802058, "正式名称": "松島医療生活協同組合松島海岸診療所", "機関区分": 2, "都道府県コード": 4, "市区町村コード": 401, "所在地": "宮城県宮城郡松島町松島字普賢堂２－１１", "緯度": 38.372025, "経度": 141.06369, "url": "https://www.iryou.teikyouseido.mhlw.go.jp/znk-web/juminkanja/S2430/initialize?prefCd=04&kikanCd=2802058&kikanKbn=2", "url2": "http://xn--sjt9en6nk7fqsi68nn67a.jp/", "内容": "松島医療生活協同組合松島海岸診療所【2:診療所】【診療科目:0】宮城県宮城郡松島町松島字普賢堂２－１１" }, "geometry": { "type": "Point", "coordinates": [ 141.06369, 38.372025 ] } },
{ "type": "Feature", "properties": { "ID": 42802059, "正式名称": "医療法人社団　中山クリニック", "機関区分": 2, "都道府県コード": 4, "市区町村コード": 401, "所在地": "宮城県宮城郡松島町磯崎字磯崎２－８", "緯度": 38.379124, "経度": 141.073944, "url": "https://www.iryou.teikyouseido.mhlw.go.jp/znk-web/juminkanja/S2430/initialize?prefCd=04&kikanCd=2802059&kikanKbn=2", "url2": "www.nakayama-cl.jp", "内容": "医療法人社団　中山クリニック【2:診療所】【診療科目:0】宮城県宮城郡松島町磯崎字磯崎２－８" }, "geometry": { "type": "Point", "coordinates": [ 141.073944, 38.379124 ] } },
{ "type": "Feature", "properties": { "ID": 42802064, "正式名称": "菊地内科医院", "機関区分": 2, "都道府県コード": 4, "市区町村コード": 362, "所在地": "宮城県亘理郡山元町浅生原作田山２－７２", "緯度": 37.962986, "経度": 140.87674, "url": "https://www.iryou.teikyouseido.mhlw.go.jp/znk-web/juminkanja/S2430/initialize?prefCd=04&kikanCd=2802064&kikanKbn=2", "url2": null, "内容": "菊地内科医院【2:診療所】【診療科目:0】宮城県亘理郡山元町浅生原作田山２－７２" }, "geometry": { "type": "Point", "coordinates": [ 140.87674, 37.962986 ] } },
{ "type": "Feature", "properties": { "ID": 42802066, "正式名称": "医療法人社団松村クリニック", "機関区分": 2, "都道府県コード": 4, "市区町村コード": 362, "所在地": "宮城県亘理郡山元町坂元字道合３７", "緯度": 37.925915, "経度": 140.897034, "url": "https://www.iryou.teikyouseido.mhlw.go.jp/znk-web/juminkanja/S2430/initialize?prefCd=04&kikanCd=2802066&kikanKbn=2", "url2": "https://matsumura-clinic.jp", "内容": "医療法人社団松村クリニック【2:診療所】【診療科目:0】宮城県亘理郡山元町坂元字道合３７" }, "geometry": { "type": "Point", "coordinates": [ 140.897034, 37.925915 ] } },
{ "type": "Feature", "properties": { "ID": 42802071, "正式名称": "医療法人社団　俊香会　杉山医院", "機関区分": 2, "都道府県コード": 4, "市区町村コード": 422, "所在地": "宮城県黒川郡大郷町羽生字中ノ町１１－１", "緯度": 38.426403, "経度": 141.015091, "url": "https://www.iryou.teikyouseido.mhlw.go.jp/znk-web/juminkanja/S2430/initialize?prefCd=04&kikanCd=2802071&kikanKbn=2", "url2": "http://syunkoukai.jp/sugiymaiin/", "内容": "医療法人社団　俊香会　杉山医院【2:診療所】【診療科目:0】宮城県黒川郡大郷町羽生字中ノ町１１－１" }, "geometry": { "type": "Point", "coordinates": [ 141.015091, 38.426403 ] } },
{ "type": "Feature", "properties": { "ID": 42802073, "正式名称": "医療法人富優会　大衡村診療所", "機関区分": 2, "都道府県コード": 4, "市区町村コード": 424, "所在地": "宮城県黒川郡大衡村大衡字河原５５－１１", "緯度": 38.493336, "経度": 140.882309, "url": "https://www.iryou.teikyouseido.mhlw.go.jp/znk-web/juminkanja/S2430/initialize?prefCd=04&kikanCd=2802073&kikanKbn=2", "url2": "http://ohms.byoinnavi.jp", "内容": "医療法人富優会　大衡村診療所【2:診療所】【診療科目:0】宮城県黒川郡大衡村大衡字河原５５－１１" }, "geometry": { "type": "Point", "coordinates": [ 140.882309, 38.493336 ] } },
{ "type": "Feature", "properties": { "ID": 42802074, "正式名称": "きぼうの杜診療所", "機関区分": 2, "都道府県コード": 4, "市区町村コード": 421, "所在地": "宮城県黒川郡大和町吉田字新要害１０", "緯度": 38.433998, "経度": 140.880478, "url": "https://www.iryou.teikyouseido.mhlw.go.jp/znk-web/juminkanja/S2430/initialize?prefCd=04&kikanCd=2802074&kikanKbn=2", "url2": "http://www.izuminomori.jp", "内容": "きぼうの杜診療所【2:診療所】【診療科目:0】宮城県黒川郡大和町吉田字新要害１０" }, "geometry": { "type": "Point", "coordinates": [ 140.880478, 38.433998 ] } },
{ "type": "Feature", "properties": { "ID": 42802077, "正式名称": "いけの医院", "機関区分": 2, "都道府県コード": 4, "市区町村コード": 203, "所在地": "宮城県塩竈市藤倉三丁目１７－５", "緯度": 38.326965, "経度": 141.029785, "url": "https://www.iryou.teikyouseido.mhlw.go.jp/znk-web/juminkanja/S2430/initialize?prefCd=04&kikanCd=2802077&kikanKbn=2", "url2": "http://www.ikeno-clinic.com", "内容": "いけの医院【2:診療所】【診療科目:0】宮城県塩竈市藤倉三丁目１７－５" }, "geometry": { "type": "Point", "coordinates": [ 141.029785, 38.326965 ] } },
{ "type": "Feature", "properties": { "ID": 42802079, "正式名称": "公益財団法人宮城厚生協会坂総合病院附属北部診療所", "機関区分": 2, "都道府県コード": 4, "市区町村コード": 203, "所在地": "宮城県塩竈市字庚塚１番３号", "緯度": 38.329819, "経度": 141.016983, "url": "https://www.iryou.teikyouseido.mhlw.go.jp/znk-web/juminkanja/S2430/initialize?prefCd=04&kikanCd=2802079&kikanKbn=2", "url2": "https://www.m-kousei.com/hokubu/", "内容": "公益財団法人宮城厚生協会坂総合病院附属北部診療所【2:診療所】【診療科目:0】宮城県塩竈市字庚塚１番３号" }, "geometry": { "type": "Point", "coordinates": [ 141.016983, 38.329819 ] } },
{ "type": "Feature", "properties": { "ID": 42802081, "正式名称": "清水沢クリニック", "機関区分": 2, "都道府県コード": 4, "市区町村コード": 203, "所在地": "宮城県塩竈市清水沢３丁目１４－２４", "緯度": 38.330708, "経度": 141.010483, "url": "https://www.iryou.teikyouseido.mhlw.go.jp/znk-web/juminkanja/S2430/initialize?prefCd=04&kikanCd=2802081&kikanKbn=2", "url2": null, "内容": "清水沢クリニック【2:診療所】【診療科目:0】宮城県塩竈市清水沢３丁目１４－２４" }, "geometry": { "type": "Point", "coordinates": [ 141.010483, 38.330708 ] } },
{ "type": "Feature", "properties": { "ID": 42802082, "正式名称": "塩釜地区休日急患診療センター", "機関区分": 2, "都道府県コード": 4, "市区町村コード": 203, "所在地": "宮城県塩竈市錦町７－１０", "緯度": 38.309105, "経度": 141.01889, "url": "https://www.iryou.teikyouseido.mhlw.go.jp/znk-web/juminkanja/S2430/initialize?prefCd=04&kikanCd=2802082&kikanKbn=2", "url2": "https://www.city.shiogama.miyagi.jp/soshiki/13/2307.html", "内容": "塩釜地区休日急患診療センター【2:診療所】【診療科目:0】宮城県塩竈市錦町７－１０" }, "geometry": { "type": "Point", "coordinates": [ 141.01889, 38.309105 ] } },
{ "type": "Feature", "properties": { "ID": 42802084, "正式名称": "本塩釜ひふ科クリニック", "機関区分": 2, "都道府県コード": 4, "市区町村コード": 203, "所在地": "宮城県塩竈市北浜１丁目２－２０", "緯度": 38.319393, "経度": 141.022278, "url": "https://www.iryou.teikyouseido.mhlw.go.jp/znk-web/juminkanja/S2430/initialize?prefCd=04&kikanCd=2802084&kikanKbn=2", "url2": "http://honshiogama-hifuka.com", "内容": "本塩釜ひふ科クリニック【2:診療所】【診療科目:0】宮城県塩竈市北浜１丁目２－２０" }, "geometry": { "type": "Point", "coordinates": [ 141.022278, 38.319393 ] } },
{ "type": "Feature", "properties": { "ID": 42802085, "正式名称": "川合整形外科クリニック", "機関区分": 2, "都道府県コード": 4, "市区町村コード": 203, "所在地": "宮城県塩竈市藤倉２－４－２０", "緯度": 38.326458, "経度": 141.028992, "url": "https://www.iryou.teikyouseido.mhlw.go.jp/znk-web/juminkanja/S2430/initialize?prefCd=04&kikanCd=2802085&kikanKbn=2", "url2": "http://www.kawai-seikei.jp", "内容": "川合整形外科クリニック【2:診療所】【診療科目:0】宮城県塩竈市藤倉２－４－２０" }, "geometry": { "type": "Point", "coordinates": [ 141.028992, 38.326458 ] } },
{ "type": "Feature", "properties": { "ID": 42802087, "正式名称": "医療法人社団恒心会新浜クリニック", "機関区分": 2, "都道府県コード": 4, "市区町村コード": 203, "所在地": "宮城県塩竈市新浜町１丁目６－１８", "緯度": 38.326382, "経度": 141.036072, "url": "https://www.iryou.teikyouseido.mhlw.go.jp/znk-web/juminkanja/S2430/initialize?prefCd=04&kikanCd=2802087&kikanKbn=2", "url2": null, "内容": "医療法人社団恒心会新浜クリニック【2:診療所】【診療科目:0】宮城県塩竈市新浜町１丁目６－１８" }, "geometry": { "type": "Point", "coordinates": [ 141.036072, 38.326382 ] } },
{ "type": "Feature", "properties": { "ID": 42802088, "正式名称": "みみはなのど宮崎クリニック", "機関区分": 2, "都道府県コード": 4, "市区町村コード": 203, "所在地": "宮城県塩竈市花立町１３－１２", "緯度": 38.310558, "経度": 141.020935, "url": "https://www.iryou.teikyouseido.mhlw.go.jp/znk-web/juminkanja/S2430/initialize?prefCd=04&kikanCd=2802088&kikanKbn=2", "url2": null, "内容": "みみはなのど宮崎クリニック【2:診療所】【診療科目:0】宮城県塩竈市花立町１３－１２" }, "geometry": { "type": "Point", "coordinates": [ 141.020935, 38.310558 ] } },
{ "type": "Feature", "properties": { "ID": 42802089, "正式名称": "医療法人社団無量井内科クリニック", "機関区分": 2, "都道府県コード": 4, "市区町村コード": 203, "所在地": "宮城県塩竈市東玉川町２－２８", "緯度": 38.308746, "経度": 141.010727, "url": "https://www.iryou.teikyouseido.mhlw.go.jp/znk-web/juminkanja/S2430/initialize?prefCd=04&kikanCd=2802089&kikanKbn=2", "url2": "https://www.muryoiclinic.com/", "内容": "医療法人社団無量井内科クリニック【2:診療所】【診療科目:0】宮城県塩竈市東玉川町２－２８" }, "geometry": { "type": "Point", "coordinates": [ 141.010727, 38.308746 ] } },
{ "type": "Feature", "properties": { "ID": 42802090, "正式名称": "医療法人社団藤谷内科クリニック", "機関区分": 2, "都道府県コード": 4, "市区町村コード": 203, "所在地": "宮城県塩竈市南錦町８－１０", "緯度": 38.304806, "経度": 141.01178, "url": "https://www.iryou.teikyouseido.mhlw.go.jp/znk-web/juminkanja/S2430/initialize?prefCd=04&kikanCd=2802090&kikanKbn=2", "url2": null, "内容": "医療法人社団藤谷内科クリニック【2:診療所】【診療科目:0】宮城県塩竈市南錦町８－１０" }, "geometry": { "type": "Point", "coordinates": [ 141.01178, 38.304806 ] } },
{ "type": "Feature", "properties": { "ID": 42802091, "正式名称": "宮町脳神経・眼科クリニック", "機関区分": 2, "都道府県コード": 4, "市区町村コード": 203, "所在地": "宮城県塩竈市宮町８－１５", "緯度": 38.318993, "経度": 141.018204, "url": "https://www.iryou.teikyouseido.mhlw.go.jp/znk-web/juminkanja/S2430/initialize?prefCd=04&kikanCd=2802091&kikanKbn=2", "url2": null, "内容": "宮町脳神経・眼科クリニック【2:診療所】【診療科目:0】宮城県塩竈市宮町８－１５" }, "geometry": { "type": "Point", "coordinates": [ 141.018204, 38.318993 ] } },
{ "type": "Feature", "properties": { "ID": 42802093, "正式名称": "医療法人財団五倫会ももせクリニック", "機関区分": 2, "都道府県コード": 4, "市区町村コード": 203, "所在地": "宮城県塩竈市清水沢４－３７－２０", "緯度": 38.334622, "経度": 141.008629, "url": "https://www.iryou.teikyouseido.mhlw.go.jp/znk-web/juminkanja/S2430/initialize?prefCd=04&kikanCd=2802093&kikanKbn=2", "url2": null, "内容": "医療法人財団五倫会ももせクリニック【2:診療所】【診療科目:0】宮城県塩竈市清水沢４－３７－２０" }, "geometry": { "type": "Point", "coordinates": [ 141.008629, 38.334622 ] } },
{ "type": "Feature", "properties": { "ID": 42802095, "正式名称": "ちば整形外科クリニック", "機関区分": 2, "都道府県コード": 4, "市区町村コード": 203, "所在地": "宮城県塩竈市玉川１丁目９－７", "緯度": 38.309566, "経度": 141.004578, "url": "https://www.iryou.teikyouseido.mhlw.go.jp/znk-web/juminkanja/S2430/initialize?prefCd=04&kikanCd=2802095&kikanKbn=2", "url2": null, "内容": "ちば整形外科クリニック【2:診療所】【診療科目:0】宮城県塩竈市玉川１丁目９－７" }, "geometry": { "type": "Point", "coordinates": [ 141.004578, 38.309566 ] } },
{ "type": "Feature", "properties": { "ID": 42802096, "正式名称": "ささき内科・呼吸器科クリニック", "機関区分": 2, "都道府県コード": 4, "市区町村コード": 203, "所在地": "宮城県塩竈市玉川１丁目３－３０", "緯度": 38.307945, "経度": 141.007675, "url": "https://www.iryou.teikyouseido.mhlw.go.jp/znk-web/juminkanja/S2430/initialize?prefCd=04&kikanCd=2802096&kikanKbn=2", "url2": "https://sasaki-k-naika.com", "内容": "ささき内科・呼吸器科クリニック【2:診療所】【診療科目:0】宮城県塩竈市玉川１丁目３－３０" }, "geometry": { "type": "Point", "coordinates": [ 141.007675, 38.307945 ] } },
{ "type": "Feature", "properties": { "ID": 42802100, "正式名称": "菅原内科胃腸科医院", "機関区分": 2, "都道府県コード": 4, "市区町村コード": 203, "所在地": "宮城県塩竈市宮町２－２８", "緯度": 38.318214, "経度": 141.019913, "url": "https://www.iryou.teikyouseido.mhlw.go.jp/znk-web/juminkanja/S2430/initialize?prefCd=04&kikanCd=2802100&kikanKbn=2", "url2": null, "内容": "菅原内科胃腸科医院【2:診療所】【診療科目:0】宮城県塩竈市宮町２－２８" }, "geometry": { "type": "Point", "coordinates": [ 141.019913, 38.318214 ] } },
{ "type": "Feature", "properties": { "ID": 42802102, "正式名称": "わかばやし眼科", "機関区分": 2, "都道府県コード": 4, "市区町村コード": 103, "所在地": "宮城県仙台市若林区荒井３丁目２５－６", "緯度": 38.240625, "経度": 140.944609, "url": "https://www.iryou.teikyouseido.mhlw.go.jp/znk-web/juminkanja/S2430/initialize?prefCd=04&kikanCd=2802102&kikanKbn=2", "url2": null, "内容": "わかばやし眼科【2:診療所】【診療科目:0】宮城県仙台市若林区荒井３丁目２５－６" }, "geometry": { "type": "Point", "coordinates": [ 140.944609, 38.240625 ] } },
{ "type": "Feature", "properties": { "ID": 42802103, "正式名称": "若林ヒフ科クリニック", "機関区分": 2, "都道府県コード": 4, "市区町村コード": 103, "所在地": "宮城県仙台市若林区中倉１丁目３－１４", "緯度": 38.244904, "経度": 140.909454, "url": "https://www.iryou.teikyouseido.mhlw.go.jp/znk-web/juminkanja/S2430/initialize?prefCd=04&kikanCd=2802103&kikanKbn=2", "url2": "http://wakabayashi-h.com", "内容": "若林ヒフ科クリニック【2:診療所】【診療科目:0】宮城県仙台市若林区中倉１丁目３－１４" }, "geometry": { "type": "Point", "coordinates": [ 140.909454, 38.244904 ] } },
{ "type": "Feature", "properties": { "ID": 42802104, "正式名称": "みみ・はな・のどクリニックもも", "機関区分": 2, "都道府県コード": 4, "市区町村コード": 103, "所在地": "宮城県仙台市若林区荒町１２３　１２３ビル３Ｆ", "緯度": 38.249573, "経度": 140.882034, "url": "https://www.iryou.teikyouseido.mhlw.go.jp/znk-web/juminkanja/S2430/initialize?prefCd=04&kikanCd=2802104&kikanKbn=2", "url2": "https://www.clinic-momo.com/", "内容": "みみ・はな・のどクリニックもも【2:診療所】【診療科目:0】宮城県仙台市若林区荒町１２３　１２３ビル３Ｆ" }, "geometry": { "type": "Point", "coordinates": [ 140.882034, 38.249573 ] } },
{ "type": "Feature", "properties": { "ID": 42802106, "正式名称": "医療法人はなクリニック", "機関区分": 2, "都道府県コード": 4, "市区町村コード": 103, "所在地": "宮城県仙台市若林区荒井２ー１８ー１１", "緯度": 38.243492, "経度": 140.9391, "url": "https://www.iryou.teikyouseido.mhlw.go.jp/znk-web/juminkanja/S2430/initialize?prefCd=04&kikanCd=2802106&kikanKbn=2", "url2": "https://hanacl.jp/", "内容": "医療法人はなクリニック【2:診療所】【診療科目:0】宮城県仙台市若林区荒井２ー１８ー１１" }, "geometry": { "type": "Point", "coordinates": [ 140.9391, 38.243492 ] } },
{ "type": "Feature", "properties": { "ID": 42802113, "正式名称": "しんてらこどもクリニック", "機関区分": 2, "都道府県コード": 4, "市区町村コード": 103, "所在地": "宮城県仙台市若林区新寺１－８－１", "緯度": 38.254093, "経度": 140.884232, "url": "https://www.iryou.teikyouseido.mhlw.go.jp/znk-web/juminkanja/S2430/initialize?prefCd=04&kikanCd=2802113&kikanKbn=2", "url2": "http://website.infomity.net/c0002745/", "内容": "しんてらこどもクリニック【2:診療所】【診療科目:0】宮城県仙台市若林区新寺１－８－１" }, "geometry": { "type": "Point", "coordinates": [ 140.884232, 38.254093 ] } },
{ "type": "Feature", "properties": { "ID": 42802114, "正式名称": "大はしこどもクリニック", "機関区分": 2, "都道府県コード": 4, "市区町村コード": 103, "所在地": "宮城県仙台市若林区沖野３丁目１２－３３", "緯度": 38.224545, "経度": 140.912521, "url": "https://www.iryou.teikyouseido.mhlw.go.jp/znk-web/juminkanja/S2430/initialize?prefCd=04&kikanCd=2802114&kikanKbn=2", "url2": "http://okunclinic.justhpbs.jp/", "内容": "大はしこどもクリニック【2:診療所】【診療科目:0】宮城県仙台市若林区沖野３丁目１２－３３" }, "geometry": { "type": "Point", "coordinates": [ 140.912521, 38.224545 ] } },
{ "type": "Feature", "properties": { "ID": 42802118, "正式名称": "医療法人社団千樹会角田記念ちえこ・ゆきかレディースクリニック", "機関区分": 2, "都道府県コード": 4, "市区町村コード": 103, "所在地": "宮城県仙台市若林区六丁の目中町", "緯度": 38.251583, "経度": 140.936011, "url": "https://www.iryou.teikyouseido.mhlw.go.jp/znk-web/juminkanja/S2430/initialize?prefCd=04&kikanCd=2802118&kikanKbn=2", "url2": "https://chiekoyukika.com", "内容": "医療法人社団千樹会角田記念ちえこ・ゆきかレディースクリニック【2:診療所】【診療科目:0】宮城県仙台市若林区六丁の目中町" }, "geometry": { "type": "Point", "coordinates": [ 140.936011, 38.251583 ] } },
{ "type": "Feature", "properties": { "ID": 42802119, "正式名称": "角田記念まつだクリニック内科・消化器内科", "機関区分": 2, "都道府県コード": 4, "市区町村コード": 103, "所在地": "宮城県仙台市若林区六丁の目中町１－１７", "緯度": 38.251985, "経度": 140.936179, "url": "https://www.iryou.teikyouseido.mhlw.go.jp/znk-web/juminkanja/S2430/initialize?prefCd=04&kikanCd=2802119&kikanKbn=2", "url2": "https://k-matsudaclinic.com", "内容": "角田記念まつだクリニック内科・消化器内科【2:診療所】【診療科目:0】宮城県仙台市若林区六丁の目中町１－１７" }, "geometry": { "type": "Point", "coordinates": [ 140.936179, 38.251985 ] } },
{ "type": "Feature", "properties": { "ID": 42802121, "正式名称": "熊坂医院", "機関区分": 2, "都道府県コード": 4, "市区町村コード": 213, "所在地": "宮城県栗原市一迫川口中野１０", "緯度": 38.765278, "経度": 140.893509, "url": "https://www.iryou.teikyouseido.mhlw.go.jp/znk-web/juminkanja/S2430/initialize?prefCd=04&kikanCd=2802121&kikanKbn=2", "url2": null, "内容": "熊坂医院【2:診療所】【診療科目:0】宮城県栗原市一迫川口中野１０" }, "geometry": { "type": "Point", "coordinates": [ 140.893509, 38.765278 ] } },
{ "type": "Feature", "properties": { "ID": 42802124, "正式名称": "やべ内科クリニックおきの", "機関区分": 2, "都道府県コード": 4, "市区町村コード": 103, "所在地": "宮城県仙台市若林区沖野４丁目３－２０", "緯度": 38.223259, "経度": 140.909531, "url": "https://www.iryou.teikyouseido.mhlw.go.jp/znk-web/juminkanja/S2430/initialize?prefCd=04&kikanCd=2802124&kikanKbn=2", "url2": null, "内容": "やべ内科クリニックおきの【2:診療所】【診療科目:0】宮城県仙台市若林区沖野４丁目３－２０" }, "geometry": { "type": "Point", "coordinates": [ 140.909531, 38.223259 ] } },
{ "type": "Feature", "properties": { "ID": 42802130, "正式名称": "大橋記念薬師堂眼科クリニック", "機関区分": 2, "都道府県コード": 4, "市区町村コード": 103, "所在地": "宮城県仙台市若林区木ノ下３丁目１６－２１　薬師堂ＡＴＴＲＡビル２Ｆ", "緯度": 38.249865, "経度": 140.90459, "url": "https://www.iryou.teikyouseido.mhlw.go.jp/znk-web/juminkanja/S2430/initialize?prefCd=04&kikanCd=2802130&kikanKbn=2", "url2": "https://yakushido-eyeclinic.jp", "内容": "大橋記念薬師堂眼科クリニック【2:診療所】【診療科目:0】宮城県仙台市若林区木ノ下３丁目１６－２１　薬師堂ＡＴＴＲＡビル２Ｆ" }, "geometry": { "type": "Point", "coordinates": [ 140.90459, 38.249865 ] } },
{ "type": "Feature", "properties": { "ID": 42802132, "正式名称": "はんざわ内科胃腸科", "機関区分": 2, "都道府県コード": 4, "市区町村コード": 103, "所在地": "宮城県仙台市若林区南石切町１４－１０", "緯度": 38.242458, "経度": 140.890579, "url": "https://www.iryou.teikyouseido.mhlw.go.jp/znk-web/juminkanja/S2430/initialize?prefCd=04&kikanCd=2802132&kikanKbn=2", "url2": "https://hanzawanaika.com/", "内容": "はんざわ内科胃腸科【2:診療所】【診療科目:0】宮城県仙台市若林区南石切町１４－１０" }, "geometry": { "type": "Point", "coordinates": [ 140.890579, 38.242458 ] } },
{ "type": "Feature", "properties": { "ID": 42802134, "正式名称": "医療法人社団　たかやなぎこども医院", "機関区分": 2, "都道府県コード": 4, "市区町村コード": 103, "所在地": "宮城県仙台市若林区上飯田１丁目２１ー１８", "緯度": 38.220886, "経度": 140.920502, "url": "https://www.iryou.teikyouseido.mhlw.go.jp/znk-web/juminkanja/S2430/initialize?prefCd=04&kikanCd=2802134&kikanKbn=2", "url2": "http://www.takayanagi-clinic.com", "内容": "医療法人社団　たかやなぎこども医院【2:診療所】【診療科目:0】宮城県仙台市若林区上飯田１丁目２１ー１８" }, "geometry": { "type": "Point", "coordinates": [ 140.920502, 38.220886 ] } },
{ "type": "Feature", "properties": { "ID": 42802135, "正式名称": "医療法人前川眼科医院", "機関区分": 2, "都道府県コード": 4, "市区町村コード": 103, "所在地": "宮城県仙台市若林区河原町１丁目５－２８", "緯度": 38.238842, "経度": 140.888428, "url": "https://www.iryou.teikyouseido.mhlw.go.jp/znk-web/juminkanja/S2430/initialize?prefCd=04&kikanCd=2802135&kikanKbn=2", "url2": "http://maekawa-eye-clinic.com/", "内容": "医療法人前川眼科医院【2:診療所】【診療科目:0】宮城県仙台市若林区河原町１丁目５－２８" }, "geometry": { "type": "Point", "coordinates": [ 140.888428, 38.238842 ] } },
{ "type": "Feature", "properties": { "ID": 42802136, "正式名称": "松永女性クリニック", "機関区分": 2, "都道府県コード": 4, "市区町村コード": 103, "所在地": "宮城県仙台市若林区河原町１丁目３－１７", "緯度": 38.238216, "経度": 140.890518, "url": "https://www.iryou.teikyouseido.mhlw.go.jp/znk-web/juminkanja/S2430/initialize?prefCd=04&kikanCd=2802136&kikanKbn=2", "url2": "http://www.matsunagaclinic.jp", "内容": "松永女性クリニック【2:診療所】【診療科目:0】宮城県仙台市若林区河原町１丁目３－１７" }, "geometry": { "type": "Point", "coordinates": [ 140.890518, 38.238216 ] } },
{ "type": "Feature", "properties": { "ID": 42802140, "正式名称": "宮城県リハビリテーション支援センター附属診療所", "機関区分": 2, "都道府県コード": 4, "市区町村コード": 207, "所在地": "宮城県名取市美田園２丁目１－４", "緯度": 38.159782, "経度": 140.919159, "url": "https://www.iryou.teikyouseido.mhlw.go.jp/znk-web/juminkanja/S2430/initialize?prefCd=04&kikanCd=2802140&kikanKbn=2", "url2": "https://www.pref.miyagi.jp/soshiki/rehabili/", "内容": "宮城県リハビリテーション支援センター附属診療所【2:診療所】【診療科目:0】宮城県名取市美田園２丁目１－４" }, "geometry": { "type": "Point", "coordinates": [ 140.919159, 38.159782 ] } },
{ "type": "Feature", "properties": { "ID": 42802143, "正式名称": "医療法人清和　大和耳鼻咽喉科医院", "機関区分": 2, "都道府県コード": 4, "市区町村コード": 103, "所在地": "宮城県仙台市若林区大和町　３ー１ー１９", "緯度": 38.248295, "経度": 140.916458, "url": "https://www.iryou.teikyouseido.mhlw.go.jp/znk-web/juminkanja/S2430/initialize?prefCd=04&kikanCd=2802143&kikanKbn=2", "url2": "http://www.yamatojibika.com/", "内容": "医療法人清和　大和耳鼻咽喉科医院【2:診療所】【診療科目:0】宮城県仙台市若林区大和町　３ー１ー１９" }, "geometry": { "type": "Point", "coordinates": [ 140.916458, 38.248295 ] } },
{ "type": "Feature", "properties": { "ID": 42802147, "正式名称": "医療法人　結城クリニック", "機関区分": 2, "都道府県コード": 4, "市区町村コード": 103, "所在地": "宮城県仙台市若林区上飯田字天神１０８－４", "緯度": 38.218754, "経度": 140.921936, "url": "https://www.iryou.teikyouseido.mhlw.go.jp/znk-web/juminkanja/S2430/initialize?prefCd=04&kikanCd=2802147&kikanKbn=2", "url2": "https://www.yukiclinic-sendai.com/", "内容": "医療法人　結城クリニック【2:診療所】【診療科目:0】宮城県仙台市若林区上飯田字天神１０８－４" }, "geometry": { "type": "Point", "coordinates": [ 140.921936, 38.218754 ] } },
{ "type": "Feature", "properties": { "ID": 42802151, "正式名称": "医療法人社団　千葉医院", "機関区分": 2, "都道府県コード": 4, "市区町村コード": 215, "所在地": "宮城県大崎市古川駅前大通６丁目２－４４", "緯度": 38.578094, "経度": 140.967072, "url": "https://www.iryou.teikyouseido.mhlw.go.jp/znk-web/juminkanja/S2430/initialize?prefCd=04&kikanCd=2802151&kikanKbn=2", "url2": null, "内容": "医療法人社団　千葉医院【2:診療所】【診療科目:0】宮城県大崎市古川駅前大通６丁目２－４４" }, "geometry": { "type": "Point", "coordinates": [ 140.967072, 38.578094 ] } },
{ "type": "Feature", "properties": { "ID": 42802152, "正式名称": "医療法人　英正会　関井レディースクリニック", "機関区分": 2, "都道府県コード": 4, "市区町村コード": 215, "所在地": "宮城県大崎市古川駅東２丁目１０ー３１", "緯度": 38.572071, "経度": 140.974869, "url": "https://www.iryou.teikyouseido.mhlw.go.jp/znk-web/juminkanja/S2430/initialize?prefCd=04&kikanCd=2802152&kikanKbn=2", "url2": "http://sekiiladies.com/", "内容": "医療法人　英正会　関井レディースクリニック【2:診療所】【診療科目:0】宮城県大崎市古川駅東２丁目１０ー３１" }, "geometry": { "type": "Point", "coordinates": [ 140.974869, 38.572071 ] } },
{ "type": "Feature", "properties": { "ID": 42802153, "正式名称": "わんや産婦人科医院", "機関区分": 2, "都道府県コード": 4, "市区町村コード": 215, "所在地": "宮城県大崎市古川駅南３丁目１１－２", "緯度": 38.566563, "経度": 140.969696, "url": "https://www.iryou.teikyouseido.mhlw.go.jp/znk-web/juminkanja/S2430/initialize?prefCd=04&kikanCd=2802153&kikanKbn=2", "url2": "http://www.wanya.co.jp", "内容": "わんや産婦人科医院【2:診療所】【診療科目:0】宮城県大崎市古川駅南３丁目１１－２" }, "geometry": { "type": "Point", "coordinates": [ 140.969696, 38.566563 ] } },
{ "type": "Feature", "properties": { "ID": 42802154, "正式名称": "栗原市立鶯沢診療所", "機関区分": 2, "都道府県コード": 4, "市区町村コード": 213, "所在地": "宮城県栗原市鶯沢南郷広面３８－１", "緯度": 38.810787, "経度": 140.948395, "url": "https://www.iryou.teikyouseido.mhlw.go.jp/znk-web/juminkanja/S2430/initialize?prefCd=04&kikanCd=2802154&kikanKbn=2", "url2": "https://www.kuriharacity.jp", "内容": "栗原市立鶯沢診療所【2:診療所】【診療科目:0】宮城県栗原市鶯沢南郷広面３８－１" }, "geometry": { "type": "Point", "coordinates": [ 140.948395, 38.810787 ] } },
{ "type": "Feature", "properties": { "ID": 42802155, "正式名称": "くりはら耳鼻咽喉科", "機関区分": 2, "都道府県コード": 4, "市区町村コード": 213, "所在地": "宮城県栗原市志波姫新沼崎１２－１", "緯度": 38.750164, "経度": 141.055969, "url": "https://www.iryou.teikyouseido.mhlw.go.jp/znk-web/juminkanja/S2430/initialize?prefCd=04&kikanCd=2802155&kikanKbn=2", "url2": "https://www.kurihara-ent.com", "内容": "くりはら耳鼻咽喉科【2:診療所】【診療科目:0】宮城県栗原市志波姫新沼崎１２－１" }, "geometry": { "type": "Point", "coordinates": [ 141.055969, 38.750164 ] } },
{ "type": "Feature", "properties": { "ID": 42802158, "正式名称": "志波姫診療所", "機関区分": 2, "都道府県コード": 4, "市区町村コード": 213, "所在地": "宮城県栗原市志波姫新沼崎１４６", "緯度": 38.753418, "経度": 141.065979, "url": "https://www.iryou.teikyouseido.mhlw.go.jp/znk-web/juminkanja/S2430/initialize?prefCd=04&kikanCd=2802158&kikanKbn=2", "url2": null, "内容": "志波姫診療所【2:診療所】【診療科目:0】宮城県栗原市志波姫新沼崎１４６" }, "geometry": { "type": "Point", "coordinates": [ 141.065979, 38.753418 ] } },
{ "type": "Feature", "properties": { "ID": 42802160, "正式名称": "医療法人　沢辺中央医院", "機関区分": 2, "都道府県コード": 4, "市区町村コード": 213, "所在地": "宮城県栗原市金成沢辺木戸口７４－３", "緯度": 38.798061, "経度": 141.067642, "url": "https://www.iryou.teikyouseido.mhlw.go.jp/znk-web/juminkanja/S2430/initialize?prefCd=04&kikanCd=2802160&kikanKbn=2", "url2": null, "内容": "医療法人　沢辺中央医院【2:診療所】【診療科目:0】宮城県栗原市金成沢辺木戸口７４－３" }, "geometry": { "type": "Point", "coordinates": [ 141.067642, 38.798061 ] } },
{ "type": "Feature", "properties": { "ID": 42802161, "正式名称": "佐藤進眼科", "機関区分": 2, "都道府県コード": 4, "市区町村コード": 213, "所在地": "宮城県栗原市築館宮野中央３－３－５", "緯度": 38.748085, "経度": 141.019043, "url": "https://www.iryou.teikyouseido.mhlw.go.jp/znk-web/juminkanja/S2430/initialize?prefCd=04&kikanCd=2802161&kikanKbn=2", "url2": "http://www.susumuganka.com/", "内容": "佐藤進眼科【2:診療所】【診療科目:0】宮城県栗原市築館宮野中央３－３－５" }, "geometry": { "type": "Point", "coordinates": [ 141.019043, 38.748085 ] } },
{ "type": "Feature", "properties": { "ID": 42802162, "正式名称": "医療法人社団　公和会　きくた内科クリニック", "機関区分": 2, "都道府県コード": 4, "市区町村コード": 213, "所在地": "宮城県栗原市築館源光４－４７", "緯度": 38.732262, "経度": 141.033188, "url": "https://www.iryou.teikyouseido.mhlw.go.jp/znk-web/juminkanja/S2430/initialize?prefCd=04&kikanCd=2802162&kikanKbn=2", "url2": null, "内容": "医療法人社団　公和会　きくた内科クリニック【2:診療所】【診療科目:0】宮城県栗原市築館源光４－４７" }, "geometry": { "type": "Point", "coordinates": [ 141.033188, 38.732262 ] } },
{ "type": "Feature", "properties": { "ID": 42802163, "正式名称": "医療法人社団玄成会達内科", "機関区分": 2, "都道府県コード": 4, "市区町村コード": 213, "所在地": "宮城県栗原市築館薬師４丁目３－３０", "緯度": 38.73312, "経度": 141.019485, "url": "https://www.iryou.teikyouseido.mhlw.go.jp/znk-web/juminkanja/S2430/initialize?prefCd=04&kikanCd=2802163&kikanKbn=2", "url2": "http://www.tatsu-med.com/", "内容": "医療法人社団玄成会達内科【2:診療所】【診療科目:0】宮城県栗原市築館薬師４丁目３－３０" }, "geometry": { "type": "Point", "coordinates": [ 141.019485, 38.73312 ] } },
{ "type": "Feature", "properties": { "ID": 42802167, "正式名称": "佐藤外科医院", "機関区分": 2, "都道府県コード": 4, "市区町村コード": 213, "所在地": "宮城県栗原市築館伊豆１丁目６－２５", "緯度": 38.733814, "経度": 141.024536, "url": "https://www.iryou.teikyouseido.mhlw.go.jp/znk-web/juminkanja/S2430/initialize?prefCd=04&kikanCd=2802167&kikanKbn=2", "url2": null, "内容": "佐藤外科医院【2:診療所】【診療科目:0】宮城県栗原市築館伊豆１丁目６－２５" }, "geometry": { "type": "Point", "coordinates": [ 141.024536, 38.733814 ] } },
{ "type": "Feature", "properties": { "ID": 42802170, "正式名称": "医療法人　健心会　おおたおおたにクリニック", "機関区分": 2, "都道府県コード": 4, "市区町村コード": 212, "所在地": "宮城県登米市中田町石森字加賀野２丁目２５－２４", "緯度": 38.699776, "経度": 141.216232, "url": "https://www.iryou.teikyouseido.mhlw.go.jp/znk-web/juminkanja/S2430/initialize?prefCd=04&kikanCd=2802170&kikanKbn=2", "url2": null, "内容": "医療法人　健心会　おおたおおたにクリニック【2:診療所】【診療科目:0】宮城県登米市中田町石森字加賀野２丁目２５－２４" }, "geometry": { "type": "Point", "coordinates": [ 141.216232, 38.699776 ] } },
{ "type": "Feature", "properties": { "ID": 42802174, "正式名称": "おきのメディカルクリニック", "機関区分": 2, "都道府県コード": 4, "市区町村コード": 103, "所在地": "宮城県仙台市若林区沖野５丁目７－６", "緯度": 38.224216, "経度": 140.912094, "url": "https://www.iryou.teikyouseido.mhlw.go.jp/znk-web/juminkanja/S2430/initialize?prefCd=04&kikanCd=2802174&kikanKbn=2", "url2": "https://www.okino-clinic.com", "内容": "おきのメディカルクリニック【2:診療所】【診療科目:0】宮城県仙台市若林区沖野５丁目７－６" }, "geometry": { "type": "Point", "coordinates": [ 140.912094, 38.224216 ] } },
{ "type": "Feature", "properties": { "ID": 42802175, "正式名称": "あべこども・アレルギークリニック", "機関区分": 2, "都道府県コード": 4, "市区町村コード": 103, "所在地": "宮城県仙台市若林区なないろの里１丁目１５－１５", "緯度": 38.240436, "経度": 140.927162, "url": "https://www.iryou.teikyouseido.mhlw.go.jp/znk-web/juminkanja/S2430/initialize?prefCd=04&kikanCd=2802175&kikanKbn=2", "url2": "http://abekodomo.com", "内容": "あべこども・アレルギークリニック【2:診療所】【診療科目:0】宮城県仙台市若林区なないろの里１丁目１５－１５" }, "geometry": { "type": "Point", "coordinates": [ 140.927162, 38.240436 ] } },
{ "type": "Feature", "properties": { "ID": 42802176, "正式名称": "医療法人　すがわら小児科クリニック", "機関区分": 2, "都道府県コード": 4, "市区町村コード": 104, "所在地": "宮城県仙台市太白区あすと長町１丁目２－１　仙台長町メディカルプラザ２階", "緯度": 38.231094, "経度": 140.887756, "url": "https://www.iryou.teikyouseido.mhlw.go.jp/znk-web/juminkanja/S2430/initialize?prefCd=04&kikanCd=2802176&kikanKbn=2", "url2": "http://www.sugawara-kodomo.com/", "内容": "医療法人　すがわら小児科クリニック【2:診療所】【診療科目:0】宮城県仙台市太白区あすと長町１丁目２－１　仙台長町メディカルプラザ２階" }, "geometry": { "type": "Point", "coordinates": [ 140.887756, 38.231094 ] } },
{ "type": "Feature", "properties": { "ID": 42802177, "正式名称": "仙台薬師堂いしばし消化器内視鏡クリニック", "機関区分": 2, "都道府県コード": 4, "市区町村コード": 103, "所在地": "宮城県仙台市若林区木ノ下３丁目１６－２１　薬師堂ＡＴＴＲＡ３Ｆ", "緯度": 38.249865, "経度": 140.90459, "url": "https://www.iryou.teikyouseido.mhlw.go.jp/znk-web/juminkanja/S2430/initialize?prefCd=04&kikanCd=2802177&kikanKbn=2", "url2": "https://www.ishibashi-naishikyo.com", "内容": "仙台薬師堂いしばし消化器内視鏡クリニック【2:診療所】【診療科目:0】宮城県仙台市若林区木ノ下３丁目１６－２１　薬師堂ＡＴＴＲＡ３Ｆ" }, "geometry": { "type": "Point", "coordinates": [ 140.90459, 38.249865 ] } },
{ "type": "Feature", "properties": { "ID": 42802178, "正式名称": "医療法人やよい寿　あらい内科・胃腸内科クリニック", "機関区分": 2, "都道府県コード": 4, "市区町村コード": 103, "所在地": "宮城県仙台市若林区荒井１丁目１－３", "緯度": 38.243421, "経度": 140.932282, "url": "https://www.iryou.teikyouseido.mhlw.go.jp/znk-web/juminkanja/S2430/initialize?prefCd=04&kikanCd=2802178&kikanKbn=2", "url2": "http://www.arai-icho.com", "内容": "医療法人やよい寿　あらい内科・胃腸内科クリニック【2:診療所】【診療科目:0】宮城県仙台市若林区荒井１丁目１－３" }, "geometry": { "type": "Point", "coordinates": [ 140.932282, 38.243421 ] } },
{ "type": "Feature", "properties": { "ID": 42802179, "正式名称": "宮里クリニック", "機関区分": 2, "都道府県コード": 4, "市区町村コード": 215, "所在地": "宮城県大崎市古川城西２丁目６－２４", "緯度": 38.57811, "経度": 140.946671, "url": "https://www.iryou.teikyouseido.mhlw.go.jp/znk-web/juminkanja/S2430/initialize?prefCd=04&kikanCd=2802179&kikanKbn=2", "url2": null, "内容": "宮里クリニック【2:診療所】【診療科目:0】宮城県大崎市古川城西２丁目６－２４" }, "geometry": { "type": "Point", "coordinates": [ 140.946671, 38.57811 ] } },
{ "type": "Feature", "properties": { "ID": 42802180, "正式名称": "愛宕橋にしざわ脳神経外科クリニック", "機関区分": 2, "都道府県コード": 4, "市区町村コード": 103, "所在地": "宮城県仙台市若林区土樋", "緯度": 38.247097, "経度": 140.883118, "url": "https://www.iryou.teikyouseido.mhlw.go.jp/znk-web/juminkanja/S2430/initialize?prefCd=04&kikanCd=2802180&kikanKbn=2", "url2": null, "内容": "愛宕橋にしざわ脳神経外科クリニック【2:診療所】【診療科目:0】宮城県仙台市若林区土樋" }, "geometry": { "type": "Point", "coordinates": [ 140.883118, 38.247097 ] } },
{ "type": "Feature", "properties": { "ID": 42802181, "正式名称": "あらいメンタルクリニック", "機関区分": 2, "都道府県コード": 4, "市区町村コード": 103, "所在地": "宮城県仙台市若林区荒井２－１－１０", "緯度": 38.244829, "経度": 140.935522, "url": "https://www.iryou.teikyouseido.mhlw.go.jp/znk-web/juminkanja/S2430/initialize?prefCd=04&kikanCd=2802181&kikanKbn=2", "url2": "http://araimcl.jp/", "内容": "あらいメンタルクリニック【2:診療所】【診療科目:0】宮城県仙台市若林区荒井２－１－１０" }, "geometry": { "type": "Point", "coordinates": [ 140.935522, 38.244829 ] } },
{ "type": "Feature", "properties": { "ID": 42802182, "正式名称": "あらまち内科クリニック", "機関区分": 2, "都道府県コード": 4, "市区町村コード": 103, "所在地": "宮城県仙台市若林区荒町１２３　１２３ビル２Ｆ", "緯度": 38.249573, "経度": 140.882034, "url": "https://www.iryou.teikyouseido.mhlw.go.jp/znk-web/juminkanja/S2430/initialize?prefCd=04&kikanCd=2802182&kikanKbn=2", "url2": "http://www.aramachi-123.com", "内容": "あらまち内科クリニック【2:診療所】【診療科目:0】宮城県仙台市若林区荒町１２３　１２３ビル２Ｆ" }, "geometry": { "type": "Point", "coordinates": [ 140.882034, 38.249573 ] } },
{ "type": "Feature", "properties": { "ID": 42802183, "正式名称": "なみ皮ふ科クリニック", "機関区分": 2, "都道府県コード": 4, "市区町村コード": 103, "所在地": "宮城県仙台市若林区石名坂５番地", "緯度": 38.243484, "経度": 140.887085, "url": "https://www.iryou.teikyouseido.mhlw.go.jp/znk-web/juminkanja/S2430/initialize?prefCd=04&kikanCd=2802183&kikanKbn=2", "url2": "http://namihifuka-clinic.jp", "内容": "なみ皮ふ科クリニック【2:診療所】【診療科目:0】宮城県仙台市若林区石名坂５番地" }, "geometry": { "type": "Point", "coordinates": [ 140.887085, 38.243484 ] } },
{ "type": "Feature", "properties": { "ID": 42802184, "正式名称": "医療法人社団　公杏会　石田医院", "機関区分": 2, "都道府県コード": 4, "市区町村コード": 103, "所在地": "宮城県仙台市若林区連坊小路５３", "緯度": 38.251163, "経度": 140.891357, "url": "https://www.iryou.teikyouseido.mhlw.go.jp/znk-web/juminkanja/S2430/initialize?prefCd=04&kikanCd=2802184&kikanKbn=2", "url2": "http://www.ishida-iin.jp/", "内容": "医療法人社団　公杏会　石田医院【2:診療所】【診療科目:0】宮城県仙台市若林区連坊小路５３" }, "geometry": { "type": "Point", "coordinates": [ 140.891357, 38.251163 ] } },
{ "type": "Feature", "properties": { "ID": 42802185, "正式名称": "伊東クリニック", "機関区分": 2, "都道府県コード": 4, "市区町村コード": 103, "所在地": "宮城県仙台市若林区一本杉町１８－１０", "緯度": 38.244827, "経度": 140.904144, "url": "https://www.iryou.teikyouseido.mhlw.go.jp/znk-web/juminkanja/S2430/initialize?prefCd=04&kikanCd=2802185&kikanKbn=2", "url2": "http://www.ito-clinic.com", "内容": "伊東クリニック【2:診療所】【診療科目:0】宮城県仙台市若林区一本杉町１８－１０" }, "geometry": { "type": "Point", "coordinates": [ 140.904144, 38.244827 ] } },
{ "type": "Feature", "properties": { "ID": 42802188, "正式名称": "氏家クリニック", "機関区分": 2, "都道府県コード": 4, "市区町村コード": 103, "所在地": "宮城県仙台市若林区一本杉町１４－１９", "緯度": 38.244492, "経度": 140.907288, "url": "https://www.iryou.teikyouseido.mhlw.go.jp/znk-web/juminkanja/S2430/initialize?prefCd=04&kikanCd=2802188&kikanKbn=2", "url2": null, "内容": "氏家クリニック【2:診療所】【診療科目:0】宮城県仙台市若林区一本杉町１４－１９" }, "geometry": { "type": "Point", "coordinates": [ 140.907288, 38.244492 ] } },
{ "type": "Feature", "properties": { "ID": 42802189, "正式名称": "荒井西おおとも眼科", "機関区分": 2, "都道府県コード": 4, "市区町村コード": 103, "所在地": "宮城県仙台市若林区なないろの里１丁目１３－１", "緯度": 38.24049, "経度": 140.92868, "url": "https://www.iryou.teikyouseido.mhlw.go.jp/znk-web/juminkanja/S2430/initialize?prefCd=04&kikanCd=2802189&kikanKbn=2", "url2": "http://www.otomo-ganka.com", "内容": "荒井西おおとも眼科【2:診療所】【診療科目:0】宮城県仙台市若林区なないろの里１丁目１３－１" }, "geometry": { "type": "Point", "coordinates": [ 140.92868, 38.24049 ] } },
{ "type": "Feature", "properties": { "ID": 42802191, "正式名称": "すがわら皮ふ科", "機関区分": 2, "都道府県コード": 4, "市区町村コード": 103, "所在地": "宮城県仙台市若林区荒井４丁目１２－７", "緯度": 38.243555, "経度": 140.94092, "url": "https://www.iryou.teikyouseido.mhlw.go.jp/znk-web/juminkanja/S2430/initialize?prefCd=04&kikanCd=2802191&kikanKbn=2", "url2": null, "内容": "すがわら皮ふ科【2:診療所】【診療科目:0】宮城県仙台市若林区荒井４丁目１２－７" }, "geometry": { "type": "Point", "coordinates": [ 140.94092, 38.243555 ] } },
{ "type": "Feature", "properties": { "ID": 42802193, "正式名称": "黒沢医院", "機関区分": 2, "都道府県コード": 4, "市区町村コード": 103, "所在地": "宮城県仙台市若林区連坊１丁目１－４３", "緯度": 38.252705, "経度": 140.886261, "url": "https://www.iryou.teikyouseido.mhlw.go.jp/znk-web/juminkanja/S2430/initialize?prefCd=04&kikanCd=2802193&kikanKbn=2", "url2": "http://www.kurosawaiin.jp/", "内容": "黒沢医院【2:診療所】【診療科目:0】宮城県仙台市若林区連坊１丁目１－４３" }, "geometry": { "type": "Point", "coordinates": [ 140.886261, 38.252705 ] } },
{ "type": "Feature", "properties": { "ID": 42802196, "正式名称": "かやば小児科医院", "機関区分": 2, "都道府県コード": 4, "市区町村コード": 103, "所在地": "宮城県仙台市若林区中倉１丁目１１－３", "緯度": 38.243526, "経度": 140.909851, "url": "https://www.iryou.teikyouseido.mhlw.go.jp/znk-web/juminkanja/S2430/initialize?prefCd=04&kikanCd=2802196&kikanKbn=2", "url2": "https://www.kayaba-kodomo.com/", "内容": "かやば小児科医院【2:診療所】【診療科目:0】宮城県仙台市若林区中倉１丁目１１－３" }, "geometry": { "type": "Point", "coordinates": [ 140.909851, 38.243526 ] } },
{ "type": "Feature", "properties": { "ID": 42802199, "正式名称": "公益財団法人宮城厚生協会若林クリニック", "機関区分": 2, "都道府県コード": 4, "市区町村コード": 103, "所在地": "宮城県仙台市若林区下飯田字遠谷地１７４", "緯度": 38.216923, "経度": 140.933594, "url": "https://www.iryou.teikyouseido.mhlw.go.jp/znk-web/juminkanja/S2430/initialize?prefCd=04&kikanCd=2802199&kikanKbn=2", "url2": "https://www.m-kousei.com/nagamati/wakabayashi/", "内容": "公益財団法人宮城厚生協会若林クリニック【2:診療所】【診療科目:0】宮城県仙台市若林区下飯田字遠谷地１７４" }, "geometry": { "type": "Point", "coordinates": [ 140.933594, 38.216923 ] } },
{ "type": "Feature", "properties": { "ID": 42802200, "正式名称": "医療法人社団　ささき産婦人科クリニック", "機関区分": 2, "都道府県コード": 4, "市区町村コード": 213, "所在地": "宮城県栗原市築館伊豆４丁目６－６０", "緯度": 38.730679, "経度": 141.022919, "url": "https://www.iryou.teikyouseido.mhlw.go.jp/znk-web/juminkanja/S2430/initialize?prefCd=04&kikanCd=2802200&kikanKbn=2", "url2": "http://sasakiob-gynclinic.webmedipr.jp", "内容": "医療法人社団　ささき産婦人科クリニック【2:診療所】【診療科目:0】宮城県栗原市築館伊豆４丁目６－６０" }, "geometry": { "type": "Point", "coordinates": [ 141.022919, 38.730679 ] } },
{ "type": "Feature", "properties": { "ID": 42900012, "正式名称": "あさひがおか眼科", "機関区分": 2, "都道府県コード": 4, "市区町村コード": 101, "所在地": "宮城県仙台市青葉区旭ヶ丘３丁目２６－２１", "緯度": 38.295769, "経度": 140.885056, "url": "https://www.iryou.teikyouseido.mhlw.go.jp/znk-web/juminkanja/S2430/initialize?prefCd=04&kikanCd=2900012&kikanKbn=2", "url2": "http://asahigaoka-ganka.com", "内容": "あさひがおか眼科【2:診療所】【診療科目:0】宮城県仙台市青葉区旭ヶ丘３丁目２６－２１" }, "geometry": { "type": "Point", "coordinates": [ 140.885056, 38.295769 ] } },
{ "type": "Feature", "properties": { "ID": 42900013, "正式名称": "医療法人　楽生会　奥口内科クリニック", "機関区分": 2, "都道府県コード": 4, "市区町村コード": 101, "所在地": "宮城県仙台市青葉区中央２丁目１０－１２", "緯度": 38.262451, "経度": 140.87558, "url": "https://www.iryou.teikyouseido.mhlw.go.jp/znk-web/juminkanja/S2430/initialize?prefCd=04&kikanCd=2900013&kikanKbn=2", "url2": "https://www.okuguchinaika-cl.jp/", "内容": "医療法人　楽生会　奥口内科クリニック【2:診療所】【診療科目:0】宮城県仙台市青葉区中央２丁目１０－１２" }, "geometry": { "type": "Point", "coordinates": [ 140.87558, 38.262451 ] } },
{ "type": "Feature", "properties": { "ID": 42900014, "正式名称": "柿沼内科・心療内科　青葉心理クリニック", "機関区分": 2, "都道府県コード": 4, "市区町村コード": 101, "所在地": "宮城県仙台市青葉区上杉１丁目１７－３０　６０１", "緯度": 38.271671, "経度": 140.869873, "url": "https://www.iryou.teikyouseido.mhlw.go.jp/znk-web/juminkanja/S2430/initialize?prefCd=04&kikanCd=2900014&kikanKbn=2", "url2": "http://www.aobashinriclinic.jp", "内容": "柿沼内科・心療内科　青葉心理クリニック【2:診療所】【診療科目:0】宮城県仙台市青葉区上杉１丁目１７－３０　６０１" }, "geometry": { "type": "Point", "coordinates": [ 140.869873, 38.271671 ] } },
{ "type": "Feature", "properties": { "ID": 42900015, "正式名称": "川村ひふ科", "機関区分": 2, "都道府県コード": 4, "市区町村コード": 101, "所在地": "宮城県仙台市青葉区柏木２丁目１－１２", "緯度": 38.270861, "経度": 140.855836, "url": "https://www.iryou.teikyouseido.mhlw.go.jp/znk-web/juminkanja/S2430/initialize?prefCd=04&kikanCd=2900015&kikanKbn=2", "url2": "http://k-hifu.net", "内容": "川村ひふ科【2:診療所】【診療科目:0】宮城県仙台市青葉区柏木２丁目１－１２" }, "geometry": { "type": "Point", "coordinates": [ 140.855836, 38.270861 ] } },
{ "type": "Feature", "properties": { "ID": 42900016, "正式名称": "河西耳鼻咽喉科", "機関区分": 2, "都道府県コード": 4, "市区町村コード": 101, "所在地": "宮城県仙台市青葉区中央２丁目９－１　河西ビル２階", "緯度": 38.262264, "経度": 140.875137, "url": "https://www.iryou.teikyouseido.mhlw.go.jp/znk-web/juminkanja/S2430/initialize?prefCd=04&kikanCd=2900016&kikanKbn=2", "url2": "http://www.kawanishi-jibika.jp/", "内容": "河西耳鼻咽喉科【2:診療所】【診療科目:0】宮城県仙台市青葉区中央２丁目９－１　河西ビル２階" }, "geometry": { "type": "Point", "coordinates": [ 140.875137, 38.262264 ] } },
{ "type": "Feature", "properties": { "ID": 42900017, "正式名称": "鬼怒川産婦人科女性診療医院", "機関区分": 2, "都道府県コード": 4, "市区町村コード": 101, "所在地": "宮城県仙台市青葉区小田原６丁目６－１", "緯度": 38.271885, "経度": 140.886292, "url": "https://www.iryou.teikyouseido.mhlw.go.jp/znk-web/juminkanja/S2430/initialize?prefCd=04&kikanCd=2900017&kikanKbn=2", "url2": "http://www.kinugawasanfujinka.jp/", "内容": "鬼怒川産婦人科女性診療医院【2:診療所】【診療科目:0】宮城県仙台市青葉区小田原６丁目６－１" }, "geometry": { "type": "Point", "coordinates": [ 140.886292, 38.271885 ] } },
{ "type": "Feature", "properties": { "ID": 42900019, "正式名称": "医療法人社団清鈴会　鈴木耳鼻咽喉科アレルギー科医院", "機関区分": 2, "都道府県コード": 4, "市区町村コード": 101, "所在地": "宮城県仙台市青葉区五橋２丁目１−１７　３０１", "緯度": 38.253426, "経度": 140.87854, "url": "https://www.iryou.teikyouseido.mhlw.go.jp/znk-web/juminkanja/S2430/initialize?prefCd=04&kikanCd=2900019&kikanKbn=2", "url2": "http://www.suzuki-otolaryngology.or.jp/", "内容": "医療法人社団清鈴会　鈴木耳鼻咽喉科アレルギー科医院【2:診療所】【診療科目:0】宮城県仙台市青葉区五橋２丁目１−１７　３０１" }, "geometry": { "type": "Point", "coordinates": [ 140.87854, 38.253426 ] } },
{ "type": "Feature", "properties": { "ID": 42900021, "正式名称": "セントローズクリニック", "機関区分": 2, "都道府県コード": 4, "市区町村コード": 101, "所在地": "宮城県仙台市青葉区中央２丁目４－５　アルボーレ仙台６Ｆ", "緯度": 38.261244, "経度": 140.875395, "url": "https://www.iryou.teikyouseido.mhlw.go.jp/znk-web/juminkanja/S2430/initialize?prefCd=04&kikanCd=2900021&kikanKbn=2", "url2": "http://www.st-rose.to", "内容": "セントローズクリニック【2:診療所】【診療科目:0】宮城県仙台市青葉区中央２丁目４－５　アルボーレ仙台６Ｆ" }, "geometry": { "type": "Point", "coordinates": [ 140.875395, 38.261244 ] } },
{ "type": "Feature", "properties": { "ID": 42900022, "正式名称": "すずきけいこカウンセリングオフィス", "機関区分": 2, "都道府県コード": 4, "市区町村コード": 101, "所在地": "宮城県仙台市青葉区中央２－８－１１　プレミアムグリーンヒルズ３Ｆ　ＭーＬＡＢＥＬ仙台００８号室", "緯度": 38.261578, "経度": 140.874771, "url": "https://www.iryou.teikyouseido.mhlw.go.jp/znk-web/juminkanja/S2430/initialize?prefCd=04&kikanCd=2900022&kikanKbn=2", "url2": "https://suzuki-keiko.jp", "内容": "すずきけいこカウンセリングオフィス【2:診療所】【診療科目:0】宮城県仙台市青葉区中央２－８－１１　プレミアムグリーンヒルズ３Ｆ　ＭーＬＡＢＥＬ仙台００８号室" }, "geometry": { "type": "Point", "coordinates": [ 140.874771, 38.261578 ] } },
{ "type": "Feature", "properties": { "ID": 42900025, "正式名称": "メリーレディースクリニック", "機関区分": 2, "都道府県コード": 4, "市区町村コード": 101, "所在地": "宮城県仙台市青葉区落合６丁目１ー４", "緯度": 38.269424, "経度": 140.784836, "url": "https://www.iryou.teikyouseido.mhlw.go.jp/znk-web/juminkanja/S2430/initialize?prefCd=04&kikanCd=2900025&kikanKbn=2", "url2": "http://www.mary-lc.jp", "内容": "メリーレディースクリニック【2:診療所】【診療科目:0】宮城県仙台市青葉区落合６丁目１ー４" }, "geometry": { "type": "Point", "coordinates": [ 140.784836, 38.269424 ] } },
{ "type": "Feature", "properties": { "ID": 42900026, "正式名称": "杜のレディースクリニック", "機関区分": 2, "都道府県コード": 4, "市区町村コード": 101, "所在地": "宮城県仙台市青葉区中央２丁目７－１５　４Ｆ", "緯度": 38.262074, "経度": 140.87587, "url": "https://www.iryou.teikyouseido.mhlw.go.jp/znk-web/juminkanja/S2430/initialize?prefCd=04&kikanCd=2900026&kikanKbn=2", "url2": "http://www.morinojyosei.jp", "内容": "杜のレディースクリニック【2:診療所】【診療科目:0】宮城県仙台市青葉区中央２丁目７－１５　４Ｆ" }, "geometry": { "type": "Point", "coordinates": [ 140.87587, 38.262074 ] } },
{ "type": "Feature", "properties": { "ID": 42900027, "正式名称": "森洋子クリニック", "機関区分": 2, "都道府県コード": 4, "市区町村コード": 101, "所在地": "宮城県仙台市青葉区中央１丁目３－１　ＡＥＲ　１０Ｆ", "緯度": 38.262684, "経度": 140.881271, "url": "https://www.iryou.teikyouseido.mhlw.go.jp/znk-web/juminkanja/S2430/initialize?prefCd=04&kikanCd=2900027&kikanKbn=2", "url2": null, "内容": "森洋子クリニック【2:診療所】【診療科目:0】宮城県仙台市青葉区中央１丁目３－１　ＡＥＲ　１０Ｆ" }, "geometry": { "type": "Point", "coordinates": [ 140.881271, 38.262684 ] } },
{ "type": "Feature", "properties": { "ID": 42900028, "正式名称": "医療法人連理会　せんだい五橋内科クリニック", "機関区分": 2, "都道府県コード": 4, "市区町村コード": 101, "所在地": "宮城県仙台市青葉区五橋１－６－２３", "緯度": 38.25351, "経度": 140.880295, "url": "https://www.iryou.teikyouseido.mhlw.go.jp/znk-web/juminkanja/S2430/initialize?prefCd=04&kikanCd=2900028&kikanKbn=2", "url2": null, "内容": "医療法人連理会　せんだい五橋内科クリニック【2:診療所】【診療科目:0】宮城県仙台市青葉区五橋１－６－２３" }, "geometry": { "type": "Point", "coordinates": [ 140.880295, 38.25351 ] } },
{ "type": "Feature", "properties": { "ID": 42900029, "正式名称": "シャンボール青葉産婦人科医院", "機関区分": 2, "都道府県コード": 4, "市区町村コード": 101, "所在地": "宮城県仙台市青葉区二日町６－６　３０６", "緯度": 38.269283, "経度": 140.868332, "url": "https://www.iryou.teikyouseido.mhlw.go.jp/znk-web/juminkanja/S2430/initialize?prefCd=04&kikanCd=2900029&kikanKbn=2", "url2": null, "内容": "シャンボール青葉産婦人科医院【2:診療所】【診療科目:0】宮城県仙台市青葉区二日町６－６　３０６" }, "geometry": { "type": "Point", "coordinates": [ 140.868332, 38.269283 ] } },
{ "type": "Feature", "properties": { "ID": 42900030, "正式名称": "医療法人社団朱雀会　きぼうの杜クリニック", "機関区分": 2, "都道府県コード": 4, "市区町村コード": 101, "所在地": "宮城県仙台市青葉区芋沢字権現森山８２ー１４", "緯度": 38.285954, "経度": 140.80748, "url": "https://www.iryou.teikyouseido.mhlw.go.jp/znk-web/juminkanja/S2430/initialize?prefCd=04&kikanCd=2900030&kikanKbn=2", "url2": "https://kibou-mori.jp/", "内容": "医療法人社団朱雀会　きぼうの杜クリニック【2:診療所】【診療科目:0】宮城県仙台市青葉区芋沢字権現森山８２ー１４" }, "geometry": { "type": "Point", "coordinates": [ 140.80748, 38.285954 ] } },
{ "type": "Feature", "properties": { "ID": 42900031, "正式名称": "西多賀やまだ内科・糖尿病クリニック", "機関区分": 2, "都道府県コード": 4, "市区町村コード": 104, "所在地": "宮城県仙台市太白区西多賀３丁目５－１８", "緯度": 38.222729, "経度": 140.853729, "url": "https://www.iryou.teikyouseido.mhlw.go.jp/znk-web/juminkanja/S2430/initialize?prefCd=04&kikanCd=2900031&kikanKbn=2", "url2": "http://nishitaga-yamada-dm.com", "内容": "西多賀やまだ内科・糖尿病クリニック【2:診療所】【診療科目:0】宮城県仙台市太白区西多賀３丁目５－１８" }, "geometry": { "type": "Point", "coordinates": [ 140.853729, 38.222729 ] } },
{ "type": "Feature", "properties": { "ID": 42900032, "正式名称": "みやざきクリニック", "機関区分": 2, "都道府県コード": 4, "市区町村コード": 104, "所在地": "宮城県仙台市太白区長町７丁目２０－５　ララガーデン長町４階", "緯度": 38.225304, "経度": 140.875748, "url": "https://www.iryou.teikyouseido.mhlw.go.jp/znk-web/juminkanja/S2430/initialize?prefCd=04&kikanCd=2900032&kikanKbn=2", "url2": "https://miyacli.jp", "内容": "みやざきクリニック【2:診療所】【診療科目:0】宮城県仙台市太白区長町７丁目２０－５　ララガーデン長町４階" }, "geometry": { "type": "Point", "coordinates": [ 140.875748, 38.225304 ] } },
{ "type": "Feature", "properties": { "ID": 42900033, "正式名称": "医療法人　啓恵会　花水こどもクリニック", "機関区分": 2, "都道府県コード": 4, "市区町村コード": 104, "所在地": "宮城県仙台市太白区泉崎１－３２－１５", "緯度": 38.219265, "経度": 140.866592, "url": "https://www.iryou.teikyouseido.mhlw.go.jp/znk-web/juminkanja/S2430/initialize?prefCd=04&kikanCd=2900033&kikanKbn=2", "url2": "http://www.hanamizu-kodomo.jp/", "内容": "医療法人　啓恵会　花水こどもクリニック【2:診療所】【診療科目:0】宮城県仙台市太白区泉崎１－３２－１５" }, "geometry": { "type": "Point", "coordinates": [ 140.866592, 38.219265 ] } },
{ "type": "Feature", "properties": { "ID": 42900034, "正式名称": "鈴木研一内科クリニック", "機関区分": 2, "都道府県コード": 4, "市区町村コード": 104, "所在地": "宮城県仙台市太白区長町３－３－６", "緯度": 38.229858, "経度": 140.885437, "url": "https://www.iryou.teikyouseido.mhlw.go.jp/znk-web/juminkanja/S2430/initialize?prefCd=04&kikanCd=2900034&kikanKbn=2", "url2": "http://www.k-suzukiclinic.com/", "内容": "鈴木研一内科クリニック【2:診療所】【診療科目:0】宮城県仙台市太白区長町３－３－６" }, "geometry": { "type": "Point", "coordinates": [ 140.885437, 38.229858 ] } },
{ "type": "Feature", "properties": { "ID": 42900036, "正式名称": "富沢南とだクリニック", "機関区分": 2, "都道府県コード": 4, "市区町村コード": 104, "所在地": "宮城県仙台市太白区富沢南１丁目１４－３", "緯度": 38.21389, "経度": 140.864365, "url": "https://www.iryou.teikyouseido.mhlw.go.jp/znk-web/juminkanja/S2430/initialize?prefCd=04&kikanCd=2900036&kikanKbn=2", "url2": "https://tm-toda-clinic.com", "内容": "富沢南とだクリニック【2:診療所】【診療科目:0】宮城県仙台市太白区富沢南１丁目１４－３" }, "geometry": { "type": "Point", "coordinates": [ 140.864365, 38.21389 ] } },
{ "type": "Feature", "properties": { "ID": 42900037, "正式名称": "仙台消化器・内視鏡内科はじめのクリニック長町院", "機関区分": 2, "都道府県コード": 4, "市区町村コード": 104, "所在地": "宮城県仙台市太白区あすと長町１丁目５－４０", "緯度": 38.227577, "経度": 140.886932, "url": "https://www.iryou.teikyouseido.mhlw.go.jp/znk-web/juminkanja/S2430/initialize?prefCd=04&kikanCd=2900037&kikanKbn=2", "url2": "https://www.sendai-naisikyou.jp/nagamachiinn/", "内容": "仙台消化器・内視鏡内科はじめのクリニック長町院【2:診療所】【診療科目:0】宮城県仙台市太白区あすと長町１丁目５－４０" }, "geometry": { "type": "Point", "coordinates": [ 140.886932, 38.227577 ] } },
{ "type": "Feature", "properties": { "ID": 42900038, "正式名称": "めざきクリニック", "機関区分": 2, "都道府県コード": 4, "市区町村コード": 104, "所在地": "宮城県仙台市太白区八木山南２丁目１番地２８－１", "緯度": 38.23614, "経度": 140.83838, "url": "https://www.iryou.teikyouseido.mhlw.go.jp/znk-web/juminkanja/S2430/initialize?prefCd=04&kikanCd=2900038&kikanKbn=2", "url2": "https://www.mezacli.com", "内容": "めざきクリニック【2:診療所】【診療科目:0】宮城県仙台市太白区八木山南２丁目１番地２８－１" }, "geometry": { "type": "Point", "coordinates": [ 140.83838, 38.23614 ] } },
{ "type": "Feature", "properties": { "ID": 42900039, "正式名称": "医療法人　鈎取診療所", "機関区分": 2, "都道府県コード": 4, "市区町村コード": 104, "所在地": "宮城県仙台市太白区鈎取本町１丁目１３－２", "緯度": 38.222027, "経度": 140.833694, "url": "https://www.iryou.teikyouseido.mhlw.go.jp/znk-web/juminkanja/S2430/initialize?prefCd=04&kikanCd=2900039&kikanKbn=2", "url2": null, "内容": "医療法人　鈎取診療所【2:診療所】【診療科目:0】宮城県仙台市太白区鈎取本町１丁目１３－２" }, "geometry": { "type": "Point", "coordinates": [ 140.833694, 38.222027 ] } },
{ "type": "Feature", "properties": { "ID": 42900040, "正式名称": "西多賀耳鼻咽喉科クリニック", "機関区分": 2, "都道府県コード": 4, "市区町村コード": 104, "所在地": "宮城県仙台市太白区西多賀４丁目１０－７", "緯度": 38.222759, "経度": 140.851089, "url": "https://www.iryou.teikyouseido.mhlw.go.jp/znk-web/juminkanja/S2430/initialize?prefCd=04&kikanCd=2900040&kikanKbn=2", "url2": "http://nishitaga-jibika.jp", "内容": "西多賀耳鼻咽喉科クリニック【2:診療所】【診療科目:0】宮城県仙台市太白区西多賀４丁目１０－７" }, "geometry": { "type": "Point", "coordinates": [ 140.851089, 38.222759 ] } },
{ "type": "Feature", "properties": { "ID": 42900041, "正式名称": "医療法人　社団　いずみクリニック", "機関区分": 2, "都道府県コード": 4, "市区町村コード": 105, "所在地": "宮城県仙台市泉区加茂４－４－２", "緯度": 38.31284, "経度": 140.855042, "url": "https://www.iryou.teikyouseido.mhlw.go.jp/znk-web/juminkanja/S2430/initialize?prefCd=04&kikanCd=2900041&kikanKbn=2", "url2": null, "内容": "医療法人　社団　いずみクリニック【2:診療所】【診療科目:0】宮城県仙台市泉区加茂４－４－２" }, "geometry": { "type": "Point", "coordinates": [ 140.855042, 38.31284 ] } },
{ "type": "Feature", "properties": { "ID": 42900042, "正式名称": "泉内科消化器科", "機関区分": 2, "都道府県コード": 4, "市区町村コード": 105, "所在地": "宮城県仙台市泉区泉中央２丁目１５－８", "緯度": 38.329674, "経度": 140.878387, "url": "https://www.iryou.teikyouseido.mhlw.go.jp/znk-web/juminkanja/S2430/initialize?prefCd=04&kikanCd=2900042&kikanKbn=2", "url2": "http://izumi-naika.net", "内容": "泉内科消化器科【2:診療所】【診療科目:0】宮城県仙台市泉区泉中央２丁目１５－８" }, "geometry": { "type": "Point", "coordinates": [ 140.878387, 38.329674 ] } },
{ "type": "Feature", "properties": { "ID": 42900043, "正式名称": "仙台まぶたと眼のクリニック", "機関区分": 2, "都道府県コード": 4, "市区町村コード": 105, "所在地": "宮城県仙台市泉区泉中央１丁目１５－２　赤間総業泉中央パーキングビル１階", "緯度": 38.323406, "経度": 140.880051, "url": "https://www.iryou.teikyouseido.mhlw.go.jp/znk-web/juminkanja/S2430/initialize?prefCd=04&kikanCd=2900043&kikanKbn=2", "url2": "https://www.sendai-oculoplastic.com/", "内容": "仙台まぶたと眼のクリニック【2:診療所】【診療科目:0】宮城県仙台市泉区泉中央１丁目１５－２　赤間総業泉中央パーキングビル１階" }, "geometry": { "type": "Point", "coordinates": [ 140.880051, 38.323406 ] } },
{ "type": "Feature", "properties": { "ID": 42900044, "正式名称": "向陽台クリニック", "機関区分": 2, "都道府県コード": 4, "市区町村コード": 105, "所在地": "宮城県仙台市泉区向陽台３－３－１２", "緯度": 38.338993, "経度": 140.896133, "url": "https://www.iryou.teikyouseido.mhlw.go.jp/znk-web/juminkanja/S2430/initialize?prefCd=04&kikanCd=2900044&kikanKbn=2", "url2": null, "内容": "向陽台クリニック【2:診療所】【診療科目:0】宮城県仙台市泉区向陽台３－３－１２" }, "geometry": { "type": "Point", "coordinates": [ 140.896133, 38.338993 ] } },
{ "type": "Feature", "properties": { "ID": 42900045, "正式名称": "医療法人正悠会せき内科・脳神経内科クリニック", "機関区分": 2, "都道府県コード": 4, "市区町村コード": 105, "所在地": "宮城県仙台市泉区松森字新田１０７", "緯度": 38.303516, "経度": 140.904984, "url": "https://www.iryou.teikyouseido.mhlw.go.jp/znk-web/juminkanja/S2430/initialize?prefCd=04&kikanCd=2900045&kikanKbn=2", "url2": "https://www.snc-se.com", "内容": "医療法人正悠会せき内科・脳神経内科クリニック【2:診療所】【診療科目:0】宮城県仙台市泉区松森字新田１０７" }, "geometry": { "type": "Point", "coordinates": [ 140.904984, 38.303516 ] } },
{ "type": "Feature", "properties": { "ID": 42900046, "正式名称": "仙台中央美容形成クリニック", "機関区分": 2, "都道府県コード": 4, "市区町村コード": 101, "所在地": "宮城県仙台市青葉区中央３丁目６－８　ＪＴＢビル７階", "緯度": 38.259884, "経度": 140.879303, "url": "https://www.iryou.teikyouseido.mhlw.go.jp/znk-web/juminkanja/S2430/initialize?prefCd=04&kikanCd=2900046&kikanKbn=2", "url2": "http://www.kirei-kirei-sendai.jp", "内容": "仙台中央美容形成クリニック【2:診療所】【診療科目:0】宮城県仙台市青葉区中央３丁目６－８　ＪＴＢビル７階" }, "geometry": { "type": "Point", "coordinates": [ 140.879303, 38.259884 ] } },
{ "type": "Feature", "properties": { "ID": 42900047, "正式名称": "小池クリニック整形外科", "機関区分": 2, "都道府県コード": 4, "市区町村コード": 101, "所在地": "宮城県仙台市青葉区台原１丁目７－２４", "緯度": 38.281399, "経度": 140.872665, "url": "https://www.iryou.teikyouseido.mhlw.go.jp/znk-web/juminkanja/S2430/initialize?prefCd=04&kikanCd=2900047&kikanKbn=2", "url2": "http://www.koikeclinicseikei.com", "内容": "小池クリニック整形外科【2:診療所】【診療科目:0】宮城県仙台市青葉区台原１丁目７－２４" }, "geometry": { "type": "Point", "coordinates": [ 140.872665, 38.281399 ] } },
{ "type": "Feature", "properties": { "ID": 42900049, "正式名称": "なごみこどもクリニック", "機関区分": 2, "都道府県コード": 4, "市区町村コード": 101, "所在地": "宮城県仙台市青葉区木町通１丁目５－１２　レイールビル２Ｆ", "緯度": 38.268944, "経度": 140.863724, "url": "https://www.iryou.teikyouseido.mhlw.go.jp/znk-web/juminkanja/S2430/initialize?prefCd=04&kikanCd=2900049&kikanKbn=2", "url2": "http://nagomi-clinic.jp", "内容": "なごみこどもクリニック【2:診療所】【診療科目:0】宮城県仙台市青葉区木町通１丁目５－１２　レイールビル２Ｆ" }, "geometry": { "type": "Point", "coordinates": [ 140.863724, 38.268944 ] } },
{ "type": "Feature", "properties": { "ID": 42900050, "正式名称": "医療法人松田会　仙台脳外科クリニック泉中央", "機関区分": 2, "都道府県コード": 4, "市区町村コード": 105, "所在地": "宮城県仙台市泉区泉中央１丁目３９－２", "緯度": 38.324203, "経度": 140.874908, "url": "https://www.iryou.teikyouseido.mhlw.go.jp/znk-web/juminkanja/S2430/initialize?prefCd=04&kikanCd=2900050&kikanKbn=2", "url2": "http://www.matsuda-hp.com/matsuda/nougeka-cl/index.html", "内容": "医療法人松田会　仙台脳外科クリニック泉中央【2:診療所】【診療科目:0】宮城県仙台市泉区泉中央１丁目３９－２" }, "geometry": { "type": "Point", "coordinates": [ 140.874908, 38.324203 ] } },
{ "type": "Feature", "properties": { "ID": 42900052, "正式名称": "医療法人社団桂和会　長命ヶ丘内科クリニック", "機関区分": 2, "都道府県コード": 4, "市区町村コード": 105, "所在地": "宮城県仙台市泉区長命ケ丘６丁目１５－７", "緯度": 38.311487, "経度": 140.831106, "url": "https://www.iryou.teikyouseido.mhlw.go.jp/znk-web/juminkanja/S2430/initialize?prefCd=04&kikanCd=2900052&kikanKbn=2", "url2": null, "内容": "医療法人社団桂和会　長命ヶ丘内科クリニック【2:診療所】【診療科目:0】宮城県仙台市泉区長命ケ丘６丁目１５－７" }, "geometry": { "type": "Point", "coordinates": [ 140.831106, 38.311487 ] } },
{ "type": "Feature", "properties": { "ID": 42900055, "正式名称": "Ｔ＆Ａ内科クリニック", "機関区分": 2, "都道府県コード": 4, "市区町村コード": 105, "所在地": "宮城県仙台市泉区将監８丁目１５－３１", "緯度": 38.331642, "経度": 140.87854, "url": "https://www.iryou.teikyouseido.mhlw.go.jp/znk-web/juminkanja/S2430/initialize?prefCd=04&kikanCd=2900055&kikanKbn=2", "url2": "http://www.ta-clinic.com", "内容": "Ｔ＆Ａ内科クリニック【2:診療所】【診療科目:0】宮城県仙台市泉区将監８丁目１５－３１" }, "geometry": { "type": "Point", "coordinates": [ 140.87854, 38.331642 ] } },
{ "type": "Feature", "properties": { "ID": 42900057, "正式名称": "医療法人社団千秋会　根白石診療所", "機関区分": 2, "都道府県コード": 4, "市区町村コード": 105, "所在地": "宮城県仙台市泉区根白石字堂の沢９", "緯度": 38.343967, "経度": 140.796417, "url": "https://www.iryou.teikyouseido.mhlw.go.jp/znk-web/juminkanja/S2430/initialize?prefCd=04&kikanCd=2900057&kikanKbn=2", "url2": null, "内容": "医療法人社団千秋会　根白石診療所【2:診療所】【診療科目:0】宮城県仙台市泉区根白石字堂の沢９" }, "geometry": { "type": "Point", "coordinates": [ 140.796417, 38.343967 ] } },
{ "type": "Feature", "properties": { "ID": 42900059, "正式名称": "八乙女レディースクリニック", "機関区分": 2, "都道府県コード": 4, "市区町村コード": 105, "所在地": "宮城県仙台市泉区上谷刈１丁目７－３３", "緯度": 38.31654, "経度": 140.872849, "url": "https://www.iryou.teikyouseido.mhlw.go.jp/znk-web/juminkanja/S2430/initialize?prefCd=04&kikanCd=2900059&kikanKbn=2", "url2": null, "内容": "八乙女レディースクリニック【2:診療所】【診療科目:0】宮城県仙台市泉区上谷刈１丁目７－３３" }, "geometry": { "type": "Point", "coordinates": [ 140.872849, 38.31654 ] } },
{ "type": "Feature", "properties": { "ID": 42900061, "正式名称": "瑞泉会宮城クリニック", "機関区分": 2, "都道府県コード": 4, "市区町村コード": 105, "所在地": "宮城県仙台市泉区八乙女中央２丁目３－８　東北療院２階", "緯度": 38.315788, "経度": 140.882599, "url": "https://www.iryou.teikyouseido.mhlw.go.jp/znk-web/juminkanja/S2430/initialize?prefCd=04&kikanCd=2900061&kikanKbn=2", "url2": null, "内容": "瑞泉会宮城クリニック【2:診療所】【診療科目:0】宮城県仙台市泉区八乙女中央２丁目３－８　東北療院２階" }, "geometry": { "type": "Point", "coordinates": [ 140.882599, 38.315788 ] } },
{ "type": "Feature", "properties": { "ID": 42900062, "正式名称": "医療法人　沼崎クリニック", "機関区分": 2, "都道府県コード": 4, "市区町村コード": 209, "所在地": "宮城県多賀城市大代５丁目２－５", "緯度": 38.292564, "経度": 141.038406, "url": "https://www.iryou.teikyouseido.mhlw.go.jp/znk-web/juminkanja/S2430/initialize?prefCd=04&kikanCd=2900062&kikanKbn=2", "url2": null, "内容": "医療法人　沼崎クリニック【2:診療所】【診療科目:0】宮城県多賀城市大代５丁目２－５" }, "geometry": { "type": "Point", "coordinates": [ 141.038406, 38.292564 ] } },
{ "type": "Feature", "properties": { "ID": 42900064, "正式名称": "医療法人　社団　鈴村眼科", "機関区分": 2, "都道府県コード": 4, "市区町村コード": 207, "所在地": "宮城県名取市杜せきのした２－６－５", "緯度": 38.165375, "経度": 140.897552, "url": "https://www.iryou.teikyouseido.mhlw.go.jp/znk-web/juminkanja/S2430/initialize?prefCd=04&kikanCd=2900064&kikanKbn=2", "url2": "http://www.suzumuraganka.jp/", "内容": "医療法人　社団　鈴村眼科【2:診療所】【診療科目:0】宮城県名取市杜せきのした２－６－５" }, "geometry": { "type": "Point", "coordinates": [ 140.897552, 38.165375 ] } },
{ "type": "Feature", "properties": { "ID": 42900065, "正式名称": "医療法人育志会ひらたクリニック", "機関区分": 2, "都道府県コード": 4, "市区町村コード": 362, "所在地": "宮城県亘理郡山元町山寺字石田２１－３", "緯度": 37.971504, "経度": 140.874695, "url": "https://www.iryou.teikyouseido.mhlw.go.jp/znk-web/juminkanja/S2430/initialize?prefCd=04&kikanCd=2900065&kikanKbn=2", "url2": "http://www.ikusikai.jp/", "内容": "医療法人育志会ひらたクリニック【2:診療所】【診療科目:0】宮城県亘理郡山元町山寺字石田２１－３" }, "geometry": { "type": "Point", "coordinates": [ 140.874695, 37.971504 ] } },
{ "type": "Feature", "properties": { "ID": 42900068, "正式名称": "医療法人社団修恵会日野クリニック", "機関区分": 2, "都道府県コード": 4, "市区町村コード": 213, "所在地": "宮城県栗原市志波姫新沼崎５０－２", "緯度": 38.749321, "経度": 141.055862, "url": "https://www.iryou.teikyouseido.mhlw.go.jp/znk-web/juminkanja/S2430/initialize?prefCd=04&kikanCd=2900068&kikanKbn=2", "url2": null, "内容": "医療法人社団修恵会日野クリニック【2:診療所】【診療科目:0】宮城県栗原市志波姫新沼崎５０－２" }, "geometry": { "type": "Point", "coordinates": [ 141.055862, 38.749321 ] } },
{ "type": "Feature", "properties": { "ID": 42900070, "正式名称": "医療法人宏道会くろさわ整形外科", "機関区分": 2, "都道府県コード": 4, "市区町村コード": 213, "所在地": "宮城県栗原市一迫真坂字清水山王前４－１", "緯度": 38.738338, "経度": 140.950287, "url": "https://www.iryou.teikyouseido.mhlw.go.jp/znk-web/juminkanja/S2430/initialize?prefCd=04&kikanCd=2900070&kikanKbn=2", "url2": null, "内容": "医療法人宏道会くろさわ整形外科【2:診療所】【診療科目:0】宮城県栗原市一迫真坂字清水山王前４－１" }, "geometry": { "type": "Point", "coordinates": [ 140.950287, 38.738338 ] } },
{ "type": "Feature", "properties": { "ID": 42900074, "正式名称": "医療法人岩切阿部医院", "機関区分": 2, "都道府県コード": 4, "市区町村コード": 102, "所在地": "宮城県仙台市宮城野区岩切字洞ノ口１９０－４", "緯度": 38.301186, "経度": 140.954971, "url": "https://www.iryou.teikyouseido.mhlw.go.jp/znk-web/juminkanja/S2430/initialize?prefCd=04&kikanCd=2900074&kikanKbn=2", "url2": null, "内容": "医療法人岩切阿部医院【2:診療所】【診療科目:0】宮城県仙台市宮城野区岩切字洞ノ口１９０－４" }, "geometry": { "type": "Point", "coordinates": [ 140.954971, 38.301186 ] } },
{ "type": "Feature", "properties": { "ID": 42900075, "正式名称": "医療法人社団　千葉神経科内科クリニック", "機関区分": 2, "都道府県コード": 4, "市区町村コード": 102, "所在地": "宮城県仙台市宮城野区榴岡２丁目１－１５大内ビル３Ｆ", "緯度": 38.260937, "経度": 140.88443, "url": "https://www.iryou.teikyouseido.mhlw.go.jp/znk-web/juminkanja/S2430/initialize?prefCd=04&kikanCd=2900075&kikanKbn=2", "url2": null, "内容": "医療法人社団　千葉神経科内科クリニック【2:診療所】【診療科目:0】宮城県仙台市宮城野区榴岡２丁目１－１５大内ビル３Ｆ" }, "geometry": { "type": "Point", "coordinates": [ 140.88443, 38.260937 ] } },
{ "type": "Feature", "properties": { "ID": 42900077, "正式名称": "中條整形外科医院", "機関区分": 2, "都道府県コード": 4, "市区町村コード": 102, "所在地": "宮城県仙台市宮城野区二十人町３１０番地の６", "緯度": 38.262341, "経度": 140.894257, "url": "https://www.iryou.teikyouseido.mhlw.go.jp/znk-web/juminkanja/S2430/initialize?prefCd=04&kikanCd=2900077&kikanKbn=2", "url2": null, "内容": "中條整形外科医院【2:診療所】【診療科目:0】宮城県仙台市宮城野区二十人町３１０番地の６" }, "geometry": { "type": "Point", "coordinates": [ 140.894257, 38.262341 ] } },
{ "type": "Feature", "properties": { "ID": 42900078, "正式名称": "なかむら脳神経外科", "機関区分": 2, "都道府県コード": 4, "市区町村コード": 102, "所在地": "宮城県仙台市宮城野区新田東１丁目８－１新田東メディカルビル１Ｆ", "緯度": 38.277195, "経度": 140.932632, "url": "https://www.iryou.teikyouseido.mhlw.go.jp/znk-web/juminkanja/S2430/initialize?prefCd=04&kikanCd=2900078&kikanKbn=2", "url2": "http://www.nougeka.net", "内容": "なかむら脳神経外科【2:診療所】【診療科目:0】宮城県仙台市宮城野区新田東１丁目８－１新田東メディカルビル１Ｆ" }, "geometry": { "type": "Point", "coordinates": [ 140.932632, 38.277195 ] } },
{ "type": "Feature", "properties": { "ID": 42900079, "正式名称": "みやぎの整形外科", "機関区分": 2, "都道府県コード": 4, "市区町村コード": 102, "所在地": "宮城県仙台市宮城野区田子２丁目１３－２８", "緯度": 38.277081, "経度": 140.957489, "url": "https://www.iryou.teikyouseido.mhlw.go.jp/znk-web/juminkanja/S2430/initialize?prefCd=04&kikanCd=2900079&kikanKbn=2", "url2": null, "内容": "みやぎの整形外科【2:診療所】【診療科目:0】宮城県仙台市宮城野区田子２丁目１３－２８" }, "geometry": { "type": "Point", "coordinates": [ 140.957489, 38.277081 ] } },
{ "type": "Feature", "properties": { "ID": 42900080, "正式名称": "湯村医院", "機関区分": 2, "都道府県コード": 4, "市区町村コード": 102, "所在地": "宮城県仙台市宮城野区岩切字若宮前８２－１", "緯度": 38.305836, "経度": 140.950195, "url": "https://www.iryou.teikyouseido.mhlw.go.jp/znk-web/juminkanja/S2430/initialize?prefCd=04&kikanCd=2900080&kikanKbn=2", "url2": "https//yunomura-gi-clinic.ci-hp.jp/", "内容": "湯村医院【2:診療所】【診療科目:0】宮城県仙台市宮城野区岩切字若宮前８２－１" }, "geometry": { "type": "Point", "coordinates": [ 140.950195, 38.305836 ] } },
{ "type": "Feature", "properties": { "ID": 42900081, "正式名称": "医療法人松田会　鶴ヶ谷クリニック", "機関区分": 2, "都道府県コード": 4, "市区町村コード": 102, "所在地": "宮城県仙台市宮城野区鶴ヶ谷字舘下３５番地１", "緯度": 38.296947, "経度": 140.919922, "url": "https://www.iryou.teikyouseido.mhlw.go.jp/znk-web/juminkanja/S2430/initialize?prefCd=04&kikanCd=2900081&kikanKbn=2", "url2": "http://www.matsuda-hp.com/tsurugaya-cl/", "内容": "医療法人松田会　鶴ヶ谷クリニック【2:診療所】【診療科目:0】宮城県仙台市宮城野区鶴ヶ谷字舘下３５番地１" }, "geometry": { "type": "Point", "coordinates": [ 140.919922, 38.296947 ] } },
{ "type": "Feature", "properties": { "ID": 42900082, "正式名称": "榴岡わたなべクリニック", "機関区分": 2, "都道府県コード": 4, "市区町村コード": 102, "所在地": "宮城県仙台市宮城野区榴岡３丁目１１－１８　プレノ榴岡１Ｆ", "緯度": 38.260406, "経度": 140.891632, "url": "https://www.iryou.teikyouseido.mhlw.go.jp/znk-web/juminkanja/S2430/initialize?prefCd=04&kikanCd=2900082&kikanKbn=2", "url2": "http://watanabe-cl.byoinnavi.jp/", "内容": "榴岡わたなべクリニック【2:診療所】【診療科目:0】宮城県仙台市宮城野区榴岡３丁目１１－１８　プレノ榴岡１Ｆ" }, "geometry": { "type": "Point", "coordinates": [ 140.891632, 38.260406 ] } },
{ "type": "Feature", "properties": { "ID": 42900083, "正式名称": "内科萱場クリニック", "機関区分": 2, "都道府県コード": 4, "市区町村コード": 102, "所在地": "宮城県仙台市宮城野区小田原１－５－３２", "緯度": 38.266094, "経度": 140.888855, "url": "https://www.iryou.teikyouseido.mhlw.go.jp/znk-web/juminkanja/S2430/initialize?prefCd=04&kikanCd=2900083&kikanKbn=2", "url2": "http://www.naika-kayaba.com/", "内容": "内科萱場クリニック【2:診療所】【診療科目:0】宮城県仙台市宮城野区小田原１－５－３２" }, "geometry": { "type": "Point", "coordinates": [ 140.888855, 38.266094 ] } },
{ "type": "Feature", "properties": { "ID": 42900089, "正式名称": "医療法人社団　沖野内科医院", "機関区分": 2, "都道府県コード": 4, "市区町村コード": 103, "所在地": "宮城県仙台市若林区沖野", "緯度": 38.22337, "経度": 140.918457, "url": "https://www.iryou.teikyouseido.mhlw.go.jp/znk-web/juminkanja/S2430/initialize?prefCd=04&kikanCd=2900089&kikanKbn=2", "url2": null, "内容": "医療法人社団　沖野内科医院【2:診療所】【診療科目:0】宮城県仙台市若林区沖野" }, "geometry": { "type": "Point", "coordinates": [ 140.918457, 38.22337 ] } },
{ "type": "Feature", "properties": { "ID": 42900092, "正式名称": "高柳内科医院", "機関区分": 2, "都道府県コード": 4, "市区町村コード": 103, "所在地": "宮城県仙台市若林区堰場１番地", "緯度": 38.241176, "経度": 140.887019, "url": "https://www.iryou.teikyouseido.mhlw.go.jp/znk-web/juminkanja/S2430/initialize?prefCd=04&kikanCd=2900092&kikanKbn=2", "url2": null, "内容": "高柳内科医院【2:診療所】【診療科目:0】宮城県仙台市若林区堰場１番地" }, "geometry": { "type": "Point", "coordinates": [ 140.887019, 38.241176 ] } },
{ "type": "Feature", "properties": { "ID": 42900093, "正式名称": "矢端眼科医院", "機関区分": 2, "都道府県コード": 4, "市区町村コード": 103, "所在地": "宮城県仙台市若林区一本杉町７－１５", "緯度": 38.243282, "経度": 140.908249, "url": "https://www.iryou.teikyouseido.mhlw.go.jp/znk-web/juminkanja/S2430/initialize?prefCd=04&kikanCd=2900093&kikanKbn=2", "url2": null, "内容": "矢端眼科医院【2:診療所】【診療科目:0】宮城県仙台市若林区一本杉町７－１５" }, "geometry": { "type": "Point", "coordinates": [ 140.908249, 38.243282 ] } },
{ "type": "Feature", "properties": { "ID": 42900095, "正式名称": "油井眼科医院", "機関区分": 2, "都道府県コード": 4, "市区町村コード": 208, "所在地": "宮城県角田市角田字牛舘５８", "緯度": 37.97113, "経度": 140.779648, "url": "https://www.iryou.teikyouseido.mhlw.go.jp/znk-web/juminkanja/S2430/initialize?prefCd=04&kikanCd=2900095&kikanKbn=2", "url2": null, "内容": "油井眼科医院【2:診療所】【診療科目:0】宮城県角田市角田字牛舘５８" }, "geometry": { "type": "Point", "coordinates": [ 140.779648, 37.97113 ] } },
{ "type": "Feature", "properties": { "ID": 42900096, "正式名称": "さくら内科消化器科", "機関区分": 2, "都道府県コード": 4, "市区町村コード": 321, "所在地": "宮城県柴田郡大河原町住吉町１１－１", "緯度": 38.043995, "経度": 140.74231, "url": "https://www.iryou.teikyouseido.mhlw.go.jp/znk-web/juminkanja/S2430/initialize?prefCd=04&kikanCd=2900096&kikanKbn=2", "url2": null, "内容": "さくら内科消化器科【2:診療所】【診療科目:0】宮城県柴田郡大河原町住吉町１１－１" }, "geometry": { "type": "Point", "coordinates": [ 140.74231, 38.043995 ] } },
{ "type": "Feature", "properties": { "ID": 42900097, "正式名称": "おおぬまクリニック", "機関区分": 2, "都道府県コード": 4, "市区町村コード": 206, "所在地": "宮城県白石市延命寺北１－６", "緯度": 38.008099, "経度": 140.623535, "url": "https://www.iryou.teikyouseido.mhlw.go.jp/znk-web/juminkanja/S2430/initialize?prefCd=04&kikanCd=2900097&kikanKbn=2", "url2": null, "内容": "おおぬまクリニック【2:診療所】【診療科目:0】宮城県白石市延命寺北１－６" }, "geometry": { "type": "Point", "coordinates": [ 140.623535, 38.008099 ] } },
{ "type": "Feature", "properties": { "ID": 42900098, "正式名称": "おおはし整形外科", "機関区分": 2, "都道府県コード": 4, "市区町村コード": 206, "所在地": "宮城県白石市南町１丁目３－３３", "緯度": 38.000565, "経度": 140.619598, "url": "https://www.iryou.teikyouseido.mhlw.go.jp/znk-web/juminkanja/S2430/initialize?prefCd=04&kikanCd=2900098&kikanKbn=2", "url2": "http://www.ohashi-cl.jp/index.html", "内容": "おおはし整形外科【2:診療所】【診療科目:0】宮城県白石市南町１丁目３－３３" }, "geometry": { "type": "Point", "coordinates": [ 140.619598, 38.000565 ] } },
{ "type": "Feature", "properties": { "ID": 42900099, "正式名称": "医療法人社団小川整形外科クリニック", "機関区分": 2, "都道府県コード": 4, "市区町村コード": 208, "所在地": "宮城県角田市角田字田町６８", "緯度": 37.97373, "経度": 140.78034, "url": "https://www.iryou.teikyouseido.mhlw.go.jp/znk-web/juminkanja/S2430/initialize?prefCd=04&kikanCd=2900099&kikanKbn=2", "url2": null, "内容": "医療法人社団小川整形外科クリニック【2:診療所】【診療科目:0】宮城県角田市角田字田町６８" }, "geometry": { "type": "Point", "coordinates": [ 140.78034, 37.97373 ] } },
{ "type": "Feature", "properties": { "ID": 42900157, "正式名称": "しんでん東耳鼻咽喉科", "機関区分": 2, "都道府県コード": 4, "市区町村コード": 102, "所在地": "宮城県仙台市宮城野区新田東２－１０－５", "緯度": 38.27462, "経度": 140.934402, "url": "https://www.iryou.teikyouseido.mhlw.go.jp/znk-web/juminkanja/S2430/initialize?prefCd=04&kikanCd=2900157&kikanKbn=2", "url2": "http://shinden-east-ent.dreamblog.jp/", "内容": "しんでん東耳鼻咽喉科【2:診療所】【診療科目:0】宮城県仙台市宮城野区新田東２－１０－５" }, "geometry": { "type": "Point", "coordinates": [ 140.934402, 38.27462 ] } },
{ "type": "Feature", "properties": { "ID": 42900158, "正式名称": "医療法人社団　青葉会　仙台駅前アエルクリニック", "機関区分": 2, "都道府県コード": 4, "市区町村コード": 101, "所在地": "宮城県仙台市青葉区中央１丁目３－１　ＡＥＲビル１１階", "緯度": 38.262684, "経度": 140.881271, "url": "https://www.iryou.teikyouseido.mhlw.go.jp/znk-web/juminkanja/S2430/initialize?prefCd=04&kikanCd=2900158&kikanKbn=2", "url2": "http://www.aer-clinic.com/", "内容": "医療法人社団　青葉会　仙台駅前アエルクリニック【2:診療所】【診療科目:0】宮城県仙台市青葉区中央１丁目３－１　ＡＥＲビル１１階" }, "geometry": { "type": "Point", "coordinates": [ 140.881271, 38.262684 ] } },
{ "type": "Feature", "properties": { "ID": 42900159, "正式名称": "品川美容外科仙台院", "機関区分": 2, "都道府県コード": 4, "市区町村コード": 101, "所在地": "宮城県仙台市青葉区中央一丁目３番１号ＡＥＲ２９Ｆ", "緯度": 38.262672, "経度": 140.877075, "url": "https://www.iryou.teikyouseido.mhlw.go.jp/znk-web/juminkanja/S2430/initialize?prefCd=04&kikanCd=2900159&kikanKbn=2", "url2": "https://www.shinagawa.com/clinic_sendai/", "内容": "品川美容外科仙台院【2:診療所】【診療科目:0】宮城県仙台市青葉区中央一丁目３番１号ＡＥＲ２９Ｆ" }, "geometry": { "type": "Point", "coordinates": [ 140.877075, 38.262672 ] } },
{ "type": "Feature", "properties": { "ID": 42900163, "正式名称": "ストレスケア・トラストクリニック", "機関区分": 2, "都道府県コード": 4, "市区町村コード": 101, "所在地": "宮城県仙台市青葉区一番町１丁目９－１　仙台トラストタワー３Ｆ", "緯度": 38.256466, "経度": 140.876205, "url": "https://www.iryou.teikyouseido.mhlw.go.jp/znk-web/juminkanja/S2430/initialize?prefCd=04&kikanCd=2900163&kikanKbn=2", "url2": "http://www.stresscaretrustclinic.com/", "内容": "ストレスケア・トラストクリニック【2:診療所】【診療科目:0】宮城県仙台市青葉区一番町１丁目９－１　仙台トラストタワー３Ｆ" }, "geometry": { "type": "Point", "coordinates": [ 140.876205, 38.256466 ] } },
{ "type": "Feature", "properties": { "ID": 42900166, "正式名称": "大清水内科クリニック", "機関区分": 2, "都道府県コード": 4, "市区町村コード": 216, "所在地": "宮城県富谷市大清水１丁目２－３", "緯度": 38.372696, "経度": 140.877945, "url": "https://www.iryou.teikyouseido.mhlw.go.jp/znk-web/juminkanja/S2430/initialize?prefCd=04&kikanCd=2900166&kikanKbn=2", "url2": null, "内容": "大清水内科クリニック【2:診療所】【診療科目:0】宮城県富谷市大清水１丁目２－３" }, "geometry": { "type": "Point", "coordinates": [ 140.877945, 38.372696 ] } },
{ "type": "Feature", "properties": { "ID": 42900167, "正式名称": "医療法人　清水会　かわせみクリニック", "機関区分": 2, "都道府県コード": 4, "市区町村コード": 105, "所在地": "宮城県仙台市泉区泉中央４丁目２１ー７", "緯度": 38.322193, "経度": 140.886627, "url": "https://www.iryou.teikyouseido.mhlw.go.jp/znk-web/juminkanja/S2430/initialize?prefCd=04&kikanCd=2900167&kikanKbn=2", "url2": "https://www.kawasemi-clinic.com", "内容": "医療法人　清水会　かわせみクリニック【2:診療所】【診療科目:0】宮城県仙台市泉区泉中央４丁目２１ー７" }, "geometry": { "type": "Point", "coordinates": [ 140.886627, 38.322193 ] } },
{ "type": "Feature", "properties": { "ID": 42900168, "正式名称": "いずみ向日葵クリニック", "機関区分": 2, "都道府県コード": 4, "市区町村コード": 105, "所在地": "宮城県仙台市泉区八乙女中央５丁目１８－１６", "緯度": 38.311844, "経度": 140.88562, "url": "https://www.iryou.teikyouseido.mhlw.go.jp/znk-web/juminkanja/S2430/initialize?prefCd=04&kikanCd=2900168&kikanKbn=2", "url2": "http://www.izumi-himawari.com", "内容": "いずみ向日葵クリニック【2:診療所】【診療科目:0】宮城県仙台市泉区八乙女中央５丁目１８－１６" }, "geometry": { "type": "Point", "coordinates": [ 140.88562, 38.311844 ] } },
{ "type": "Feature", "properties": { "ID": 42900177, "正式名称": "ふるさと往診クリニック", "機関区分": 2, "都道府県コード": 4, "市区町村コード": 105, "所在地": "宮城県仙台市泉区明石南２丁目４－５", "緯度": 38.341137, "経度": 140.890442, "url": "https://www.iryou.teikyouseido.mhlw.go.jp/znk-web/juminkanja/S2430/initialize?prefCd=04&kikanCd=2900177&kikanKbn=2", "url2": "http://furusato-oushin.jp", "内容": "ふるさと往診クリニック【2:診療所】【診療科目:0】宮城県仙台市泉区明石南２丁目４－５" }, "geometry": { "type": "Point", "coordinates": [ 140.890442, 38.341137 ] } },
{ "type": "Feature", "properties": { "ID": 42900178, "正式名称": "泉松クリニック", "機関区分": 2, "都道府県コード": 4, "市区町村コード": 105, "所在地": "宮城県仙台市泉区松森字新田１番地", "緯度": 38.304961, "経度": 140.904893, "url": "https://www.iryou.teikyouseido.mhlw.go.jp/znk-web/juminkanja/S2430/initialize?prefCd=04&kikanCd=2900178&kikanKbn=2", "url2": "http://medical-senshoukai.or.jp", "内容": "泉松クリニック【2:診療所】【診療科目:0】宮城県仙台市泉区松森字新田１番地" }, "geometry": { "type": "Point", "coordinates": [ 140.904893, 38.304961 ] } },
{ "type": "Feature", "properties": { "ID": 42900179, "正式名称": "医療法人　和会　南中山眼科クリニック", "機関区分": 2, "都道府県コード": 4, "市区町村コード": 105, "所在地": "宮城県仙台市泉区南中山２－１８－２０", "緯度": 38.309441, "経度": 140.825516, "url": "https://www.iryou.teikyouseido.mhlw.go.jp/znk-web/juminkanja/S2430/initialize?prefCd=04&kikanCd=2900179&kikanKbn=2", "url2": null, "内容": "医療法人　和会　南中山眼科クリニック【2:診療所】【診療科目:0】宮城県仙台市泉区南中山２－１８－２０" }, "geometry": { "type": "Point", "coordinates": [ 140.825516, 38.309441 ] } },
{ "type": "Feature", "properties": { "ID": 42900182, "正式名称": "高森こういちクリニック", "機関区分": 2, "都道府県コード": 4, "市区町村コード": 105, "所在地": "宮城県仙台市泉区野村字筒岫屋敷１８－２", "緯度": 38.333843, "経度": 140.852921, "url": "https://www.iryou.teikyouseido.mhlw.go.jp/znk-web/juminkanja/S2430/initialize?prefCd=04&kikanCd=2900182&kikanKbn=2", "url2": "https://www.kouiticl.com", "内容": "高森こういちクリニック【2:診療所】【診療科目:0】宮城県仙台市泉区野村字筒岫屋敷１８－２" }, "geometry": { "type": "Point", "coordinates": [ 140.852921, 38.333843 ] } },
{ "type": "Feature", "properties": { "ID": 42900183, "正式名称": "七北田クリニック", "機関区分": 2, "都道府県コード": 4, "市区町村コード": 105, "所在地": "宮城県仙台市泉区市名坂字東裏４０－２", "緯度": 38.320732, "経度": 140.891022, "url": "https://www.iryou.teikyouseido.mhlw.go.jp/znk-web/juminkanja/S2430/initialize?prefCd=04&kikanCd=2900183&kikanKbn=2", "url2": "http://cgi1.plala.or.jp/nanakita", "内容": "七北田クリニック【2:診療所】【診療科目:0】宮城県仙台市泉区市名坂字東裏４０－２" }, "geometry": { "type": "Point", "coordinates": [ 140.891022, 38.320732 ] } },
{ "type": "Feature", "properties": { "ID": 42900185, "正式名称": "勾当台はやさか内科クリニック", "機関区分": 2, "都道府県コード": 4, "市区町村コード": 101, "所在地": "宮城県仙台市青葉区国分町３－６－１　仙台パークビル１階", "緯度": 38.266871, "経度": 140.869322, "url": "https://www.iryou.teikyouseido.mhlw.go.jp/znk-web/juminkanja/S2430/initialize?prefCd=04&kikanCd=2900185&kikanKbn=2", "url2": "http://www.hayasaka-cl.jp", "内容": "勾当台はやさか内科クリニック【2:診療所】【診療科目:0】宮城県仙台市青葉区国分町３－６－１　仙台パークビル１階" }, "geometry": { "type": "Point", "coordinates": [ 140.869322, 38.266871 ] } },
{ "type": "Feature", "properties": { "ID": 42900186, "正式名称": "永沼ハートクリニック", "機関区分": 2, "都道府県コード": 4, "市区町村コード": 214, "所在地": "宮城県東松島市赤井字川前一９－１", "緯度": 38.433323, "経度": 141.237915, "url": "https://www.iryou.teikyouseido.mhlw.go.jp/znk-web/juminkanja/S2430/initialize?prefCd=04&kikanCd=2900186&kikanKbn=2", "url2": "https://naganuma-heart.com/", "内容": "永沼ハートクリニック【2:診療所】【診療科目:0】宮城県東松島市赤井字川前一９－１" }, "geometry": { "type": "Point", "coordinates": [ 141.237915, 38.433323 ] } },
{ "type": "Feature", "properties": { "ID": 42900187, "正式名称": "医療法人社団　博愛仁志会　栗原医院", "機関区分": 2, "都道府県コード": 4, "市区町村コード": 202, "所在地": "宮城県石巻市桃生町寺崎字舟場前２３－１", "緯度": 38.574371, "経度": 141.250717, "url": "https://www.iryou.teikyouseido.mhlw.go.jp/znk-web/juminkanja/S2430/initialize?prefCd=04&kikanCd=2900187&kikanKbn=2", "url2": null, "内容": "医療法人社団　博愛仁志会　栗原医院【2:診療所】【診療科目:0】宮城県石巻市桃生町寺崎字舟場前２３－１" }, "geometry": { "type": "Point", "coordinates": [ 141.250717, 38.574371 ] } },
{ "type": "Feature", "properties": { "ID": 42900189, "正式名称": "医療法人恵信会　おざわ女性総合クリニック", "機関区分": 2, "都道府県コード": 4, "市区町村コード": 103, "所在地": "宮城県仙台市若林区荒町１９２", "緯度": 38.249371, "経度": 140.885559, "url": "https://www.iryou.teikyouseido.mhlw.go.jp/znk-web/juminkanja/S2430/initialize?prefCd=04&kikanCd=2900189&kikanKbn=2", "url2": "http://www.happy-ozawa.jp", "内容": "医療法人恵信会　おざわ女性総合クリニック【2:診療所】【診療科目:0】宮城県仙台市若林区荒町１９２" }, "geometry": { "type": "Point", "coordinates": [ 140.885559, 38.249371 ] } },
{ "type": "Feature", "properties": { "ID": 42900190, "正式名称": "医療法人社団　宏洋会　清水内科外科医院", "機関区分": 2, "都道府県コード": 4, "市区町村コード": 103, "所在地": "宮城県仙台市若林区若林５丁目４－５０", "緯度": 38.230453, "経度": 140.902512, "url": "https://www.iryou.teikyouseido.mhlw.go.jp/znk-web/juminkanja/S2430/initialize?prefCd=04&kikanCd=2900190&kikanKbn=2", "url2": "http://www.shimizu-iin.jp", "内容": "医療法人社団　宏洋会　清水内科外科医院【2:診療所】【診療科目:0】宮城県仙台市若林区若林５丁目４－５０" }, "geometry": { "type": "Point", "coordinates": [ 140.902512, 38.230453 ] } },
{ "type": "Feature", "properties": { "ID": 42900192, "正式名称": "れんぼう眼科クリニック", "機関区分": 2, "都道府県コード": 4, "市区町村コード": 103, "所在地": "宮城県仙台市若林区連坊", "緯度": 38.252121, "経度": 140.887085, "url": "https://www.iryou.teikyouseido.mhlw.go.jp/znk-web/juminkanja/S2430/initialize?prefCd=04&kikanCd=2900192&kikanKbn=2", "url2": "https://www.renbouganka-clinic.com", "内容": "れんぼう眼科クリニック【2:診療所】【診療科目:0】宮城県仙台市若林区連坊" }, "geometry": { "type": "Point", "coordinates": [ 140.887085, 38.252121 ] } },
{ "type": "Feature", "properties": { "ID": 42900194, "正式名称": "志賀眼科", "機関区分": 2, "都道府県コード": 4, "市区町村コード": 104, "所在地": "宮城県仙台市太白区鹿野２丁目１７－１０", "緯度": 38.228111, "経度": 140.874847, "url": "https://www.iryou.teikyouseido.mhlw.go.jp/znk-web/juminkanja/S2430/initialize?prefCd=04&kikanCd=2900194&kikanKbn=2", "url2": null, "内容": "志賀眼科【2:診療所】【診療科目:0】宮城県仙台市太白区鹿野２丁目１７－１０" }, "geometry": { "type": "Point", "coordinates": [ 140.874847, 38.228111 ] } },
{ "type": "Feature", "properties": { "ID": 42900195, "正式名称": "医療法人松田会　八木山整形外科クリニック", "機関区分": 2, "都道府県コード": 4, "市区町村コード": 104, "所在地": "宮城県仙台市太白区八木山本町１丁目１３ー６", "緯度": 38.244286, "経度": 140.846649, "url": "https://www.iryou.teikyouseido.mhlw.go.jp/znk-web/juminkanja/S2430/initialize?prefCd=04&kikanCd=2900195&kikanKbn=2", "url2": "http://www.matsuda-hp.com/matsuda/yagiyama-seikei/", "内容": "医療法人松田会　八木山整形外科クリニック【2:診療所】【診療科目:0】宮城県仙台市太白区八木山本町１丁目１３ー６" }, "geometry": { "type": "Point", "coordinates": [ 140.846649, 38.244286 ] } },
{ "type": "Feature", "properties": { "ID": 42900196, "正式名称": "たいしどう内科クリニック", "機関区分": 2, "都道府県コード": 4, "市区町村コード": 104, "所在地": "宮城県仙台市太白区長町６丁目４－５１　ＳＹ長町ビル３Ｆ", "緯度": 38.22353, "経度": 140.88353, "url": "https://www.iryou.teikyouseido.mhlw.go.jp/znk-web/juminkanja/S2430/initialize?prefCd=04&kikanCd=2900196&kikanKbn=2", "url2": "https://jion-med.com", "内容": "たいしどう内科クリニック【2:診療所】【診療科目:0】宮城県仙台市太白区長町６丁目４－５１　ＳＹ長町ビル３Ｆ" }, "geometry": { "type": "Point", "coordinates": [ 140.88353, 38.22353 ] } },
{ "type": "Feature", "properties": { "ID": 42900198, "正式名称": "ばば内科ゆうこ整形外科クリニック", "機関区分": 2, "都道府県コード": 4, "市区町村コード": 104, "所在地": "宮城県仙台市太白区中田５丁目７－１６", "緯度": 38.196575, "経度": 140.886932, "url": "https://www.iryou.teikyouseido.mhlw.go.jp/znk-web/juminkanja/S2430/initialize?prefCd=04&kikanCd=2900198&kikanKbn=2", "url2": "http://www.baba-cl.jp", "内容": "ばば内科ゆうこ整形外科クリニック【2:診療所】【診療科目:0】宮城県仙台市太白区中田５丁目７－１６" }, "geometry": { "type": "Point", "coordinates": [ 140.886932, 38.196575 ] } },
{ "type": "Feature", "properties": { "ID": 42900199, "正式名称": "おくぐち皮ふ科クリニック", "機関区分": 2, "都道府県コード": 4, "市区町村コード": 104, "所在地": "宮城県仙台市太白区袋原字小原４２－３－２", "緯度": 38.197376, "経度": 140.904144, "url": "https://www.iryou.teikyouseido.mhlw.go.jp/znk-web/juminkanja/S2430/initialize?prefCd=04&kikanCd=2900199&kikanKbn=2", "url2": "http://okuguchihifuka-clinic.com", "内容": "おくぐち皮ふ科クリニック【2:診療所】【診療科目:0】宮城県仙台市太白区袋原字小原４２－３－２" }, "geometry": { "type": "Point", "coordinates": [ 140.904144, 38.197376 ] } },
{ "type": "Feature", "properties": { "ID": 42900200, "正式名称": "南桜ホームケアクリニック", "機関区分": 2, "都道府県コード": 4, "市区町村コード": 321, "所在地": "宮城県柴田郡大河原町字南桜町７－８", "緯度": 38.058113, "経度": 140.743591, "url": "https://www.iryou.teikyouseido.mhlw.go.jp/znk-web/juminkanja/S2430/initialize?prefCd=04&kikanCd=2900200&kikanKbn=2", "url2": null, "内容": "南桜ホームケアクリニック【2:診療所】【診療科目:0】宮城県柴田郡大河原町字南桜町７－８" }, "geometry": { "type": "Point", "coordinates": [ 140.743591, 38.058113 ] } },
{ "type": "Feature", "properties": { "ID": 42900202, "正式名称": "野村宏脳神経内科クリニック", "機関区分": 2, "都道府県コード": 4, "市区町村コード": 101, "所在地": "宮城県仙台市青葉区木町通１丁目５－１２　レイール木町４Ｆ", "緯度": 38.268944, "経度": 140.863724, "url": "https://www.iryou.teikyouseido.mhlw.go.jp/znk-web/juminkanja/S2430/initialize?prefCd=04&kikanCd=2900202&kikanKbn=2", "url2": "http://website2.infomity.net/8070000057/", "内容": "野村宏脳神経内科クリニック【2:診療所】【診療科目:0】宮城県仙台市青葉区木町通１丁目５－１２　レイール木町４Ｆ" }, "geometry": { "type": "Point", "coordinates": [ 140.863724, 38.268944 ] } },
{ "type": "Feature", "properties": { "ID": 42900203, "正式名称": "訪問クリニックちから", "機関区分": 2, "都道府県コード": 4, "市区町村コード": 101, "所在地": "宮城県仙台市青葉区二日町１８－２６　二日町ＯＡビル４Ｆ", "緯度": 38.27177, "経度": 140.868164, "url": "https://www.iryou.teikyouseido.mhlw.go.jp/znk-web/juminkanja/S2430/initialize?prefCd=04&kikanCd=2900203&kikanKbn=2", "url2": "https://www.h-clinic-chikara.jp/", "内容": "訪問クリニックちから【2:診療所】【診療科目:0】宮城県仙台市青葉区二日町１８－２６　二日町ＯＡビル４Ｆ" }, "geometry": { "type": "Point", "coordinates": [ 140.868164, 38.27177 ] } },
{ "type": "Feature", "properties": { "ID": 42900204, "正式名称": "東二番丁診療所", "機関区分": 2, "都道府県コード": 4, "市区町村コード": 101, "所在地": "宮城県仙台市青葉区一番町１丁目９－１　仙台トラストタワー３Ｆ", "緯度": 38.256466, "経度": 140.876205, "url": "https://www.iryou.teikyouseido.mhlw.go.jp/znk-web/juminkanja/S2430/initialize?prefCd=04&kikanCd=2900204&kikanKbn=2", "url2": "https://www.e2-clinic.com", "内容": "東二番丁診療所【2:診療所】【診療科目:0】宮城県仙台市青葉区一番町１丁目９－１　仙台トラストタワー３Ｆ" }, "geometry": { "type": "Point", "coordinates": [ 140.876205, 38.256466 ] } },
{ "type": "Feature", "properties": { "ID": 42900205, "正式名称": "北田内科小児科医院", "機関区分": 2, "都道府県コード": 4, "市区町村コード": 101, "所在地": "宮城県仙台市青葉区八幡３丁目６－１５", "緯度": 38.26878, "経度": 140.845871, "url": "https://www.iryou.teikyouseido.mhlw.go.jp/znk-web/juminkanja/S2430/initialize?prefCd=04&kikanCd=2900205&kikanKbn=2", "url2": "https://kitadaiin.jp/", "内容": "北田内科小児科医院【2:診療所】【診療科目:0】宮城県仙台市青葉区八幡３丁目６－１５" }, "geometry": { "type": "Point", "coordinates": [ 140.845871, 38.26878 ] } },
{ "type": "Feature", "properties": { "ID": 42900206, "正式名称": "医療法人社団フォーギブネス　あやし皮膚科クリニック", "機関区分": 2, "都道府県コード": 4, "市区町村コード": 101, "所在地": "宮城県仙台市青葉区落合６丁目１－５－１", "緯度": 38.269691, "経度": 140.784836, "url": "https://www.iryou.teikyouseido.mhlw.go.jp/znk-web/juminkanja/S2430/initialize?prefCd=04&kikanCd=2900206&kikanKbn=2", "url2": "http://www.ayashi-dc.jp", "内容": "医療法人社団フォーギブネス　あやし皮膚科クリニック【2:診療所】【診療科目:0】宮城県仙台市青葉区落合６丁目１－５－１" }, "geometry": { "type": "Point", "coordinates": [ 140.784836, 38.269691 ] } },
{ "type": "Feature", "properties": { "ID": 42900207, "正式名称": "藤ＧＳクリニック", "機関区分": 2, "都道府県コード": 4, "市区町村コード": 101, "所在地": "宮城県仙台市青葉区国見４－３－９", "緯度": 38.277706, "経度": 140.842941, "url": "https://www.iryou.teikyouseido.mhlw.go.jp/znk-web/juminkanja/S2430/initialize?prefCd=04&kikanCd=2900207&kikanKbn=2", "url2": null, "内容": "藤ＧＳクリニック【2:診療所】【診療科目:0】宮城県仙台市青葉区国見４－３－９" }, "geometry": { "type": "Point", "coordinates": [ 140.842941, 38.277706 ] } },
{ "type": "Feature", "properties": { "ID": 42900209, "正式名称": "南吉成耳鼻咽喉科", "機関区分": 2, "都道府県コード": 4, "市区町村コード": 101, "所在地": "宮城県仙台市青葉区南吉成３丁目１ー２３　メディカルスクエア南吉成", "緯度": 38.286079, "経度": 140.81723, "url": "https://www.iryou.teikyouseido.mhlw.go.jp/znk-web/juminkanja/S2430/initialize?prefCd=04&kikanCd=2900209&kikanKbn=2", "url2": "http://minamiyoshinari-ent.cihp2.jp/", "内容": "南吉成耳鼻咽喉科【2:診療所】【診療科目:0】宮城県仙台市青葉区南吉成３丁目１ー２３　メディカルスクエア南吉成" }, "geometry": { "type": "Point", "coordinates": [ 140.81723, 38.286079 ] } },
{ "type": "Feature", "properties": { "ID": 42900210, "正式名称": "医療法人社団進興会　せんだい総合健診クリニック", "機関区分": 2, "都道府県コード": 4, "市区町村コード": 101, "所在地": "宮城県仙台市青葉区一番町１－９－１仙台トラストタワー４Ｆ", "緯度": 38.256466, "経度": 140.876205, "url": "https://www.iryou.teikyouseido.mhlw.go.jp/znk-web/juminkanja/S2430/initialize?prefCd=04&kikanCd=2900210&kikanKbn=2", "url2": "http://www.shinkokai.jp", "内容": "医療法人社団進興会　せんだい総合健診クリニック【2:診療所】【診療科目:0】宮城県仙台市青葉区一番町１－９－１仙台トラストタワー４Ｆ" }, "geometry": { "type": "Point", "coordinates": [ 140.876205, 38.256466 ] } },
{ "type": "Feature", "properties": { "ID": 42900211, "正式名称": "医療法人　新中道皮ふ科クリニック", "機関区分": 2, "都道府県コード": 4, "市区町村コード": 406, "所在地": "宮城県宮城郡利府町新中道２丁目５－１０", "緯度": 38.324539, "経度": 140.972198, "url": "https://www.iryou.teikyouseido.mhlw.go.jp/znk-web/juminkanja/S2430/initialize?prefCd=04&kikanCd=2900211&kikanKbn=2", "url2": null, "内容": "医療法人　新中道皮ふ科クリニック【2:診療所】【診療科目:0】宮城県宮城郡利府町新中道２丁目５－１０" }, "geometry": { "type": "Point", "coordinates": [ 140.972198, 38.324539 ] } },
{ "type": "Feature", "properties": { "ID": 42900233, "正式名称": "みはるの杜診療所", "機関区分": 2, "都道府県コード": 4, "市区町村コード": 102, "所在地": "宮城県仙台市宮城野区福室２丁目５－２７", "緯度": 38.272224, "経度": 140.965668, "url": "https://www.iryou.teikyouseido.mhlw.go.jp/znk-web/juminkanja/S2430/initialize?prefCd=04&kikanCd=2900233&kikanKbn=2", "url2": "https://www.izuminomori.jp", "内容": "みはるの杜診療所【2:診療所】【診療科目:0】宮城県仙台市宮城野区福室２丁目５－２７" }, "geometry": { "type": "Point", "coordinates": [ 140.965668, 38.272224 ] } },
{ "type": "Feature", "properties": { "ID": 42900236, "正式名称": "とざわクリニック", "機関区分": 2, "都道府県コード": 4, "市区町村コード": 102, "所在地": "宮城県仙台市宮城野区東仙台４丁目７－１", "緯度": 38.275505, "経度": 140.908844, "url": "https://www.iryou.teikyouseido.mhlw.go.jp/znk-web/juminkanja/S2430/initialize?prefCd=04&kikanCd=2900236&kikanKbn=2", "url2": "http://www.tozawaclinic.com", "内容": "とざわクリニック【2:診療所】【診療科目:0】宮城県仙台市宮城野区東仙台４丁目７－１" }, "geometry": { "type": "Point", "coordinates": [ 140.908844, 38.275505 ] } },
{ "type": "Feature", "properties": { "ID": 42900238, "正式名称": "徳永クリニック", "機関区分": 2, "都道府県コード": 4, "市区町村コード": 102, "所在地": "宮城県仙台市宮城野区新田東２丁目１４－３", "緯度": 38.276077, "経度": 140.934631, "url": "https://www.iryou.teikyouseido.mhlw.go.jp/znk-web/juminkanja/S2430/initialize?prefCd=04&kikanCd=2900238&kikanKbn=2", "url2": "http://www.tokunaga-clinic.jp/index.html", "内容": "徳永クリニック【2:診療所】【診療科目:0】宮城県仙台市宮城野区新田東２丁目１４－３" }, "geometry": { "type": "Point", "coordinates": [ 140.934631, 38.276077 ] } },
{ "type": "Feature", "properties": { "ID": 42900239, "正式名称": "阿部内科医院", "機関区分": 2, "都道府県コード": 4, "市区町村コード": 102, "所在地": "宮城県仙台市宮城野区小鶴１－１－１１", "緯度": 38.283672, "経度": 140.925186, "url": "https://www.iryou.teikyouseido.mhlw.go.jp/znk-web/juminkanja/S2430/initialize?prefCd=04&kikanCd=2900239&kikanKbn=2", "url2": null, "内容": "阿部内科医院【2:診療所】【診療科目:0】宮城県仙台市宮城野区小鶴１－１－１１" }, "geometry": { "type": "Point", "coordinates": [ 140.925186, 38.283672 ] } },
{ "type": "Feature", "properties": { "ID": 42900240, "正式名称": "小山皮フ科クリニック", "機関区分": 2, "都道府県コード": 4, "市区町村コード": 102, "所在地": "宮城県仙台市宮城野区岩切１－２６－２０", "緯度": 38.295502, "経度": 140.937927, "url": "https://www.iryou.teikyouseido.mhlw.go.jp/znk-web/juminkanja/S2430/initialize?prefCd=04&kikanCd=2900240&kikanKbn=2", "url2": "htttps://www.xn--pcka3d5a0cwh6474aowa454pqtg.com/", "内容": "小山皮フ科クリニック【2:診療所】【診療科目:0】宮城県仙台市宮城野区岩切１－２６－２０" }, "geometry": { "type": "Point", "coordinates": [ 140.937927, 38.295502 ] } },
{ "type": "Feature", "properties": { "ID": 42900244, "正式名称": "白木原クリニック", "機関区分": 2, "都道府県コード": 4, "市区町村コード": 105, "所在地": "宮城県仙台市泉区南光台７ー１ー９６", "緯度": 38.299377, "経度": 140.898239, "url": "https://www.iryou.teikyouseido.mhlw.go.jp/znk-web/juminkanja/S2430/initialize?prefCd=04&kikanCd=2900244&kikanKbn=2", "url2": "https://shirakihara-clinic.jp/", "内容": "白木原クリニック【2:診療所】【診療科目:0】宮城県仙台市泉区南光台７ー１ー９６" }, "geometry": { "type": "Point", "coordinates": [ 140.898239, 38.299377 ] } },
{ "type": "Feature", "properties": { "ID": 42900248, "正式名称": "りきおこどもクリニック", "機関区分": 2, "都道府県コード": 4, "市区町村コード": 101, "所在地": "宮城県仙台市青葉区落合６丁目１０－１", "緯度": 38.271, "経度": 140.784836, "url": "https://www.iryou.teikyouseido.mhlw.go.jp/znk-web/juminkanja/S2430/initialize?prefCd=04&kikanCd=2900248&kikanKbn=2", "url2": "http://rikio-kodomo.com/", "内容": "りきおこどもクリニック【2:診療所】【診療科目:0】宮城県仙台市青葉区落合６丁目１０－１" }, "geometry": { "type": "Point", "coordinates": [ 140.784836, 38.271 ] } },
{ "type": "Feature", "properties": { "ID": 42900249, "正式名称": "泉レディースクリニック", "機関区分": 2, "都道府県コード": 4, "市区町村コード": 105, "所在地": "宮城県仙台市泉区泉中央３丁目２９－７", "緯度": 38.323338, "経度": 140.885956, "url": "https://www.iryou.teikyouseido.mhlw.go.jp/znk-web/juminkanja/S2430/initialize?prefCd=04&kikanCd=2900249&kikanKbn=2", "url2": null, "内容": "泉レディースクリニック【2:診療所】【診療科目:0】宮城県仙台市泉区泉中央３丁目２９－７" }, "geometry": { "type": "Point", "coordinates": [ 140.885956, 38.323338 ] } },
{ "type": "Feature", "properties": { "ID": 42900250, "正式名称": "医療法人社団恵渡会　松森整形外科クリニック", "機関区分": 2, "都道府県コード": 4, "市区町村コード": 105, "所在地": "宮城県仙台市泉区松森字岡本前１１", "緯度": 38.312218, "経度": 140.911545, "url": "https://www.iryou.teikyouseido.mhlw.go.jp/znk-web/juminkanja/S2430/initialize?prefCd=04&kikanCd=2900250&kikanKbn=2", "url2": "http://www.keitokai.com", "内容": "医療法人社団恵渡会　松森整形外科クリニック【2:診療所】【診療科目:0】宮城県仙台市泉区松森字岡本前１１" }, "geometry": { "type": "Point", "coordinates": [ 140.911545, 38.312218 ] } },
{ "type": "Feature", "properties": { "ID": 42900252, "正式名称": "おのでらクリニック", "機関区分": 2, "都道府県コード": 4, "市区町村コード": 102, "所在地": "宮城県仙台市宮城野区銀杏町３５－１", "緯度": 38.262451, "経度": 140.913116, "url": "https://www.iryou.teikyouseido.mhlw.go.jp/znk-web/juminkanja/S2430/initialize?prefCd=04&kikanCd=2900252&kikanKbn=2", "url2": "http://onodera-cl.com", "内容": "おのでらクリニック【2:診療所】【診療科目:0】宮城県仙台市宮城野区銀杏町３５－１" }, "geometry": { "type": "Point", "coordinates": [ 140.913116, 38.262451 ] } },
{ "type": "Feature", "properties": { "ID": 42900254, "正式名称": "東京ノーストクリニック", "機関区分": 2, "都道府県コード": 4, "市区町村コード": 102, "所在地": "宮城県仙台市宮城野区榴岡平和住宅東口第一ビル５Ｆ", "緯度": 38.260803, "経度": 140.884659, "url": "https://www.iryou.teikyouseido.mhlw.go.jp/znk-web/juminkanja/S2430/initialize?prefCd=04&kikanCd=2900254&kikanKbn=2", "url2": null, "内容": "東京ノーストクリニック【2:診療所】【診療科目:0】宮城県仙台市宮城野区榴岡平和住宅東口第一ビル５Ｆ" }, "geometry": { "type": "Point", "coordinates": [ 140.884659, 38.260803 ] } },
{ "type": "Feature", "properties": { "ID": 42900256, "正式名称": "猪岡内科医院", "機関区分": 2, "都道府県コード": 4, "市区町村コード": 103, "所在地": "宮城県仙台市若林区木ノ下１丁目２５－３１", "緯度": 38.249802, "経度": 140.896439, "url": "https://www.iryou.teikyouseido.mhlw.go.jp/znk-web/juminkanja/S2430/initialize?prefCd=04&kikanCd=2900256&kikanKbn=2", "url2": null, "内容": "猪岡内科医院【2:診療所】【診療科目:0】宮城県仙台市若林区木ノ下１丁目２５－３１" }, "geometry": { "type": "Point", "coordinates": [ 140.896439, 38.249802 ] } },
{ "type": "Feature", "properties": { "ID": 42900266, "正式名称": "山田孝彦眼科", "機関区分": 2, "都道府県コード": 4, "市区町村コード": 105, "所在地": "宮城県仙台市泉区高森６丁目３１－１", "緯度": 38.341923, "経度": 140.853989, "url": "https://www.iryou.teikyouseido.mhlw.go.jp/znk-web/juminkanja/S2430/initialize?prefCd=04&kikanCd=2900266&kikanKbn=2", "url2": null, "内容": "山田孝彦眼科【2:診療所】【診療科目:0】宮城県仙台市泉区高森６丁目３１－１" }, "geometry": { "type": "Point", "coordinates": [ 140.853989, 38.341923 ] } },
{ "type": "Feature", "properties": { "ID": 42900268, "正式名称": "医療法人　丹誠会　丹野医院", "機関区分": 2, "都道府県コード": 4, "市区町村コード": 211, "所在地": "宮城県岩沼市桑原１丁目８－１３", "緯度": 38.102001, "経度": 140.861511, "url": "https://www.iryou.teikyouseido.mhlw.go.jp/znk-web/juminkanja/S2430/initialize?prefCd=04&kikanCd=2900268&kikanKbn=2", "url2": null, "内容": "医療法人　丹誠会　丹野医院【2:診療所】【診療科目:0】宮城県岩沼市桑原１丁目８－１３" }, "geometry": { "type": "Point", "coordinates": [ 140.861511, 38.102001 ] } },
{ "type": "Feature", "properties": { "ID": 42900270, "正式名称": "医療法人社団　みらい　いとうクリニック", "機関区分": 2, "都道府県コード": 4, "市区町村コード": 216, "所在地": "宮城県富谷市成田４丁目１－１１", "緯度": 38.363964, "経度": 140.89624, "url": "https://www.iryou.teikyouseido.mhlw.go.jp/znk-web/juminkanja/S2430/initialize?prefCd=04&kikanCd=2900270&kikanKbn=2", "url2": "http://www.itou-clinic.jp/", "内容": "医療法人社団　みらい　いとうクリニック【2:診療所】【診療科目:0】宮城県富谷市成田４丁目１－１１" }, "geometry": { "type": "Point", "coordinates": [ 140.89624, 38.363964 ] } },
{ "type": "Feature", "properties": { "ID": 42900272, "正式名称": "医療法人社団泉黒澤クリニック", "機関区分": 2, "都道府県コード": 4, "市区町村コード": 105, "所在地": "宮城県仙台市泉区松森字陣ケ原２４－３", "緯度": 38.300522, "経度": 140.911194, "url": "https://www.iryou.teikyouseido.mhlw.go.jp/znk-web/juminkanja/S2430/initialize?prefCd=04&kikanCd=2900272&kikanKbn=2", "url2": null, "内容": "医療法人社団泉黒澤クリニック【2:診療所】【診療科目:0】宮城県仙台市泉区松森字陣ケ原２４－３" }, "geometry": { "type": "Point", "coordinates": [ 140.911194, 38.300522 ] } },
{ "type": "Feature", "properties": { "ID": 42900275, "正式名称": "ＡＢＣクリニック美容外科　仙台院", "機関区分": 2, "都道府県コード": 4, "市区町村コード": 101, "所在地": "宮城県仙台市青葉区中央２丁目１１－２８　りんすくビル３階", "緯度": 38.262768, "経度": 140.877914, "url": "https://www.iryou.teikyouseido.mhlw.go.jp/znk-web/juminkanja/S2430/initialize?prefCd=04&kikanCd=2900275&kikanKbn=2", "url2": "http://www.abc-sendai.jp", "内容": "ＡＢＣクリニック美容外科　仙台院【2:診療所】【診療科目:0】宮城県仙台市青葉区中央２丁目１１－２８　りんすくビル３階" }, "geometry": { "type": "Point", "coordinates": [ 140.877914, 38.262768 ] } },
{ "type": "Feature", "properties": { "ID": 42900276, "正式名称": "一般財団法人　杜の都産業保健会　一番町健診クリニック", "機関区分": 2, "都道府県コード": 4, "市区町村コード": 101, "所在地": "宮城県仙台市青葉区一番町４丁目９－１８　ＴＩＣビル４・５階", "緯度": 38.26495, "経度": 140.870148, "url": "https://www.iryou.teikyouseido.mhlw.go.jp/znk-web/juminkanja/S2430/initialize?prefCd=04&kikanCd=2900276&kikanKbn=2", "url2": "http://www.sendaikenshin.jp/", "内容": "一般財団法人　杜の都産業保健会　一番町健診クリニック【2:診療所】【診療科目:0】宮城県仙台市青葉区一番町４丁目９－１８　ＴＩＣビル４・５階" }, "geometry": { "type": "Point", "coordinates": [ 140.870148, 38.26495 ] } },
{ "type": "Feature", "properties": { "ID": 42900279, "正式名称": "ひかりクリニック", "機関区分": 2, "都道府県コード": 4, "市区町村コード": 102, "所在地": "宮城県仙台市宮城野区鶴ケ谷字京原７", "緯度": 38.300187, "経度": 140.921828, "url": "https://www.iryou.teikyouseido.mhlw.go.jp/znk-web/juminkanja/S2430/initialize?prefCd=04&kikanCd=2900279&kikanKbn=2", "url2": null, "内容": "ひかりクリニック【2:診療所】【診療科目:0】宮城県仙台市宮城野区鶴ケ谷字京原７" }, "geometry": { "type": "Point", "coordinates": [ 140.921828, 38.300187 ] } },
{ "type": "Feature", "properties": { "ID": 42900280, "正式名称": "さいわい町ファミリークリニック", "機関区分": 2, "都道府県コード": 4, "市区町村コード": 102, "所在地": "宮城県仙台市宮城野区幸町２丁目２１－８", "緯度": 38.276108, "経度": 140.898529, "url": "https://www.iryou.teikyouseido.mhlw.go.jp/znk-web/juminkanja/S2430/initialize?prefCd=04&kikanCd=2900280&kikanKbn=2", "url2": "http://saiwai-family-cl.jp/", "内容": "さいわい町ファミリークリニック【2:診療所】【診療科目:0】宮城県仙台市宮城野区幸町２丁目２１－８" }, "geometry": { "type": "Point", "coordinates": [ 140.898529, 38.276108 ] } },
{ "type": "Feature", "properties": { "ID": 42900281, "正式名称": "岩切中央クリニック", "機関区分": 2, "都道府県コード": 4, "市区町村コード": 102, "所在地": "宮城県仙台市宮城野区岩切分台１－２－５", "緯度": 38.305862, "経度": 140.956665, "url": "https://www.iryou.teikyouseido.mhlw.go.jp/znk-web/juminkanja/S2430/initialize?prefCd=04&kikanCd=2900281&kikanKbn=2", "url2": "http://website2.infomity.net/8070000111/", "内容": "岩切中央クリニック【2:診療所】【診療科目:0】宮城県仙台市宮城野区岩切分台１－２－５" }, "geometry": { "type": "Point", "coordinates": [ 140.956665, 38.305862 ] } },
{ "type": "Feature", "properties": { "ID": 42900285, "正式名称": "山田かぎとり眼科", "機関区分": 2, "都道府県コード": 4, "市区町村コード": 104, "所在地": "宮城県仙台市太白区山田新町８２", "緯度": 38.216465, "経度": 140.83374, "url": "https://www.iryou.teikyouseido.mhlw.go.jp/znk-web/juminkanja/S2430/initialize?prefCd=04&kikanCd=2900285&kikanKbn=2", "url2": "http://yamakagi-eye.sakura.ne.jp", "内容": "山田かぎとり眼科【2:診療所】【診療科目:0】宮城県仙台市太白区山田新町８２" }, "geometry": { "type": "Point", "coordinates": [ 140.83374, 38.216465 ] } },
{ "type": "Feature", "properties": { "ID": 42900288, "正式名称": "みやざき内科クリニック", "機関区分": 2, "都道府県コード": 4, "市区町村コード": 215, "所在地": "宮城県大崎市古川駅東３丁目４－２０", "緯度": 38.57383, "経度": 140.975616, "url": "https://www.iryou.teikyouseido.mhlw.go.jp/znk-web/juminkanja/S2430/initialize?prefCd=04&kikanCd=2900288&kikanKbn=2", "url2": "http://miyazaki-mc.com/", "内容": "みやざき内科クリニック【2:診療所】【診療科目:0】宮城県大崎市古川駅東３丁目４－２０" }, "geometry": { "type": "Point", "coordinates": [ 140.975616, 38.57383 ] } },
{ "type": "Feature", "properties": { "ID": 42900289, "正式名称": "しろうまる浅田クリニック", "機関区分": 2, "都道府県コード": 4, "市区町村コード": 104, "所在地": "宮城県仙台市太白区四郎丸字神明２９－１０", "緯度": 38.190834, "経度": 140.910782, "url": "https://www.iryou.teikyouseido.mhlw.go.jp/znk-web/juminkanja/S2430/initialize?prefCd=04&kikanCd=2900289&kikanKbn=2", "url2": "https://www.shiroumaruasadaclinic.com", "内容": "しろうまる浅田クリニック【2:診療所】【診療科目:0】宮城県仙台市太白区四郎丸字神明２９－１０" }, "geometry": { "type": "Point", "coordinates": [ 140.910782, 38.190834 ] } },
{ "type": "Feature", "properties": { "ID": 42900290, "正式名称": "医療法人松本クリニック　松本不二夫整形外科", "機関区分": 2, "都道府県コード": 4, "市区町村コード": 104, "所在地": "宮城県仙台市太白区大野田４丁目１８－１", "緯度": 38.214279, "経度": 140.875427, "url": "https://www.iryou.teikyouseido.mhlw.go.jp/znk-web/juminkanja/S2430/initialize?prefCd=04&kikanCd=2900290&kikanKbn=2", "url2": "http://www.matumotoseikei.jp/", "内容": "医療法人松本クリニック　松本不二夫整形外科【2:診療所】【診療科目:0】宮城県仙台市太白区大野田４丁目１８－１" }, "geometry": { "type": "Point", "coordinates": [ 140.875427, 38.214279 ] } },
{ "type": "Feature", "properties": { "ID": 42900291, "正式名称": "東仙台さとう整形外科", "機関区分": 2, "都道府県コード": 4, "市区町村コード": 102, "所在地": "宮城県仙台市宮城野区燕沢２丁目１１－１", "緯度": 38.285301, "経度": 140.915787, "url": "https://www.iryou.teikyouseido.mhlw.go.jp/znk-web/juminkanja/S2430/initialize?prefCd=04&kikanCd=2900291&kikanKbn=2", "url2": "http://website2.infomity.net/8070000156/", "内容": "東仙台さとう整形外科【2:診療所】【診療科目:0】宮城県仙台市宮城野区燕沢２丁目１１－１" }, "geometry": { "type": "Point", "coordinates": [ 140.915787, 38.285301 ] } },
{ "type": "Feature", "properties": { "ID": 42900292, "正式名称": "医療法人社団吉萌会　佐藤・みみ・はな・のどクリニック", "機関区分": 2, "都道府県コード": 4, "市区町村コード": 202, "所在地": "宮城県石巻市わかば２丁目５－５", "緯度": 38.456493, "経度": 141.280441, "url": "https://www.iryou.teikyouseido.mhlw.go.jp/znk-web/juminkanja/S2430/initialize?prefCd=04&kikanCd=2900292&kikanKbn=2", "url2": null, "内容": "医療法人社団吉萌会　佐藤・みみ・はな・のどクリニック【2:診療所】【診療科目:0】宮城県石巻市わかば２丁目５－５" }, "geometry": { "type": "Point", "coordinates": [ 141.280441, 38.456493 ] } },
{ "type": "Feature", "properties": { "ID": 42910288, "正式名称": "杜の丘耳鼻咽喉科クリニック", "機関区分": 2, "都道府県コード": 4, "市区町村コード": 421, "所在地": "宮城県黒川郡大和町杜の丘一丁目１１－４", "緯度": 38.385666, "経度": 140.865724, "url": "https://www.iryou.teikyouseido.mhlw.go.jp/znk-web/juminkanja/S2430/initialize?prefCd=04&kikanCd=2910288&kikanKbn=2", "url2": "https://morinooka-ent.jp/", "内容": "杜の丘耳鼻咽喉科クリニック【2:診療所】【診療科目:0】宮城県黒川郡大和町杜の丘一丁目１１－４" }, "geometry": { "type": "Point", "coordinates": [ 140.865724, 38.385666 ] } },
{ "type": "Feature", "properties": { "ID": 42910289, "正式名称": "ＡＳＵＣＡアイクリニック　仙台マークワン", "機関区分": 2, "都道府県コード": 4, "市区町村コード": 101, "所在地": "宮城県仙台市青葉区中央１－２－３仙台マークワン１１階", "緯度": 38.262005, "経度": 140.881615, "url": "https://www.iryou.teikyouseido.mhlw.go.jp/znk-web/juminkanja/S2430/initialize?prefCd=04&kikanCd=2910289&kikanKbn=2", "url2": "https://asuca-eye.com", "内容": "ＡＳＵＣＡアイクリニック　仙台マークワン【2:診療所】【診療科目:0】宮城県仙台市青葉区中央１－２－３仙台マークワン１１階" }, "geometry": { "type": "Point", "coordinates": [ 140.881615, 38.262005 ] } },
{ "type": "Feature", "properties": { "ID": 42910291, "正式名称": "富沢あおき内科クリニック", "機関区分": 2, "都道府県コード": 4, "市区町村コード": 104, "所在地": "宮城県仙台市太白区富沢一丁目１２－２９", "緯度": 38.218806, "経度": 140.866496, "url": "https://www.iryou.teikyouseido.mhlw.go.jp/znk-web/juminkanja/S2430/initialize?prefCd=04&kikanCd=2910291&kikanKbn=2", "url2": "http://www.tomizawanaika.com/", "内容": "富沢あおき内科クリニック【2:診療所】【診療科目:0】宮城県仙台市太白区富沢一丁目１２－２９" }, "geometry": { "type": "Point", "coordinates": [ 140.866496, 38.218806 ] } },
{ "type": "Feature", "properties": { "ID": 42910292, "正式名称": "田中こどもクリニック", "機関区分": 2, "都道府県コード": 4, "市区町村コード": 101, "所在地": "宮城県仙台市青葉区花京院２丁目　２−１１", "緯度": 38.266867, "経度": 140.881422, "url": "https://www.iryou.teikyouseido.mhlw.go.jp/znk-web/juminkanja/S2430/initialize?prefCd=04&kikanCd=2910292&kikanKbn=2", "url2": "https://tanaka-kodomo.jp", "内容": "田中こどもクリニック【2:診療所】【診療科目:0】宮城県仙台市青葉区花京院２丁目　２−１１" }, "geometry": { "type": "Point", "coordinates": [ 140.881422, 38.266867 ] } },
{ "type": "Feature", "properties": { "ID": 42910295, "正式名称": "ひむろ内科・血液内科", "機関区分": 2, "都道府県コード": 4, "市区町村コード": 102, "所在地": "宮城県仙台市宮城野区宮城野１丁目２－４５", "緯度": 38.258769, "経度": 140.896733, "url": "https://www.iryou.teikyouseido.mhlw.go.jp/znk-web/juminkanja/S2430/initialize?prefCd=04&kikanCd=2910295&kikanKbn=2", "url2": "https://himuro-clinic.jp", "内容": "ひむろ内科・血液内科【2:診療所】【診療科目:0】宮城県仙台市宮城野区宮城野１丁目２－４５" }, "geometry": { "type": "Point", "coordinates": [ 140.896733, 38.258769 ] } },
{ "type": "Feature", "properties": { "ID": 42910296, "正式名称": "仙台ＴＡクリニック", "機関区分": 2, "都道府県コード": 4, "市区町村コード": 101, "所在地": "宮城県仙台市青葉区中央３－６－１２　仙台南町通りビル６階", "緯度": 38.259768, "経度": 140.878967, "url": "https://www.iryou.teikyouseido.mhlw.go.jp/znk-web/juminkanja/S2430/initialize?prefCd=04&kikanCd=2910296&kikanKbn=2", "url2": "https://sendai.taclinic.jp", "内容": "仙台ＴＡクリニック【2:診療所】【診療科目:0】宮城県仙台市青葉区中央３－６－１２　仙台南町通りビル６階" }, "geometry": { "type": "Point", "coordinates": [ 140.878967, 38.259768 ] } },
{ "type": "Feature", "properties": { "ID": 42910297, "正式名称": "医療法人　敬秀会　利府整形外科クリニック", "機関区分": 2, "都道府県コード": 4, "市区町村コード": 406, "所在地": "宮城県宮城郡利府町中央２丁目７－７", "緯度": 38.32916, "経度": 140.98225, "url": "https://www.iryou.teikyouseido.mhlw.go.jp/znk-web/juminkanja/S2430/initialize?prefCd=04&kikanCd=2910297&kikanKbn=2", "url2": "https://rifu-seikei.com/", "内容": "医療法人　敬秀会　利府整形外科クリニック【2:診療所】【診療科目:0】宮城県宮城郡利府町中央２丁目７－７" }, "geometry": { "type": "Point", "coordinates": [ 140.98225, 38.32916 ] } },
{ "type": "Feature", "properties": { "ID": 42910298, "正式名称": "わかば往診クリニック", "機関区分": 2, "都道府県コード": 4, "市区町村コード": 105, "所在地": "宮城県仙台市泉区八乙女中央３丁目２－３０　リバーサイドヒル及川１０７", "緯度": 38.3145, "経度": 140.88473, "url": "https://www.iryou.teikyouseido.mhlw.go.jp/znk-web/juminkanja/S2430/initialize?prefCd=04&kikanCd=2910298&kikanKbn=2", "url2": "https://www.wakabaclinic.website", "内容": "わかば往診クリニック【2:診療所】【診療科目:0】宮城県仙台市泉区八乙女中央３丁目２－３０　リバーサイドヒル及川１０７" }, "geometry": { "type": "Point", "coordinates": [ 140.88473, 38.3145 ] } },
{ "type": "Feature", "properties": { "ID": 42910301, "正式名称": "こころの総合診療室　Ｃａｎａｌ　勾当台", "機関区分": 2, "都道府県コード": 4, "市区町村コード": 101, "所在地": "宮城県仙台市青葉区本町２丁目４－８　５１０ビル　２０１", "緯度": 38.2639, "経度": 140.873392, "url": "https://www.iryou.teikyouseido.mhlw.go.jp/znk-web/juminkanja/S2430/initialize?prefCd=04&kikanCd=2910301&kikanKbn=2", "url2": "https://canal-kokoro.jp/", "内容": "こころの総合診療室　Ｃａｎａｌ　勾当台【2:診療所】【診療科目:0】宮城県仙台市青葉区本町２丁目４－８　５１０ビル　２０１" }, "geometry": { "type": "Point", "coordinates": [ 140.873392, 38.2639 ] } },
{ "type": "Feature", "properties": { "ID": 42910302, "正式名称": "たんぽぽクリニック晩翠通", "機関区分": 2, "都道府県コード": 4, "市区町村コード": 101, "所在地": "宮城県仙台市青葉区二日町９番２３号プラウドタワー仙台晩翠通セントラル２階", "緯度": 38.270135, "経度": 140.865782, "url": "https://www.iryou.teikyouseido.mhlw.go.jp/znk-web/juminkanja/S2430/initialize?prefCd=04&kikanCd=2910302&kikanKbn=2", "url2": "https://www.tanpopo-bansui.jp", "内容": "たんぽぽクリニック晩翠通【2:診療所】【診療科目:0】宮城県仙台市青葉区二日町９番２３号プラウドタワー仙台晩翠通セントラル２階" }, "geometry": { "type": "Point", "coordinates": [ 140.865782, 38.270135 ] } },
{ "type": "Feature", "properties": { "ID": 42910304, "正式名称": "船岡中央クリニック", "機関区分": 2, "都道府県コード": 4, "市区町村コード": 323, "所在地": "宮城県柴田郡柴田町船岡新栄", "緯度": 38.05274, "経度": 140.78309, "url": "https://www.iryou.teikyouseido.mhlw.go.jp/znk-web/juminkanja/S2430/initialize?prefCd=04&kikanCd=2910304&kikanKbn=2", "url2": "https://www.funaoka-cl.jp", "内容": "船岡中央クリニック【2:診療所】【診療科目:0】宮城県柴田郡柴田町船岡新栄" }, "geometry": { "type": "Point", "coordinates": [ 140.78309, 38.05274 ] } },
{ "type": "Feature", "properties": { "ID": 42910305, "正式名称": "仙台花京院クリニック", "機関区分": 2, "都道府県コード": 4, "市区町村コード": 101, "所在地": "宮城県仙台市青葉区花京院２－２－１１　区画Ｂ", "緯度": 38.266898, "経度": 140.88142, "url": "https://www.iryou.teikyouseido.mhlw.go.jp/znk-web/juminkanja/S2430/initialize?prefCd=04&kikanCd=2910305&kikanKbn=2", "url2": "https://sendai-kakyoin.com", "内容": "仙台花京院クリニック【2:診療所】【診療科目:0】宮城県仙台市青葉区花京院２－２－１１　区画Ｂ" }, "geometry": { "type": "Point", "coordinates": [ 140.88142, 38.266898 ] } },
{ "type": "Feature", "properties": { "ID": 42910306, "正式名称": "すがわら内科外科・静脈瘤クリニック", "機関区分": 2, "都道府県コード": 4, "市区町村コード": 101, "所在地": "宮城県仙台市青葉区本町二丁目１６－１　コニシビル１Ｆ", "緯度": 38.264851, "経度": 140.87273, "url": "https://www.iryou.teikyouseido.mhlw.go.jp/znk-web/juminkanja/S2430/initialize?prefCd=04&kikanCd=2910306&kikanKbn=2", "url2": "https://www.sgwr-clinic.jp", "内容": "すがわら内科外科・静脈瘤クリニック【2:診療所】【診療科目:0】宮城県仙台市青葉区本町二丁目１６－１　コニシビル１Ｆ" }, "geometry": { "type": "Point", "coordinates": [ 140.87273, 38.264851 ] } },
{ "type": "Feature", "properties": { "ID": 42910307, "正式名称": "木村皮膚科医院", "機関区分": 2, "都道府県コード": 4, "市区町村コード": 101, "所在地": "宮城県仙台市青葉区三条町１０－８", "緯度": 38.280924, "経度": 140.852957, "url": "https://www.iryou.teikyouseido.mhlw.go.jp/znk-web/juminkanja/S2430/initialize?prefCd=04&kikanCd=2910307&kikanKbn=2", "url2": "https://www.kimurahifuka.com", "内容": "木村皮膚科医院【2:診療所】【診療科目:0】宮城県仙台市青葉区三条町１０－８" }, "geometry": { "type": "Point", "coordinates": [ 140.852957, 38.280924 ] } },
{ "type": "Feature", "properties": { "ID": 42910308, "正式名称": "サンピア仙台健診クリニック", "機関区分": 2, "都道府県コード": 4, "市区町村コード": 103, "所在地": "宮城県仙台市若林区蒲町東４番地の２", "緯度": 38.247193, "経度": 140.932214, "url": "https://www.iryou.teikyouseido.mhlw.go.jp/znk-web/juminkanja/S2430/initialize?prefCd=04&kikanCd=2910308&kikanKbn=2", "url2": "https://sunpia-sendai.jp/kenshin/", "内容": "サンピア仙台健診クリニック【2:診療所】【診療科目:0】宮城県仙台市若林区蒲町東４番地の２" }, "geometry": { "type": "Point", "coordinates": [ 140.932214, 38.247193 ] } },
{ "type": "Feature", "properties": { "ID": 42910313, "正式名称": "ひろこクリニック", "機関区分": 2, "都道府県コード": 4, "市区町村コード": 421, "所在地": "宮城県黒川郡大和町吉岡字上町２５", "緯度": 38.445114, "経度": 140.885965, "url": "https://www.iryou.teikyouseido.mhlw.go.jp/znk-web/juminkanja/S2430/initialize?prefCd=04&kikanCd=2910313&kikanKbn=2", "url2": null, "内容": "ひろこクリニック【2:診療所】【診療科目:0】宮城県黒川郡大和町吉岡字上町２５" }, "geometry": { "type": "Point", "coordinates": [ 140.885965, 38.445114 ] } },
{ "type": "Feature", "properties": { "ID": 42910314, "正式名称": "医療法人社団廣仁会　りふ皮膚科アレルギー科クリニック", "機関区分": 2, "都道府県コード": 4, "市区町村コード": 406, "所在地": "宮城県宮城郡利府町利府字新屋田前２２　２Ｆ", "緯度": 38.326993, "経度": 140.971751, "url": "https://www.iryou.teikyouseido.mhlw.go.jp/znk-web/juminkanja/S2430/initialize?prefCd=04&kikanCd=2910314&kikanKbn=2", "url2": "http://www.kojinkai.org/clinic/rifu/", "内容": "医療法人社団廣仁会　りふ皮膚科アレルギー科クリニック【2:診療所】【診療科目:0】宮城県宮城郡利府町利府字新屋田前２２　２Ｆ" }, "geometry": { "type": "Point", "coordinates": [ 140.971751, 38.326993 ] } },
{ "type": "Feature", "properties": { "ID": 42910316, "正式名称": "アリシア　クリニック　仙台院", "機関区分": 2, "都道府県コード": 4, "市区町村コード": 101, "所在地": "宮城県仙台市青葉区中央一丁目７番１８号　日吉第一ビル８階", "緯度": 38.262016, "経度": 140.878973, "url": "https://www.iryou.teikyouseido.mhlw.go.jp/znk-web/juminkanja/S2430/initialize?prefCd=04&kikanCd=2910316&kikanKbn=2", "url2": "https://www.aletheia-clinic.com/", "内容": "アリシア　クリニック　仙台院【2:診療所】【診療科目:0】宮城県仙台市青葉区中央一丁目７番１８号　日吉第一ビル８階" }, "geometry": { "type": "Point", "coordinates": [ 140.878973, 38.262016 ] } },
{ "type": "Feature", "properties": { "ID": 42910321, "正式名称": "しおがま国分眼科", "機関区分": 2, "都道府県コード": 4, "市区町村コード": 209, "所在地": "宮城県多賀城市笠神４丁目６番８号", "緯度": 38.30228, "経度": 141.032673, "url": "https://www.iryou.teikyouseido.mhlw.go.jp/znk-web/juminkanja/S2430/initialize?prefCd=04&kikanCd=2910321&kikanKbn=2", "url2": "https://kokubunganka.com/", "内容": "しおがま国分眼科【2:診療所】【診療科目:0】宮城県多賀城市笠神４丁目６番８号" }, "geometry": { "type": "Point", "coordinates": [ 141.032673, 38.30228 ] } },
{ "type": "Feature", "properties": { "ID": 42910322, "正式名称": "荒井駅前すずきクリニック", "機関区分": 2, "都道府県コード": 4, "市区町村コード": 103, "所在地": "宮城県仙台市若林区荒井東１丁目３－１", "緯度": 38.244368, "経度": 140.948937, "url": "https://www.iryou.teikyouseido.mhlw.go.jp/znk-web/juminkanja/S2430/initialize?prefCd=04&kikanCd=2910322&kikanKbn=2", "url2": "https://araisuzukicl.com", "内容": "荒井駅前すずきクリニック【2:診療所】【診療科目:0】宮城県仙台市若林区荒井東１丁目３－１" }, "geometry": { "type": "Point", "coordinates": [ 140.948937, 38.244368 ] } },
{ "type": "Feature", "properties": { "ID": 42910324, "正式名称": "やまと在宅診療所名取", "機関区分": 2, "都道府県コード": 4, "市区町村コード": 207, "所在地": "宮城県名取市増田９丁目２番２号", "緯度": 38.171115, "経度": 140.88265, "url": "https://www.iryou.teikyouseido.mhlw.go.jp/znk-web/juminkanja/S2430/initialize?prefCd=04&kikanCd=2910324&kikanKbn=2", "url2": "https://natori.yamatoclinic.org/", "内容": "やまと在宅診療所名取【2:診療所】【診療科目:0】宮城県名取市増田９丁目２番２号" }, "geometry": { "type": "Point", "coordinates": [ 140.88265, 38.171115 ] } },
{ "type": "Feature", "properties": { "ID": 42910325, "正式名称": "まほろばレディースクリニック", "機関区分": 2, "都道府県コード": 4, "市区町村コード": 421, "所在地": "宮城県黒川郡大和町吉岡まほろば２丁目２－９", "緯度": 38.436993, "経度": 140.876698, "url": "https://www.iryou.teikyouseido.mhlw.go.jp/znk-web/juminkanja/S2430/initialize?prefCd=04&kikanCd=2910325&kikanKbn=2", "url2": "https://www.mahoroba-lc.com", "内容": "まほろばレディースクリニック【2:診療所】【診療科目:0】宮城県黒川郡大和町吉岡まほろば２丁目２－９" }, "geometry": { "type": "Point", "coordinates": [ 140.876698, 38.436993 ] } },
{ "type": "Feature", "properties": { "ID": 42910327, "正式名称": "医療法人彰生会　いがらしレディースクリニック", "機関区分": 2, "都道府県コード": 4, "市区町村コード": 101, "所在地": "宮城県仙台市青葉区宮町４－５－３４　ＮｏｉｅＳｅｎｄａｉ宮町２０１", "緯度": 38.274794, "経度": 140.88421, "url": "https://www.iryou.teikyouseido.mhlw.go.jp/znk-web/juminkanja/S2430/initialize?prefCd=04&kikanCd=2910327&kikanKbn=2", "url2": "https://www.kamisugi-igarashi-clinic.com", "内容": "医療法人彰生会　いがらしレディースクリニック【2:診療所】【診療科目:0】宮城県仙台市青葉区宮町４－５－３４　ＮｏｉｅＳｅｎｄａｉ宮町２０１" }, "geometry": { "type": "Point", "coordinates": [ 140.88421, 38.274794 ] } },
{ "type": "Feature", "properties": { "ID": 42910330, "正式名称": "医療法人明育会　こども心と体クリニック", "機関区分": 2, "都道府県コード": 4, "市区町村コード": 104, "所在地": "宮城県仙台市太白区西中田４丁目９番地２５", "緯度": 38.1957, "経度": 140.880843, "url": "https://www.iryou.teikyouseido.mhlw.go.jp/znk-web/juminkanja/S2430/initialize?prefCd=04&kikanCd=2910330&kikanKbn=2", "url2": null, "内容": "医療法人明育会　こども心と体クリニック【2:診療所】【診療科目:0】宮城県仙台市太白区西中田４丁目９番地２５" }, "geometry": { "type": "Point", "coordinates": [ 140.880843, 38.1957 ] } },
{ "type": "Feature", "properties": { "ID": 42910331, "正式名称": "木町通クリニック", "機関区分": 2, "都道府県コード": 4, "市区町村コード": 101, "所在地": "宮城県仙台市青葉区木町通２丁目３−１９", "緯度": 38.271399, "経度": 140.863049, "url": "https://www.iryou.teikyouseido.mhlw.go.jp/znk-web/juminkanja/S2430/initialize?prefCd=04&kikanCd=2910331&kikanKbn=2", "url2": "https://www.kimachidori.clinic/", "内容": "木町通クリニック【2:診療所】【診療科目:0】宮城県仙台市青葉区木町通２丁目３−１９" }, "geometry": { "type": "Point", "coordinates": [ 140.863049, 38.271399 ] } },
{ "type": "Feature", "properties": { "ID": 42910334, "正式名称": "Ａ　ＣＬＩＮＩＣ仙台　美容外科　美容皮膚科　形成外科", "機関区分": 2, "都道府県コード": 4, "市区町村コード": 101, "所在地": "宮城県仙台市青葉区中央３－６－１０　フージャース仙台駅前ビル８階", "緯度": 38.259815, "経度": 140.87919, "url": "https://www.iryou.teikyouseido.mhlw.go.jp/znk-web/juminkanja/S2430/initialize?prefCd=04&kikanCd=2910334&kikanKbn=2", "url2": "https://a-clinic.net", "内容": "Ａ　ＣＬＩＮＩＣ仙台　美容外科　美容皮膚科　形成外科【2:診療所】【診療科目:0】宮城県仙台市青葉区中央３－６－１０　フージャース仙台駅前ビル８階" }, "geometry": { "type": "Point", "coordinates": [ 140.87919, 38.259815 ] } },
{ "type": "Feature", "properties": { "ID": 42910335, "正式名称": "医療法人　恵晴会　桂メンタルクリニック", "機関区分": 2, "都道府県コード": 4, "市区町村コード": 105, "所在地": "宮城県仙台市泉区桂３丁目２番地２", "緯度": 38.33817, "経度": 140.863731, "url": "https://www.iryou.teikyouseido.mhlw.go.jp/znk-web/juminkanja/S2430/initialize?prefCd=04&kikanCd=2910335&kikanKbn=2", "url2": "https://katsura-mental.com", "内容": "医療法人　恵晴会　桂メンタルクリニック【2:診療所】【診療科目:0】宮城県仙台市泉区桂３丁目２番地２" }, "geometry": { "type": "Point", "coordinates": [ 140.863731, 38.33817 ] } },
{ "type": "Feature", "properties": { "ID": 42910337, "正式名称": "ファミリアクリニック　卸町", "機関区分": 2, "都道府県コード": 4, "市区町村コード": 103, "所在地": "宮城県仙台市若林区大和町４丁目１９番２２号　サンデー仙台卸町店２階", "緯度": 38.250898, "経度": 140.920012, "url": "https://www.iryou.teikyouseido.mhlw.go.jp/znk-web/juminkanja/S2430/initialize?prefCd=04&kikanCd=2910337&kikanKbn=2", "url2": "https://familia-clinic-oroshimachi.com/", "内容": "ファミリアクリニック　卸町【2:診療所】【診療科目:0】宮城県仙台市若林区大和町４丁目１９番２２号　サンデー仙台卸町店２階" }, "geometry": { "type": "Point", "coordinates": [ 140.920012, 38.250898 ] } },
{ "type": "Feature", "properties": { "ID": 42910338, "正式名称": "スマイル結城クリニック", "機関区分": 2, "都道府県コード": 4, "市区町村コード": 211, "所在地": "宮城県岩沼市中央３－４－１６　２階", "緯度": 38.113163, "経度": 140.868486, "url": "https://www.iryou.teikyouseido.mhlw.go.jp/znk-web/juminkanja/S2430/initialize?prefCd=04&kikanCd=2910338&kikanKbn=2", "url2": "https://yuuki.or.jp/", "内容": "スマイル結城クリニック【2:診療所】【診療科目:0】宮城県岩沼市中央３－４－１６　２階" }, "geometry": { "type": "Point", "coordinates": [ 140.868486, 38.113163 ] } },
{ "type": "Feature", "properties": { "ID": 42910342, "正式名称": "芳縁ファミリークリニック", "機関区分": 2, "都道府県コード": 4, "市区町村コード": 105, "所在地": "宮城県仙台市泉区松陵４－２－５", "緯度": 38.331048, "経度": 140.913871, "url": "https://www.iryou.teikyouseido.mhlw.go.jp/znk-web/juminkanja/S2430/initialize?prefCd=04&kikanCd=2910342&kikanKbn=2", "url2": null, "内容": "芳縁ファミリークリニック【2:診療所】【診療科目:0】宮城県仙台市泉区松陵４－２－５" }, "geometry": { "type": "Point", "coordinates": [ 140.913871, 38.331048 ] } },
{ "type": "Feature", "properties": { "ID": 42910343, "正式名称": "仙台駅北口耳鼻咽喉科", "機関区分": 2, "都道府県コード": 4, "市区町村コード": 102, "所在地": "宮城県仙台市宮城野区名掛丁２０１－２　Ｓ．ＦＲＯＮＴ３階", "緯度": 38.262714, "経度": 140.882821, "url": "https://www.iryou.teikyouseido.mhlw.go.jp/znk-web/juminkanja/S2430/initialize?prefCd=04&kikanCd=2910343&kikanKbn=2", "url2": null, "内容": "仙台駅北口耳鼻咽喉科【2:診療所】【診療科目:0】宮城県仙台市宮城野区名掛丁２０１－２　Ｓ．ＦＲＯＮＴ３階" }, "geometry": { "type": "Point", "coordinates": [ 140.882821, 38.262714 ] } },
{ "type": "Feature", "properties": { "ID": 42910344, "正式名称": "なないろ消化器・内視鏡クリニック", "機関区分": 2, "都道府県コード": 4, "市区町村コード": 103, "所在地": "宮城県仙台市若林区なないろの里３丁目４ー１２", "緯度": 38.237809, "経度": 140.931581, "url": "https://www.iryou.teikyouseido.mhlw.go.jp/znk-web/juminkanja/S2430/initialize?prefCd=04&kikanCd=2910344&kikanKbn=2", "url2": "https://nanairo-ge.jp/", "内容": "なないろ消化器・内視鏡クリニック【2:診療所】【診療科目:0】宮城県仙台市若林区なないろの里３丁目４ー１２" }, "geometry": { "type": "Point", "coordinates": [ 140.931581, 38.237809 ] } },
{ "type": "Feature", "properties": { "ID": 42910348, "正式名称": "きまち往診クリニック", "機関区分": 2, "都道府県コード": 4, "市区町村コード": 101, "所在地": "宮城県仙台市青葉区木町２－７－１０５", "緯度": 38.276158, "経度": 140.860794, "url": "https://www.iryou.teikyouseido.mhlw.go.jp/znk-web/juminkanja/S2430/initialize?prefCd=04&kikanCd=2910348&kikanKbn=2", "url2": "https://www.kimachi-oushinclinic.com/", "内容": "きまち往診クリニック【2:診療所】【診療科目:0】宮城県仙台市青葉区木町２－７－１０５" }, "geometry": { "type": "Point", "coordinates": [ 140.860794, 38.276158 ] } },
{ "type": "Feature", "properties": { "ID": 42910350, "正式名称": "特別養護老人ホーム中野あおばの杜医務室", "機関区分": 2, "都道府県コード": 4, "市区町村コード": 102, "所在地": "宮城県仙台市宮城野区中野５－７－８", "緯度": 38.26911, "経度": 140.985108, "url": "https://www.iryou.teikyouseido.mhlw.go.jp/znk-web/juminkanja/S2430/initialize?prefCd=04&kikanCd=2910350&kikanKbn=2", "url2": null, "内容": "特別養護老人ホーム中野あおばの杜医務室【2:診療所】【診療科目:0】宮城県仙台市宮城野区中野５－７－８" }, "geometry": { "type": "Point", "coordinates": [ 140.985108, 38.26911 ] } },
{ "type": "Feature", "properties": { "ID": 42910351, "正式名称": "一般社団法人あかざ　卸町えきまえクリニック", "機関区分": 2, "都道府県コード": 4, "市区町村コード": 103, "所在地": "宮城県仙台市若林区大和町４－１９－２２　２階", "緯度": 38.250738, "経度": 140.919548, "url": "https://www.iryou.teikyouseido.mhlw.go.jp/znk-web/juminkanja/S2430/initialize?prefCd=04&kikanCd=2910351&kikanKbn=2", "url2": "https://www.akaza-mc.com/oroshimachi/", "内容": "一般社団法人あかざ　卸町えきまえクリニック【2:診療所】【診療科目:0】宮城県仙台市若林区大和町４－１９－２２　２階" }, "geometry": { "type": "Point", "coordinates": [ 140.919548, 38.250738 ] } },
{ "type": "Feature", "properties": { "ID": 42910355, "正式名称": "社会福祉法人ライフの学校　ゆとりの医科歯科クリニック", "機関区分": 2, "都道府県コード": 4, "市区町村コード": 102, "所在地": "宮城県仙台市宮城野区新田５丁目１－２０", "緯度": 38.271476, "経度": 140.921859, "url": "https://www.iryou.teikyouseido.mhlw.go.jp/znk-web/juminkanja/S2430/initialize?prefCd=04&kikanCd=2910355&kikanKbn=2", "url2": "https://www.yutorinoikashika.com", "内容": "社会福祉法人ライフの学校　ゆとりの医科歯科クリニック【2:診療所】【診療科目:0】宮城県仙台市宮城野区新田５丁目１－２０" }, "geometry": { "type": "Point", "coordinates": [ 140.921859, 38.271476 ] } },
{ "type": "Feature", "properties": { "ID": 42910356, "正式名称": "石川皮ふ科", "機関区分": 2, "都道府県コード": 4, "市区町村コード": 105, "所在地": "宮城県仙台市泉区上谷刈４丁目８－１０", "緯度": 38.316023, "経度": 140.870268, "url": "https://www.iryou.teikyouseido.mhlw.go.jp/znk-web/juminkanja/S2430/initialize?prefCd=04&kikanCd=2910356&kikanKbn=2", "url2": "https://ishikawa-skinclinic.jp/index.html", "内容": "石川皮ふ科【2:診療所】【診療科目:0】宮城県仙台市泉区上谷刈４丁目８－１０" }, "geometry": { "type": "Point", "coordinates": [ 140.870268, 38.316023 ] } },
{ "type": "Feature", "properties": { "ID": 42910357, "正式名称": "たくまこどもクリニック", "機関区分": 2, "都道府県コード": 4, "市区町村コード": 103, "所在地": "宮城県仙台市若林区長喜城字山神４５－６", "緯度": 38.239014, "経度": 140.940752, "url": "https://www.iryou.teikyouseido.mhlw.go.jp/znk-web/juminkanja/S2430/initialize?prefCd=04&kikanCd=2910357&kikanKbn=2", "url2": "https://takuma-kodomo.jp/", "内容": "たくまこどもクリニック【2:診療所】【診療科目:0】宮城県仙台市若林区長喜城字山神４５－６" }, "geometry": { "type": "Point", "coordinates": [ 140.940752, 38.239014 ] } },
{ "type": "Feature", "properties": { "ID": 42910359, "正式名称": "長町よこくら眼科", "機関区分": 2, "都道府県コード": 4, "市区町村コード": 104, "所在地": "宮城県仙台市太白区長町南４－１４－１７", "緯度": 38.22116, "経度": 140.873188, "url": "https://www.iryou.teikyouseido.mhlw.go.jp/znk-web/juminkanja/S2430/initialize?prefCd=04&kikanCd=2910359&kikanKbn=2", "url2": "https://www.nagamachi-ganka.clinic/", "内容": "長町よこくら眼科【2:診療所】【診療科目:0】宮城県仙台市太白区長町南４－１４－１７" }, "geometry": { "type": "Point", "coordinates": [ 140.873188, 38.22116 ] } },
{ "type": "Feature", "properties": { "ID": 42910364, "正式名称": "Ｍ＆Ｔ泌尿器科クリニック袋原", "機関区分": 2, "都道府県コード": 4, "市区町村コード": 104, "所在地": "宮城県仙台市太白区袋原字台３１番１号", "緯度": 38.196816, "経度": 140.90756, "url": "https://www.iryou.teikyouseido.mhlw.go.jp/znk-web/juminkanja/S2430/initialize?prefCd=04&kikanCd=2910364&kikanKbn=2", "url2": "https://ouran.jp/clinic-fukurobara/", "内容": "Ｍ＆Ｔ泌尿器科クリニック袋原【2:診療所】【診療科目:0】宮城県仙台市太白区袋原字台３１番１号" }, "geometry": { "type": "Point", "coordinates": [ 140.90756, 38.196816 ] } },
{ "type": "Feature", "properties": { "ID": 42910365, "正式名称": "社会福祉法人あいの実　あいの実クリニック", "機関区分": 2, "都道府県コード": 4, "市区町村コード": 105, "所在地": "宮城県仙台市泉区西田中字松下２３番", "緯度": 38.337337, "経度": 140.78629, "url": "https://www.iryou.teikyouseido.mhlw.go.jp/znk-web/juminkanja/S2430/initialize?prefCd=04&kikanCd=2910365&kikanKbn=2", "url2": null, "内容": "社会福祉法人あいの実　あいの実クリニック【2:診療所】【診療科目:0】宮城県仙台市泉区西田中字松下２３番" }, "geometry": { "type": "Point", "coordinates": [ 140.78629, 38.337337 ] } },
{ "type": "Feature", "properties": { "ID": 42910370, "正式名称": "ＥＢＩＳＵ　Ｒ　ＢＥＡＵＴＹ　ＣＬＩＮＩＣ", "機関区分": 2, "都道府県コード": 4, "市区町村コード": 101, "所在地": "宮城県仙台市青葉区国分町２－１５－１６ＤＡＩＳＹ　ＢＵＩＬＤＩＮＧ　６階", "緯度": 38.265219, "経度": 140.8696721, "url": "https://www.iryou.teikyouseido.mhlw.go.jp/znk-web/juminkanja/S2430/initialize?prefCd=04&kikanCd=2910370&kikanKbn=2", "url2": "https://ebisu-rbc.com/", "内容": "ＥＢＩＳＵ　Ｒ　ＢＥＡＵＴＹ　ＣＬＩＮＩＣ【2:診療所】【診療科目:0】宮城県仙台市青葉区国分町２－１５－１６ＤＡＩＳＹ　ＢＵＩＬＤＩＮＧ　６階" }, "geometry": { "type": "Point", "coordinates": [ 140.8696721, 38.265219 ] } },
{ "type": "Feature", "properties": { "ID": 42910371, "正式名称": "やまと在宅診療所仙台北", "機関区分": 2, "都道府県コード": 4, "市区町村コード": 101, "所在地": "宮城県仙台市青葉区木町通２丁目３－１４セントＳＧビル３階", "緯度": 38.271408, "経度": 140.863259, "url": "https://www.iryou.teikyouseido.mhlw.go.jp/znk-web/juminkanja/S2430/initialize?prefCd=04&kikanCd=2910371&kikanKbn=2", "url2": "https://sendaikita.yamatoclinic.org/", "内容": "やまと在宅診療所仙台北【2:診療所】【診療科目:0】宮城県仙台市青葉区木町通２丁目３－１４セントＳＧビル３階" }, "geometry": { "type": "Point", "coordinates": [ 140.863259, 38.271408 ] } },
{ "type": "Feature", "properties": { "ID": 42910376, "正式名称": "医療法人なごみ会", "機関区分": 2, "都道府県コード": 4, "市区町村コード": 202, "所在地": "宮城県石巻市蛇田金津町１３－１４", "緯度": 38.4400184, "経度": 141.2825805, "url": "https://www.iryou.teikyouseido.mhlw.go.jp/znk-web/juminkanja/S2430/initialize?prefCd=04&kikanCd=2910376&kikanKbn=2", "url2": "https://hebita-sakura.com/", "内容": "医療法人なごみ会【2:診療所】【診療科目:0】宮城県石巻市蛇田金津町１３－１４" }, "geometry": { "type": "Point", "coordinates": [ 141.2825805, 38.4400184 ] } },
{ "type": "Feature", "properties": { "ID": 42910393, "正式名称": "ＡＮＤ美容外科仙台院", "機関区分": 2, "都道府県コード": 4, "市区町村コード": 101, "所在地": "宮城県仙台市青葉区花京院１丁目２−１５ｓｏｌａｌａ　ｐｌａｚａ１Ｆ", "緯度": 38.26594, "経度": 140.87979, "url": "https://www.iryou.teikyouseido.mhlw.go.jp/znk-web/juminkanja/S2430/initialize?prefCd=04&kikanCd=2910393&kikanKbn=2", "url2": "https://and-bg.com/", "内容": "ＡＮＤ美容外科仙台院【2:診療所】【診療科目:0】宮城県仙台市青葉区花京院１丁目２−１５ｓｏｌａｌａ　ｐｌａｚａ１Ｆ" }, "geometry": { "type": "Point", "coordinates": [ 140.87979, 38.26594 ] } },
{ "type": "Feature", "properties": { "ID": 42910394, "正式名称": "医療法人芳縁会芳縁在宅診療所八幡", "機関区分": 2, "都道府県コード": 4, "市区町村コード": 101, "所在地": "宮城県仙台市青葉区八幡２丁目１－２５", "緯度": 38.270305, "経度": 140.854296, "url": "https://www.iryou.teikyouseido.mhlw.go.jp/znk-web/juminkanja/S2430/initialize?prefCd=04&kikanCd=2910394&kikanKbn=2", "url2": "https://houen-zaitaku.jp/houen-zaitakusinnryoujyo-hachiman/", "内容": "医療法人芳縁会芳縁在宅診療所八幡【2:診療所】【診療科目:0】宮城県仙台市青葉区八幡２丁目１－２５" }, "geometry": { "type": "Point", "coordinates": [ 140.854296, 38.270305 ] } },
{ "type": "Feature", "properties": { "ID": 42910399, "正式名称": "仙台駅前眼科", "機関区分": 2, "都道府県コード": 4, "市区町村コード": 101, "所在地": "宮城県仙台市青葉区中央一丁目１０番１号ヒューモスファイヴ４Ｆ", "緯度": 38.260548, "経度": 140.880822, "url": "https://www.iryou.teikyouseido.mhlw.go.jp/znk-web/juminkanja/S2430/initialize?prefCd=04&kikanCd=2910399&kikanKbn=2", "url2": null, "内容": "仙台駅前眼科【2:診療所】【診療科目:0】宮城県仙台市青葉区中央一丁目１０番１号ヒューモスファイヴ４Ｆ" }, "geometry": { "type": "Point", "coordinates": [ 140.880822, 38.260548 ] } },
{ "type": "Feature", "properties": { "ID": 42910403, "正式名称": "仙台みやぎ整形外科クリニック", "機関区分": 2, "都道府県コード": 4, "市区町村コード": 101, "所在地": "宮城県仙台市青葉区郷六舘６７－１", "緯度": 38.266484, "経度": 140.815136, "url": "https://www.iryou.teikyouseido.mhlw.go.jp/znk-web/juminkanja/S2430/initialize?prefCd=04&kikanCd=2910403&kikanKbn=2", "url2": null, "内容": "仙台みやぎ整形外科クリニック【2:診療所】【診療科目:0】宮城県仙台市青葉区郷六舘６７－１" }, "geometry": { "type": "Point", "coordinates": [ 140.815136, 38.266484 ] } },
{ "type": "Feature", "properties": { "ID": 42910405, "正式名称": "仙台ＴＡクリニック", "機関区分": 2, "都道府県コード": 4, "市区町村コード": 101, "所在地": "宮城県仙台市青葉区中央３－６－１２仙台南町通りビル６階", "緯度": 38.2597279, "経度": 140.8789695, "url": "https://www.iryou.teikyouseido.mhlw.go.jp/znk-web/juminkanja/S2430/initialize?prefCd=04&kikanCd=2910405&kikanKbn=2", "url2": "https://sendai.taclinic.jp/", "内容": "仙台ＴＡクリニック【2:診療所】【診療科目:0】宮城県仙台市青葉区中央３－６－１２仙台南町通りビル６階" }, "geometry": { "type": "Point", "coordinates": [ 140.878969500000011, 38.2597279 ] } },
{ "type": "Feature", "properties": { "ID": 42910407, "正式名称": "仙台脳とこころのクリニック", "機関区分": 2, "都道府県コード": 4, "市区町村コード": 105, "所在地": "宮城県仙台市泉区古内新坂の上３０－１", "緯度": 38.3198066, "経度": 140.843715, "url": "https://www.iryou.teikyouseido.mhlw.go.jp/znk-web/juminkanja/S2430/initialize?prefCd=04&kikanCd=2910407&kikanKbn=2", "url2": null, "内容": "仙台脳とこころのクリニック【2:診療所】【診療科目:0】宮城県仙台市泉区古内新坂の上３０－１" }, "geometry": { "type": "Point", "coordinates": [ 140.843715, 38.3198066 ] } },
{ "type": "Feature", "properties": { "ID": 42910409, "正式名称": "桂ガーデン整形外科", "機関区分": 2, "都道府県コード": 4, "市区町村コード": 105, "所在地": "宮城県仙台市泉区桂１ー１ー１", "緯度": 38.332615, "経度": 140.8657, "url": "https://www.iryou.teikyouseido.mhlw.go.jp/znk-web/juminkanja/S2430/initialize?prefCd=04&kikanCd=2910409&kikanKbn=2", "url2": "https://katsura-g-seikei.com", "内容": "桂ガーデン整形外科【2:診療所】【診療科目:0】宮城県仙台市泉区桂１ー１ー１" }, "geometry": { "type": "Point", "coordinates": [ 140.8657, 38.332615 ] } },
{ "type": "Feature", "properties": { "ID": 42910438, "正式名称": "やまと在宅診療所白石", "機関区分": 2, "都道府県コード": 4, "市区町村コード": 206, "所在地": "宮城県白石市旭町一丁目９番２７号カーサ・セロ　Ｄ棟", "緯度": 37.9929295, "経度": 140.630539, "url": "https://www.iryou.teikyouseido.mhlw.go.jp/znk-web/juminkanja/S2430/initialize?prefCd=04&kikanCd=2910438&kikanKbn=2", "url2": "https://shiroishi.yamatoclinic.org/", "内容": "やまと在宅診療所白石【2:診療所】【診療科目:0】宮城県白石市旭町一丁目９番２７号カーサ・セロ　Ｄ棟" }, "geometry": { "type": "Point", "coordinates": [ 140.630539, 37.9929295 ] } },
{ "type": "Feature", "properties": { "ID": 42910440, "正式名称": "仙台エールクリニック内科・腎臓内科", "機関区分": 2, "都道府県コード": 4, "市区町村コード": 101, "所在地": "宮城県仙台市青葉区中央２丁目１０－２０シエロ広瀬通ビル１階", "緯度": 38.262669, "経度": 140.87574, "url": "https://www.iryou.teikyouseido.mhlw.go.jp/znk-web/juminkanja/S2430/initialize?prefCd=04&kikanCd=2910440&kikanKbn=2", "url2": "https://yell-clinic.com", "内容": "仙台エールクリニック内科・腎臓内科【2:診療所】【診療科目:0】宮城県仙台市青葉区中央２丁目１０－２０シエロ広瀬通ビル１階" }, "geometry": { "type": "Point", "coordinates": [ 140.87574, 38.262669 ] } },
{ "type": "Feature", "properties": { "ID": 42910441, "正式名称": "ふくだまち内科クリニック", "機関区分": 2, "都道府県コード": 4, "市区町村コード": 102, "所在地": "宮城県仙台市宮城野区福田町四丁目１４番地１３号ふくだまち内科クリニック", "緯度": 38.2614868, "経度": 140.9604485, "url": "https://www.iryou.teikyouseido.mhlw.go.jp/znk-web/juminkanja/S2430/initialize?prefCd=04&kikanCd=2910441&kikanKbn=2", "url2": "https://fukudamachi.jp/", "内容": "ふくだまち内科クリニック【2:診療所】【診療科目:0】宮城県仙台市宮城野区福田町四丁目１４番地１３号ふくだまち内科クリニック" }, "geometry": { "type": "Point", "coordinates": [ 140.960448500000012, 38.2614868 ] } },
{ "type": "Feature", "properties": { "ID": 42910443, "正式名称": "医療法人美里クリニック", "機関区分": 2, "都道府県コード": 4, "市区町村コード": 505, "所在地": "宮城県遠田郡美里町関根字道明４３", "緯度": 38.568442, "経度": 141.005125, "url": "https://www.iryou.teikyouseido.mhlw.go.jp/znk-web/juminkanja/S2430/initialize?prefCd=04&kikanCd=2910443&kikanKbn=2", "url2": null, "内容": "医療法人美里クリニック【2:診療所】【診療科目:0】宮城県遠田郡美里町関根字道明４３" }, "geometry": { "type": "Point", "coordinates": [ 141.005125, 38.568442 ] } },
{ "type": "Feature", "properties": { "ID": 42910445, "正式名称": "ながぬま内科胃腸内科クリニック", "機関区分": 2, "都道府県コード": 4, "市区町村コード": 103, "所在地": "宮城県仙台市若林区沖野７丁目４３－２９", "緯度": 38.228493, "経度": 140.922795, "url": "https://www.iryou.teikyouseido.mhlw.go.jp/znk-web/juminkanja/S2430/initialize?prefCd=04&kikanCd=2910445&kikanKbn=2", "url2": null, "内容": "ながぬま内科胃腸内科クリニック【2:診療所】【診療科目:0】宮城県仙台市若林区沖野７丁目４３－２９" }, "geometry": { "type": "Point", "coordinates": [ 140.922795, 38.228493 ] } },
{ "type": "Feature", "properties": { "ID": 42910453, "正式名称": "仙台中央すみれ皮ふ科", "機関区分": 2, "都道府県コード": 4, "市区町村コード": 101, "所在地": "宮城県仙台市青葉区中央３－１－２１ＵＳビル・ナインティーン３ーＡ", "緯度": 38.260424, "経度": 140.8790017, "url": "https://www.iryou.teikyouseido.mhlw.go.jp/znk-web/juminkanja/S2430/initialize?prefCd=04&kikanCd=2910453&kikanKbn=2", "url2": "https://www.akaza-mc.com/sendai-sumire/", "内容": "仙台中央すみれ皮ふ科【2:診療所】【診療科目:0】宮城県仙台市青葉区中央３－１－２１ＵＳビル・ナインティーン３ーＡ" }, "geometry": { "type": "Point", "coordinates": [ 140.8790017, 38.260424 ] } },
{ "type": "Feature", "properties": { "ID": 42910455, "正式名称": "医療法人夢叶会　柳生脳神経・内科クリニック", "機関区分": 2, "都道府県コード": 4, "市区町村コード": 104, "所在地": "宮城県仙台市太白区柳生字田中７‐３和み園内", "緯度": 38.194075, "経度": 140.869269, "url": "https://www.iryou.teikyouseido.mhlw.go.jp/znk-web/juminkanja/S2430/initialize?prefCd=04&kikanCd=2910455&kikanKbn=2", "url2": null, "内容": "医療法人夢叶会　柳生脳神経・内科クリニック【2:診療所】【診療科目:0】宮城県仙台市太白区柳生字田中７‐３和み園内" }, "geometry": { "type": "Point", "coordinates": [ 140.869269, 38.194075 ] } },
{ "type": "Feature", "properties": { "ID": 42910458, "正式名称": "上杉いろは皮ふ科", "機関区分": 2, "都道府県コード": 4, "市区町村コード": 101, "所在地": "宮城県仙台市青葉区上杉６丁目２－３８リッチモンドスクエア上杉１階", "緯度": 38.2759556, "経度": 140.8736844, "url": "https://www.iryou.teikyouseido.mhlw.go.jp/znk-web/juminkanja/S2430/initialize?prefCd=04&kikanCd=2910458&kikanKbn=2", "url2": null, "内容": "上杉いろは皮ふ科【2:診療所】【診療科目:0】宮城県仙台市青葉区上杉６丁目２－３８リッチモンドスクエア上杉１階" }, "geometry": { "type": "Point", "coordinates": [ 140.8736844, 38.2759556 ] } },
{ "type": "Feature", "properties": { "ID": 42910461, "正式名称": "上杉くつざわハートクリニック", "機関区分": 2, "都道府県コード": 4, "市区町村コード": 101, "所在地": "宮城県仙台市青葉区上杉６丁目２番３８号　リッチモンドスクエア上杉２Ｆ", "緯度": 38.275927, "経度": 140.873606, "url": "https://www.iryou.teikyouseido.mhlw.go.jp/znk-web/juminkanja/S2430/initialize?prefCd=04&kikanCd=2910461&kikanKbn=2", "url2": "https://www.kamisugi-heart.clinic/", "内容": "上杉くつざわハートクリニック【2:診療所】【診療科目:0】宮城県仙台市青葉区上杉６丁目２番３８号　リッチモンドスクエア上杉２Ｆ" }, "geometry": { "type": "Point", "coordinates": [ 140.873606, 38.275927 ] } },
{ "type": "Feature", "properties": { "ID": 42910464, "正式名称": "しあわせの杜こどもファミリークリニック", "機関区分": 2, "都道府県コード": 4, "市区町村コード": 421, "所在地": "宮城県黒川郡大和町しあわせの杜８－１０", "緯度": 38.391314, "経度": 140.869358, "url": "https://www.iryou.teikyouseido.mhlw.go.jp/znk-web/juminkanja/S2430/initialize?prefCd=04&kikanCd=2910464&kikanKbn=2", "url2": "https://shiawasenomori-clinic.com/", "内容": "しあわせの杜こどもファミリークリニック【2:診療所】【診療科目:0】宮城県黒川郡大和町しあわせの杜８－１０" }, "geometry": { "type": "Point", "coordinates": [ 140.869358, 38.391314 ] } },
{ "type": "Feature", "properties": { "ID": 42910467, "正式名称": "あすと長町ひまわりこころのクリニック", "機関区分": 2, "都道府県コード": 4, "市区町村コード": 104, "所在地": "宮城県仙台市太白区あすと長町１－３－１ＳＨＩＰ仙台ビル　２階", "緯度": 38.230112, "経度": 140.889165, "url": "https://www.iryou.teikyouseido.mhlw.go.jp/znk-web/juminkanja/S2430/initialize?prefCd=04&kikanCd=2910467&kikanKbn=2", "url2": "http://www.himawari-kokoro.com", "内容": "あすと長町ひまわりこころのクリニック【2:診療所】【診療科目:0】宮城県仙台市太白区あすと長町１－３－１ＳＨＩＰ仙台ビル　２階" }, "geometry": { "type": "Point", "coordinates": [ 140.889165, 38.230112 ] } },
{ "type": "Feature", "properties": { "ID": 42910471, "正式名称": "勾当台あやこクリニック", "機関区分": 2, "都道府県コード": 4, "市区町村コード": 101, "所在地": "宮城県仙台市青葉区二日町６－６シャンボール青葉３０６", "緯度": 38.269317, "経度": 140.86843, "url": "https://www.iryou.teikyouseido.mhlw.go.jp/znk-web/juminkanja/S2430/initialize?prefCd=04&kikanCd=2910471&kikanKbn=2", "url2": "https://ayako-cl.com", "内容": "勾当台あやこクリニック【2:診療所】【診療科目:0】宮城県仙台市青葉区二日町６－６シャンボール青葉３０６" }, "geometry": { "type": "Point", "coordinates": [ 140.86843, 38.269317 ] } },
{ "type": "Feature", "properties": { "ID": 42910473, "正式名称": "さえきこどもクリニック", "機関区分": 2, "都道府県コード": 4, "市区町村コード": 102, "所在地": "宮城県仙台市宮城野区鶴ケ谷５－１５－１", "緯度": 38.294389, "経度": 140.912974, "url": "https://www.iryou.teikyouseido.mhlw.go.jp/znk-web/juminkanja/S2430/initialize?prefCd=04&kikanCd=2910473&kikanKbn=2", "url2": "https://saeki-kodomo.com/", "内容": "さえきこどもクリニック【2:診療所】【診療科目:0】宮城県仙台市宮城野区鶴ケ谷５－１５－１" }, "geometry": { "type": "Point", "coordinates": [ 140.912974, 38.294389 ] } },
{ "type": "Feature", "properties": { "ID": 42910476, "正式名称": "仙台消化器・内視鏡内科はじめのクリニック　仙台駅前院", "機関区分": 2, "都道府県コード": 4, "市区町村コード": 102, "所在地": "宮城県仙台市宮城野区榴岡１－２－１３ヨドバシ仙台第２ビル４階", "緯度": 38.259123, "経度": 140.885279, "url": "https://www.iryou.teikyouseido.mhlw.go.jp/znk-web/juminkanja/S2430/initialize?prefCd=04&kikanCd=2910476&kikanKbn=2", "url2": "https://www.sendai-naisikyou.jp/sendaiekimaein/", "内容": "仙台消化器・内視鏡内科はじめのクリニック　仙台駅前院【2:診療所】【診療科目:0】宮城県仙台市宮城野区榴岡１－２－１３ヨドバシ仙台第２ビル４階" }, "geometry": { "type": "Point", "coordinates": [ 140.885279, 38.259123 ] } },
{ "type": "Feature", "properties": { "ID": 42910477, "正式名称": "古川きたまち内科クリニック", "機関区分": 2, "都道府県コード": 4, "市区町村コード": 215, "所在地": "宮城県大崎市古川北町１－１－３", "緯度": 38.577728, "経度": 140.96053, "url": "https://www.iryou.teikyouseido.mhlw.go.jp/znk-web/juminkanja/S2430/initialize?prefCd=04&kikanCd=2910477&kikanKbn=2", "url2": "https://furukita-clinic.jp/", "内容": "古川きたまち内科クリニック【2:診療所】【診療科目:0】宮城県大崎市古川北町１－１－３" }, "geometry": { "type": "Point", "coordinates": [ 140.96053, 38.577728 ] } },
{ "type": "Feature", "properties": { "ID": 42910478, "正式名称": "医療法人至誠会　ＬＣクリニック仙台", "機関区分": 2, "都道府県コード": 4, "市区町村コード": 101, "所在地": "宮城県仙台市青葉区中央１－３－１アエル１１Ｆ", "緯度": 38.262435, "経度": 140.881049, "url": "https://www.iryou.teikyouseido.mhlw.go.jp/znk-web/juminkanja/S2430/initialize?prefCd=04&kikanCd=2910478&kikanKbn=2", "url2": "http://www.lc-sendai.jp", "内容": "医療法人至誠会　ＬＣクリニック仙台【2:診療所】【診療科目:0】宮城県仙台市青葉区中央１－３－１アエル１１Ｆ" }, "geometry": { "type": "Point", "coordinates": [ 140.881049, 38.262435 ] } },
{ "type": "Feature", "properties": { "ID": 42910479, "正式名称": "ＡＢＣクリニック美容外科　仙台院", "機関区分": 2, "都道府県コード": 4, "市区町村コード": 101, "所在地": "宮城県仙台市青葉区中央３－２－１６第２ＭＫビル３Ｆ", "緯度": 38.2598817, "経度": 140.8769908, "url": "https://www.iryou.teikyouseido.mhlw.go.jp/znk-web/juminkanja/S2430/initialize?prefCd=04&kikanCd=2910479&kikanKbn=2", "url2": null, "内容": "ＡＢＣクリニック美容外科　仙台院【2:診療所】【診療科目:0】宮城県仙台市青葉区中央３－２－１６第２ＭＫビル３Ｆ" }, "geometry": { "type": "Point", "coordinates": [ 140.876990799999987, 38.2598817 ] } },
{ "type": "Feature", "properties": { "ID": 42910482, "正式名称": "医療法人社団　緑友会　森整形外科リウマチ科クリニック", "機関区分": 2, "都道府県コード": 4, "市区町村コード": 105, "所在地": "宮城県仙台市泉区南中山一丁目４２の５判場ビル３Ｆ", "緯度": 38.2970334, "経度": 140.8275006, "url": "https://www.iryou.teikyouseido.mhlw.go.jp/znk-web/juminkanja/S2430/initialize?prefCd=04&kikanCd=2910482&kikanKbn=2", "url2": null, "内容": "医療法人社団　緑友会　森整形外科リウマチ科クリニック【2:診療所】【診療科目:0】宮城県仙台市泉区南中山一丁目４２の５判場ビル３Ｆ" }, "geometry": { "type": "Point", "coordinates": [ 140.8275006, 38.2970334 ] } },
{ "type": "Feature", "properties": { "ID": 42910483, "正式名称": "仙台駅前美容外科", "機関区分": 2, "都道府県コード": 4, "市区町村コード": 101, "所在地": "宮城県仙台市青葉区中央２丁目１－５　青葉２１ビル　４階", "緯度": 38.2610929, "経度": 140.8784052, "url": "https://www.iryou.teikyouseido.mhlw.go.jp/znk-web/juminkanja/S2430/initialize?prefCd=04&kikanCd=2910483&kikanKbn=2", "url2": "https://ekimaebeautyclinic.com/", "内容": "仙台駅前美容外科【2:診療所】【診療科目:0】宮城県仙台市青葉区中央２丁目１－５　青葉２１ビル　４階" }, "geometry": { "type": "Point", "coordinates": [ 140.8784052, 38.2610929 ] } },
{ "type": "Feature", "properties": { "ID": 42910487, "正式名称": "仙台駅前　スノークリニック　美容皮膚科", "機関区分": 2, "都道府県コード": 4, "市区町村コード": 101, "所在地": "宮城県仙台市青葉区一番町３ー６ー１０Ｆｏｒｅｓｔａ大町４０１", "緯度": 38.260826, "経度": 140.87341, "url": "https://www.iryou.teikyouseido.mhlw.go.jp/znk-web/juminkanja/S2430/initialize?prefCd=04&kikanCd=2910487&kikanKbn=2", "url2": "https://snow-clinic.jp/", "内容": "仙台駅前　スノークリニック　美容皮膚科【2:診療所】【診療科目:0】宮城県仙台市青葉区一番町３ー６ー１０Ｆｏｒｅｓｔａ大町４０１" }, "geometry": { "type": "Point", "coordinates": [ 140.87341, 38.260826 ] } },
{ "type": "Feature", "properties": { "ID": 42910489, "正式名称": "ＹＫ在宅クリニック", "機関区分": 2, "都道府県コード": 4, "市区町村コード": 105, "所在地": "宮城県仙台市泉区上谷刈５丁目３－１７", "緯度": 38.3143, "経度": 140.875871, "url": "https://www.iryou.teikyouseido.mhlw.go.jp/znk-web/juminkanja/S2430/initialize?prefCd=04&kikanCd=2910489&kikanKbn=2", "url2": "https://ykzaitaku.com/", "内容": "ＹＫ在宅クリニック【2:診療所】【診療科目:0】宮城県仙台市泉区上谷刈５丁目３－１７" }, "geometry": { "type": "Point", "coordinates": [ 140.875871, 38.3143 ] } },
{ "type": "Feature", "properties": { "ID": 42910490, "正式名称": "みうら内科・心臓血管クリニック", "機関区分": 2, "都道府県コード": 4, "市区町村コード": 103, "所在地": "宮城県仙台市若林区白萩町２９ー３０", "緯度": 38.249348, "経度": 140.908728, "url": "https://www.iryou.teikyouseido.mhlw.go.jp/znk-web/juminkanja/S2430/initialize?prefCd=04&kikanCd=2910490&kikanKbn=2", "url2": "https://miura-naika.jp/", "内容": "みうら内科・心臓血管クリニック【2:診療所】【診療科目:0】宮城県仙台市若林区白萩町２９ー３０" }, "geometry": { "type": "Point", "coordinates": [ 140.908728, 38.249348 ] } },
{ "type": "Feature", "properties": { "ID": 42910492, "正式名称": "湘南美容皮フ科仙台院", "機関区分": 2, "都道府県コード": 4, "市区町村コード": 101, "所在地": "宮城県仙台市青葉区中央１丁目７−２アールアイ名掛丁２号館３階", "緯度": 38.262361, "経度": 140.880343, "url": "https://www.iryou.teikyouseido.mhlw.go.jp/znk-web/juminkanja/S2430/initialize?prefCd=04&kikanCd=2910492&kikanKbn=2", "url2": "https://www.s-b-c.net/hifuka/sendai/", "内容": "湘南美容皮フ科仙台院【2:診療所】【診療科目:0】宮城県仙台市青葉区中央１丁目７−２アールアイ名掛丁２号館３階" }, "geometry": { "type": "Point", "coordinates": [ 140.880343, 38.262361 ] } },
{ "type": "Feature", "properties": { "ID": 42910495, "正式名称": "医療法人社団平郁会　みんなの在宅クリニック仙台", "機関区分": 2, "都道府県コード": 4, "市区町村コード": 104, "所在地": "宮城県仙台市太白区長町７－２４－５３ファインビル２階", "緯度": 38.22437, "経度": 140.874006, "url": "https://www.iryou.teikyouseido.mhlw.go.jp/znk-web/juminkanja/S2430/initialize?prefCd=04&kikanCd=2910495&kikanKbn=2", "url2": "https://www.heiikukai.com/clinic/sendai/", "内容": "医療法人社団平郁会　みんなの在宅クリニック仙台【2:診療所】【診療科目:0】宮城県仙台市太白区長町７－２４－５３ファインビル２階" }, "geometry": { "type": "Point", "coordinates": [ 140.874006, 38.22437 ] } },
{ "type": "Feature", "properties": { "ID": 42910496, "正式名称": "あおば内科胃腸科・内視鏡クリニック", "機関区分": 2, "都道府県コード": 4, "市区町村コード": 211, "所在地": "宮城県岩沼市恵み野２ー２ー２", "緯度": 38.107532, "経度": 140.904447, "url": "https://www.iryou.teikyouseido.mhlw.go.jp/znk-web/juminkanja/S2430/initialize?prefCd=04&kikanCd=2910496&kikanKbn=2", "url2": "https://aoba-gastroendoclinic.com/", "内容": "あおば内科胃腸科・内視鏡クリニック【2:診療所】【診療科目:0】宮城県岩沼市恵み野２ー２ー２" }, "geometry": { "type": "Point", "coordinates": [ 140.904447, 38.107532 ] } },
{ "type": "Feature", "properties": { "ID": 42910498, "正式名称": "までなクリニック", "機関区分": 2, "都道府県コード": 4, "市区町村コード": 213, "所在地": "宮城県栗原市築館下宮野桜町４８－１", "緯度": 38.747501, "経度": 141.021668, "url": "https://www.iryou.teikyouseido.mhlw.go.jp/znk-web/juminkanja/S2430/initialize?prefCd=04&kikanCd=2910498&kikanKbn=2", "url2": "https://madena-clinic.com", "内容": "までなクリニック【2:診療所】【診療科目:0】宮城県栗原市築館下宮野桜町４８－１" }, "geometry": { "type": "Point", "coordinates": [ 141.021668, 38.747501 ] } },
{ "type": "Feature", "properties": { "ID": 42910500, "正式名称": "仙台こころとねむりのクリニック", "機関区分": 2, "都道府県コード": 4, "市区町村コード": 101, "所在地": "宮城県仙台市青葉区中央三丁目１番２２号", "緯度": 38.2602968, "経度": 140.878743, "url": "https://www.iryou.teikyouseido.mhlw.go.jp/znk-web/juminkanja/S2430/initialize?prefCd=04&kikanCd=2910500&kikanKbn=2", "url2": "https://sendai-mental-clinic.jp/", "内容": "仙台こころとねむりのクリニック【2:診療所】【診療科目:0】宮城県仙台市青葉区中央三丁目１番２２号" }, "geometry": { "type": "Point", "coordinates": [ 140.878743, 38.2602968 ] } },
{ "type": "Feature", "properties": { "ID": 42910506, "正式名称": "医療法人はまゆり　愛心内科クリニック", "機関区分": 2, "都道府県コード": 4, "市区町村コード": 209, "所在地": "宮城県多賀城市高橋２－１５－２８", "緯度": 38.285169, "経度": 140.973243, "url": "https://www.iryou.teikyouseido.mhlw.go.jp/znk-web/juminkanja/S2430/initialize?prefCd=04&kikanCd=2910506&kikanKbn=2", "url2": "hamayuri.jp", "内容": "医療法人はまゆり　愛心内科クリニック【2:診療所】【診療科目:0】宮城県多賀城市高橋２－１５－２８" }, "geometry": { "type": "Point", "coordinates": [ 140.973243, 38.285169 ] } },
{ "type": "Feature", "properties": { "ID": 42910507, "正式名称": "寺岡よつばクリニック", "機関区分": 2, "都道府県コード": 4, "市区町村コード": 105, "所在地": "宮城県仙台市泉区寺岡５ー１ー２５", "緯度": 38.341796, "経度": 140.831013, "url": "https://www.iryou.teikyouseido.mhlw.go.jp/znk-web/juminkanja/S2430/initialize?prefCd=04&kikanCd=2910507&kikanKbn=2", "url2": "https://www.akaza-mc.com/teraoka/", "内容": "寺岡よつばクリニック【2:診療所】【診療科目:0】宮城県仙台市泉区寺岡５ー１ー２５" }, "geometry": { "type": "Point", "coordinates": [ 140.831013, 38.341796 ] } },
{ "type": "Feature", "properties": { "ID": 42910521, "正式名称": "仙台どうき・息切れ内科総合クリニック", "機関区分": 2, "都道府県コード": 4, "市区町村コード": 104, "所在地": "宮城県仙台市太白区向山２丁目１８－１０", "緯度": 38.245854, "経度": 140.87024, "url": "https://www.iryou.teikyouseido.mhlw.go.jp/znk-web/juminkanja/S2430/initialize?prefCd=04&kikanCd=2910521&kikanKbn=2", "url2": "https://sendai-douki-clinic.com/", "内容": "仙台どうき・息切れ内科総合クリニック【2:診療所】【診療科目:0】宮城県仙台市太白区向山２丁目１８－１０" }, "geometry": { "type": "Point", "coordinates": [ 140.87024, 38.245854 ] } },
{ "type": "Feature", "properties": { "ID": 42910525, "正式名称": "仙台内科リハビリクリニック", "機関区分": 2, "都道府県コード": 4, "市区町村コード": 101, "所在地": "宮城県仙台市青葉区堤通雨宮町１－１イオンモール仙台上杉２階", "緯度": 38.2760944, "経度": 140.8725197, "url": "https://www.iryou.teikyouseido.mhlw.go.jp/znk-web/juminkanja/S2430/initialize?prefCd=04&kikanCd=2910525&kikanKbn=2", "url2": "https://sendai-naika-reha.jp/%e3%82%a2%e3%82%af%e3%82%bb%e3%82%b9/", "内容": "仙台内科リハビリクリニック【2:診療所】【診療科目:0】宮城県仙台市青葉区堤通雨宮町１－１イオンモール仙台上杉２階" }, "geometry": { "type": "Point", "coordinates": [ 140.8725197, 38.2760944 ] } },
{ "type": "Feature", "properties": { "ID": 42910526, "正式名称": "国分町たにた内科・循環器内科", "機関区分": 2, "都道府県コード": 4, "市区町村コード": 101, "所在地": "宮城県仙台市青葉区国分町３丁目４ー１２　３階", "緯度": 38.26371, "経度": 140.86891, "url": "https://www.iryou.teikyouseido.mhlw.go.jp/znk-web/juminkanja/S2430/initialize?prefCd=04&kikanCd=2910526&kikanKbn=2", "url2": null, "内容": "国分町たにた内科・循環器内科【2:診療所】【診療科目:0】宮城県仙台市青葉区国分町３丁目４ー１２　３階" }, "geometry": { "type": "Point", "coordinates": [ 140.86891, 38.26371 ] } },
{ "type": "Feature", "properties": { "ID": 42910533, "正式名称": "はらだメディカルクリニック", "機関区分": 2, "都道府県コード": 4, "市区町村コード": 105, "所在地": "宮城県仙台市泉区上谷刈４丁目８−２", "緯度": 38.315555, "経度": 140.869268, "url": "https://www.iryou.teikyouseido.mhlw.go.jp/znk-web/juminkanja/S2430/initialize?prefCd=04&kikanCd=2910533&kikanKbn=2", "url2": "https://www.harada-medical-clinic.com/", "内容": "はらだメディカルクリニック【2:診療所】【診療科目:0】宮城県仙台市泉区上谷刈４丁目８−２" }, "geometry": { "type": "Point", "coordinates": [ 140.869268, 38.315555 ] } },
{ "type": "Feature", "properties": { "ID": 42910534, "正式名称": "Ｔ’ｓハートクリニック", "機関区分": 2, "都道府県コード": 4, "市区町村コード": 102, "所在地": "宮城県仙台市宮城野区宮城野２－１－２", "緯度": 38.25926, "経度": 140.900708, "url": "https://www.iryou.teikyouseido.mhlw.go.jp/znk-web/juminkanja/S2430/initialize?prefCd=04&kikanCd=2910534&kikanKbn=2", "url2": "https://ts-heart-clinic.jp", "内容": "Ｔ’ｓハートクリニック【2:診療所】【診療科目:0】宮城県仙台市宮城野区宮城野２－１－２" }, "geometry": { "type": "Point", "coordinates": [ 140.900708, 38.25926 ] } },
{ "type": "Feature", "properties": { "ID": 42910538, "正式名称": "せんだい駅前消化器ＩＢＤクリニック", "機関区分": 2, "都道府県コード": 4, "市区町村コード": 101, "所在地": "宮城県仙台市青葉区中央２丁目１番５号青葉２１ビル３階", "緯度": 38.261092, "経度": 140.878405, "url": "https://www.iryou.teikyouseido.mhlw.go.jp/znk-web/juminkanja/S2430/initialize?prefCd=04&kikanCd=2910538&kikanKbn=2", "url2": "https://sendai-ibd.com", "内容": "せんだい駅前消化器ＩＢＤクリニック【2:診療所】【診療科目:0】宮城県仙台市青葉区中央２丁目１番５号青葉２１ビル３階" }, "geometry": { "type": "Point", "coordinates": [ 140.878405, 38.261092 ] } },
{ "type": "Feature", "properties": { "ID": 42910542, "正式名称": "特別養護老人ホームいちょうの里　医務室", "機関区分": 2, "都道府県コード": 4, "市区町村コード": 213, "所在地": "宮城県栗原市築館字下宮野館１０８", "緯度": 38.7564013, "経度": 141.0134659, "url": "https://www.iryou.teikyouseido.mhlw.go.jp/znk-web/juminkanja/S2430/initialize?prefCd=04&kikanCd=2910542&kikanKbn=2", "url2": null, "内容": "特別養護老人ホームいちょうの里　医務室【2:診療所】【診療科目:0】宮城県栗原市築館字下宮野館１０８" }, "geometry": { "type": "Point", "coordinates": [ 141.0134659, 38.7564013 ] } },
{ "type": "Feature", "properties": { "ID": 42910549, "正式名称": "東北大学　東北メディカル・メガバンク機構　地域支援大崎センター", "機関区分": 2, "都道府県コード": 4, "市区町村コード": 215, "所在地": "宮城県大崎市古川幸町１丁目６－１２ＭＲＳビル２階", "緯度": 38.575638, "経度": 140.96921, "url": "https://www.iryou.teikyouseido.mhlw.go.jp/znk-web/juminkanja/S2430/initialize?prefCd=04&kikanCd=2910549&kikanKbn=2", "url2": null, "内容": "東北大学　東北メディカル・メガバンク機構　地域支援大崎センター【2:診療所】【診療科目:0】宮城県大崎市古川幸町１丁目６－１２ＭＲＳビル２階" }, "geometry": { "type": "Point", "coordinates": [ 140.96921, 38.575638 ] } },
{ "type": "Feature", "properties": { "ID": 42910562, "正式名称": "ハートクリニック", "機関区分": 2, "都道府県コード": 4, "市区町村コード": 105, "所在地": "宮城県仙台市泉区泉中央１丁目７ー１泉中央駅ビル２Ｆ", "緯度": 38.3241957, "経度": 140.8804626, "url": "https://www.iryou.teikyouseido.mhlw.go.jp/znk-web/juminkanja/S2430/initialize?prefCd=04&kikanCd=2910562&kikanKbn=2", "url2": null, "内容": "ハートクリニック【2:診療所】【診療科目:0】宮城県仙台市泉区泉中央１丁目７ー１泉中央駅ビル２Ｆ" }, "geometry": { "type": "Point", "coordinates": [ 140.880462599999987, 38.3241957 ] } },
{ "type": "Feature", "properties": { "ID": 42910566, "正式名称": "一番町Ｌｉｎｏレディースクリニック", "機関区分": 2, "都道府県コード": 4, "市区町村コード": 101, "所在地": "宮城県仙台市青葉区一番町３丁目８ー１１アクアセカンドビル３階", "緯度": 38.261176, "経度": 140.872006, "url": "https://www.iryou.teikyouseido.mhlw.go.jp/znk-web/juminkanja/S2430/initialize?prefCd=04&kikanCd=2910566&kikanKbn=2", "url2": "https://www.lino-ladies-cl.jp/", "内容": "一番町Ｌｉｎｏレディースクリニック【2:診療所】【診療科目:0】宮城県仙台市青葉区一番町３丁目８ー１１アクアセカンドビル３階" }, "geometry": { "type": "Point", "coordinates": [ 140.872006, 38.261176 ] } },
{ "type": "Feature", "properties": { "ID": 42910569, "正式名称": "かえる在宅クリニック", "機関区分": 2, "都道府県コード": 4, "市区町村コード": 105, "所在地": "宮城県仙台市泉区泉中央３丁目１８ー６ＤＯＭＵＳ赤坂１階１０１", "緯度": 38.3259454, "経度": 140.886729, "url": "https://www.iryou.teikyouseido.mhlw.go.jp/znk-web/juminkanja/S2430/initialize?prefCd=04&kikanCd=2910569&kikanKbn=2", "url2": null, "内容": "かえる在宅クリニック【2:診療所】【診療科目:0】宮城県仙台市泉区泉中央３丁目１８ー６ＤＯＭＵＳ赤坂１階１０１" }, "geometry": { "type": "Point", "coordinates": [ 140.886729, 38.325945399999988 ] } },
{ "type": "Feature", "properties": { "ID": 42910573, "正式名称": "馬場眼科", "機関区分": 2, "都道府県コード": 4, "市区町村コード": 101, "所在地": "宮城県仙台市青葉区中央３－１－２４荘銀ビル４階", "緯度": 38.260543, "経度": 140.878916, "url": "https://www.iryou.teikyouseido.mhlw.go.jp/znk-web/juminkanja/S2430/initialize?prefCd=04&kikanCd=2910573&kikanKbn=2", "url2": null, "内容": "馬場眼科【2:診療所】【診療科目:0】宮城県仙台市青葉区中央３－１－２４荘銀ビル４階" }, "geometry": { "type": "Point", "coordinates": [ 140.878916, 38.260543 ] } },
{ "type": "Feature", "properties": { "ID": 42910580, "正式名称": "いたばし内科外科クリニック", "機関区分": 2, "都道府県コード": 4, "市区町村コード": 211, "所在地": "宮城県岩沼市桜２－２－１６", "緯度": 38.106828, "経度": 140.868597, "url": "https://www.iryou.teikyouseido.mhlw.go.jp/znk-web/juminkanja/S2430/initialize?prefCd=04&kikanCd=2910580&kikanKbn=2", "url2": "https://itabashi-naikageka-clinic.jp/", "内容": "いたばし内科外科クリニック【2:診療所】【診療科目:0】宮城県岩沼市桜２－２－１６" }, "geometry": { "type": "Point", "coordinates": [ 140.868597, 38.106828 ] } },
{ "type": "Feature", "properties": { "ID": 42910581, "正式名称": "おざわ女性総合クリニック", "機関区分": 2, "都道府県コード": 4, "市区町村コード": 103, "所在地": "宮城県仙台市若林区荒町１９２", "緯度": 38.24921, "経度": 140.88268, "url": "https://www.iryou.teikyouseido.mhlw.go.jp/znk-web/juminkanja/S2430/initialize?prefCd=04&kikanCd=2910581&kikanKbn=2", "url2": "https://www.happy-ozawa.jp", "内容": "おざわ女性総合クリニック【2:診療所】【診療科目:0】宮城県仙台市若林区荒町１９２" }, "geometry": { "type": "Point", "coordinates": [ 140.88268, 38.24921 ] } },
{ "type": "Feature", "properties": { "ID": 42910587, "正式名称": "小鶴新田内科・内視鏡クリニック", "機関区分": 2, "都道府県コード": 4, "市区町村コード": 102, "所在地": "宮城県仙台市宮城野区新田東１－１７－５", "緯度": 38.27988, "経度": 140.934303, "url": "https://www.iryou.teikyouseido.mhlw.go.jp/znk-web/juminkanja/S2430/initialize?prefCd=04&kikanCd=2910587&kikanKbn=2", "url2": "https://www.kozurushinden-clinic.com/", "内容": "小鶴新田内科・内視鏡クリニック【2:診療所】【診療科目:0】宮城県仙台市宮城野区新田東１－１７－５" }, "geometry": { "type": "Point", "coordinates": [ 140.934303, 38.27988 ] } },
{ "type": "Feature", "properties": { "ID": 42910590, "正式名称": "おやま整形外科クリニック仙台西口院", "機関区分": 2, "都道府県コード": 4, "市区町村コード": 101, "所在地": "宮城県仙台市青葉区花京院２丁目１番６５号いちご花京院ビル１階", "緯度": 38.266226, "経度": 140.879938, "url": "https://www.iryou.teikyouseido.mhlw.go.jp/znk-web/juminkanja/S2430/initialize?prefCd=04&kikanCd=2910590&kikanKbn=2", "url2": "https://sendai-seikei.gassankai.com/", "内容": "おやま整形外科クリニック仙台西口院【2:診療所】【診療科目:0】宮城県仙台市青葉区花京院２丁目１番６５号いちご花京院ビル１階" }, "geometry": { "type": "Point", "coordinates": [ 140.879938, 38.266226 ] } },
{ "type": "Feature", "properties": { "ID": 42910600, "正式名称": "医療法人社団スリープクリニック　スリープクリニック仙台", "機関区分": 2, "都道府県コード": 4, "市区町村コード": 101, "所在地": "宮城県仙台市青葉区堤通雨宮町１－１イオンモール仙台上杉３階", "緯度": 38.276094, "経度": 140.872519, "url": "https://www.iryou.teikyouseido.mhlw.go.jp/znk-web/juminkanja/S2430/initialize?prefCd=04&kikanCd=2910600&kikanKbn=2", "url2": "http://www.sleepmedicine-tokyo.com", "内容": "医療法人社団スリープクリニック　スリープクリニック仙台【2:診療所】【診療科目:0】宮城県仙台市青葉区堤通雨宮町１－１イオンモール仙台上杉３階" }, "geometry": { "type": "Point", "coordinates": [ 140.872519, 38.276094 ] } },
{ "type": "Feature", "properties": { "ID": 42910607, "正式名称": "医療法人社団築山会　仙台泉クリニック", "機関区分": 2, "都道府県コード": 4, "市区町村コード": 105, "所在地": "宮城県仙台市泉区根白石字行木沢東１番８", "緯度": 38.338139, "経度": 140.82016, "url": "https://www.iryou.teikyouseido.mhlw.go.jp/znk-web/juminkanja/S2430/initialize?prefCd=04&kikanCd=2910607&kikanKbn=2", "url2": "https://houmonshinryou.com/clinic/chikuzan01/", "内容": "医療法人社団築山会　仙台泉クリニック【2:診療所】【診療科目:0】宮城県仙台市泉区根白石字行木沢東１番８" }, "geometry": { "type": "Point", "coordinates": [ 140.82016, 38.338139 ] } },
{ "type": "Feature", "properties": { "ID": 42910608, "正式名称": "明石台内科循環器科医院", "機関区分": 2, "都道府県コード": 4, "市区町村コード": 216, "所在地": "宮城県富谷市明石台５丁目１ー４", "緯度": 38.348764, "経度": 140.890435, "url": "https://www.iryou.teikyouseido.mhlw.go.jp/znk-web/juminkanja/S2430/initialize?prefCd=04&kikanCd=2910608&kikanKbn=2", "url2": null, "内容": "明石台内科循環器科医院【2:診療所】【診療科目:0】宮城県富谷市明石台５丁目１ー４" }, "geometry": { "type": "Point", "coordinates": [ 140.890435, 38.348764 ] } },
{ "type": "Feature", "properties": { "ID": 42910609, "正式名称": "養護老人ホーム　松寿園診療所", "機関区分": 2, "都道府県コード": 4, "市区町村コード": 207, "所在地": "宮城県名取市手倉田字山２０８番地の１養護老人ホーム松寿園", "緯度": 38.164081, "経度": 140.870178, "url": "https://www.iryou.teikyouseido.mhlw.go.jp/znk-web/juminkanja/S2430/initialize?prefCd=04&kikanCd=2910609&kikanKbn=2", "url2": null, "内容": "養護老人ホーム　松寿園診療所【2:診療所】【診療科目:0】宮城県名取市手倉田字山２０８番地の１養護老人ホーム松寿園" }, "geometry": { "type": "Point", "coordinates": [ 140.870178, 38.164081 ] } },
{ "type": "Feature", "properties": { "ID": 42910610, "正式名称": "仙台南おおにしクリニック", "機関区分": 2, "都道府県コード": 4, "市区町村コード": 104, "所在地": "宮城県仙台市太白区中田町字法地北１９−１８", "緯度": 38.197467, "経度": 140.901922, "url": "https://www.iryou.teikyouseido.mhlw.go.jp/znk-web/juminkanja/S2430/initialize?prefCd=04&kikanCd=2910610&kikanKbn=2", "url2": "https://www.sendaionishi.com", "内容": "仙台南おおにしクリニック【2:診療所】【診療科目:0】宮城県仙台市太白区中田町字法地北１９−１８" }, "geometry": { "type": "Point", "coordinates": [ 140.901922, 38.197467 ] } },
{ "type": "Feature", "properties": { "ID": 42910615, "正式名称": "医療法人清仁会　石巻内科透析クリニック", "機関区分": 2, "都道府県コード": 4, "市区町村コード": 202, "所在地": "宮城県石巻市須江字舘山根１０５", "緯度": 38.474614, "経度": 141.250217, "url": "https://www.iryou.teikyouseido.mhlw.go.jp/znk-web/juminkanja/S2430/initialize?prefCd=04&kikanCd=2910615&kikanKbn=2", "url2": null, "内容": "医療法人清仁会　石巻内科透析クリニック【2:診療所】【診療科目:0】宮城県石巻市須江字舘山根１０５" }, "geometry": { "type": "Point", "coordinates": [ 141.250217, 38.474614 ] } },
{ "type": "Feature", "properties": { "ID": 42910617, "正式名称": "名取ソライロ整形外科", "機関区分": 2, "都道府県コード": 4, "市区町村コード": 207, "所在地": "宮城県名取市愛島郷２－２７－１０５", "緯度": 38.159322, "経度": 140.859647, "url": "https://www.iryou.teikyouseido.mhlw.go.jp/znk-web/juminkanja/S2430/initialize?prefCd=04&kikanCd=2910617&kikanKbn=2", "url2": "https://natori-sorairo-seikei.jp/", "内容": "名取ソライロ整形外科【2:診療所】【診療科目:0】宮城県名取市愛島郷２－２７－１０５" }, "geometry": { "type": "Point", "coordinates": [ 140.859647, 38.159322 ] } },
{ "type": "Feature", "properties": { "ID": 42910619, "正式名称": "Ｓｈｅａ　ｃｌｉｎｉｃ　ｓｅｎｄａｉ", "機関区分": 2, "都道府県コード": 4, "市区町村コード": 101, "所在地": "宮城県仙台市青葉区本町１丁目１０−３４シエロ本町１丁目ビル５階", "緯度": 38.265827, "経度": 140.877316, "url": "https://www.iryou.teikyouseido.mhlw.go.jp/znk-web/juminkanja/S2430/initialize?prefCd=04&kikanCd=2910619&kikanKbn=2", "url2": "https://shea.clinic/", "内容": "Ｓｈｅａ　ｃｌｉｎｉｃ　ｓｅｎｄａｉ【2:診療所】【診療科目:0】宮城県仙台市青葉区本町１丁目１０−３４シエロ本町１丁目ビル５階" }, "geometry": { "type": "Point", "coordinates": [ 140.877316, 38.265827 ] } },
{ "type": "Feature", "properties": { "ID": 42910627, "正式名称": "かもみーる心のクリニック仙台院", "機関区分": 2, "都道府県コード": 4, "市区町村コード": 101, "所在地": "宮城県仙台市青葉区中央３丁目６ー８ＳＳスチール仙台駅前ビルⅡ　３階", "緯度": 38.258863, "経度": 140.878682, "url": "https://www.iryou.teikyouseido.mhlw.go.jp/znk-web/juminkanja/S2430/initialize?prefCd=04&kikanCd=2910627&kikanKbn=2", "url2": "https://www.chamomile.jp/sendai", "内容": "かもみーる心のクリニック仙台院【2:診療所】【診療科目:0】宮城県仙台市青葉区中央３丁目６ー８ＳＳスチール仙台駅前ビルⅡ　３階" }, "geometry": { "type": "Point", "coordinates": [ 140.878682, 38.258863 ] } },
{ "type": "Feature", "properties": { "ID": 42910628, "正式名称": "ウィルＡＧＡ・いびきメディカルクリニック仙台院", "機関区分": 2, "都道府県コード": 4, "市区町村コード": 101, "所在地": "宮城県仙台市青葉区中央三丁目１番２２号ＥＱＵＩＮＩＡ青葉通り４階", "緯度": 38.260296, "経度": 140.878743, "url": "https://www.iryou.teikyouseido.mhlw.go.jp/znk-web/juminkanja/S2430/initialize?prefCd=04&kikanCd=2910628&kikanKbn=2", "url2": "https://www.ibiki-med.clinic/clinic/sendai/", "内容": "ウィルＡＧＡ・いびきメディカルクリニック仙台院【2:診療所】【診療科目:0】宮城県仙台市青葉区中央三丁目１番２２号ＥＱＵＩＮＩＡ青葉通り４階" }, "geometry": { "type": "Point", "coordinates": [ 140.878743, 38.260296 ] } }
]
}
