{
"type": "FeatureCollection",
"name": "geo_04_訪問介護",
"crs": { "type": "name", "properties": { "name": "urn:ogc:def:crs:OGC:1.3:CRS84" } },
"features": [
{ "type": "Feature", "properties": { "内容": "ヘルパーステーション優【訪問介護】宮城県仙台市青葉区台原3丁目17-1丸洋ハイツ402", "url": "https://www.kaigokensaku.mhlw.go.jp/04/index.php?action_kouhyou_detail_004_kani=true&JigyosyoCd=0475106001-00&ServiceCd=110&Type=search", "url2": null }, "geometry": { "type": "Point", "coordinates": [ 140.8724115, 38.2895324 ] } },
{ "type": "Feature", "properties": { "内容": "ＮＰＯ仙台介護支援の会【訪問介護】仙台市青葉区小田原6-1-8-504宮町コーポ504号", "url": "https://www.kaigokensaku.mhlw.go.jp/04/index.php?action_kouhyou_detail_004_kani=true&JigyosyoCd=0475104204-00&ServiceCd=110&Type=search", "url2": "国際福祉ネット・みやぎ" }, "geometry": { "type": "Point", "coordinates": [ 140.885215300000027, 38.2713568 ] } },
{ "type": "Feature", "properties": { "内容": "訪問介護ステーション　まめしば【訪問介護】宮城県仙台市青葉区花京院2丁目1－7", "url": "https://www.kaigokensaku.mhlw.go.jp/04/index.php?action_kouhyou_detail_004_kani=true&JigyosyoCd=0475101226-00&ServiceCd=110&Type=search", "url2": "http://mamesub2.wix.com/shibawanko" }, "geometry": { "type": "Point", "coordinates": [ 140.88019060000002, 38.2666895 ] } },
{ "type": "Feature", "properties": { "内容": "ヘルパーステーションNAKAGAWA【訪問介護】宮城県仙台市青葉区小田原4丁目2-50-2", "url": "https://www.kaigokensaku.mhlw.go.jp/04/index.php?action_kouhyou_detail_004_kani=true&JigyosyoCd=0475105060-00&ServiceCd=110&Type=search", "url2": null }, "geometry": { "type": "Point", "coordinates": [ 140.888698500000032, 38.2685544 ] } },
{ "type": "Feature", "properties": { "内容": "みらいケア青葉【訪問介護】宮城県仙台市青葉区柏木3丁目1番53号パル柏木103号", "url": "https://www.kaigokensaku.mhlw.go.jp/04/index.php?action_kouhyou_detail_004_kani=true&JigyosyoCd=0475105417-00&ServiceCd=110&Type=search", "url2": "https://miraicare-k.co.jp" }, "geometry": { "type": "Point", "coordinates": [ 140.8558189, 38.2763243 ] } },
{ "type": "Feature", "properties": { "内容": "アミカ仙台北山介護センター【訪問介護】宮城県仙台市青葉区山手町11-50コアライフ山手205", "url": "https://www.kaigokensaku.mhlw.go.jp/04/index.php?action_kouhyou_detail_004_kani=true&JigyosyoCd=0475105466-00&ServiceCd=110&Type=search", "url2": null }, "geometry": { "type": "Point", "coordinates": [ 140.8502109, 38.286820600000013 ] } },
{ "type": "Feature", "properties": { "内容": "ヘルパーステーションリヤンド仙台青葉【訪問介護】宮城県仙台市青葉区国見ケ丘5-43-1", "url": "https://www.kaigokensaku.mhlw.go.jp/04/index.php?action_kouhyou_detail_004_kani=true&JigyosyoCd=0475106076-00&ServiceCd=110&Type=search", "url2": "https://liende-kizuna.jp/sendai-aoba/" }, "geometry": { "type": "Point", "coordinates": [ 140.824939699999987, 38.2842016 ] } },
{ "type": "Feature", "properties": { "内容": "ＷＡＣケアサービスみやぎ【訪問介護】仙台市青葉区上杉1-16-4-601センチュリー青葉601号", "url": "https://www.kaigokensaku.mhlw.go.jp/04/index.php?action_kouhyou_detail_004_kani=true&JigyosyoCd=0475100046-00&ServiceCd=110&Type=search", "url2": "http://www.npo.lsnet.ne.jp/wacmagokoro" }, "geometry": { "type": "Point", "coordinates": [ 140.870338899999979, 38.271498 ] } },
{ "type": "Feature", "properties": { "内容": "やさしい手仙台ケアセンター吉成【訪問介護】宮城県仙台市青葉区南吉成6-3-9ＯＳビル　１Ｆ", "url": "https://www.kaigokensaku.mhlw.go.jp/04/index.php?action_kouhyou_detail_004_kani=true&JigyosyoCd=0475103016-00&ServiceCd=110&Type=search", "url2": "https://www.yasashiite-sendai.jp/" }, "geometry": { "type": "Point", "coordinates": [ 140.822439300000042, 38.2903554 ] } },
{ "type": "Feature", "properties": { "内容": "訪問介護事業所ミスタケア【訪問介護】宮城県仙台市青葉区国見2丁目1-12国見エステートD201", "url": "https://www.kaigokensaku.mhlw.go.jp/04/index.php?action_kouhyou_detail_004_kani=true&JigyosyoCd=0475106050-00&ServiceCd=110&Type=search", "url2": null }, "geometry": { "type": "Point", "coordinates": [ 140.8483024, 38.2745608 ] } },
{ "type": "Feature", "properties": { "内容": "みらいケア栗生【訪問介護】宮城県仙台市青葉区栗生5丁目１３－３窪ハイツ２０１", "url": "https://www.kaigokensaku.mhlw.go.jp/04/index.php?action_kouhyou_detail_004_kani=true&JigyosyoCd=0475105599-00&ServiceCd=110&Type=search", "url2": "https://miraicare-k.co.jp" }, "geometry": { "type": "Point", "coordinates": [ 140.7873754, 38.2672301 ] } },
{ "type": "Feature", "properties": { "内容": "グランダ愛宕橋ケアステーション【訪問介護】宮城県仙台市青葉区米ケ袋3-3-1", "url": "https://www.kaigokensaku.mhlw.go.jp/04/index.php?action_kouhyou_detail_004_kani=true&JigyosyoCd=0475105607-00&ServiceCd=110&Type=search", "url2": "https://kaigo.benesse-style-care.co.jp/area_miyagi/sendai/home_gd-atagobashi" }, "geometry": { "type": "Point", "coordinates": [ 140.8711816, 38.2490879 ] } },
{ "type": "Feature", "properties": { "内容": "あすとホーム訪問介護事業所【訪問介護】宮城県仙台市青葉区上愛子字街道61-2", "url": "https://www.kaigokensaku.mhlw.go.jp/04/index.php?action_kouhyou_detail_004_kani=true&JigyosyoCd=0475105839-00&ServiceCd=110&Type=search", "url2": null }, "geometry": { "type": "Point", "coordinates": [ 140.744742722090137, 38.273581516664443 ] } },
{ "type": "Feature", "properties": { "内容": "ニチイケアセンター北四番丁【訪問介護】宮城県仙台市青葉区上杉1-16-30　東日本ビル3F", "url": "https://www.kaigokensaku.mhlw.go.jp/04/index.php?action_kouhyou_detail_004_kani=true&JigyosyoCd=0475100533-00&ServiceCd=110&Type=search", "url2": "http://www.nichiigakkan.co.jp" }, "geometry": { "type": "Point", "coordinates": [ 140.8704179, 38.2716628 ] } },
{ "type": "Feature", "properties": { "内容": "訪問介護ゆいの声【訪問介護】宮城県仙台市青葉区栗生五丁目10-23ロイヤルハイツ22　203", "url": "https://www.kaigokensaku.mhlw.go.jp/04/index.php?action_kouhyou_detail_004_kani=true&JigyosyoCd=0475105573-00&ServiceCd=110&Type=search", "url2": null }, "geometry": { "type": "Point", "coordinates": [ 140.789544, 38.2666702 ] } },
{ "type": "Feature", "properties": { "内容": "訪問介護日々全力　東勝山【訪問介護】宮城県仙台市青葉区東勝山2丁目17番15号", "url": "https://www.kaigokensaku.mhlw.go.jp/04/index.php?action_kouhyou_detail_004_kani=true&JigyosyoCd=0475105755-00&ServiceCd=110&Type=search", "url2": "https://fullpower-japan.jp" }, "geometry": { "type": "Point", "coordinates": [ 140.8633926, 38.2949827 ] } },
{ "type": "Feature", "properties": { "内容": "セントケア旭ヶ丘【訪問介護】仙台市青葉区旭ヶ丘3-24-7", "url": "https://www.kaigokensaku.mhlw.go.jp/04/index.php?action_kouhyou_detail_004_kani=true&JigyosyoCd=0475103123-00&ServiceCd=110&Type=search", "url2": "http://www.saint-care-tm.com/" }, "geometry": { "type": "Point", "coordinates": [ 140.886418700000036, 38.2950901 ] } },
{ "type": "Feature", "properties": { "内容": "株式会社ケイ・デイ・エム　ヘルパーステーション事業部【訪問介護】宮城県仙台市青葉区中山吉成二丁目10番5号", "url": "https://www.kaigokensaku.mhlw.go.jp/04/index.php?action_kouhyou_detail_004_kani=true&JigyosyoCd=0475104725-00&ServiceCd=110&Type=search", "url2": "https://www.kdm-miyagi.com/" }, "geometry": { "type": "Point", "coordinates": [ 140.819050299999958, 38.2985377 ] } },
{ "type": "Feature", "properties": { "内容": "アルパインヘルパーステーション愛子【訪問介護】上愛子字雷神5番地58", "url": "https://www.kaigokensaku.mhlw.go.jp/04/index.php?action_kouhyou_detail_004_kani=true&JigyosyoCd=0475105201-00&ServiceCd=110&Type=search", "url2": "http://www.matsuda-hp.com./" }, "geometry": { "type": "Point", "coordinates": [ 140.74667304232787, 38.272430403220369 ] } },
{ "type": "Feature", "properties": { "内容": "アースサポート仙台青葉【訪問介護】宮城県仙台市青葉区旭ヶ丘2丁目29-1", "url": "https://www.kaigokensaku.mhlw.go.jp/04/index.php?action_kouhyou_detail_004_kani=true&JigyosyoCd=0475101283-00&ServiceCd=110&Type=search", "url2": "http://www.earthsupport.co.jp" }, "geometry": { "type": "Point", "coordinates": [ 140.888154699999973, 38.2932987 ] } },
{ "type": "Feature", "properties": { "内容": "訪問介護ステーションモークシャ愛子【訪問介護】宮城県仙台市青葉区下愛子字観音堂-1", "url": "https://www.kaigokensaku.mhlw.go.jp/04/index.php?action_kouhyou_detail_004_kani=true&JigyosyoCd=0475105250-00&ServiceCd=110&Type=search", "url2": "https://vimoksa.com/" }, "geometry": { "type": "Point", "coordinates": [ 140.761949967932196, 38.26882567127619 ] } },
{ "type": "Feature", "properties": { "内容": "有限会社いずみ訪問介護サービス家政婦紹介所【訪問介護】宮城県仙台市青葉区川平二丁目18-3", "url": "https://www.kaigokensaku.mhlw.go.jp/04/index.php?action_kouhyou_detail_004_kani=true&JigyosyoCd=0475100251-00&ServiceCd=110&Type=search", "url2": null }, "geometry": { "type": "Point", "coordinates": [ 140.844961799999965, 38.298919 ] } },
{ "type": "Feature", "properties": { "内容": "サンケアサービス【訪問介護】宮城県仙台市青葉区堤町１丁目７番３０号ザ・キャッスル北仙台１０２号", "url": "https://www.kaigokensaku.mhlw.go.jp/04/index.php?action_kouhyou_detail_004_kani=true&JigyosyoCd=0475101689-00&ServiceCd=110&Type=search", "url2": "http://www.suncare-s.jp" }, "geometry": { "type": "Point", "coordinates": [ 140.871898900000019, 38.2841326 ] } },
{ "type": "Feature", "properties": { "内容": "北根訪問介護ステーション【訪問介護】宮城県仙台市青葉区北根2-5-16北根ナーシングホーム", "url": "https://www.kaigokensaku.mhlw.go.jp/04/index.php?action_kouhyou_detail_004_kani=true&JigyosyoCd=0475105961-00&ServiceCd=110&Type=search", "url2": "https://medservice.or.jp/" }, "geometry": { "type": "Point", "coordinates": [ 140.8744881, 38.2960121 ] } },
{ "type": "Feature", "properties": { "内容": "ゴールドエイジ仙台営業所【訪問介護】宮城県仙台市青葉区栗生7丁目11－2", "url": "https://www.kaigokensaku.mhlw.go.jp/04/index.php?action_kouhyou_detail_004_kani=true&JigyosyoCd=0475103339-00&ServiceCd=110&Type=search", "url2": "http://goldage.co.jp/" }, "geometry": { "type": "Point", "coordinates": [ 140.777008199999955, 38.2689344 ] } },
{ "type": "Feature", "properties": { "内容": "訪問介護ステーションケアリー仙台折立【訪問介護】宮城県仙台市青葉区折立1丁目11－20", "url": "https://www.kaigokensaku.mhlw.go.jp/04/index.php?action_kouhyou_detail_004_kani=true&JigyosyoCd=0475106043-00&ServiceCd=110&Type=search", "url2": null }, "geometry": { "type": "Point", "coordinates": [ 140.811950011013067, 38.265362931745202 ] } },
{ "type": "Feature", "properties": { "内容": "In-homeCare梅田【訪問介護】宮城県仙台市青葉区梅田町1-63第5白鳥ビル101", "url": "https://www.kaigokensaku.mhlw.go.jp/04/index.php?action_kouhyou_detail_004_kani=true&JigyosyoCd=0475105888-00&ServiceCd=110&Type=search", "url2": "https://2sib.jp/" }, "geometry": { "type": "Point", "coordinates": [ 140.880488, 38.2765053 ] } },
{ "type": "Feature", "properties": { "内容": "西花苑訪問介護ステーション【訪問介護】宮城県仙台市青葉区西花苑1丁目39番7号", "url": "https://www.kaigokensaku.mhlw.go.jp/04/index.php?action_kouhyou_detail_004_kani=true&JigyosyoCd=0475105896-00&ServiceCd=110&Type=search", "url2": "http://sigmainc.site" }, "geometry": { "type": "Point", "coordinates": [ 140.7992714, 38.2655012 ] } },
{ "type": "Feature", "properties": { "内容": "ツクイ仙台愛子【訪問介護】宮城県仙台市青葉区下愛子字町18", "url": "https://www.kaigokensaku.mhlw.go.jp/04/index.php?action_kouhyou_detail_004_kani=true&JigyosyoCd=0475105482-00&ServiceCd=110&Type=search", "url2": "https://tsukui-hd.co.jp/" }, "geometry": { "type": "Point", "coordinates": [ 140.764818801921024, 38.271094008226001 ] } },
{ "type": "Feature", "properties": { "内容": "ヘルパーステーションU's【訪問介護】吉成1-9-25クレセント吉成202", "url": "https://www.kaigokensaku.mhlw.go.jp/04/index.php?action_kouhyou_detail_004_kani=true&JigyosyoCd=0475105789-00&ServiceCd=110&Type=search", "url2": null }, "geometry": { "type": "Point", "coordinates": [ 140.82083, 38.29086 ] } },
{ "type": "Feature", "properties": { "内容": "ヘルパーステーション青葉の家【訪問介護】宮城県仙台市青葉区荒巻三居沢1-16ヘルパーステーション青葉の家", "url": "https://www.kaigokensaku.mhlw.go.jp/04/index.php?action_kouhyou_detail_004_kani=true&JigyosyoCd=0475103032-00&ServiceCd=110&Type=search", "url2": "http://aofuku.or.jp/" }, "geometry": { "type": "Point", "coordinates": [ 140.838162558344294, 38.268669651179074 ] } },
{ "type": "Feature", "properties": { "内容": "大町訪問介護事業所【訪問介護】宮城県仙台市青葉区大町２－１３－２４大町オフィスビル　６Ｆ", "url": "https://www.kaigokensaku.mhlw.go.jp/04/index.php?action_kouhyou_detail_004_kani=true&JigyosyoCd=0475104667-00&ServiceCd=110&Type=search", "url2": null }, "geometry": { "type": "Point", "coordinates": [ 140.867764500000021, 38.2612796 ] } },
{ "type": "Feature", "properties": { "内容": "ヘルパーステーションきずな【訪問介護】宮城県仙台市青葉区本町一丁目12番12号　GMビルディング2階第一日本オフィスビル７階", "url": "https://www.kaigokensaku.mhlw.go.jp/04/index.php?action_kouhyou_detail_004_kani=true&JigyosyoCd=0475105763-00&ServiceCd=110&Type=search", "url2": "https://www.ns-care-sendai.jp" }, "geometry": { "type": "Point", "coordinates": [ 140.8794188, 38.2633442 ] } },
{ "type": "Feature", "properties": { "内容": "フレンドケアステーション【訪問介護】宮城県仙台市青葉中山８丁目２－１１", "url": "https://www.kaigokensaku.mhlw.go.jp/04/index.php?action_kouhyou_detail_004_kani=true&JigyosyoCd=0475103040-00&ServiceCd=110&Type=search", "url2": null }, "geometry": { "type": "Point", "coordinates": [ 140.833143218124405, 38.299035115204994 ] } },
{ "type": "Feature", "properties": { "内容": "仙台青葉やわらぎ【訪問介護】宮城県仙台市青葉区南吉成3-1-31", "url": "https://www.kaigokensaku.mhlw.go.jp/04/index.php?action_kouhyou_detail_004_kani=true&JigyosyoCd=0475103677-00&ServiceCd=110&Type=search", "url2": null }, "geometry": { "type": "Point", "coordinates": [ 140.816331945477231, 38.287278429444889 ] } },
{ "type": "Feature", "properties": { "内容": "学研ココファン北仙台ヘルパーセンター【訪問介護】宮城県仙台市青葉区葉山町3番1号", "url": "https://www.kaigokensaku.mhlw.go.jp/04/index.php?action_kouhyou_detail_004_kani=true&JigyosyoCd=0475105847-00&ServiceCd=110&Type=search", "url2": "http://www.cocofump.co.jp" }, "geometry": { "type": "Point", "coordinates": [ 140.8666795, 38.2841683 ] } },
{ "type": "Feature", "properties": { "内容": "愛心ヘルプサービス【訪問介護】宮城県仙台市青葉区中山9丁目12-13", "url": "https://www.kaigokensaku.mhlw.go.jp/04/index.php?action_kouhyou_detail_004_kani=true&JigyosyoCd=0475102943-00&ServiceCd=110&Type=search", "url2": "http://www.aishin-help-s.com/" }, "geometry": { "type": "Point", "coordinates": [ 140.833826499999986, 38.3009767 ] } },
{ "type": "Feature", "properties": { "内容": "ダイシン・ケア【訪問介護】宮城県仙台市青葉区国分町３丁目１１－１５三都ビル３０２", "url": "https://www.kaigokensaku.mhlw.go.jp/04/index.php?action_kouhyou_detail_004_kani=true&JigyosyoCd=0475105151-00&ServiceCd=110&Type=search", "url2": null }, "geometry": { "type": "Point", "coordinates": [ 140.866335261882057, 38.267546292544544 ] } },
{ "type": "Feature", "properties": { "内容": "パルクケアサービスセンター【訪問介護】宮城県仙台市青葉区国分町3丁目4番10号ヒルトップ晩翠3階", "url": "https://www.kaigokensaku.mhlw.go.jp/04/index.php?action_kouhyou_detail_004_kani=true&JigyosyoCd=0475104238-00&ServiceCd=110&Type=search", "url2": "http://www.parcsystem.co.jp" }, "geometry": { "type": "Point", "coordinates": [ 140.866814500000032, 38.2660874 ] } },
{ "type": "Feature", "properties": { "内容": "万屋【訪問介護】宮城県仙台市青葉区作並字岩谷堂西16番地の228", "url": "https://www.kaigokensaku.mhlw.go.jp/04/index.php?action_kouhyou_detail_004_kani=true&JigyosyoCd=0475105086-00&ServiceCd=110&Type=search", "url2": null }, "geometry": { "type": "Point", "coordinates": [ 140.630475599999954, 38.3087863 ] } },
{ "type": "Feature", "properties": { "内容": "介護クラーク仙台青葉【訪問介護】宮城県仙台市青葉区八幡3-10-3フォルス八幡101", "url": "https://www.kaigokensaku.mhlw.go.jp/04/index.php?action_kouhyou_detail_004_kani=true&JigyosyoCd=0475105706-00&ServiceCd=110&Type=search", "url2": null }, "geometry": { "type": "Point", "coordinates": [ 140.8502838, 38.2678127 ] } },
{ "type": "Feature", "properties": { "内容": "せんだんの丘　ホームヘルパーステーション２４【訪問介護】宮城県仙台市青葉区国見ヶ丘6丁目126番地51", "url": "https://www.kaigokensaku.mhlw.go.jp/04/index.php?action_kouhyou_detail_004_kani=true&JigyosyoCd=0475102521-00&ServiceCd=110&Type=search", "url2": "http://www.bone-info.org/sendannooka/index.html" }, "geometry": { "type": "Point", "coordinates": [ 140.8344442, 38.2840815 ] } },
{ "type": "Feature", "properties": { "内容": "有限会社あけぼの介護センター【訪問介護】宮城県仙台市青葉区中江1丁目13－11", "url": "https://www.kaigokensaku.mhlw.go.jp/04/index.php?action_kouhyou_detail_004_kani=true&JigyosyoCd=0475100889-00&ServiceCd=110&Type=search", "url2": null }, "geometry": { "type": "Point", "coordinates": [ 140.891472799999974, 38.273490099999989 ] } },
{ "type": "Feature", "properties": { "内容": "ニチイケアセンター川平【訪問介護】宮城県仙台市青葉区川平３丁目26-8川平3ますやテナントビル104", "url": "https://www.kaigokensaku.mhlw.go.jp/04/index.php?action_kouhyou_detail_004_kani=true&JigyosyoCd=0475101705-00&ServiceCd=110&Type=search", "url2": "http://www.nichiigakkan.co.jp" }, "geometry": { "type": "Point", "coordinates": [ 140.839131400000042, 38.3045431 ] } },
{ "type": "Feature", "properties": { "内容": "葉山地域包括サービススステーション　葉山ヘルパーセンター【訪問介護】仙台市青葉区葉山町８番１号", "url": "https://www.kaigokensaku.mhlw.go.jp/04/index.php?action_kouhyou_detail_004_kani=true&JigyosyoCd=0475102091-00&ServiceCd=110&Type=search", "url2": "http://www.fukushi-sendai.or.jp/" }, "geometry": { "type": "Point", "coordinates": [ 140.86306639999998, 38.2855655 ] } },
{ "type": "Feature", "properties": { "内容": "社会福祉法人　仙台福祉サービス協会　青葉ヘルパーステーション【訪問介護】宮城県仙台市青葉区木町通1丁目4番15号仙台市交通局庁舎3階", "url": "https://www.kaigokensaku.mhlw.go.jp/04/index.php?action_kouhyou_detail_004_kani=true&JigyosyoCd=0475102315-00&ServiceCd=110&Type=search", "url2": "https://www.sendai-fukushi.or.jp" }, "geometry": { "type": "Point", "coordinates": [ 140.862554890737897, 38.269357931024473 ] } },
{ "type": "Feature", "properties": { "内容": "ヘルパーステーションひろせ【訪問介護】宮城県仙台市青葉区郷六字大森4-2", "url": "https://www.kaigokensaku.mhlw.go.jp/04/index.php?action_kouhyou_detail_004_kani=true&JigyosyoCd=0475105144-00&ServiceCd=110&Type=search", "url2": "http://www.hirosehos.jp/" }, "geometry": { "type": "Point", "coordinates": [ 140.811286500000051, 38.2542178 ] } },
{ "type": "Feature", "properties": { "内容": "南吉成ヘルパーステーション【訪問介護】宮城県仙台市青葉区南吉成7丁目14-1", "url": "https://www.kaigokensaku.mhlw.go.jp/04/index.php?action_kouhyou_detail_004_kani=true&JigyosyoCd=0475102505-00&ServiceCd=110&Type=search", "url2": "http://www.oishigaharakai.or.jp" }, "geometry": { "type": "Point", "coordinates": [ 140.817212599999948, 38.2819174 ] } },
{ "type": "Feature", "properties": { "内容": "ケアパートナー【訪問介護】仙台市青葉区荒巻本沢一丁目１４番１４号", "url": "https://www.kaigokensaku.mhlw.go.jp/04/index.php?action_kouhyou_detail_004_kani=true&JigyosyoCd=0475104071-00&ServiceCd=110&Type=search", "url2": "https://www.wellcare-web.com" }, "geometry": { "type": "Point", "coordinates": [ 140.849876355572519, 38.28989222644752 ] } },
{ "type": "Feature", "properties": { "内容": "社会福祉法人こ-ぷ福祉会　こ～ぷのお家桜ヶ丘ヘルパ－ステ－ション【訪問介護】宮城県仙台市青葉区桜ヶ丘2-20-1", "url": "https://www.kaigokensaku.mhlw.go.jp/04/index.php?action_kouhyou_detail_004_kani=true&JigyosyoCd=0475100350-00&ServiceCd=110&Type=search", "url2": "https://www.coop-fukushikai.jp/" }, "geometry": { "type": "Point", "coordinates": [ 140.855047099999979, 38.2975111 ] } },
{ "type": "Feature", "properties": { "内容": "ヘルパーステーション　晴・晴【訪問介護】宮城県仙台市青葉区小田原８丁目７番１３号", "url": "https://www.kaigokensaku.mhlw.go.jp/04/index.php?action_kouhyou_detail_004_kani=true&JigyosyoCd=0475104857-00&ServiceCd=110&Type=search", "url2": null }, "geometry": { "type": "Point", "coordinates": [ 140.890934199999947, 38.270932 ] } },
{ "type": "Feature", "properties": { "内容": "ニチイケアセンター仙台中山吉成【訪問介護】宮城県仙台市青葉区中山吉成1-7-18", "url": "https://www.kaigokensaku.mhlw.go.jp/04/index.php?action_kouhyou_detail_004_kani=true&JigyosyoCd=0475104386-00&ServiceCd=110&Type=search", "url2": "http://www.nichiigakkan.co.jp" }, "geometry": { "type": "Point", "coordinates": [ 140.820730614680542, 38.298855895237757 ] } },
{ "type": "Feature", "properties": { "内容": "ニチイケアセンター仙台川内【訪問介護】宮城県仙台市青葉区川内大工町75番地センユーハイツ106号室", "url": "https://www.kaigokensaku.mhlw.go.jp/04/index.php?action_kouhyou_detail_004_kani=true&JigyosyoCd=0475105359-00&ServiceCd=110&Type=search", "url2": "http://www.nichiiweb.jp" }, "geometry": { "type": "Point", "coordinates": [ 140.859825, 38.26429 ] } },
{ "type": "Feature", "properties": { "内容": "八千代訪問介護ステーションー仙台広瀬ー【訪問介護】宮城県仙台市青葉区広瀬町2－5", "url": "https://www.kaigokensaku.mhlw.go.jp/04/index.php?action_kouhyou_detail_004_kani=true&JigyosyoCd=0475106126-00&ServiceCd=110&Type=search", "url2": "https://miya-to.com/" }, "geometry": { "type": "Point", "coordinates": [ 140.859890735581928, 38.268724901402386 ] } },
{ "type": "Feature", "properties": { "内容": "訪問介護ほていさん【訪問介護】宮城県仙台市青葉区折立3-3-16コーポウエストグリーン105", "url": "https://www.kaigokensaku.mhlw.go.jp/04/index.php?action_kouhyou_detail_004_kani=true&JigyosyoCd=0475106134-00&ServiceCd=110&Type=search", "url2": "https://www.hoteisan.jp/" }, "geometry": { "type": "Point", "coordinates": [ 140.805052664418042, 38.267076241357394 ] } },
{ "type": "Feature", "properties": { "内容": "うぐいすケアセンター青葉【訪問介護】上杉３丁目9-62-205号福祉協働", "url": "https://www.kaigokensaku.mhlw.go.jp/04/index.php?action_kouhyou_detail_004_kani=true&JigyosyoCd=0475105987-00&ServiceCd=110&Type=search", "url2": "https://arbetsam.jp/business-overview/" }, "geometry": { "type": "Point", "coordinates": [ 140.8765704, 38.2733181 ] } },
{ "type": "Feature", "properties": { "内容": "ワイズケア【訪問介護】宮城県仙台市青葉区愛子東４丁目５－４７", "url": "https://www.kaigokensaku.mhlw.go.jp/04/index.php?action_kouhyou_detail_004_kani=true&JigyosyoCd=0475105854-00&ServiceCd=110&Type=search", "url2": "https://yscare.wepage.com/" }, "geometry": { "type": "Point", "coordinates": [ 140.7685531, 38.2732745 ] } },
{ "type": "Feature", "properties": { "内容": "あゆみの杜訪問介護サービス【訪問介護】宮城県仙台市宮城野区岩切1丁目１０－５", "url": "https://www.kaigokensaku.mhlw.go.jp/04/index.php?action_kouhyou_detail_004_kani=true&JigyosyoCd=0475203196-00&ServiceCd=110&Type=search", "url2": "https://ayuminomori.com/" }, "geometry": { "type": "Point", "coordinates": [ 140.929052850932408, 38.296832247892993 ] } },
{ "type": "Feature", "properties": { "内容": "ヘルパーステーション大空【訪問介護】宮城県仙台市宮城野区大梶１３番１９号", "url": "https://www.kaigokensaku.mhlw.go.jp/04/index.php?action_kouhyou_detail_004_kani=true&JigyosyoCd=0475203733-00&ServiceCd=110&Type=search", "url2": null }, "geometry": { "type": "Point", "coordinates": [ 140.9058667, 38.2715693 ] } },
{ "type": "Feature", "properties": { "内容": "サポートアンドケア【訪問介護】小鶴１丁目１３−３１宮田ハイツ２０２", "url": "https://www.kaigokensaku.mhlw.go.jp/04/index.php?action_kouhyou_detail_004_kani=true&JigyosyoCd=0475204020-00&ServiceCd=110&Type=search", "url2": null }, "geometry": { "type": "Point", "coordinates": [ 140.9284039, 38.284787 ] } },
{ "type": "Feature", "properties": { "内容": "やさしい手仙台ケアセンター宮城野【訪問介護】宮城県仙台市宮城野区出花2-12-5サンハイツビル102号", "url": "https://www.kaigokensaku.mhlw.go.jp/04/index.php?action_kouhyou_detail_004_kani=true&JigyosyoCd=0475200317-00&ServiceCd=110&Type=search", "url2": "https://www.yasashiite-sendai.jp/" }, "geometry": { "type": "Point", "coordinates": [ 140.987394, 38.2758575 ] } },
{ "type": "Feature", "properties": { "内容": "みらいケアこころ【訪問介護】宮城県仙台市宮城野区東仙台5丁目21番40号", "url": "https://www.kaigokensaku.mhlw.go.jp/04/index.php?action_kouhyou_detail_004_kani=true&JigyosyoCd=0475203584-00&ServiceCd=110&Type=search", "url2": "https://miraicare-k.co.jp" }, "geometry": { "type": "Point", "coordinates": [ 140.9144681, 38.2765905 ] } },
{ "type": "Feature", "properties": { "内容": "訪問介護事業所　メディケアライフ宮城野【訪問介護】宮城県仙台市宮城野区岩切分台三丁目3-7", "url": "https://www.kaigokensaku.mhlw.go.jp/04/index.php?action_kouhyou_detail_004_kani=true&JigyosyoCd=0475202966-00&ServiceCd=110&Type=search", "url2": "https://www.medicare-life.co.jp/" }, "geometry": { "type": "Point", "coordinates": [ 140.955494600000065, 38.3079412 ] } },
{ "type": "Feature", "properties": { "内容": "ヘルパーステーション　クローバー【訪問介護】宮城県仙台市宮城野区岩切１丁目3-14", "url": "https://www.kaigokensaku.mhlw.go.jp/04/index.php?action_kouhyou_detail_004_kani=true&JigyosyoCd=0475203766-00&ServiceCd=110&Type=search", "url2": "https://www.yusenkai.co.jp" }, "geometry": { "type": "Point", "coordinates": [ 140.9350062, 38.2918517 ] } },
{ "type": "Feature", "properties": { "内容": "訪問介護事業所スマイリー仙台【訪問介護】宮城県仙台市宮城野区鶴ケ谷東4-21-1メリディアン鶴ケ谷102", "url": "https://www.kaigokensaku.mhlw.go.jp/04/index.php?action_kouhyou_detail_004_kani=true&JigyosyoCd=0475203782-00&ServiceCd=110&Type=search", "url2": "https://www.gplimited.co.jp" }, "geometry": { "type": "Point", "coordinates": [ 140.928681047221403, 38.296164217760271 ] } },
{ "type": "Feature", "properties": { "内容": "有限会社ひまわり看護婦家政婦紹介所【訪問介護】宮城県仙台市宮城野区小田原2-4-20", "url": "https://www.kaigokensaku.mhlw.go.jp/04/index.php?action_kouhyou_detail_004_kani=true&JigyosyoCd=0475200093-00&ServiceCd=110&Type=search", "url2": "https://himawari-kaseifu.jp/" }, "geometry": { "type": "Point", "coordinates": [ 140.894881199999986, 38.2649716 ] } },
{ "type": "Feature", "properties": { "内容": "ぬくもり訪問介護事業所【訪問介護】宮城県仙台市宮城野区新田2－13－25沼田貸事務所2階西側", "url": "https://www.kaigokensaku.mhlw.go.jp/04/index.php?action_kouhyou_detail_004_kani=true&JigyosyoCd=0475203857-00&ServiceCd=110&Type=search", "url2": "https://nukumori-wormst.crayonsite.net/" }, "geometry": { "type": "Point", "coordinates": [ 140.922269, 38.2756893 ] } },
{ "type": "Feature", "properties": { "内容": "ベネッセ介護センター鶴ヶ谷【訪問介護】宮城県仙台市宮城野区鶴ヶ谷６－７－１まどか鶴ケ谷内", "url": "https://www.kaigokensaku.mhlw.go.jp/04/index.php?action_kouhyou_detail_004_kani=true&JigyosyoCd=0475200507-00&ServiceCd=110&Type=search", "url2": "http://www.benesse-style-care.co.jp/" }, "geometry": { "type": "Point", "coordinates": [ 140.9238097, 38.2904807 ] } },
{ "type": "Feature", "properties": { "内容": "SOMPOケア仙台萩野町　訪問介護【訪問介護】宮城県仙台市宮城野区萩野町3-12-1", "url": "https://www.kaigokensaku.mhlw.go.jp/04/index.php?action_kouhyou_detail_004_kani=true&JigyosyoCd=0475203428-00&ServiceCd=110&Type=search", "url2": "https://www.sompocare.com/" }, "geometry": { "type": "Point", "coordinates": [ 140.917659599999979, 38.2576844 ] } },
{ "type": "Feature", "properties": { "内容": "ニチイケアセンター原町【訪問介護】宮城県仙台市宮城野区原町3丁目7-14ビジュアルタワー宮城野4F", "url": "https://www.kaigokensaku.mhlw.go.jp/04/index.php?action_kouhyou_detail_004_kani=true&JigyosyoCd=0475200176-00&ServiceCd=110&Type=search", "url2": "http;//www.nichiigakkan.co.jp" }, "geometry": { "type": "Point", "coordinates": [ 140.911209800000051, 38.2673858 ] } },
{ "type": "Feature", "properties": { "内容": "ADHOCネコロボマン訪問介護宮城野店【訪問介護】宮城県仙台市宮城野区新田1-4-28SUZUKEN102", "url": "https://www.kaigokensaku.mhlw.go.jp/04/index.php?action_kouhyou_detail_004_kani=true&JigyosyoCd=0475204046-00&ServiceCd=110&Type=search", "url2": "https://adhoc-nekoroboman.jbplt.jp/" }, "geometry": { "type": "Point", "coordinates": [ 140.9210046, 38.2728752 ] } },
{ "type": "Feature", "properties": { "内容": "ポピーケア【訪問介護】岡田字南在家110-2", "url": "https://www.kaigokensaku.mhlw.go.jp/04/index.php?action_kouhyou_detail_004_kani=true&JigyosyoCd=0475204004-00&ServiceCd=110&Type=search", "url2": null }, "geometry": { "type": "Point", "coordinates": [ 140.978778474343869, 38.255387527731877 ] } },
{ "type": "Feature", "properties": { "内容": "テルウェル仙台介護センター【訪問介護】宮城県仙台市宮城野区五輪1丁目4番5号NTT榴ヶ岡第1ビル3階", "url": "https://www.kaigokensaku.mhlw.go.jp/04/index.php?action_kouhyou_detail_004_kani=true&JigyosyoCd=0475202594-00&ServiceCd=110&Type=search", "url2": "http://www.telwel-kaigo.com/" }, "geometry": { "type": "Point", "coordinates": [ 140.900575133729546, 38.263486 ] } },
{ "type": "Feature", "properties": { "内容": "あんじゅヘルパーステーション【訪問介護】宮城県仙台市宮城野区鶴ケ谷字京原13‐1", "url": "https://www.kaigokensaku.mhlw.go.jp/04/index.php?action_kouhyou_detail_004_kani=true&JigyosyoCd=0475203527-00&ServiceCd=110&Type=search", "url2": null }, "geometry": { "type": "Point", "coordinates": [ 140.921441, 38.2968794 ] } },
{ "type": "Feature", "properties": { "内容": "訪問介護まる【訪問介護】宮城県仙台市宮城野区鶴ケ谷4丁目14-2", "url": "https://www.kaigokensaku.mhlw.go.jp/04/index.php?action_kouhyou_detail_004_kani=true&JigyosyoCd=0475203212-00&ServiceCd=110&Type=search", "url2": "https://tsukihikari-maru.jimdosite.com" }, "geometry": { "type": "Point", "coordinates": [ 140.905358900261064, 38.292004966150806 ] } },
{ "type": "Feature", "properties": { "内容": "コスモス中野栄ホームケア【訪問介護】宮城県仙台市宮城野区出花2-11-5", "url": "https://www.kaigokensaku.mhlw.go.jp/04/index.php?action_kouhyou_detail_004_kani=true&JigyosyoCd=0475202818-00&ServiceCd=110&Type=search", "url2": "http://www.cosmoscare.jp" }, "geometry": { "type": "Point", "coordinates": [ 140.988388964383404, 38.277263990645515 ] } },
{ "type": "Feature", "properties": { "内容": "仙台宮城野やわらぎ【訪問介護】宮城県仙台市宮城野区岩切分台2-11-20", "url": "https://www.kaigokensaku.mhlw.go.jp/04/index.php?action_kouhyou_detail_004_kani=true&JigyosyoCd=0475202651-00&ServiceCd=110&Type=search", "url2": "http://www.sunnylife-group.co.jp/" }, "geometry": { "type": "Point", "coordinates": [ 140.960889230565499, 38.308639238023218 ] } },
{ "type": "Feature", "properties": { "内容": "よろず訪問介護　日々全力【訪問介護】宮城県仙台市宮城野区新田1-10-56", "url": "https://www.kaigokensaku.mhlw.go.jp/04/index.php?action_kouhyou_detail_004_kani=true&JigyosyoCd=0475203535-00&ServiceCd=110&Type=search", "url2": "https://fullpower-japan.jp" }, "geometry": { "type": "Point", "coordinates": [ 140.921201500000052, 38.2735497 ] } },
{ "type": "Feature", "properties": { "内容": "あおいケア東仙台【訪問介護】宮城県仙台市宮城野区東仙台２丁目２番１０号ウェルライフヴィラ東仙台", "url": "https://www.kaigokensaku.mhlw.go.jp/04/index.php?action_kouhyou_detail_004_kani=true&JigyosyoCd=0475203469-00&ServiceCd=110&Type=search", "url2": "http://www.wlsp.jp" }, "geometry": { "type": "Point", "coordinates": [ 140.9160756, 38.2750866 ] } },
{ "type": "Feature", "properties": { "内容": "介護サービスファミリーハンド【訪問介護】仙台市宮城野区二の森10番22号", "url": "https://www.kaigokensaku.mhlw.go.jp/04/index.php?action_kouhyou_detail_004_kani=true&JigyosyoCd=0475201893-00&ServiceCd=110&Type=search", "url2": null }, "geometry": { "type": "Point", "coordinates": [ 140.900476900000058, 38.278848 ] } },
{ "type": "Feature", "properties": { "内容": "あおいケア【訪問介護】仙台市宮城野区萩野町三丁目20番3号ウェルライフガーデン宮城野・１Ｆ", "url": "https://www.kaigokensaku.mhlw.go.jp/04/index.php?action_kouhyou_detail_004_kani=true&JigyosyoCd=0475201307-00&ServiceCd=110&Type=search", "url2": "http://www.wlsp.jp" }, "geometry": { "type": "Point", "coordinates": [ 140.91878440000005, 38.25856490000001 ] } },
{ "type": "Feature", "properties": { "内容": "けあビジョンホーム仙台萩野町　訪問介護【訪問介護】宮城県仙台市宮城野区萩野町４－３－５０", "url": "https://www.kaigokensaku.mhlw.go.jp/04/index.php?action_kouhyou_detail_004_kani=true&JigyosyoCd=0475203790-00&ServiceCd=110&Type=search", "url2": null }, "geometry": { "type": "Point", "coordinates": [ 140.9143518, 38.260258 ] } },
{ "type": "Feature", "properties": { "内容": "ヘルパーステーション萩の家【訪問介護】宮城県仙台市宮城野区燕沢1丁目-22-70", "url": "https://www.kaigokensaku.mhlw.go.jp/04/index.php?action_kouhyou_detail_004_kani=true&JigyosyoCd=0475203139-00&ServiceCd=110&Type=search", "url2": "http://www.secl.jp/hagi/" }, "geometry": { "type": "Point", "coordinates": [ 140.922238695186252, 38.282612744231642 ] } },
{ "type": "Feature", "properties": { "内容": "株式会社ジョイコム　まごの手ケアセンター【訪問介護】宮城県仙台市宮城野区新田1丁目21番30号コーポトーセン203号室", "url": "https://www.kaigokensaku.mhlw.go.jp/04/index.php?action_kouhyou_detail_004_kani=true&JigyosyoCd=0475200796-00&ServiceCd=110&Type=search", "url2": null }, "geometry": { "type": "Point", "coordinates": [ 140.920177599999988, 38.276074 ] } },
{ "type": "Feature", "properties": { "内容": "株式会社　フタバタクシー【訪問介護】宮城県仙台市宮城野区日の出町2-3-18", "url": "https://www.kaigokensaku.mhlw.go.jp/04/index.php?action_kouhyou_detail_004_kani=true&JigyosyoCd=0475200481-00&ServiceCd=110&Type=search", "url2": "http://www.futabataxi.com" }, "geometry": { "type": "Point", "coordinates": [ 140.937329399999953, 38.2678699 ] } },
{ "type": "Feature", "properties": { "内容": "あおいケア岩切【訪問介護】宮城県仙台市宮城野区字岩切若宮前75ウェルライフヴィラ岩切・1F", "url": "https://www.kaigokensaku.mhlw.go.jp/04/index.php?action_kouhyou_detail_004_kani=true&JigyosyoCd=0475202446-00&ServiceCd=110&Type=search", "url2": "http://www.wlsp.jp" }, "geometry": { "type": "Point", "coordinates": [ 140.949438528910491, 38.306043361930755 ] } },
{ "type": "Feature", "properties": { "内容": "セントケア仙塩【訪問介護】宮城県仙台市宮城野区福田町３丁目7－1", "url": "https://www.kaigokensaku.mhlw.go.jp/04/index.php?action_kouhyou_detail_004_kani=true&JigyosyoCd=0475201984-00&ServiceCd=110&Type=search", "url2": "http://www.saint-care.com" }, "geometry": { "type": "Point", "coordinates": [ 140.9622137, 38.2617631 ] } },
{ "type": "Feature", "properties": { "内容": "アースサポート仙台高砂【訪問介護】宮城県仙台市宮城野区福室3丁目２４番１８号", "url": "https://www.kaigokensaku.mhlw.go.jp/04/index.php?action_kouhyou_detail_004_kani=true&JigyosyoCd=0475203188-00&ServiceCd=110&Type=search", "url2": "http://www.earthsupport.co.jp/" }, "geometry": { "type": "Point", "coordinates": [ 140.97113564019773, 38.276248367867289 ] } },
{ "type": "Feature", "properties": { "内容": "あくとケア仙台【訪問介護】宮城県仙台市宮城野区新田４丁目28-65", "url": "https://www.kaigokensaku.mhlw.go.jp/04/index.php?action_kouhyou_detail_004_kani=true&JigyosyoCd=0475203402-00&ServiceCd=110&Type=search", "url2": "https://actcare.jp/" }, "geometry": { "type": "Point", "coordinates": [ 140.9266584, 38.2766752 ] } },
{ "type": "Feature", "properties": { "内容": "ケアビレッジ鶴巻ケアサービスステーション訪問介護事業所【訪問介護】宮城県仙台市宮城野区鶴巻２丁目２－２８", "url": "https://www.kaigokensaku.mhlw.go.jp/04/index.php?action_kouhyou_detail_004_kani=true&JigyosyoCd=0475203329-00&ServiceCd=110&Type=search", "url2": "http://ritsuwa.com" }, "geometry": { "type": "Point", "coordinates": [ 140.965229200000067, 38.2603863 ] } },
{ "type": "Feature", "properties": { "内容": "セントケア仙台東【訪問介護】宮城県仙台市宮城野区東仙台2-17-5ロックスビル2F", "url": "https://www.kaigokensaku.mhlw.go.jp/04/index.php?action_kouhyou_detail_004_kani=true&JigyosyoCd=0475201976-00&ServiceCd=110&Type=search", "url2": "http://www.saint-care.com/" }, "geometry": { "type": "Point", "coordinates": [ 140.916657500000042, 38.2778132 ] } },
{ "type": "Feature", "properties": { "内容": "社会福祉法人仙台福祉サービス協会　宮城野ヘルパーステーション【訪問介護】宮城県仙台市宮城野区五輪2丁目4番1号五輪近江ビル1階", "url": "https://www.kaigokensaku.mhlw.go.jp/04/index.php?action_kouhyou_detail_004_kani=true&JigyosyoCd=0475201679-00&ServiceCd=110&Type=search", "url2": "https://www.sendai-fukushi.or.jp" }, "geometry": { "type": "Point", "coordinates": [ 140.904357200000049, 38.2646775 ] } },
{ "type": "Feature", "properties": { "内容": "やさしい手仙台ケアセンター幸町【訪問介護】仙台市宮城野区大梶1-3　2F", "url": "https://www.kaigokensaku.mhlw.go.jp/04/index.php?action_kouhyou_detail_004_kani=true&JigyosyoCd=0475202008-00&ServiceCd=110&Type=search", "url2": "https://www.yasashiite-sendai.jp/" }, "geometry": { "type": "Point", "coordinates": [ 140.896730599999955, 38.2728098 ] } },
{ "type": "Feature", "properties": { "内容": "アミカ仙塩介護センター【訪問介護】宮城県仙台市宮城野区田子３丁目16-2ファミリア田子106", "url": "https://www.kaigokensaku.mhlw.go.jp/04/index.php?action_kouhyou_detail_004_kani=true&JigyosyoCd=0475203980-00&ServiceCd=110&Type=search", "url2": null }, "geometry": { "type": "Point", "coordinates": [ 140.9652902, 38.2822652 ] } },
{ "type": "Feature", "properties": { "内容": "ヘルパーステーション　クオレ【訪問介護】宮城県仙台市宮城野区鶴巻1-14-18", "url": "https://www.kaigokensaku.mhlw.go.jp/04/index.php?action_kouhyou_detail_004_kani=true&JigyosyoCd=0475202529-00&ServiceCd=110&Type=search", "url2": null }, "geometry": { "type": "Point", "coordinates": [ 140.967092233174043, 38.263104184233882 ] } },
{ "type": "Feature", "properties": { "内容": "訪問介護事業所まかろん【訪問介護】宮城県仙台市宮城野区宮千代１－１９－４スクーデリア宮千代D号室", "url": "https://www.kaigokensaku.mhlw.go.jp/04/index.php?action_kouhyou_detail_004_kani=true&JigyosyoCd=0475203949-00&ServiceCd=110&Type=search", "url2": "https://www.cli2023.com/" }, "geometry": { "type": "Point", "coordinates": [ 140.908237488221744, 38.253580055758562 ] } },
{ "type": "Feature", "properties": { "内容": "ホシヤマケア【訪問介護】宮城県仙台市宮城野区鉄砲町西2番地の4ダイヤパレス榴岡Ⅱ　1002", "url": "https://www.kaigokensaku.mhlw.go.jp/04/index.php?action_kouhyou_detail_004_kani=true&JigyosyoCd=0475203444-00&ServiceCd=110&Type=search", "url2": null }, "geometry": { "type": "Point", "coordinates": [ 140.8860161, 38.264031500000016 ] } },
{ "type": "Feature", "properties": { "内容": "コスモス鶴ヶ谷ホームケア【訪問介護】宮城県仙台市宮城野区鶴ヶ谷東４丁目7-5", "url": "https://www.kaigokensaku.mhlw.go.jp/04/index.php?action_kouhyou_detail_004_kani=true&JigyosyoCd=0475201273-00&ServiceCd=110&Type=search", "url2": "http://www.cosmoscare.jp" }, "geometry": { "type": "Point", "coordinates": [ 140.922895700000026, 38.2938163 ] } },
{ "type": "Feature", "properties": { "内容": "さくら・介護ステーション仙台新港【訪問介護】宮城県仙台市宮城野区栄４丁目１９－２２", "url": "https://www.kaigokensaku.mhlw.go.jp/04/index.php?action_kouhyou_detail_004_kani=true&JigyosyoCd=0475201968-00&ServiceCd=110&Type=search", "url2": null }, "geometry": { "type": "Point", "coordinates": [ 140.984459578868154, 38.283258446907162 ] } },
{ "type": "Feature", "properties": { "内容": "ケアリッツ仙台【訪問介護】宮城県仙台市宮城野区榴岡4-9-16グランドシャリオ2階", "url": "https://www.kaigokensaku.mhlw.go.jp/04/index.php?action_kouhyou_detail_004_kani=true&JigyosyoCd=0475203824-00&ServiceCd=110&Type=search", "url2": "https://www.careritz.co.jp/station/branch/sendai/" }, "geometry": { "type": "Point", "coordinates": [ 140.88847546727763, 38.257644466179762 ] } },
{ "type": "Feature", "properties": { "内容": "かいごや【訪問介護】仙台市若林区沖野3丁目３０－７", "url": "https://www.kaigokensaku.mhlw.go.jp/04/index.php?action_kouhyou_detail_004_kani=true&JigyosyoCd=0475301404-00&ServiceCd=110&Type=search", "url2": "https://kaigoyagroup.com" }, "geometry": { "type": "Point", "coordinates": [ 140.915322599999968, 38.2262127 ] } },
{ "type": "Feature", "properties": { "内容": "ドット３６５仙台大和町（訪問介護）【訪問介護】宮城県仙台市若林区大和町3丁目2-5グローバルビル3F-北号室", "url": "https://www.kaigokensaku.mhlw.go.jp/04/index.php?action_kouhyou_detail_004_kani=true&JigyosyoCd=0475302998-00&ServiceCd=110&Type=search", "url2": "https://www.dotline-jp.com/" }, "geometry": { "type": "Point", "coordinates": [ 140.919074599999988, 38.2484263 ] } },
{ "type": "Feature", "properties": { "内容": "ヘルパーステーションなずな【訪問介護】宮城県仙台市若林区木ノ下2丁目1-33KINOSHITA1・3・3　101号室", "url": "https://www.kaigokensaku.mhlw.go.jp/04/index.php?action_kouhyou_detail_004_kani=true&JigyosyoCd=0475302758-00&ServiceCd=110&Type=search", "url2": null }, "geometry": { "type": "Point", "coordinates": [ 140.9010949, 38.2529563 ] } },
{ "type": "Feature", "properties": { "内容": "はるかぜ訪問介護【訪問介護】宮城県仙台市若林区下飯田字遠谷地171", "url": "https://www.kaigokensaku.mhlw.go.jp/04/index.php?action_kouhyou_detail_004_kani=true&JigyosyoCd=0475302964-00&ServiceCd=110&Type=search", "url2": null }, "geometry": { "type": "Point", "coordinates": [ 140.933163680743377, 38.216814416937218 ] } },
{ "type": "Feature", "properties": { "内容": "アンダンチ【訪問介護】宮城県仙台市若林区荒井7丁目4-2-A号室", "url": "https://www.kaigokensaku.mhlw.go.jp/04/index.php?action_kouhyou_detail_004_kani=true&JigyosyoCd=0475302535-00&ServiceCd=110&Type=search", "url2": "https://andanchi.jp/" }, "geometry": { "type": "Point", "coordinates": [ 140.945318118828652, 38.238879601764367 ] } },
{ "type": "Feature", "properties": { "内容": "有限会社　三ツ矢交通【訪問介護】宮城県仙台市若林区南小泉四丁目１４番５１０１号", "url": "https://www.kaigokensaku.mhlw.go.jp/04/index.php?action_kouhyou_detail_004_kani=true&JigyosyoCd=0475300224-00&ServiceCd=110&Type=search", "url2": null }, "geometry": { "type": "Point", "coordinates": [ 140.903113019698623, 38.239240041458416 ] } },
{ "type": "Feature", "properties": { "内容": "ライブラリ六丁の目訪問介護【訪問介護】宮城県仙台市若林区六丁の目中町1-80", "url": "https://www.kaigokensaku.mhlw.go.jp/04/index.php?action_kouhyou_detail_004_kani=true&JigyosyoCd=0475302816-00&ServiceCd=110&Type=search", "url2": "http://www.living-platform.com/" }, "geometry": { "type": "Point", "coordinates": [ 140.936604199999977, 38.2517316 ] } },
{ "type": "Feature", "properties": { "内容": "みちのくケアサービス【訪問介護】宮城県仙台市若林区新寺1丁目2番12号", "url": "https://www.kaigokensaku.mhlw.go.jp/04/index.php?action_kouhyou_detail_004_kani=true&JigyosyoCd=0475300265-00&ServiceCd=110&Type=search", "url2": "https://care-net.biz/04/mitinoku/" }, "geometry": { "type": "Point", "coordinates": [ 140.88349930000004, 38.257247 ] } },
{ "type": "Feature", "properties": { "内容": "コスモス一本杉ホームケア【訪問介護】宮城県仙台市若林区一本杉町20-2", "url": "https://www.kaigokensaku.mhlw.go.jp/04/index.php?action_kouhyou_detail_004_kani=true&JigyosyoCd=0475300992-00&ServiceCd=110&Type=search", "url2": "http://www.cosmoscare.jp" }, "geometry": { "type": "Point", "coordinates": [ 140.902558355205883, 38.245646876639775 ] } },
{ "type": "Feature", "properties": { "内容": "セントケア若林　訪問介護【訪問介護】宮城県仙台市若林区若林7丁目1番5号", "url": "https://www.kaigokensaku.mhlw.go.jp/04/index.php?action_kouhyou_detail_004_kani=true&JigyosyoCd=0475302840-00&ServiceCd=110&Type=search", "url2": "https://www.saint-care.com/" }, "geometry": { "type": "Point", "coordinates": [ 140.9040493, 38.2277172 ] } },
{ "type": "Feature", "properties": { "内容": "訪問介護こころ仙台【訪問介護】宮城県仙台市若林区若林2丁目6-6セフィラ若林B102", "url": "https://www.kaigokensaku.mhlw.go.jp/04/index.php?action_kouhyou_detail_004_kani=true&JigyosyoCd=0475302956-00&ServiceCd=110&Type=search", "url2": null }, "geometry": { "type": "Point", "coordinates": [ 140.896683706789048, 38.232451551364839 ] } },
{ "type": "Feature", "properties": { "内容": "さくら木ケアサービス【訪問介護】宮城県仙台市若林区土樋282菊誠ビル202菊誠ビル", "url": "https://www.kaigokensaku.mhlw.go.jp/04/index.php?action_kouhyou_detail_004_kani=true&JigyosyoCd=0475300679-00&ServiceCd=110&Type=search", "url2": "http://www.sakuragi-care.jp/index.html" }, "geometry": { "type": "Point", "coordinates": [ 140.884624, 38.2452508 ] } },
{ "type": "Feature", "properties": { "内容": "マイムケア【訪問介護】宮城県仙台市若林区かすみ町1-22マイムケアガーデン1F", "url": "https://www.kaigokensaku.mhlw.go.jp/04/index.php?action_kouhyou_detail_004_kani=true&JigyosyoCd=0475300596-00&ServiceCd=110&Type=search", "url2": "http://maimucare.com/" }, "geometry": { "type": "Point", "coordinates": [ 140.922948799999972, 38.243864 ] } },
{ "type": "Feature", "properties": { "内容": "訪問介護ステーションなでしこ【訪問介護】宮城県仙台市若林区大和町四丁目１３番２７号(クラフト工房なでしこ2階)", "url": "https://www.kaigokensaku.mhlw.go.jp/04/index.php?action_kouhyou_detail_004_kani=true&JigyosyoCd=0475302071-00&ServiceCd=110&Type=search", "url2": "http://www.tcm-s.jp" }, "geometry": { "type": "Point", "coordinates": [ 140.917666434779363, 38.248832867803806 ] } },
{ "type": "Feature", "properties": { "内容": "グランユニライフホームヘルパーステーション仙台若林【訪問介護】宮城県仙台市若林区若林5-4-50メディカルグランヴィル仙台若林", "url": "https://www.kaigokensaku.mhlw.go.jp/04/index.php?action_kouhyou_detail_004_kani=true&JigyosyoCd=0475302725-00&ServiceCd=110&Type=search", "url2": null }, "geometry": { "type": "Point", "coordinates": [ 140.902424800000063, 38.2303718 ] } },
{ "type": "Feature", "properties": { "内容": "NPO法人あかねグループ【訪問介護】宮城県仙台市若林区遠見塚1丁目5－35", "url": "https://www.kaigokensaku.mhlw.go.jp/04/index.php?action_kouhyou_detail_004_kani=true&JigyosyoCd=0475300513-00&ServiceCd=110&Type=search", "url2": "http://blog.canpan.info/akane-group/" }, "geometry": { "type": "Point", "coordinates": [ 140.907367199999953, 38.2375222 ] } },
{ "type": "Feature", "properties": { "内容": "ツクイ若林【訪問介護】宮城県仙台市若林区河原町2-5-40クレセール河原町1階", "url": "https://www.kaigokensaku.mhlw.go.jp/04/index.php?action_kouhyou_detail_004_kani=true&JigyosyoCd=0475302808-00&ServiceCd=110&Type=search", "url2": "https://www.tsukui.net" }, "geometry": { "type": "Point", "coordinates": [ 140.891304241396568, 38.238837904359343 ] } },
{ "type": "Feature", "properties": { "内容": "訪問介護ステーション大和【訪問介護】宮城県仙台市若林区大和町4丁目13番27号", "url": "https://www.kaigokensaku.mhlw.go.jp/04/index.php?action_kouhyou_detail_004_kani=true&JigyosyoCd=0475300257-00&ServiceCd=110&Type=search", "url2": "http://www.tcm-g.co.jp/" }, "geometry": { "type": "Point", "coordinates": [ 140.917643399999946, 38.2489243 ] } },
{ "type": "Feature", "properties": { "内容": "ヘルパーステーション憩いの園【訪問介護】宮城県仙台市若林区上飯田1丁目3番31号", "url": "https://www.kaigokensaku.mhlw.go.jp/04/index.php?action_kouhyou_detail_004_kani=true&JigyosyoCd=0475301321-00&ServiceCd=110&Type=search", "url2": "http://www.ikoi-sono.com" }, "geometry": { "type": "Point", "coordinates": [ 140.911687539286845, 38.22153638306736 ] } },
{ "type": "Feature", "properties": { "内容": "ソーレメディカルホーム蒲町ヘルパーステーション【訪問介護】宮城県仙台市若林区蒲町３０番２２号", "url": "https://www.kaigokensaku.mhlw.go.jp/04/index.php?action_kouhyou_detail_004_kani=true&JigyosyoCd=0475301941-00&ServiceCd=110&Type=search", "url2": "https://www.sole.ne.jp/" }, "geometry": { "type": "Point", "coordinates": [ 140.925568, 38.2444278 ] } },
{ "type": "Feature", "properties": { "内容": "ケア21　遠見塚【訪問介護】宮城県仙台市若林区中倉1-3-1", "url": "https://www.kaigokensaku.mhlw.go.jp/04/index.php?action_kouhyou_detail_004_kani=true&JigyosyoCd=0475302626-00&ServiceCd=110&Type=search", "url2": "http://care21.co.jp/" }, "geometry": { "type": "Point", "coordinates": [ 140.909451781908587, 38.244826596211354 ] } },
{ "type": "Feature", "properties": { "内容": "アースサポート仙台大和町【訪問介護】宮城県仙台市若林区大和町5-30-25", "url": "https://www.kaigokensaku.mhlw.go.jp/04/index.php?action_kouhyou_detail_004_kani=true&JigyosyoCd=0475302121-00&ServiceCd=110&Type=search", "url2": "http://www.earthsupport.co.jp" }, "geometry": { "type": "Point", "coordinates": [ 140.924393, 38.247925 ] } },
{ "type": "Feature", "properties": { "内容": "ニチイケアセンター若林【訪問介護】宮城県仙台市若林区六丁の目南町11-3レジデンスタナカⅡ101", "url": "https://www.kaigokensaku.mhlw.go.jp/04/index.php?action_kouhyou_detail_004_kani=true&JigyosyoCd=0475300752-00&ServiceCd=110&Type=search", "url2": "http://www.nichiigakkan.co.jp" }, "geometry": { "type": "Point", "coordinates": [ 140.943135138623006, 38.248960692455626 ] } },
{ "type": "Feature", "properties": { "内容": "社会福祉法人仙台福祉サービス協会　若林ヘルパーステーション【訪問介護】宮城県仙台市若林区南小泉3丁目9-1南小泉ビル1階", "url": "https://www.kaigokensaku.mhlw.go.jp/04/index.php?action_kouhyou_detail_004_kani=true&JigyosyoCd=0475301180-00&ServiceCd=110&Type=search", "url2": "https://www.sendai-fukushi.or.jp" }, "geometry": { "type": "Point", "coordinates": [ 140.902439538886085, 38.239541390962437 ] } },
{ "type": "Feature", "properties": { "内容": "仙台介護サービス【訪問介護】仙台市若林区遠見塚3丁目8番25号", "url": "https://www.kaigokensaku.mhlw.go.jp/04/index.php?action_kouhyou_detail_004_kani=true&JigyosyoCd=0475301743-00&ServiceCd=110&Type=search", "url2": null }, "geometry": { "type": "Point", "coordinates": [ 140.9174716, 38.240903 ] } },
{ "type": "Feature", "properties": { "内容": "介護クラーク仙台若林【訪問介護】宮城県仙台市若林区遠見塚東1番13号", "url": "https://www.kaigokensaku.mhlw.go.jp/04/index.php?action_kouhyou_detail_004_kani=true&JigyosyoCd=0475302980-00&ServiceCd=110&Type=search", "url2": "https://cuc-hospice.com/rehope/hospice/874/" }, "geometry": { "type": "Point", "coordinates": [ 140.9186565, 38.2398745 ] } },
{ "type": "Feature", "properties": { "内容": "はーとふるコミュニケーション【訪問介護】宮城県仙台市若林区上飯田字天神41番地の9", "url": "https://www.kaigokensaku.mhlw.go.jp/04/index.php?action_kouhyou_detail_004_kani=true&JigyosyoCd=0475301727-00&ServiceCd=110&Type=search", "url2": "http://www.heartful-c.jp" }, "geometry": { "type": "Point", "coordinates": [ 140.927136235121679, 38.218824716579995 ] } },
{ "type": "Feature", "properties": { "内容": "やさしい手仙台ケアセンター若林【訪問介護】宮城県仙台市若林区若林2-4-2コンドミニアムシャトー1階", "url": "https://www.kaigokensaku.mhlw.go.jp/04/index.php?action_kouhyou_detail_004_kani=true&JigyosyoCd=0475300836-00&ServiceCd=110&Type=search", "url2": "https://www.yasashiite-sendai.jp/" }, "geometry": { "type": "Point", "coordinates": [ 140.895010100000036, 38.2332942 ] } },
{ "type": "Feature", "properties": { "内容": "ケア２１愛宕橋【訪問介護】宮城県仙台市若林区土樋268-1HOUSE268202号室", "url": "https://www.kaigokensaku.mhlw.go.jp/04/index.php?action_kouhyou_detail_004_kani=true&JigyosyoCd=0475303061-00&ServiceCd=110&Type=search", "url2": null }, "geometry": { "type": "Point", "coordinates": [ 140.8846371, 38.2461307 ] } },
{ "type": "Feature", "properties": { "内容": "訪問介護ハピネス【訪問介護】宮城県仙台市若林区六丁の目北町1-60かたやまビル２０１号", "url": "https://www.kaigokensaku.mhlw.go.jp/04/index.php?action_kouhyou_detail_004_kani=true&JigyosyoCd=0475302444-00&ServiceCd=110&Type=search", "url2": "https://www.teamsaito.com" }, "geometry": { "type": "Point", "coordinates": [ 140.948404799999906, 38.2507885 ] } },
{ "type": "Feature", "properties": { "内容": "八木山ＥａｓｔＣａｂ介護タクシー【訪問介護】仙台市太白区八木山東2-7-29", "url": "https://www.kaigokensaku.mhlw.go.jp/04/index.php?action_kouhyou_detail_004_kani=true&JigyosyoCd=0475404802-00&ServiceCd=110&Type=search", "url2": null }, "geometry": { "type": "Point", "coordinates": [ 140.8460058, 38.2337272 ] } },
{ "type": "Feature", "properties": { "内容": "介護事業所さくらの木【訪問介護】宮城県仙台市太白区郡山5-5-1-65", "url": "https://www.kaigokensaku.mhlw.go.jp/04/index.php?action_kouhyou_detail_004_kani=true&JigyosyoCd=0475403838-00&ServiceCd=110&Type=search", "url2": "https://miraclelife71.com" }, "geometry": { "type": "Point", "coordinates": [ 140.894813634918251, 38.220469935374375 ] } },
{ "type": "Feature", "properties": { "内容": "訪問介護事業所　メディケアライフ大野田【訪問介護】宮城県仙台市太白区大野田４丁目３０－１", "url": "https://www.kaigokensaku.mhlw.go.jp/04/index.php?action_kouhyou_detail_004_kani=true&JigyosyoCd=0475403044-00&ServiceCd=110&Type=search", "url2": "https://www.medicare-life.co.jp" }, "geometry": { "type": "Point", "coordinates": [ 140.876625897622716, 38.210354584143488 ] } },
{ "type": "Feature", "properties": { "内容": "アミカ仙台南介護センター【訪問介護】宮城県仙台市太白区長町2-13-40K・A平澤2号室", "url": "https://www.kaigokensaku.mhlw.go.jp/04/index.php?action_kouhyou_detail_004_kani=true&JigyosyoCd=0475404299-00&ServiceCd=110&Type=search", "url2": null }, "geometry": { "type": "Point", "coordinates": [ 140.8805563, 38.2330232 ] } },
{ "type": "Feature", "properties": { "内容": "訪問介護ステーション　クオルド仙台南【訪問介護】宮城県仙台市太白区旗立1丁目７－１３ナーシングホーム　クオルド仙台旗立", "url": "https://www.kaigokensaku.mhlw.go.jp/04/index.php?action_kouhyou_detail_004_kani=true&JigyosyoCd=0475405056-00&ServiceCd=110&Type=search", "url2": "https://qold.co.jp/" }, "geometry": { "type": "Point", "coordinates": [ 140.8210024, 38.2223275 ] } },
{ "type": "Feature", "properties": { "内容": "訪問介護　リライト【訪問介護】宮城県仙台市太白区西中田6丁目12-3リライト西中田", "url": "https://www.kaigokensaku.mhlw.go.jp/04/index.php?action_kouhyou_detail_004_kani=true&JigyosyoCd=0475405064-00&ServiceCd=110&Type=search", "url2": null }, "geometry": { "type": "Point", "coordinates": [ 140.8794797, 38.1921415 ] } },
{ "type": "Feature", "properties": { "内容": "南大野田ヘルプサービス【訪問介護】宮城県仙台市太白区長町南四丁目２１番地２号２階", "url": "https://www.kaigokensaku.mhlw.go.jp/04/index.php?action_kouhyou_detail_004_kani=true&JigyosyoCd=0475400354-00&ServiceCd=110&Type=search", "url2": "http://www.firstmedical.co.jp" }, "geometry": { "type": "Point", "coordinates": [ 140.874233873728372, 38.219860550250125 ] } },
{ "type": "Feature", "properties": { "内容": "ももの花ケアサービス【訪問介護】仙台市太白区青山1丁目9-13", "url": "https://www.kaigokensaku.mhlw.go.jp/04/index.php?action_kouhyou_detail_004_kani=true&JigyosyoCd=0475402475-00&ServiceCd=110&Type=search", "url2": null }, "geometry": { "type": "Point", "coordinates": [ 140.857644800000031, 38.2403243 ] } },
{ "type": "Feature", "properties": { "内容": "ケアプラン・ヘルパーステーション虹色【訪問介護】宮城県仙台市太白区山田北前町48-5", "url": "https://www.kaigokensaku.mhlw.go.jp/04/index.php?action_kouhyou_detail_004_kani=true&JigyosyoCd=0475403135-00&ServiceCd=110&Type=search", "url2": null }, "geometry": { "type": "Point", "coordinates": [ 140.828518, 38.2231317 ] } },
{ "type": "Feature", "properties": { "内容": "ケヤキヘルパーステーション【訪問介護】宮城県仙台市太白区柳生２丁目２６－１９", "url": "https://www.kaigokensaku.mhlw.go.jp/04/index.php?action_kouhyou_detail_004_kani=true&JigyosyoCd=0475404380-00&ServiceCd=110&Type=search", "url2": null }, "geometry": { "type": "Point", "coordinates": [ 140.8724231, 38.1959378 ] } },
{ "type": "Feature", "properties": { "内容": "医心館訪問介護ステーション仙台長町【訪問介護】宮城県仙台市太白区八本松二丁目4番12号", "url": "https://www.kaigokensaku.mhlw.go.jp/04/index.php?action_kouhyou_detail_004_kani=true&JigyosyoCd=0475404232-00&ServiceCd=110&Type=search", "url2": null }, "geometry": { "type": "Point", "coordinates": [ 140.8927349, 38.2293564 ] } },
{ "type": "Feature", "properties": { "内容": "ヘルパーステーションサジタリウス【訪問介護】宮城県仙台市太白区柳生字田中７－３", "url": "https://www.kaigokensaku.mhlw.go.jp/04/index.php?action_kouhyou_detail_004_kani=true&JigyosyoCd=0475404745-00&ServiceCd=110&Type=search", "url2": null }, "geometry": { "type": "Point", "coordinates": [ 140.869356010329057, 38.194080909284274 ] } },
{ "type": "Feature", "properties": { "内容": "株式会社　ＣＡＴＷＡＬＫ【訪問介護】宮城県仙台市太白区袋原字内手10番地の18", "url": "https://www.kaigokensaku.mhlw.go.jp/04/index.php?action_kouhyou_detail_004_kani=true&JigyosyoCd=0475403028-00&ServiceCd=110&Type=search", "url2": null }, "geometry": { "type": "Point", "coordinates": [ 140.905624900000021, 38.1941128 ] } },
{ "type": "Feature", "properties": { "内容": "ロマン桜【訪問介護】宮城県仙台市太白区諏訪町13-44あすと浪漫座", "url": "https://www.kaigokensaku.mhlw.go.jp/04/index.php?action_kouhyou_detail_004_kani=true&JigyosyoCd=0475403812-00&ServiceCd=110&Type=search", "url2": null }, "geometry": { "type": "Point", "coordinates": [ 140.885082822090112, 38.21597050743916 ] } },
{ "type": "Feature", "properties": { "内容": "訪問介護　ささえ【訪問介護】宮城県仙台市太白区三神峯2丁目2-13-38庄子アパート202号", "url": "https://www.kaigokensaku.mhlw.go.jp/04/index.php?action_kouhyou_detail_004_kani=true&JigyosyoCd=0475401667-00&ServiceCd=110&Type=search", "url2": "http://www.ho-u-life.com" }, "geometry": { "type": "Point", "coordinates": [ 140.846909498008699, 38.226965218218339 ] } },
{ "type": "Feature", "properties": { "内容": "あっぷるケア太白【訪問介護】宮城県仙台市太白区富沢2-11-5コーポ115　105号", "url": "https://www.kaigokensaku.mhlw.go.jp/04/index.php?action_kouhyou_detail_004_kani=true&JigyosyoCd=0475402426-00&ServiceCd=110&Type=search", "url2": "https://www.applecare-kaigo.net/" }, "geometry": { "type": "Point", "coordinates": [ 140.862149499999987, 38.221778200000017 ] } },
{ "type": "Feature", "properties": { "内容": "ヘルパーステーションリヤンド仙台太白【訪問介護】宮城県仙台太白区四郎丸字落合２０－８リヤンド‐絆‐仙台太白", "url": "https://www.kaigokensaku.mhlw.go.jp/04/index.php?action_kouhyou_detail_004_kani=true&JigyosyoCd=0475404729-00&ServiceCd=110&Type=search", "url2": "https://www.liende-kizuna.jp/recruit/facility-list/sendai-taihaku/" }, "geometry": { "type": "Point", "coordinates": [ 140.922153900000012, 38.1966479 ] } },
{ "type": "Feature", "properties": { "内容": "ミモザヘルパーステーション仙台太白【訪問介護】宮城県仙台市太白区緑ケ丘1－18－15", "url": "https://www.kaigokensaku.mhlw.go.jp/04/index.php?action_kouhyou_detail_004_kani=true&JigyosyoCd=0475404513-00&ServiceCd=110&Type=search", "url2": "https://mimoza-care.com/facility/home-visit-care/post-886/" }, "geometry": { "type": "Point", "coordinates": [ 140.866051800000037, 38.231756800000014 ] } },
{ "type": "Feature", "properties": { "内容": "アースサポート仙台【訪問介護】宮城県仙台市太白区向山4-19-10", "url": "https://www.kaigokensaku.mhlw.go.jp/04/index.php?action_kouhyou_detail_004_kani=true&JigyosyoCd=0475400438-00&ServiceCd=110&Type=search", "url2": "http://www.earthsupport.co.jp" }, "geometry": { "type": "Point", "coordinates": [ 140.879155699999956, 38.2441204 ] } },
{ "type": "Feature", "properties": { "内容": "ニチイケアセンター南仙台【訪問介護】宮城県仙台市太白区柳生6-3-1", "url": "https://www.kaigokensaku.mhlw.go.jp/04/index.php?action_kouhyou_detail_004_kani=true&JigyosyoCd=0475400446-00&ServiceCd=110&Type=search", "url2": "http://www.nichiigakkan.co.jp" }, "geometry": { "type": "Point", "coordinates": [ 140.862450500000023, 38.1963861 ] } },
{ "type": "Feature", "properties": { "内容": "有限会社楽・楽介護センター【訪問介護】宮城県仙台市太白区袋原字堰場６８番地の1", "url": "https://www.kaigokensaku.mhlw.go.jp/04/index.php?action_kouhyou_detail_004_kani=true&JigyosyoCd=0475401469-00&ServiceCd=110&Type=search", "url2": null }, "geometry": { "type": "Point", "coordinates": [ 140.906719399999929, 38.1915298 ] } },
{ "type": "Feature", "properties": { "内容": "訪問介護ピーコムライフ（八木山）【訪問介護】宮城県仙台市太白区八木山南一丁目１１－１７ピーコムライフ八木山", "url": "https://www.kaigokensaku.mhlw.go.jp/04/index.php?action_kouhyou_detail_004_kani=true&JigyosyoCd=0475402061-00&ServiceCd=110&Type=search", "url2": "http://www.momotarousan.com/" }, "geometry": { "type": "Point", "coordinates": [ 140.833216106745937, 38.238657940278237 ] } },
{ "type": "Feature", "properties": { "内容": "ケアステーション　MAHALO+【訪問介護】宮城県仙台市太白区長町南２丁目６−５２０１", "url": "https://www.kaigokensaku.mhlw.go.jp/04/index.php?action_kouhyou_detail_004_kani=true&JigyosyoCd=0475404562-00&ServiceCd=110&Type=search", "url2": "https://www.mukyoukai.com" }, "geometry": { "type": "Point", "coordinates": [ 140.879274900000013, 38.2201619 ] } },
{ "type": "Feature", "properties": { "内容": "あすか訪問介護事業所【訪問介護】宮城県仙台市太白区太白2丁目11－28", "url": "https://www.kaigokensaku.mhlw.go.jp/04/index.php?action_kouhyou_detail_004_kani=true&JigyosyoCd=0475404125-00&ServiceCd=110&Type=search", "url2": null }, "geometry": { "type": "Point", "coordinates": [ 140.816452199999958, 38.2325801 ] } },
{ "type": "Feature", "properties": { "内容": "ケア２１　長町【訪問介護】宮城県仙台市太白区鹿野3-24-15ローズガーデンⅡ101", "url": "https://www.kaigokensaku.mhlw.go.jp/04/index.php?action_kouhyou_detail_004_kani=true&JigyosyoCd=0475402988-00&ServiceCd=110&Type=search", "url2": "http://www.care21.co.jp" }, "geometry": { "type": "Point", "coordinates": [ 140.871095153023589, 38.224382215219201 ] } },
{ "type": "Feature", "properties": { "内容": "株式会社　ハートワンケアセンター【訪問介護】宮城県仙台市太白区西多賀４丁目１０番１８号(株)ハートワンケアセンター", "url": "https://www.kaigokensaku.mhlw.go.jp/04/index.php?action_kouhyou_detail_004_kani=true&JigyosyoCd=0475402673-00&ServiceCd=110&Type=search", "url2": null }, "geometry": { "type": "Point", "coordinates": [ 140.851007490084669, 38.222534651775 ] } },
{ "type": "Feature", "properties": { "内容": "ベネッセ介護センター西多賀【訪問介護】宮城県仙台市太白区西多賀1-16-25", "url": "https://www.kaigokensaku.mhlw.go.jp/04/index.php?action_kouhyou_detail_004_kani=true&JigyosyoCd=0475400537-00&ServiceCd=110&Type=search", "url2": "http://www.benesse-style-care.co.jp/" }, "geometry": { "type": "Point", "coordinates": [ 140.860341299999959, 38.2225336 ] } },
{ "type": "Feature", "properties": { "内容": "セントケア太白【訪問介護】宮城県仙台市太白区富沢2-10-20パル・107号", "url": "https://www.kaigokensaku.mhlw.go.jp/04/index.php?action_kouhyou_detail_004_kani=true&JigyosyoCd=0475401790-00&ServiceCd=110&Type=search", "url2": "http://www.saint-care-tm.com/" }, "geometry": { "type": "Point", "coordinates": [ 140.862762300000014, 38.221711500000026 ] } },
{ "type": "Feature", "properties": { "内容": "ヘルパーステーションアシスト仙台【訪問介護】仙台市太白区長町南４丁目３１－１４", "url": "https://www.kaigokensaku.mhlw.go.jp/04/index.php?action_kouhyou_detail_004_kani=true&JigyosyoCd=0475401246-00&ServiceCd=110&Type=search", "url2": "https://www.asisuto-sendai.com/" }, "geometry": { "type": "Point", "coordinates": [ 140.872592193592823, 38.216869233060592 ] } },
{ "type": "Feature", "properties": { "内容": "JCI訪問介護ステーション【訪問介護】宮城県仙台市太白区郡山７丁目１９番1６号", "url": "https://www.kaigokensaku.mhlw.go.jp/04/index.php?action_kouhyou_detail_004_kani=true&JigyosyoCd=0475402327-00&ServiceCd=110&Type=search", "url2": "https://jci-care.co.jp" }, "geometry": { "type": "Point", "coordinates": [ 140.886315088203673, 38.21464223876643 ] } },
{ "type": "Feature", "properties": { "内容": "セントケア八木山【訪問介護】宮城県仙台市太白区八木山本町1-34-3　第二青葉建商ビル1Ｆ", "url": "https://www.kaigokensaku.mhlw.go.jp/04/index.php?action_kouhyou_detail_004_kani=true&JigyosyoCd=0475401857-00&ServiceCd=110&Type=search", "url2": "http://www.saint-care.com/" }, "geometry": { "type": "Point", "coordinates": [ 140.845932700000048, 38.2407314 ] } },
{ "type": "Feature", "properties": { "内容": "エバーグリーン・ヤギヤマ　ヘルパーステーション【訪問介護】宮城県仙台市太白区向山２丁目11番36号向山アパート１階", "url": "https://www.kaigokensaku.mhlw.go.jp/04/index.php?action_kouhyou_detail_004_kani=true&JigyosyoCd=0475403614-00&ServiceCd=110&Type=search", "url2": "http://www.matsuda-hp.com/" }, "geometry": { "type": "Point", "coordinates": [ 140.865512399999943, 38.245909 ] } },
{ "type": "Feature", "properties": { "内容": "公益財団法人宮城厚生協会ケアステーションながまち介護【訪問介護】宮城県仙台市太白区長町三丁目7番26号長町病院北棟2階", "url": "https://www.kaigokensaku.mhlw.go.jp/04/index.php?action_kouhyou_detail_004_kani=true&JigyosyoCd=0475400503-00&ServiceCd=110&Type=search", "url2": null }, "geometry": { "type": "Point", "coordinates": [ 140.883948824003625, 38.229793108308783 ] } },
{ "type": "Feature", "properties": { "内容": "ツクイ太白【訪問介護】宮城県仙台市太白区富沢１丁目5-26", "url": "https://www.kaigokensaku.mhlw.go.jp/04/index.php?action_kouhyou_detail_004_kani=true&JigyosyoCd=0475404315-00&ServiceCd=110&Type=search", "url2": "https://www.tsukui.net/" }, "geometry": { "type": "Point", "coordinates": [ 140.869974599999978, 38.2197437 ] } },
{ "type": "Feature", "properties": { "内容": "ヘルパーステーション　わらゆん【訪問介護】宮城県仙台市太白区鈎取１丁目5-11103号", "url": "https://www.kaigokensaku.mhlw.go.jp/04/index.php?action_kouhyou_detail_004_kani=true&JigyosyoCd=0475404752-00&ServiceCd=110&Type=search", "url2": null }, "geometry": { "type": "Point", "coordinates": [ 140.847659168699835, 38.220945989524736 ] } },
{ "type": "Feature", "properties": { "内容": "はあとふるケアサービス【訪問介護】宮城県仙台市太白区郡山四丁目１１－２９", "url": "https://www.kaigokensaku.mhlw.go.jp/04/index.php?action_kouhyou_detail_004_kani=true&JigyosyoCd=0475400495-00&ServiceCd=110&Type=search", "url2": "http://www.heartful-care.jp" }, "geometry": { "type": "Point", "coordinates": [ 140.89712140000006, 38.2237815 ] } },
{ "type": "Feature", "properties": { "内容": "サニーライフ仙台茂庭台訪問介護事業所【訪問介護】宮城県仙台市太白区茂庭台4-21-15", "url": "https://www.kaigokensaku.mhlw.go.jp/04/index.php?action_kouhyou_detail_004_kani=true&JigyosyoCd=0475403127-00&ServiceCd=110&Type=search", "url2": "http://www.sunnylife-group.co.jp/" }, "geometry": { "type": "Point", "coordinates": [ 140.784446525131187, 38.238120640371456 ] } },
{ "type": "Feature", "properties": { "内容": "ライフサポート　とりで【訪問介護】宮城県仙台市太白区緑ヶ丘２丁目１２番３２号", "url": "https://www.kaigokensaku.mhlw.go.jp/04/index.php?action_kouhyou_detail_004_kani=true&JigyosyoCd=0475403937-00&ServiceCd=110&Type=search", "url2": null }, "geometry": { "type": "Point", "coordinates": [ 140.861293700000033, 38.2327688 ] } },
{ "type": "Feature", "properties": { "内容": "ユニケア仙台中田【訪問介護】宮城県仙台市太白区中田町字東60-25ココロハウス仙台中田", "url": "https://www.kaigokensaku.mhlw.go.jp/04/index.php?action_kouhyou_detail_004_kani=true&JigyosyoCd=0475403903-00&ServiceCd=110&Type=search", "url2": "http://www.care-w.com/" }, "geometry": { "type": "Point", "coordinates": [ 140.901881754398346, 38.19165022388016 ] } },
{ "type": "Feature", "properties": { "内容": "有限会社　オアシス【訪問介護】宮城県仙台市太白区鈎取２丁目２４－３６阿部アパートB２０２", "url": "https://www.kaigokensaku.mhlw.go.jp/04/index.php?action_kouhyou_detail_004_kani=true&JigyosyoCd=0475400719-00&ServiceCd=110&Type=search", "url2": null }, "geometry": { "type": "Point", "coordinates": [ 140.839442100000042, 38.2308462 ] } },
{ "type": "Feature", "properties": { "内容": "訪問介護事業所　よつ葉【訪問介護】長町南二丁目6番5ヴァンヴェール長町南301号室", "url": "https://www.kaigokensaku.mhlw.go.jp/04/index.php?action_kouhyou_detail_004_kani=true&JigyosyoCd=0475402939-00&ServiceCd=110&Type=search", "url2": "https://www.good-life-care.co.jp/" }, "geometry": { "type": "Point", "coordinates": [ 140.874858038484291, 38.213836598260414 ] } },
{ "type": "Feature", "properties": { "内容": "鴻巣ケアサービス仙台南【訪問介護】宮城県仙台市太白区中田7-22-1", "url": "https://www.kaigokensaku.mhlw.go.jp/04/index.php?action_kouhyou_detail_004_kani=true&JigyosyoCd=0475402897-00&ServiceCd=110&Type=search", "url2": "https://kounosu.jp/" }, "geometry": { "type": "Point", "coordinates": [ 140.8892346, 38.1891932 ] } },
{ "type": "Feature", "properties": { "内容": "訪問介護　いっぽ【訪問介護】宮城県仙台市太白区秋保町湯向26番15号", "url": "https://www.kaigokensaku.mhlw.go.jp/04/index.php?action_kouhyou_detail_004_kani=true&JigyosyoCd=0475402848-00&ServiceCd=110&Type=search", "url2": null }, "geometry": { "type": "Point", "coordinates": [ 140.722754394116805, 38.229303362500005 ] } },
{ "type": "Feature", "properties": { "内容": "マイムケア太白【訪問介護】仙台市太白区長町3丁目9-20", "url": "https://www.kaigokensaku.mhlw.go.jp/04/index.php?action_kouhyou_detail_004_kani=true&JigyosyoCd=0475402210-00&ServiceCd=110&Type=search", "url2": "http://maimucare.com" }, "geometry": { "type": "Point", "coordinates": [ 140.884737899127003, 38.231873444118975 ] } },
{ "type": "Feature", "properties": { "内容": "あおいケア富沢西【訪問介護】宮城県仙台市太白区富沢西4丁目20-2ウェルライフヴィラ富沢西", "url": "https://www.kaigokensaku.mhlw.go.jp/04/index.php?action_kouhyou_detail_004_kani=true&JigyosyoCd=0475404174-00&ServiceCd=110&Type=search", "url2": "http://www.wlsp.jp" }, "geometry": { "type": "Point", "coordinates": [ 140.859904799999981, 38.2122674 ] } },
{ "type": "Feature", "properties": { "内容": "仙台南やわらぎ【訪問介護】宮城県仙台市太白区中田5丁目7番1号サニーライフ仙台南", "url": "https://www.kaigokensaku.mhlw.go.jp/04/index.php?action_kouhyou_detail_004_kani=true&JigyosyoCd=0475404166-00&ServiceCd=110&Type=search", "url2": "http://www.sunnylife-group.co.jp" }, "geometry": { "type": "Point", "coordinates": [ 140.8865955, 38.1970787 ] } },
{ "type": "Feature", "properties": { "内容": "幸福ケアサポート【訪問介護】宮城県仙台市太白区東郡山2丁目46-7　第２ﾒｿﾞﾆﾃｨ安久Ａ号室", "url": "https://www.kaigokensaku.mhlw.go.jp/04/index.php?action_kouhyou_detail_004_kani=true&JigyosyoCd=0475402277-00&ServiceCd=110&Type=search", "url2": null }, "geometry": { "type": "Point", "coordinates": [ 140.9011405, 38.2241122 ] } },
{ "type": "Feature", "properties": { "内容": "株式会社かっぽ・エスコート【訪問介護】宮城県仙台市太白区長町越路-19-1393コープ野村八木山公園1-112", "url": "https://www.kaigokensaku.mhlw.go.jp/04/index.php?action_kouhyou_detail_004_kani=true&JigyosyoCd=0475402962-00&ServiceCd=110&Type=search", "url2": null }, "geometry": { "type": "Point", "coordinates": [ 140.840050900000051, 38.2421784 ] } },
{ "type": "Feature", "properties": { "内容": "紅（べに）ヘルパーステーション【訪問介護】宮城県仙台市太白区羽黒台１５番１２号", "url": "https://www.kaigokensaku.mhlw.go.jp/04/index.php?action_kouhyou_detail_004_kani=true&JigyosyoCd=0475402087-00&ServiceCd=110&Type=search", "url2": null }, "geometry": { "type": "Point", "coordinates": [ 140.821378200000026, 38.221502500000014 ] } },
{ "type": "Feature", "properties": { "内容": "SOMPOケア　愛宕　訪問介護【訪問介護】宮城県仙台市太白区越路9番15号SOMPOケア　ラヴィーレレジデンス愛宕", "url": "https://www.kaigokensaku.mhlw.go.jp/04/index.php?action_kouhyou_detail_004_kani=true&JigyosyoCd=0475404810-00&ServiceCd=110&Type=search", "url2": null }, "geometry": { "type": "Point", "coordinates": [ 140.878584499999988, 38.2451732 ] } },
{ "type": "Feature", "properties": { "内容": "訪問介護ステーションケアージュ【訪問介護】宮城県仙台市太白区山田本町8番18号", "url": "https://www.kaigokensaku.mhlw.go.jp/04/index.php?action_kouhyou_detail_004_kani=true&JigyosyoCd=0475404935-00&ServiceCd=110&Type=search", "url2": null }, "geometry": { "type": "Point", "coordinates": [ 140.8295656, 38.2171186 ] } },
{ "type": "Feature", "properties": { "内容": "あったか訪問介護八木山【訪問介護】宮城県仙台市太白区桜木町２９－７ベルリード八木山１０２", "url": "https://www.kaigokensaku.mhlw.go.jp/04/index.php?action_kouhyou_detail_004_kani=true&JigyosyoCd=0475404943-00&ServiceCd=110&Type=search", "url2": null }, "geometry": { "type": "Point", "coordinates": [ 140.854708474729932, 38.24516358124967 ] } },
{ "type": "Feature", "properties": { "内容": "介護ステーション・ハンドベル【訪問介護】宮城県仙台市太白区中田7-21-1住宅型有料老人ホームやすらぎ苑仙台中田内", "url": "https://www.kaigokensaku.mhlw.go.jp/04/index.php?action_kouhyou_detail_004_kani=true&JigyosyoCd=0475404414-00&ServiceCd=110&Type=search", "url2": null }, "geometry": { "type": "Point", "coordinates": [ 140.8892571, 38.1888297 ] } },
{ "type": "Feature", "properties": { "内容": "ケアセンターあすと【訪問介護】宮城県仙台市太白区郡山4丁目15－24－201", "url": "https://www.kaigokensaku.mhlw.go.jp/04/index.php?action_kouhyou_detail_004_kani=true&JigyosyoCd=0475401477-00&ServiceCd=110&Type=search", "url2": null }, "geometry": { "type": "Point", "coordinates": [ 140.896948473518052, 38.221929316937285 ] } },
{ "type": "Feature", "properties": { "内容": "社会福祉法人仙台福祉サービス協会　太白ヘルパーステーション【訪問介護】宮城県仙台市太白区長町3丁目1番7号コーラス長町ビル1階", "url": "https://www.kaigokensaku.mhlw.go.jp/04/index.php?action_kouhyou_detail_004_kani=true&JigyosyoCd=0475401642-00&ServiceCd=110&Type=search", "url2": "https://www.sendai-fukushi.or.jp" }, "geometry": { "type": "Point", "coordinates": [ 140.886452194117737, 38.231877983507921 ] } },
{ "type": "Feature", "properties": { "内容": "やさしい手仙台ケアセンター太白【訪問介護】宮城県仙台市太白区東中田４丁目２１－１９", "url": "https://www.kaigokensaku.mhlw.go.jp/04/index.php?action_kouhyou_detail_004_kani=true&JigyosyoCd=0475404844-00&ServiceCd=110&Type=search", "url2": "https://www.yasashiite-sendai.jp/" }, "geometry": { "type": "Point", "coordinates": [ 140.9074081, 38.197226 ] } },
{ "type": "Feature", "properties": { "内容": "ヘルパーステーション・すみれ【訪問介護】宮城県仙台市太白区長町南4-8-16庄子マンションＣ棟４", "url": "https://www.kaigokensaku.mhlw.go.jp/04/index.php?action_kouhyou_detail_004_kani=true&JigyosyoCd=0475401063-00&ServiceCd=110&Type=search", "url2": null }, "geometry": { "type": "Point", "coordinates": [ 140.873121615313721, 38.222172912024568 ] } },
{ "type": "Feature", "properties": { "内容": "アリエスサポート【訪問介護】宮城県仙台市太白区西多賀3丁目7番8号3F", "url": "https://www.kaigokensaku.mhlw.go.jp/04/index.php?action_kouhyou_detail_004_kani=true&JigyosyoCd=0475404448-00&ServiceCd=110&Type=search", "url2": null }, "geometry": { "type": "Point", "coordinates": [ 140.8551885, 38.2235242 ] } },
{ "type": "Feature", "properties": { "内容": "訪問介護ステーション夢眠せんだいにし【訪問介護】宮城県仙台市太白区青山二丁目33番23号", "url": "https://www.kaigokensaku.mhlw.go.jp/04/index.php?action_kouhyou_detail_004_kani=true&JigyosyoCd=0475404919-00&ServiceCd=110&Type=search", "url2": "http://muminhome.jp/sendainishi02/" }, "geometry": { "type": "Point", "coordinates": [ 140.860959900000012, 38.239631 ] } },
{ "type": "Feature", "properties": { "内容": "ニチイケアセンター富沢【訪問介護】富沢2丁目9-20カーサ庄和106号室", "url": "https://www.kaigokensaku.mhlw.go.jp/04/index.php?action_kouhyou_detail_004_kani=true&JigyosyoCd=0475404190-00&ServiceCd=110&Type=search", "url2": null }, "geometry": { "type": "Point", "coordinates": [ 140.863684599999942, 38.2206485 ] } },
{ "type": "Feature", "properties": { "内容": "ヘルパーステーション　　りんご【訪問介護】宮城県仙台市太白区鈎取本町１－９－２２", "url": "https://www.kaigokensaku.mhlw.go.jp/04/index.php?action_kouhyou_detail_004_kani=true&JigyosyoCd=0475402681-00&ServiceCd=110&Type=search", "url2": null }, "geometry": { "type": "Point", "coordinates": [ 140.839326600000049, 38.221289 ] } },
{ "type": "Feature", "properties": { "内容": "時のかけはしケアサービス【訪問介護】宮城県仙台市太白区長町５丁目９－１３時のかけはし３F", "url": "https://www.kaigokensaku.mhlw.go.jp/04/index.php?action_kouhyou_detail_004_kani=true&JigyosyoCd=0475403648-00&ServiceCd=110&Type=search", "url2": "https://www.tokinokakehashi.com/support.html" }, "geometry": { "type": "Point", "coordinates": [ 140.882044800000017, 38.2270334 ] } },
{ "type": "Feature", "properties": { "内容": "ケアビレッジ長町訪問介護ステーション【訪問介護】宮城県仙台市太白区長町4丁目1-18", "url": "https://www.kaigokensaku.mhlw.go.jp/04/index.php?action_kouhyou_detail_004_kani=true&JigyosyoCd=0475404539-00&ServiceCd=110&Type=search", "url2": "http://ritsuwa.com/" }, "geometry": { "type": "Point", "coordinates": [ 140.883708586127824, 38.231396082160963 ] } },
{ "type": "Feature", "properties": { "内容": "グリーンライフ仙台訪問介護ステーション【訪問介護】宮城県仙台市太白区あすと長町1丁目3番1号SHIP仙台ビル2階", "url": "https://www.kaigokensaku.mhlw.go.jp/04/index.php?action_kouhyou_detail_004_kani=true&JigyosyoCd=0475405007-00&ServiceCd=110&Type=search", "url2": "https://www.greenlife-inc.co.jp/" }, "geometry": { "type": "Point", "coordinates": [ 140.8892167, 38.230518 ] } },
{ "type": "Feature", "properties": { "内容": "四郎丸ヘルパーステーション【訪問介護】宮城県仙台市太白区四郎丸字大宮46", "url": "https://www.kaigokensaku.mhlw.go.jp/04/index.php?action_kouhyou_detail_004_kani=true&JigyosyoCd=0475400552-00&ServiceCd=110&Type=search", "url2": "https://sendai-venus.jp/" }, "geometry": { "type": "Point", "coordinates": [ 140.91910272893216, 38.195897130965122 ] } },
{ "type": "Feature", "properties": { "内容": "ゆたかなやま仙台医療介護部【訪問介護】富沢西5-12-28PASSIONEⅣ", "url": "https://www.kaigokensaku.mhlw.go.jp/04/index.php?action_kouhyou_detail_004_kani=true&JigyosyoCd=0475405122-00&ServiceCd=110&Type=search", "url2": "https://www.nursecareweb.com" }, "geometry": { "type": "Point", "coordinates": [ 140.857576599999987, 38.2093833 ] } },
{ "type": "Feature", "properties": { "内容": "うぐいすケアセンター大野田【訪問介護】宮城県仙台市太白区大野田４丁目６－１リバーサイド三樹Ⅰ号館２０２号室", "url": "https://www.kaigokensaku.mhlw.go.jp/04/index.php?action_kouhyou_detail_004_kani=true&JigyosyoCd=0475401915-00&ServiceCd=110&Type=search", "url2": "https://arbetsam.jp/uguisu-care-center-oonoda/" }, "geometry": { "type": "Point", "coordinates": [ 140.877027865145322, 38.212694476852505 ] } },
{ "type": "Feature", "properties": { "内容": "株式会社　ウィング【訪問介護】宮城県仙台市太白区長町６－２－１", "url": "https://www.kaigokensaku.mhlw.go.jp/04/index.php?action_kouhyou_detail_004_kani=true&JigyosyoCd=0475401204-00&ServiceCd=110&Type=search", "url2": "http://care-net.biz/04/wing/" }, "geometry": { "type": "Point", "coordinates": [ 140.88424751480116, 38.225067696057437 ] } },
{ "type": "Feature", "properties": { "内容": "ユニゾンライフサポート【訪問介護】宮城県仙台市太白区八木山弥生町20-6ウェルネス八木山101", "url": "https://www.kaigokensaku.mhlw.go.jp/04/index.php?action_kouhyou_detail_004_kani=true&JigyosyoCd=0475405106-00&ServiceCd=110&Type=search", "url2": null }, "geometry": { "type": "Point", "coordinates": [ 140.862310400000013, 38.2394883 ] } },
{ "type": "Feature", "properties": { "内容": "ケア21南仙台【訪問介護】宮城県仙台市太白区西中田3-23-3ハイツ安久B棟102", "url": "https://www.kaigokensaku.mhlw.go.jp/04/index.php?action_kouhyou_detail_004_kani=true&JigyosyoCd=0475404646-00&ServiceCd=110&Type=search", "url2": null }, "geometry": { "type": "Point", "coordinates": [ 140.876677699999988, 38.1973196 ] } },
{ "type": "Feature", "properties": { "内容": "アースサポート仙台八木山【訪問介護】宮城県仙台市太白区八木山東２丁目４－１４", "url": "https://www.kaigokensaku.mhlw.go.jp/04/index.php?action_kouhyou_detail_004_kani=true&JigyosyoCd=0475402244-00&ServiceCd=110&Type=search", "url2": "http://www.earthsupport.co.jp" }, "geometry": { "type": "Point", "coordinates": [ 140.846045099999969, 38.232638 ] } },
{ "type": "Feature", "properties": { "内容": "ハイムガーデン仙台泉営業所【訪問介護】宮城県仙台市泉区将監殿5-24-28ハイムガーデン仙台泉一番館１階", "url": "https://www.kaigokensaku.mhlw.go.jp/04/index.php?action_kouhyou_detail_004_kani=true&JigyosyoCd=0475503710-00&ServiceCd=110&Type=search", "url2": "http://www.healthy-service.co.jp" }, "geometry": { "type": "Point", "coordinates": [ 140.873375123942537, 38.346493752752494 ] } },
{ "type": "Feature", "properties": { "内容": "アミカ仙台泉介護センター【訪問介護】宮城県仙台市泉区上谷刈6-4-34", "url": "https://www.kaigokensaku.mhlw.go.jp/04/index.php?action_kouhyou_detail_004_kani=true&JigyosyoCd=0475504106-00&ServiceCd=110&Type=search", "url2": null }, "geometry": { "type": "Point", "coordinates": [ 140.880951399999958, 38.3142356 ] } },
{ "type": "Feature", "properties": { "内容": "さくらのタクシー【訪問介護】宮城県仙台市泉区松森字関場２６番地の１", "url": "https://www.kaigokensaku.mhlw.go.jp/04/index.php?action_kouhyou_detail_004_kani=true&JigyosyoCd=0475503850-00&ServiceCd=110&Type=search", "url2": "http://sakurano.sakura.ne.jp/" }, "geometry": { "type": "Point", "coordinates": [ 140.9145181, 38.3042649 ] } },
{ "type": "Feature", "properties": { "内容": "ＮＰＯ法人　おひさまくらぶ【訪問介護】宮城県仙台市泉区高森7丁目32番地の16", "url": "https://www.kaigokensaku.mhlw.go.jp/04/index.php?action_kouhyou_detail_004_kani=true&JigyosyoCd=0475503181-00&ServiceCd=110&Type=search", "url2": "http://takurou-ohisama.jimdo.com/" }, "geometry": { "type": "Point", "coordinates": [ 140.855863900000031, 38.3425003 ] } },
{ "type": "Feature", "properties": { "内容": "医心館訪問介護ステーション仙台八乙女【訪問介護】宮城県仙台市泉区八乙女中央三丁目9番19号", "url": "https://www.kaigokensaku.mhlw.go.jp/04/index.php?action_kouhyou_detail_004_kani=true&JigyosyoCd=0475504395-00&ServiceCd=110&Type=search", "url2": null }, "geometry": { "type": "Point", "coordinates": [ 140.8872513, 38.3141421 ] } },
{ "type": "Feature", "properties": { "内容": "訪問介護日々全力　泉中央【訪問介護】泉中央3丁目26番10号ローズボールビル201", "url": "https://www.kaigokensaku.mhlw.go.jp/04/index.php?action_kouhyou_detail_004_kani=true&JigyosyoCd=0475504494-00&ServiceCd=110&Type=search", "url2": "https://fullpower-japan.jp" }, "geometry": { "type": "Point", "coordinates": [ 140.8879832, 38.3259805 ] } },
{ "type": "Feature", "properties": { "内容": "グレイスヘルパーステーション【訪問介護】宮城県仙台市泉区長命ヶ丘6丁目15‐36", "url": "https://www.kaigokensaku.mhlw.go.jp/04/index.php?action_kouhyou_detail_004_kani=true&JigyosyoCd=0475504387-00&ServiceCd=110&Type=search", "url2": "https://www.grace2017.co.jp" }, "geometry": { "type": "Point", "coordinates": [ 140.8294476, 38.3125463 ] } },
{ "type": "Feature", "properties": { "内容": "訪問看護ステーションもりのとびら【訪問介護】宮城県仙台市泉区南光台東１丁目２－２６南光台ビル２０１", "url": "https://www.kaigokensaku.mhlw.go.jp/04/index.php?action_kouhyou_detail_004_kani=true&JigyosyoCd=0465590271-00&ServiceCd=110&Type=search", "url2": "http://morinotobira.co.jp" }, "geometry": { "type": "Point", "coordinates": [ 140.904669, 38.2973828 ] } },
{ "type": "Feature", "properties": { "内容": "ほのぼの介護【訪問介護】宮城県仙台市泉区住吉台東3-1-1", "url": "https://www.kaigokensaku.mhlw.go.jp/04/index.php?action_kouhyou_detail_004_kani=true&JigyosyoCd=0475500591-00&ServiceCd=110&Type=search", "url2": "http://honobonokaigo.web.fc2.com/" }, "geometry": { "type": "Point", "coordinates": [ 140.784325595700807, 38.330177493208993 ] } },
{ "type": "Feature", "properties": { "内容": "ライブラリ泉中央訪問介護事業所【訪問介護】宮城県仙台市泉区泉中央南10-1ライブラリ泉中央", "url": "https://www.kaigokensaku.mhlw.go.jp/04/index.php?action_kouhyou_detail_004_kani=true&JigyosyoCd=0475504171-00&ServiceCd=110&Type=search", "url2": "http://www.living-platform.com/" }, "geometry": { "type": "Point", "coordinates": [ 140.87186410000001, 38.3205314 ] } },
{ "type": "Feature", "properties": { "内容": "SOMPOケア　仙台泉　訪問介護【訪問介護】宮城県仙台市泉区松森字鹿島53－9", "url": "https://www.kaigokensaku.mhlw.go.jp/04/index.php?action_kouhyou_detail_004_kani=true&JigyosyoCd=0475503934-00&ServiceCd=110&Type=search", "url2": "https://www.sompocare.com" }, "geometry": { "type": "Point", "coordinates": [ 140.909337300000061, 38.3181911 ] } },
{ "type": "Feature", "properties": { "内容": "エバーグリーンシティ　ヘルパーステーション【訪問介護】宮城県仙台市泉区寺岡一丁目２５番地の１", "url": "https://www.kaigokensaku.mhlw.go.jp/04/index.php?action_kouhyou_detail_004_kani=true&JigyosyoCd=0475502035-00&ServiceCd=110&Type=search", "url2": "http://www.evergreen-city.jp/" }, "geometry": { "type": "Point", "coordinates": [ 140.835829900000022, 38.3346783 ] } },
{ "type": "Feature", "properties": { "内容": "ナーシングホームいずみ　訪問介護ステーション【訪問介護】宮城県仙台市泉区西田中萱場中３１", "url": "https://www.kaigokensaku.mhlw.go.jp/04/index.php?action_kouhyou_detail_004_kani=true&JigyosyoCd=0475504379-00&ServiceCd=110&Type=search", "url2": "https://www.mimimi.co.jp" }, "geometry": { "type": "Point", "coordinates": [ 140.7866994, 38.3237841 ] } },
{ "type": "Feature", "properties": { "内容": "ニチイケアセンター泉【訪問介護】宮城県仙台市泉区松森字八沢96", "url": "https://www.kaigokensaku.mhlw.go.jp/04/index.php?action_kouhyou_detail_004_kani=true&JigyosyoCd=0475500252-00&ServiceCd=110&Type=search", "url2": "http://www.nichiigakkan.co.jp" }, "geometry": { "type": "Point", "coordinates": [ 140.908735400000069, 38.3028343 ] } },
{ "type": "Feature", "properties": { "内容": "医療法人松田会　エバーグリーン・イズミ　ヘルパーステーション【訪問介護】宮城県仙台市泉区実沢字立田屋敷17番地の１", "url": "https://www.kaigokensaku.mhlw.go.jp/04/index.php?action_kouhyou_detail_004_kani=true&JigyosyoCd=0475500294-00&ServiceCd=110&Type=search", "url2": "http://www.matsuda-hp.com" }, "geometry": { "type": "Point", "coordinates": [ 140.838799674868824, 38.334066159327854 ] } },
{ "type": "Feature", "properties": { "内容": "アースサポート仙台泉【訪問介護】宮城県仙台市泉区七北田字古内130番地", "url": "https://www.kaigokensaku.mhlw.go.jp/04/index.php?action_kouhyou_detail_004_kani=true&JigyosyoCd=0475502027-00&ServiceCd=110&Type=search", "url2": "http://www.earthsupport.co.jp" }, "geometry": { "type": "Point", "coordinates": [ 140.870974299999943, 38.3265331 ] } },
{ "type": "Feature", "properties": { "内容": "訪問介護ステーション　泉松の森【訪問介護】宮城県仙台市泉区松森字新田1番地", "url": "https://www.kaigokensaku.mhlw.go.jp/04/index.php?action_kouhyou_detail_004_kani=true&JigyosyoCd=0475502167-00&ServiceCd=110&Type=search", "url2": null }, "geometry": { "type": "Point", "coordinates": [ 140.904921699999932, 38.3046812 ] } },
{ "type": "Feature", "properties": { "内容": "ひかりケアサポート仙台【訪問介護】宮城県仙台市泉区南中山３丁目３６－４", "url": "https://www.kaigokensaku.mhlw.go.jp/04/index.php?action_kouhyou_detail_004_kani=true&JigyosyoCd=0475501995-00&ServiceCd=110&Type=search", "url2": null }, "geometry": { "type": "Point", "coordinates": [ 140.826312287791069, 38.31345268371475 ] } },
{ "type": "Feature", "properties": { "内容": "コスモス向陽台ホームケア【訪問介護】宮城県仙台市泉区向陽台５丁目16-16", "url": "https://www.kaigokensaku.mhlw.go.jp/04/index.php?action_kouhyou_detail_004_kani=true&JigyosyoCd=0475504080-00&ServiceCd=110&Type=search", "url2": "http://www.cosmoscare.jp/" }, "geometry": { "type": "Point", "coordinates": [ 140.8996067, 38.3347372 ] } },
{ "type": "Feature", "properties": { "内容": "セントケア泉【訪問介護】宮城県仙台市泉区南中山2-25-2", "url": "https://www.kaigokensaku.mhlw.go.jp/04/index.php?action_kouhyou_detail_004_kani=true&JigyosyoCd=0475501680-00&ServiceCd=110&Type=search", "url2": "http://www.saint-care-tm.com" }, "geometry": { "type": "Point", "coordinates": [ 140.82598239999993, 38.3078395 ] } },
{ "type": "Feature", "properties": { "内容": "NPO法人グループゆうホームヘルプサービス【訪問介護】宮城県仙台市泉区南中山2-12-3", "url": "https://www.kaigokensaku.mhlw.go.jp/04/index.php?action_kouhyou_detail_004_kani=true&JigyosyoCd=0475500658-00&ServiceCd=110&Type=search", "url2": "http://www.g-yuu.com" }, "geometry": { "type": "Point", "coordinates": [ 140.826351152182212, 38.309837183770966 ] } },
{ "type": "Feature", "properties": { "内容": "あっぷるケアヘルパーステーション【訪問介護】宮城県仙台市泉区上谷刈3丁目5－3－102", "url": "https://www.kaigokensaku.mhlw.go.jp/04/index.php?action_kouhyou_detail_004_kani=true&JigyosyoCd=0475501730-00&ServiceCd=110&Type=search", "url2": "https://www.applecare-kaigo.net" }, "geometry": { "type": "Point", "coordinates": [ 140.870011260463116, 38.318016790508274 ] } },
{ "type": "Feature", "properties": { "内容": "ＳＯＭＰＯケア　八乙女　訪問介護【訪問介護】宮城県仙台市泉区上谷刈３丁目11－21そんぽの家Ｓ　八乙女", "url": "https://www.kaigokensaku.mhlw.go.jp/04/index.php?action_kouhyou_detail_004_kani=true&JigyosyoCd=0475502787-00&ServiceCd=110&Type=search", "url2": "https://www.sompocare.com" }, "geometry": { "type": "Point", "coordinates": [ 140.867519499999958, 38.3171702 ] } },
{ "type": "Feature", "properties": { "内容": "仙台加茂やわらぎ【訪問介護】宮城県仙台市泉区加茂４丁目1-1", "url": "https://www.kaigokensaku.mhlw.go.jp/04/index.php?action_kouhyou_detail_004_kani=true&JigyosyoCd=0475504304-00&ServiceCd=110&Type=search", "url2": "https://www.sunnylife-group.co.jp/" }, "geometry": { "type": "Point", "coordinates": [ 140.8559349, 38.3133192 ] } },
{ "type": "Feature", "properties": { "内容": "訪問介護事業所いずみ【訪問介護】宮城県仙台市泉区福岡字森下3番地10", "url": "https://www.kaigokensaku.mhlw.go.jp/04/index.php?action_kouhyou_detail_004_kani=true&JigyosyoCd=0475504320-00&ServiceCd=110&Type=search", "url2": "http://www.japan-glow.co.jp" }, "geometry": { "type": "Point", "coordinates": [ 140.7687609, 38.3705718 ] } },
{ "type": "Feature", "properties": { "内容": "SOMPOケア泉中央訪問介護【訪問介護】宮城県仙台市泉区泉中央四丁目14番地の5", "url": "https://www.kaigokensaku.mhlw.go.jp/04/index.php?action_kouhyou_detail_004_kani=true&JigyosyoCd=0475504403-00&ServiceCd=110&Type=search", "url2": "https://www.sompocare.com" }, "geometry": { "type": "Point", "coordinates": [ 140.883687704615824, 38.320096652146255 ] } },
{ "type": "Feature", "properties": { "内容": "桂ヘルパーステーションそよ風【訪問介護】仙台市泉区桂1丁目17-7メデカマンション桂1階", "url": "https://www.kaigokensaku.mhlw.go.jp/04/index.php?action_kouhyou_detail_004_kani=true&JigyosyoCd=0475500559-00&ServiceCd=110&Type=search", "url2": "http://www.sykz.co.jp/" }, "geometry": { "type": "Point", "coordinates": [ 140.86447279999993, 38.3317589 ] } },
{ "type": "Feature", "properties": { "内容": "公益財団法人　宮城厚生協会　ケアステーションいずみ　介護【訪問介護】宮城県仙台市泉区加茂五丁目３２番地の４", "url": "https://www.kaigokensaku.mhlw.go.jp/04/index.php?action_kouhyou_detail_004_kani=true&JigyosyoCd=0475500831-00&ServiceCd=110&Type=search", "url2": null }, "geometry": { "type": "Point", "coordinates": [ 140.84606374344861, 38.319793947769853 ] } },
{ "type": "Feature", "properties": { "内容": "あおいケア南光台【訪問介護】宮城県仙台市泉区南光台南二丁目27番10号ウェルライフヴィラ南光台・1F", "url": "https://www.kaigokensaku.mhlw.go.jp/04/index.php?action_kouhyou_detail_004_kani=true&JigyosyoCd=0475503397-00&ServiceCd=110&Type=search", "url2": "http://www.wlsp.jp/" }, "geometry": { "type": "Point", "coordinates": [ 140.899200374799307, 38.292424548269537 ] } },
{ "type": "Feature", "properties": { "内容": "訪問介護ステーション　ハウス・クルー南光台【訪問介護】宮城県仙台市泉区南光台７丁目38-23リラックス南光台105", "url": "https://www.kaigokensaku.mhlw.go.jp/04/index.php?action_kouhyou_detail_004_kani=true&JigyosyoCd=0475503207-00&ServiceCd=110&Type=search", "url2": "http://siesta.or.jp" }, "geometry": { "type": "Point", "coordinates": [ 140.902687354527643, 38.298805279399048 ] } },
{ "type": "Feature", "properties": { "内容": "ヘルパーステーションＨＩＭ【訪問介護】宮城県仙台市泉区泉中央1丁目48-1ライオンズヒルズ泉中央408", "url": "https://www.kaigokensaku.mhlw.go.jp/04/index.php?action_kouhyou_detail_004_kani=true&JigyosyoCd=0475503462-00&ServiceCd=110&Type=search", "url2": null }, "geometry": { "type": "Point", "coordinates": [ 140.8743713, 38.3212588 ] } },
{ "type": "Feature", "properties": { "内容": "やさしい手仙台ケアセンター南光台【訪問介護】宮城県仙台市泉区南光台南１丁目３番７号バーディハイツ101号", "url": "https://www.kaigokensaku.mhlw.go.jp/04/index.php?action_kouhyou_detail_004_kani=true&JigyosyoCd=0475500708-00&ServiceCd=110&Type=search", "url2": "https://www.yasashiite-sendai.jp/" }, "geometry": { "type": "Point", "coordinates": [ 140.9025696, 38.2976875 ] } },
{ "type": "Feature", "properties": { "内容": "やさしい手仙台ケアセンター泉中央【訪問介護】宮城県仙台市泉区泉中央２－１５－３シュアヒルズⅡ１０２号", "url": "https://www.kaigokensaku.mhlw.go.jp/04/index.php?action_kouhyou_detail_004_kani=true&JigyosyoCd=0475502837-00&ServiceCd=110&Type=search", "url2": "https://www.yasashiite-sendai.jp/" }, "geometry": { "type": "Point", "coordinates": [ 140.8777318, 38.3299384 ] } },
{ "type": "Feature", "properties": { "内容": "コスモス泉中央ホームケア【訪問介護】宮城県仙台市泉区泉中央2丁目16－1トレスピーノ泉中央1階", "url": "https://www.kaigokensaku.mhlw.go.jp/04/index.php?action_kouhyou_detail_004_kani=true&JigyosyoCd=0475504338-00&ServiceCd=110&Type=search", "url2": "https://www.cosmoscare.jp/" }, "geometry": { "type": "Point", "coordinates": [ 140.8796193, 38.3284276 ] } },
{ "type": "Feature", "properties": { "内容": "社会福祉法人仙台福祉サービス協会　泉ヘルパーステーション【訪問介護】宮城県仙台市泉区泉中央3丁目9番7号さくらビル1階", "url": "https://www.kaigokensaku.mhlw.go.jp/04/index.php?action_kouhyou_detail_004_kani=true&JigyosyoCd=0475501474-00&ServiceCd=110&Type=search", "url2": "https://www.sendai-fukushi.or.jp" }, "geometry": { "type": "Point", "coordinates": [ 140.884095300000013, 38.3251336 ] } },
{ "type": "Feature", "properties": { "内容": "株式会社　マザーズありすサポート【訪問介護】宮城県仙台市泉区黒松２丁目１９－７第３えりあビル", "url": "https://www.kaigokensaku.mhlw.go.jp/04/index.php?action_kouhyou_detail_004_kani=true&JigyosyoCd=0475502274-00&ServiceCd=110&Type=search", "url2": "http://www.mother-s.jp/alice/" }, "geometry": { "type": "Point", "coordinates": [ 140.882532184841921, 38.308177559476746 ] } },
{ "type": "Feature", "properties": { "内容": "ヘルパーステーションあいの実【訪問介護】宮城県仙台市泉区実沢字中山北100-2", "url": "https://www.kaigokensaku.mhlw.go.jp/04/index.php?action_kouhyou_detail_004_kani=true&JigyosyoCd=0475504239-00&ServiceCd=110&Type=search", "url2": "https://www.ainomi.com/" }, "geometry": { "type": "Point", "coordinates": [ 140.8137082, 38.3053965 ] } },
{ "type": "Feature", "properties": { "内容": "ヘルパーステーションきずな八乙女【訪問介護】宮城県仙台市泉区八乙女中央1丁目6番45号", "url": "https://www.kaigokensaku.mhlw.go.jp/04/index.php?action_kouhyou_detail_004_kani=true&JigyosyoCd=0475504452-00&ServiceCd=110&Type=search", "url2": "https://www.serenity-yaotome.com/" }, "geometry": { "type": "Point", "coordinates": [ 140.8836733, 38.3130856 ] } },
{ "type": "Feature", "properties": { "内容": "しらゆりヘルパーステーション【訪問介護】宮城県石巻市渡波字黄金浜159-10", "url": "https://www.kaigokensaku.mhlw.go.jp/04/index.php?action_kouhyou_detail_004_kani=true&JigyosyoCd=0470203076-00&ServiceCd=110&Type=search", "url2": null }, "geometry": { "type": "Point", "coordinates": [ 141.356533199999973, 38.4189747 ] } },
{ "type": "Feature", "properties": { "内容": "有限会社ライフサポートたかはし【訪問介護】宮城県石巻市蛇田字中埣１番地", "url": "https://www.kaigokensaku.mhlw.go.jp/04/index.php?action_kouhyou_detail_004_kani=true&JigyosyoCd=0470200361-00&ServiceCd=110&Type=search", "url2": null }, "geometry": { "type": "Point", "coordinates": [ 141.279012800000032, 38.4428925 ] } },
{ "type": "Feature", "properties": { "内容": "医療法人社団仁明会　恵仁ヘルパーステーション山下【訪問介護】宮城県石巻市末広町1-1", "url": "https://www.kaigokensaku.mhlw.go.jp/04/index.php?action_kouhyou_detail_004_kani=true&JigyosyoCd=0470200205-00&ServiceCd=110&Type=search", "url2": null }, "geometry": { "type": "Point", "coordinates": [ 141.292626, 38.4326717 ] } },
{ "type": "Feature", "properties": { "内容": "ヘルパーステーションスカイクリエイト【訪問介護】宮城県石巻市大街道南四丁目４番４３号", "url": "https://www.kaigokensaku.mhlw.go.jp/04/index.php?action_kouhyou_detail_004_kani=true&JigyosyoCd=0470202144-00&ServiceCd=110&Type=search", "url2": null }, "geometry": { "type": "Point", "coordinates": [ 141.278638399999977, 38.4254746 ] } },
{ "type": "Feature", "properties": { "内容": "愛さんさん訪問介護　石巻【訪問介護】宮城県石巻市立町2丁目6-12", "url": "https://www.kaigokensaku.mhlw.go.jp/04/index.php?action_kouhyou_detail_004_kani=true&JigyosyoCd=0470202904-00&ServiceCd=110&Type=search", "url2": null }, "geometry": { "type": "Point", "coordinates": [ 141.303608598407834, 38.432653699317811 ] } },
{ "type": "Feature", "properties": { "内容": "ぱんぷきん介護センターヘルパーステーションぱんぷきん【訪問介護】宮城県石巻市大街道五丁目２番２８号", "url": "https://www.kaigokensaku.mhlw.go.jp/04/index.php?action_kouhyou_detail_004_kani=true&JigyosyoCd=0470201468-00&ServiceCd=110&Type=search", "url2": "http://care-net.biz/04/pumpkin/" }, "geometry": { "type": "Point", "coordinates": [ 141.278518118307488, 38.428960658686073 ] } },
{ "type": "Feature", "properties": { "内容": "医療法人社団　健育会　ひまわり在宅ケアステーション【訪問介護】宮城県石巻市大街道西3丁目1-28", "url": "https://www.kaigokensaku.mhlw.go.jp/04/index.php?action_kouhyou_detail_004_kani=true&JigyosyoCd=0470200049-00&ServiceCd=110&Type=search", "url2": "http://himawari-zaitaku.com/" }, "geometry": { "type": "Point", "coordinates": [ 141.271343722615001, 38.430769572742037 ] } },
{ "type": "Feature", "properties": { "内容": "訪問介護こすもす【訪問介護】宮城県石巻市大街道北3丁目4-80", "url": "https://www.kaigokensaku.mhlw.go.jp/04/index.php?action_kouhyou_detail_004_kani=true&JigyosyoCd=0470202953-00&ServiceCd=110&Type=search", "url2": null }, "geometry": { "type": "Point", "coordinates": [ 141.2825676, 38.4312322 ] } },
{ "type": "Feature", "properties": { "内容": "ニチイケアセンター石巻【訪問介護】宮城県石巻市美園三丁目3番地3", "url": "https://www.kaigokensaku.mhlw.go.jp/04/index.php?action_kouhyou_detail_004_kani=true&JigyosyoCd=0470200171-00&ServiceCd=110&Type=search", "url2": "http://www.nichiigakkan.co.jp" }, "geometry": { "type": "Point", "coordinates": [ 141.298364099999958, 38.453564 ] } },
{ "type": "Feature", "properties": { "内容": "ニチイケアセンターわたのは【訪問介護】宮城県石巻市渡波字旭ケ浦147番プレステージ・F　106号室", "url": "https://www.kaigokensaku.mhlw.go.jp/04/index.php?action_kouhyou_detail_004_kani=true&JigyosyoCd=0470203050-00&ServiceCd=110&Type=search", "url2": "http://www.nichiigakkan.co.jp" }, "geometry": { "type": "Point", "coordinates": [ 141.3641094, 38.4231045 ] } },
{ "type": "Feature", "properties": { "内容": "あくとケア石巻【訪問介護】宮城県石巻市恵み野４丁目15-24ルネス恵み野103号", "url": "https://www.kaigokensaku.mhlw.go.jp/04/index.php?action_kouhyou_detail_004_kani=true&JigyosyoCd=0470202961-00&ServiceCd=110&Type=search", "url2": "https://actcare.jp/" }, "geometry": { "type": "Point", "coordinates": [ 141.267479349021329, 38.444028612614275 ] } },
{ "type": "Feature", "properties": { "内容": "有限会社　畳石観光【訪問介護】宮城県石巻市須江字畳石50-2", "url": "https://www.kaigokensaku.mhlw.go.jp/04/index.php?action_kouhyou_detail_004_kani=true&JigyosyoCd=0470200809-00&ServiceCd=110&Type=search", "url2": null }, "geometry": { "type": "Point", "coordinates": [ 141.243271899999968, 38.4613937 ] } },
{ "type": "Feature", "properties": { "内容": "アースサポート石巻【訪問介護】宮城県石巻市蛇田字下谷地１番地６", "url": "https://www.kaigokensaku.mhlw.go.jp/04/index.php?action_kouhyou_detail_004_kani=true&JigyosyoCd=0470201724-00&ServiceCd=110&Type=search", "url2": "http://www.earthsupport.co.jp" }, "geometry": { "type": "Point", "coordinates": [ 141.276940800000034, 38.4388207 ] } },
{ "type": "Feature", "properties": { "内容": "ヘルパーステーション　うさぎ【訪問介護】宮城県石巻市門脇字一番谷地18番地2", "url": "https://www.kaigokensaku.mhlw.go.jp/04/index.php?action_kouhyou_detail_004_kani=true&JigyosyoCd=0470202169-00&ServiceCd=110&Type=search", "url2": null }, "geometry": { "type": "Point", "coordinates": [ 141.259085188202192, 38.432123150011549 ] } },
{ "type": "Feature", "properties": { "内容": "ニチイケアセンターあゆみ野【訪問介護】宮城県石巻市あゆみ野三丁目2-14ヤマホンあゆみ野ビル2F", "url": "https://www.kaigokensaku.mhlw.go.jp/04/index.php?action_kouhyou_detail_004_kani=true&JigyosyoCd=0470203027-00&ServiceCd=110&Type=search", "url2": "https://www.nichiigakkan.co.jp/" }, "geometry": { "type": "Point", "coordinates": [ 141.261498299999971, 38.4395794 ] } },
{ "type": "Feature", "properties": { "内容": "セントケア石巻東【訪問介護】宮城県石巻市垂水町1丁目6-6", "url": "https://www.kaigokensaku.mhlw.go.jp/04/index.php?action_kouhyou_detail_004_kani=true&JigyosyoCd=0470201658-00&ServiceCd=110&Type=search", "url2": null }, "geometry": { "type": "Point", "coordinates": [ 141.369171507026664, 38.425790660647046 ] } },
{ "type": "Feature", "properties": { "内容": "セントケア石巻中央【訪問介護】宮城県石巻市開成1-35石巻ルネッサンス館1Ｆ", "url": "https://www.kaigokensaku.mhlw.go.jp/04/index.php?action_kouhyou_detail_004_kani=true&JigyosyoCd=0470201633-00&ServiceCd=110&Type=search", "url2": null }, "geometry": { "type": "Point", "coordinates": [ 141.3076168, 38.4625688 ] } },
{ "type": "Feature", "properties": { "内容": "かづまホームケアサービス【訪問介護】宮城県石巻市鹿又字土手前1-13", "url": "https://www.kaigokensaku.mhlw.go.jp/04/index.php?action_kouhyou_detail_004_kani=true&JigyosyoCd=0470201898-00&ServiceCd=110&Type=search", "url2": null }, "geometry": { "type": "Point", "coordinates": [ 141.295214767488261, 38.483951645277195 ] } },
{ "type": "Feature", "properties": { "内容": "有限会社キクユウ薬局【訪問介護】宮城県石巻市美園3丁目１－１０", "url": "https://www.kaigokensaku.mhlw.go.jp/04/index.php?action_kouhyou_detail_004_kani=true&JigyosyoCd=0440240703-00&ServiceCd=110&Type=search", "url2": null }, "geometry": { "type": "Point", "coordinates": [ 141.302697200000011, 38.456519300000018 ] } },
{ "type": "Feature", "properties": { "内容": "介護ヘルパーＯＺ（オズ）【訪問介護】宮城県石巻市和渕字北和渕二番39番地", "url": "https://www.kaigokensaku.mhlw.go.jp/04/index.php?action_kouhyou_detail_004_kani=true&JigyosyoCd=0470202367-00&ServiceCd=110&Type=search", "url2": null }, "geometry": { "type": "Point", "coordinates": [ 141.21404299419558, 38.533267605421763 ] } },
{ "type": "Feature", "properties": { "内容": "訪問介護事業所すえの森【訪問介護】宮城県石巻市須江字しらさぎ台３丁目２１番地３", "url": "https://www.kaigokensaku.mhlw.go.jp/04/index.php?action_kouhyou_detail_004_kani=true&JigyosyoCd=0470201955-00&ServiceCd=110&Type=search", "url2": null }, "geometry": { "type": "Point", "coordinates": [ 141.245036700000014, 38.4653332 ] } },
{ "type": "Feature", "properties": { "内容": "実里ケアサポート【訪問介護】宮城県石巻市中里５丁目11-8ロイヤルステージ雅C101", "url": "https://www.kaigokensaku.mhlw.go.jp/04/index.php?action_kouhyou_detail_004_kani=true&JigyosyoCd=0470202995-00&ServiceCd=110&Type=search", "url2": null }, "geometry": { "type": "Point", "coordinates": [ 141.294469737770953, 38.444483489386087 ] } },
{ "type": "Feature", "properties": { "内容": "訪問介護事業所「湊」【訪問介護】宮城県石巻市湊東二丁目19－1", "url": "https://www.kaigokensaku.mhlw.go.jp/04/index.php?action_kouhyou_detail_004_kani=true&JigyosyoCd=0470202524-00&ServiceCd=110&Type=search", "url2": null }, "geometry": { "type": "Point", "coordinates": [ 141.323934847221409, 38.417880045692677 ] } },
{ "type": "Feature", "properties": { "内容": "訪問介護支援センター　城慈【訪問介護】宮城県石巻市小船越字二子北下86番", "url": "https://www.kaigokensaku.mhlw.go.jp/04/index.php?action_kouhyou_detail_004_kani=true&JigyosyoCd=0470202136-00&ServiceCd=110&Type=search", "url2": "http://www.cs-kiji.com/" }, "geometry": { "type": "Point", "coordinates": [ 141.292022199999963, 38.4988693 ] } },
{ "type": "Feature", "properties": { "内容": "ほっとケア【訪問介護】宮城県石巻市北村字米倉１４", "url": "https://www.kaigokensaku.mhlw.go.jp/04/index.php?action_kouhyou_detail_004_kani=true&JigyosyoCd=0470202672-00&ServiceCd=110&Type=search", "url2": null }, "geometry": { "type": "Point", "coordinates": [ 141.19888286489703, 38.484498662478671 ] } },
{ "type": "Feature", "properties": { "内容": "有限会社たんぽぽの里桃生【訪問介護】宮城県石巻市桃生町城内字舘下111番地", "url": "https://www.kaigokensaku.mhlw.go.jp/04/index.php?action_kouhyou_detail_004_kani=true&JigyosyoCd=0470200908-00&ServiceCd=110&Type=search", "url2": null }, "geometry": { "type": "Point", "coordinates": [ 141.256925459524496, 38.561448948129375 ] } },
{ "type": "Feature", "properties": { "内容": "石巻蛇田在宅ケアステーション【訪問介護】宮城県石巻市蛇田字小斎61番地１", "url": "https://www.kaigokensaku.mhlw.go.jp/04/index.php?action_kouhyou_detail_004_kani=true&JigyosyoCd=0470200320-00&ServiceCd=110&Type=search", "url2": "http://care-net.biz/04/tsutsujikai/" }, "geometry": { "type": "Point", "coordinates": [ 141.256747200000063, 38.4520296 ] } },
{ "type": "Feature", "properties": { "内容": "旭寿会訪問介護センター【訪問介護】宮城県石巻市北村字庵ノ窪1番地１", "url": "https://www.kaigokensaku.mhlw.go.jp/04/index.php?action_kouhyou_detail_004_kani=true&JigyosyoCd=0470202490-00&ServiceCd=110&Type=search", "url2": "https://www.kyokujukai.or.jp/" }, "geometry": { "type": "Point", "coordinates": [ 141.1906576, 38.4837099 ] } },
{ "type": "Feature", "properties": { "内容": "石巻市社協ホームヘルパーセンター【訪問介護】宮城県石巻市開成１番26生活支援センターこむこむ", "url": "https://www.kaigokensaku.mhlw.go.jp/04/index.php?action_kouhyou_detail_004_kani=true&JigyosyoCd=0470201187-00&ServiceCd=110&Type=search", "url2": null }, "geometry": { "type": "Point", "coordinates": [ 141.306181415514999, 38.462115747996407 ] } },
{ "type": "Feature", "properties": { "内容": "せんだんの杜ものう訪問介護事業所【訪問介護】宮城県石巻市桃生町中津山字八木４６－３", "url": "https://www.kaigokensaku.mhlw.go.jp/04/index.php?action_kouhyou_detail_004_kani=true&JigyosyoCd=0470200874-00&ServiceCd=110&Type=search", "url2": "http://www.sendan.or.jp" }, "geometry": { "type": "Point", "coordinates": [ 141.241366400000061, 38.5638138 ] } },
{ "type": "Feature", "properties": { "内容": "ぱんぷきん介護センター　ウェルキャブステーション【訪問介護】宮城県石巻市門脇字二番谷地13番地21", "url": "https://www.kaigokensaku.mhlw.go.jp/04/index.php?action_kouhyou_detail_004_kani=true&JigyosyoCd=0470200684-00&ServiceCd=110&Type=search", "url2": "http://care-net.biz/04/pumpkin/company.php" }, "geometry": { "type": "Point", "coordinates": [ 141.266351873061041, 38.432621861914015 ] } },
{ "type": "Feature", "properties": { "内容": "株式会社　ワンハートサービス【訪問介護】宮城県石巻市わかば三丁目11番地2", "url": "https://www.kaigokensaku.mhlw.go.jp/04/index.php?action_kouhyou_detail_004_kani=true&JigyosyoCd=0470201625-00&ServiceCd=110&Type=search", "url2": null }, "geometry": { "type": "Point", "coordinates": [ 141.278393, 38.4548105 ] } },
{ "type": "Feature", "properties": { "内容": "アクトケアサービス【訪問介護】宮城県塩竈市錦町１４－８", "url": "https://www.kaigokensaku.mhlw.go.jp/04/index.php?action_kouhyou_detail_004_kani=true&JigyosyoCd=0470301151-00&ServiceCd=110&Type=search", "url2": null }, "geometry": { "type": "Point", "coordinates": [ 141.0163128, 38.3070721 ] } },
{ "type": "Feature", "properties": { "内容": "公益財団法人宮城厚生協会ケアステーションしおかぜ　介護【訪問介護】宮城県塩竈市庚塚1-3", "url": "https://www.kaigokensaku.mhlw.go.jp/04/index.php?action_kouhyou_detail_004_kani=true&JigyosyoCd=0470300088-00&ServiceCd=110&Type=search", "url2": null }, "geometry": { "type": "Point", "coordinates": [ 141.017060099999981, 38.3298381 ] } },
{ "type": "Feature", "properties": { "内容": "シエンズホームケア事務所しおがま【訪問介護】宮城県塩竈市字伊保石2－441シャーメゾンビューコーストD201", "url": "https://www.kaigokensaku.mhlw.go.jp/04/index.php?action_kouhyou_detail_004_kani=true&JigyosyoCd=0470301094-00&ServiceCd=110&Type=search", "url2": null }, "geometry": { "type": "Point", "coordinates": [ 141.017241899999988, 38.3381843 ] } },
{ "type": "Feature", "properties": { "内容": "ヘルパーステーション東雲【訪問介護】宮城県塩釜市新浜町2丁目2番43号サービス付き高齢者向け住宅東雲1階", "url": "https://www.kaigokensaku.mhlw.go.jp/04/index.php?action_kouhyou_detail_004_kani=true&JigyosyoCd=0470301052-00&ServiceCd=110&Type=search", "url2": null }, "geometry": { "type": "Point", "coordinates": [ 141.0387412, 38.3291336 ] } },
{ "type": "Feature", "properties": { "内容": "フルール介護ステーション【訪問介護】宮城県塩竈市桜ケ丘6番2号", "url": "https://www.kaigokensaku.mhlw.go.jp/04/index.php?action_kouhyou_detail_004_kani=true&JigyosyoCd=0470300989-00&ServiceCd=110&Type=search", "url2": null }, "geometry": { "type": "Point", "coordinates": [ 141.015918542226984, 38.308549693292122 ] } },
{ "type": "Feature", "properties": { "内容": "ニチイケアセンター栄【訪問介護】宮城県塩釜市栄町8-4", "url": "https://www.kaigokensaku.mhlw.go.jp/04/index.php?action_kouhyou_detail_004_kani=true&JigyosyoCd=0470300435-00&ServiceCd=110&Type=search", "url2": "http://www.nichiigakkan.co.jp/" }, "geometry": { "type": "Point", "coordinates": [ 141.0039981, 38.3223469 ] } },
{ "type": "Feature", "properties": { "内容": "セントケア塩釜【訪問介護】宮城県塩竈市野田19－3ビルナウ2F", "url": "https://www.kaigokensaku.mhlw.go.jp/04/index.php?action_kouhyou_detail_004_kani=true&JigyosyoCd=0470300500-00&ServiceCd=110&Type=search", "url2": null }, "geometry": { "type": "Point", "coordinates": [ 141.009626300000036, 38.3075961 ] } },
{ "type": "Feature", "properties": { "内容": "愛さんさん訪問介護塩釜【訪問介護】宮城県塩釜市本町１２－５", "url": "https://www.kaigokensaku.mhlw.go.jp/04/index.php?action_kouhyou_detail_004_kani=true&JigyosyoCd=0470300930-00&ServiceCd=110&Type=search", "url2": "https://aisansan-group.jp/" }, "geometry": { "type": "Point", "coordinates": [ 141.0162805, 38.316423 ] } },
{ "type": "Feature", "properties": { "内容": "アースサポート塩釜【訪問介護】宮城県塩釜市旭町18番13号", "url": "https://www.kaigokensaku.mhlw.go.jp/04/index.php?action_kouhyou_detail_004_kani=true&JigyosyoCd=0470300237-00&ServiceCd=110&Type=search", "url2": "http://www.earthsupport.co.jp" }, "geometry": { "type": "Point", "coordinates": [ 141.023474399999941, 38.3131959 ] } },
{ "type": "Feature", "properties": { "内容": "悠泉訪問介護事業所【訪問介護】宮城県塩釜市新浜町２丁目1番3号", "url": "https://www.kaigokensaku.mhlw.go.jp/04/index.php?action_kouhyou_detail_004_kani=true&JigyosyoCd=0470300609-00&ServiceCd=110&Type=search", "url2": "http://yuusen.jp/" }, "geometry": { "type": "Point", "coordinates": [ 141.036432899999966, 38.3280727 ] } },
{ "type": "Feature", "properties": { "内容": "ｹｱﾋﾞﾚｯｼﾞ塩竃ｹｱｻｰﾋﾞｽｽﾃｰｼｮﾝ訪問介護事業所【訪問介護】宮城県塩竃市清水沢4丁目39-1サービス付き高齢者向け住宅リツワしおがま", "url": "https://www.kaigokensaku.mhlw.go.jp/04/index.php?action_kouhyou_detail_004_kani=true&JigyosyoCd=0470300914-00&ServiceCd=110&Type=search", "url2": "http://ritsuwa.com" }, "geometry": { "type": "Point", "coordinates": [ 141.007182899999947, 38.3346011 ] } },
{ "type": "Feature", "properties": { "内容": "あおば在宅センター【訪問介護】宮城県塩釜市野田9-6ステーションコート塩釜102", "url": "https://www.kaigokensaku.mhlw.go.jp/04/index.php?action_kouhyou_detail_004_kani=true&JigyosyoCd=0470300195-00&ServiceCd=110&Type=search", "url2": "http://sendaizaitaku.com" }, "geometry": { "type": "Point", "coordinates": [ 141.01179819999993, 38.3082127 ] } },
{ "type": "Feature", "properties": { "内容": "まごころ塩釜【訪問介護】宮城県塩釜市袖野田町39-2", "url": "https://www.kaigokensaku.mhlw.go.jp/04/index.php?action_kouhyou_detail_004_kani=true&JigyosyoCd=0470300187-00&ServiceCd=110&Type=search", "url2": "https://magokoro2030.jimdo.com/" }, "geometry": { "type": "Point", "coordinates": [ 141.0002217, 38.3090428 ] } },
{ "type": "Feature", "properties": { "内容": "ヘルパーステーション月見ヶ丘【訪問介護】宮城県塩竈市月見ヶ丘６番１０号", "url": "https://www.kaigokensaku.mhlw.go.jp/04/index.php?action_kouhyou_detail_004_kani=true&JigyosyoCd=0470300369-00&ServiceCd=110&Type=search", "url2": "http://shiogama-haginosato.jo/" }, "geometry": { "type": "Point", "coordinates": [ 141.00218719999998, 38.3217636 ] } },
{ "type": "Feature", "properties": { "内容": "株式会社ソーシャルライフプラス【訪問介護】宮城県塩釜市石堂3番15号", "url": "https://www.kaigokensaku.mhlw.go.jp/04/index.php?action_kouhyou_detail_004_kani=true&JigyosyoCd=0470301011-00&ServiceCd=110&Type=search", "url2": "http://care-net.biz/04/sociallp/" }, "geometry": { "type": "Point", "coordinates": [ 141.010975799999983, 38.3122095 ] } },
{ "type": "Feature", "properties": { "内容": "護療舎ヘルパーステーション【訪問介護】塩竈市清水沢4丁目37番20号", "url": "https://www.kaigokensaku.mhlw.go.jp/04/index.php?action_kouhyou_detail_004_kani=true&JigyosyoCd=0470300583-00&ServiceCd=110&Type=search", "url2": "http://www.goryousya.com/" }, "geometry": { "type": "Point", "coordinates": [ 141.008871699999986, 38.3349955 ] } },
{ "type": "Feature", "properties": { "内容": "にじいろ居宅介護【訪問介護】宮城県塩釜市玉川3丁目8-6", "url": "https://www.kaigokensaku.mhlw.go.jp/04/index.php?action_kouhyou_detail_004_kani=true&JigyosyoCd=0470301169-00&ServiceCd=110&Type=search", "url2": "https://niziiro-kyotaku.com/about_nizinotsue/" }, "geometry": { "type": "Point", "coordinates": [ 141.0030251, 38.3117729 ] } },
{ "type": "Feature", "properties": { "内容": "広域介護サービス気仙沼【訪問介護】宮城県気仙沼市松川前121", "url": "https://www.kaigokensaku.mhlw.go.jp/04/index.php?action_kouhyou_detail_004_kani=true&JigyosyoCd=0470500646-00&ServiceCd=110&Type=search", "url2": "http://www.kaigoservice.co.jp" }, "geometry": { "type": "Point", "coordinates": [ 141.5467688, 38.9131082 ] } },
{ "type": "Feature", "properties": { "内容": "きくやの訪問介護【訪問介護】宮城県気仙沼市岩月宝ヶ沢27-23", "url": "https://www.kaigokensaku.mhlw.go.jp/04/index.php?action_kouhyou_detail_004_kani=true&JigyosyoCd=0470501305-00&ServiceCd=110&Type=search", "url2": null }, "geometry": { "type": "Point", "coordinates": [ 141.578251690178291, 38.865554537928105 ] } },
{ "type": "Feature", "properties": { "内容": "えにし（訪問介護事業部）【訪問介護】宮城県気仙沼市切通212番地2", "url": "https://www.kaigokensaku.mhlw.go.jp/04/index.php?action_kouhyou_detail_004_kani=true&JigyosyoCd=0470501347-00&ServiceCd=110&Type=search", "url2": "https://www.enishi-kaigo2024.com" }, "geometry": { "type": "Point", "coordinates": [ 141.532483707754125, 38.913002512772117 ] } },
{ "type": "Feature", "properties": { "内容": "春圃苑ヘルパーステーション【訪問介護】宮城県気仙沼市本吉町中島３５８－6", "url": "https://www.kaigokensaku.mhlw.go.jp/04/index.php?action_kouhyou_detail_004_kani=true&JigyosyoCd=0473600369-00&ServiceCd=110&Type=search", "url2": null }, "geometry": { "type": "Point", "coordinates": [ 141.517246800000066, 38.77633 ] } },
{ "type": "Feature", "properties": { "内容": "和楽【訪問介護】宮城県気仙沼市東八幡前203番地4", "url": "https://www.kaigokensaku.mhlw.go.jp/04/index.php?action_kouhyou_detail_004_kani=true&JigyosyoCd=0470501370-00&ServiceCd=110&Type=search", "url2": "https://www.mywwws.me/" }, "geometry": { "type": "Point", "coordinates": [ 141.6013228, 38.9264666 ] } },
{ "type": "Feature", "properties": { "内容": "ヘルパーステーションなかがわ【訪問介護】宮城県気仙沼市松崎萱139-1", "url": "https://www.kaigokensaku.mhlw.go.jp/04/index.php?action_kouhyou_detail_004_kani=true&JigyosyoCd=0470500802-00&ServiceCd=110&Type=search", "url2": "https://nakagawa-life.jp" }, "geometry": { "type": "Point", "coordinates": [ 141.567873657008363, 38.879286882360006 ] } },
{ "type": "Feature", "properties": { "内容": "ヘルパーステーションもとよし【訪問介護】宮城県気仙沼市本吉町津谷舘岡51-6", "url": "https://www.kaigokensaku.mhlw.go.jp/04/index.php?action_kouhyou_detail_004_kani=true&JigyosyoCd=0470500679-00&ServiceCd=110&Type=search", "url2": null }, "geometry": { "type": "Point", "coordinates": [ 141.505516987513033, 38.795677410032766 ] } },
{ "type": "Feature", "properties": { "内容": "訪問介護ステーションからくわ【訪問介護】宮城県気仙沼市唐桑町石浜282番地3気仙沼市保健福祉センター", "url": "https://www.kaigokensaku.mhlw.go.jp/04/index.php?action_kouhyou_detail_004_kani=true&JigyosyoCd=0470500471-00&ServiceCd=110&Type=search", "url2": "http://kesennuma-shakyo.jp/" }, "geometry": { "type": "Point", "coordinates": [ 141.637619299999983, 38.9210673 ] } },
{ "type": "Feature", "properties": { "内容": "キングスガーデン・ヘルパーステーション【訪問介護】宮城県気仙沼市松崎面瀬17-1キングスビレッジ内", "url": "https://www.kaigokensaku.mhlw.go.jp/04/index.php?action_kouhyou_detail_004_kani=true&JigyosyoCd=0470500166-00&ServiceCd=110&Type=search", "url2": "http://www.kingsgarden.or.jp" }, "geometry": { "type": "Point", "coordinates": [ 141.560349828642188, 38.866035001664088 ] } },
{ "type": "Feature", "properties": { "内容": "ホームヘルプぽらん大島【訪問介護】宮城県気仙沼市高井78", "url": "https://www.kaigokensaku.mhlw.go.jp/04/index.php?action_kouhyou_detail_004_kani=true&JigyosyoCd=0470501271-00&ServiceCd=110&Type=search", "url2": "https://senkou-kai.jp" }, "geometry": { "type": "Point", "coordinates": [ 141.611507795845796, 38.857410325704919 ] } },
{ "type": "Feature", "properties": { "内容": "みずなし介護センター　ヘルパーステーションまつかわ【訪問介護】宮城県気仙沼市松川416番1", "url": "https://www.kaigokensaku.mhlw.go.jp/04/index.php?action_kouhyou_detail_004_kani=true&JigyosyoCd=0470500422-00&ServiceCd=110&Type=search", "url2": "http://www.k-macs.ne.jp/~yutaka-0168/cgi-bin/index.html" }, "geometry": { "type": "Point", "coordinates": [ 141.548346466964773, 38.912637051827247 ] } },
{ "type": "Feature", "properties": { "内容": "訪問入浴春夏秋冬【訪問介護】宮城県気仙沼市田中前１－１－１０", "url": "https://www.kaigokensaku.mhlw.go.jp/04/index.php?action_kouhyou_detail_004_kani=true&JigyosyoCd=0470500943-00&ServiceCd=110&Type=search", "url2": "https://1go1yu.com" }, "geometry": { "type": "Point", "coordinates": [ 141.5654822, 38.8939708 ] } },
{ "type": "Feature", "properties": { "内容": "社会福祉法人白石市社会福祉協議会指定訪問介護事業所【訪問介護】宮城県白石市福岡蔵本字茶園62番地の1白石市総合福祉センター", "url": "https://www.kaigokensaku.mhlw.go.jp/04/index.php?action_kouhyou_detail_004_kani=true&JigyosyoCd=0470600123-00&ServiceCd=110&Type=search", "url2": "https://shiroishi-shakyo.jp/" }, "geometry": { "type": "Point", "coordinates": [ 140.603097599999955, 38.010340300000017 ] } },
{ "type": "Feature", "properties": { "内容": "ケアサポートあったかい【訪問介護】宮城県白石市郡山字雨ヶ作4-20-2", "url": "https://www.kaigokensaku.mhlw.go.jp/04/index.php?action_kouhyou_detail_004_kani=true&JigyosyoCd=0470600321-00&ServiceCd=110&Type=search", "url2": null }, "geometry": { "type": "Point", "coordinates": [ 140.634817883880999, 38.004550846929909 ] } },
{ "type": "Feature", "properties": { "内容": "みやぎ仙南農業協同組合　白石介護支援センター【訪問介護】宮城県白石市大平中目字八ツ森脇31", "url": "https://www.kaigokensaku.mhlw.go.jp/04/index.php?action_kouhyou_detail_004_kani=true&JigyosyoCd=0470600685-00&ServiceCd=110&Type=search", "url2": "https://www.ja-miyagisennan.jp/" }, "geometry": { "type": "Point", "coordinates": [ 140.6163407, 37.9860469 ] } },
{ "type": "Feature", "properties": { "内容": "ヘルパーステーション　はぐ・はんず【訪問介護】宮城県白石市東町2丁目10-26-3", "url": "https://www.kaigokensaku.mhlw.go.jp/04/index.php?action_kouhyou_detail_004_kani=true&JigyosyoCd=0470600644-00&ServiceCd=110&Type=search", "url2": null }, "geometry": { "type": "Point", "coordinates": [ 140.629328699999974, 37.998493 ] } },
{ "type": "Feature", "properties": { "内容": "セントケア　しろいし【訪問介護】宮城県白石市字銚子ヶ森4-6", "url": "https://www.kaigokensaku.mhlw.go.jp/04/index.php?action_kouhyou_detail_004_kani=true&JigyosyoCd=0470600404-00&ServiceCd=110&Type=search", "url2": "http://www.saint-care.com" }, "geometry": { "type": "Point", "coordinates": [ 140.6277129, 38.0003423 ] } },
{ "type": "Feature", "properties": { "内容": "わかな【訪問介護】宮城県白石市福岡長袋字山ノ下1番地7アプリコットハウス１Ｆ", "url": "https://www.kaigokensaku.mhlw.go.jp/04/index.php?action_kouhyou_detail_004_kani=true&JigyosyoCd=0470600529-00&ServiceCd=110&Type=search", "url2": null }, "geometry": { "type": "Point", "coordinates": [ 140.618255933729557, 38.01224155076244 ] } },
{ "type": "Feature", "properties": { "内容": "株式会社　ほほえみの里【訪問介護】宮城県白石市白川小奥字表前63番地", "url": "https://www.kaigokensaku.mhlw.go.jp/04/index.php?action_kouhyou_detail_004_kani=true&JigyosyoCd=0470600230-00&ServiceCd=110&Type=search", "url2": "https://hohoeminosato.wixsite.com/hohoeminosato" }, "geometry": { "type": "Point", "coordinates": [ 140.695918691401658, 38.034759600000051 ] } },
{ "type": "Feature", "properties": { "内容": "社会福祉法人白石ひまわり　ひまわり福祉センター【訪問介護】宮城県白石市福岡蔵本字薬師堂２８番地２", "url": "https://www.kaigokensaku.mhlw.go.jp/04/index.php?action_kouhyou_detail_004_kani=true&JigyosyoCd=0470600339-00&ServiceCd=110&Type=search", "url2": "https://care-net.biz/04/shiroishihimawari/" }, "geometry": { "type": "Point", "coordinates": [ 140.603568015483148, 38.006691628007211 ] } },
{ "type": "Feature", "properties": { "内容": "指定居宅サービス事業所ほっとなとり【訪問介護】宮城県名取市増田5丁目13番35号", "url": "https://www.kaigokensaku.mhlw.go.jp/04/index.php?action_kouhyou_detail_004_kani=true&JigyosyoCd=0470700220-00&ServiceCd=110&Type=search", "url2": "http://www.natorisyakyo.or.jp" }, "geometry": { "type": "Point", "coordinates": [ 140.891979900000024, 38.1714922 ] } },
{ "type": "Feature", "properties": { "内容": "ベストケア有限会社【訪問介護】宮城県名取市名取が丘6-4-10", "url": "https://www.kaigokensaku.mhlw.go.jp/04/index.php?action_kouhyou_detail_004_kani=true&JigyosyoCd=0470700535-00&ServiceCd=110&Type=search", "url2": null }, "geometry": { "type": "Point", "coordinates": [ 140.874977, 38.1526021 ] } },
{ "type": "Feature", "properties": { "内容": "サポートクラブ未来【訪問介護】宮城県名取市大手町2-1-3ひまわりビル101", "url": "https://www.kaigokensaku.mhlw.go.jp/04/index.php?action_kouhyou_detail_004_kani=true&JigyosyoCd=0470700931-00&ServiceCd=110&Type=search", "url2": "http://dream-gate.or.jp/" }, "geometry": { "type": "Point", "coordinates": [ 140.880858799999942, 38.1688697 ] } },
{ "type": "Feature", "properties": { "内容": "ヘルパーステーション　ふるさと【訪問介護】宮城県名取市本郷字町田４６", "url": "https://www.kaigokensaku.mhlw.go.jp/04/index.php?action_kouhyou_detail_004_kani=true&JigyosyoCd=0470700675-00&ServiceCd=110&Type=search", "url2": null }, "geometry": { "type": "Point", "coordinates": [ 140.877848004893508, 38.128322197095976 ] } },
{ "type": "Feature", "properties": { "内容": "ケアステーションあかり【訪問介護】宮城県名取市手倉田字堰根356", "url": "https://www.kaigokensaku.mhlw.go.jp/04/index.php?action_kouhyou_detail_004_kani=true&JigyosyoCd=0470701236-00&ServiceCd=110&Type=search", "url2": "https://www.yutakana-h.com/" }, "geometry": { "type": "Point", "coordinates": [ 140.872966183991991, 38.173060658100894 ] } },
{ "type": "Feature", "properties": { "内容": "訪問介護ステーション　高正【訪問介護】宮城県名取市飯野坂１丁目１１ー２０コーポリビングB201", "url": "https://www.kaigokensaku.mhlw.go.jp/04/index.php?action_kouhyou_detail_004_kani=true&JigyosyoCd=0470701285-00&ServiceCd=110&Type=search", "url2": "http://hp.kaipoke.biz/b3b/index.html" }, "geometry": { "type": "Point", "coordinates": [ 140.887559200000027, 38.162886 ] } },
{ "type": "Feature", "properties": { "内容": "在宅介護支援事業所あしたば【訪問介護】宮城県名取市愛島台六丁目10番地の26", "url": "https://www.kaigokensaku.mhlw.go.jp/04/index.php?action_kouhyou_detail_004_kani=true&JigyosyoCd=0470701277-00&ServiceCd=110&Type=search", "url2": null }, "geometry": { "type": "Point", "coordinates": [ 140.815096067975617, 38.148691091042402 ] } },
{ "type": "Feature", "properties": { "内容": "有限会社　東北福祉サービス【訪問介護】名取市大手町五丁目１２－５大手町ビル", "url": "https://www.kaigokensaku.mhlw.go.jp/04/index.php?action_kouhyou_detail_004_kani=true&JigyosyoCd=0470700295-00&ServiceCd=110&Type=search", "url2": "https://www.touhokufukushi.com/" }, "geometry": { "type": "Point", "coordinates": [ 140.877290200000061, 38.1699982 ] } },
{ "type": "Feature", "properties": { "内容": "居宅介護・訪問介護等やよい【訪問介護】高舘熊野堂字岩口下46-1㈱宮城運輸　2階", "url": "https://www.kaigokensaku.mhlw.go.jp/04/index.php?action_kouhyou_detail_004_kani=true&JigyosyoCd=0470701475-00&ServiceCd=110&Type=search", "url2": "https://www.yayoimiyagi.jp/" }, "geometry": { "type": "Point", "coordinates": [ 140.8490258, 38.1997256 ] } },
{ "type": "Feature", "properties": { "内容": "介護サービスセンターたすき【訪問介護】宮城県名取市植松一丁目4番１０号", "url": "https://www.kaigokensaku.mhlw.go.jp/04/index.php?action_kouhyou_detail_004_kani=true&JigyosyoCd=0470700303-00&ServiceCd=110&Type=search", "url2": null }, "geometry": { "type": "Point", "coordinates": [ 140.883229, 38.1533578 ] } },
{ "type": "Feature", "properties": { "内容": "ＮＰＯ法人なとりホームヘルプ協会【訪問介護】宮城県名取市高舘吉田字真坂１０番１", "url": "https://www.kaigokensaku.mhlw.go.jp/04/index.php?action_kouhyou_detail_004_kani=true&JigyosyoCd=0470700287-00&ServiceCd=110&Type=search", "url2": null }, "geometry": { "type": "Point", "coordinates": [ 140.855193500000041, 38.1842398 ] } },
{ "type": "Feature", "properties": { "内容": "訪問介護ステーション　ハウス・クルーなとり【訪問介護】宮城県名取市美田園8丁目1番地2号ソレアード城之内Ａ201", "url": "https://www.kaigokensaku.mhlw.go.jp/04/index.php?action_kouhyou_detail_004_kani=true&JigyosyoCd=0470701004-00&ServiceCd=110&Type=search", "url2": "http://siesta.or.jp/precioso/guide/index.html" }, "geometry": { "type": "Point", "coordinates": [ 140.907959147630748, 38.162056329399725 ] } },
{ "type": "Feature", "properties": { "内容": "バイタルケア名取【訪問介護】宮城県名取市下余田字鹿島10", "url": "https://www.kaigokensaku.mhlw.go.jp/04/index.php?action_kouhyou_detail_004_kani=true&JigyosyoCd=0470700451-00&ServiceCd=110&Type=search", "url2": "http://www.vitalcare.co.jp/" }, "geometry": { "type": "Point", "coordinates": [ 140.89681829999995, 38.1725757 ] } },
{ "type": "Feature", "properties": { "内容": "訪問介護にこライフ【訪問介護】宮城県名取市増田6丁目5-24", "url": "https://www.kaigokensaku.mhlw.go.jp/04/index.php?action_kouhyou_detail_004_kani=true&JigyosyoCd=0470700956-00&ServiceCd=110&Type=search", "url2": null }, "geometry": { "type": "Point", "coordinates": [ 140.882813599999963, 38.1778662 ] } },
{ "type": "Feature", "properties": { "内容": "ニチイケアセンターたてこし【訪問介護】宮城県名取市植松4丁目17-12", "url": "https://www.kaigokensaku.mhlw.go.jp/04/index.php?action_kouhyou_detail_004_kani=true&JigyosyoCd=0470700402-00&ServiceCd=110&Type=search", "url2": null }, "geometry": { "type": "Point", "coordinates": [ 140.8795715, 38.1442671 ] } },
{ "type": "Feature", "properties": { "内容": "有限会社かくだ介護センター訪問介護事業所【訪問介護】角田市梶賀字高畑北154番地", "url": "https://www.kaigokensaku.mhlw.go.jp/04/index.php?action_kouhyou_detail_004_kani=true&JigyosyoCd=0470800244-00&ServiceCd=110&Type=search", "url2": "http://care-net.biz/04/caremate-kakuda.kaigo" }, "geometry": { "type": "Point", "coordinates": [ 140.793574799999988, 37.9828569 ] } },
{ "type": "Feature", "properties": { "内容": "ニチイケアセンター角田【訪問介護】角田市角田扇町11-5", "url": "https://www.kaigokensaku.mhlw.go.jp/04/index.php?action_kouhyou_detail_004_kani=true&JigyosyoCd=0470800129-00&ServiceCd=110&Type=search", "url2": "http://www.nichiigakkan.co.jp" }, "geometry": { "type": "Point", "coordinates": [ 140.788161700000046, 37.9786237 ] } },
{ "type": "Feature", "properties": { "内容": "セントケア　角田【訪問介護】宮城県角田市字豊町1-14", "url": "https://www.kaigokensaku.mhlw.go.jp/04/index.php?action_kouhyou_detail_004_kani=true&JigyosyoCd=0470800335-00&ServiceCd=110&Type=search", "url2": "http://www.saint-care.com" }, "geometry": { "type": "Point", "coordinates": [ 140.77929850000001, 37.9839511 ] } },
{ "type": "Feature", "properties": { "内容": "ツクイ角田北郷【訪問介護】宮城県角田市岡字内川232", "url": "https://www.kaigokensaku.mhlw.go.jp/04/index.php?action_kouhyou_detail_004_kani=true&JigyosyoCd=0470800012-00&ServiceCd=110&Type=search", "url2": "http://www.tsukui.net/" }, "geometry": { "type": "Point", "coordinates": [ 140.7742814, 38.0195608 ] } },
{ "type": "Feature", "properties": { "内容": "ヘルパーステーション結々【訪問介護】宮城県角田市神次郎字東中田25番地２", "url": "https://www.kaigokensaku.mhlw.go.jp/04/index.php?action_kouhyou_detail_004_kani=true&JigyosyoCd=0470800574-00&ServiceCd=110&Type=search", "url2": "suzu20221221.co.jp" }, "geometry": { "type": "Point", "coordinates": [ 140.786154399999987, 38.0379554 ] } },
{ "type": "Feature", "properties": { "内容": "SOMPOケア　仙塩七ヶ浜　訪問介護【訪問介護】多賀城市大代5-10-45", "url": "https://www.kaigokensaku.mhlw.go.jp/04/index.php?action_kouhyou_detail_004_kani=true&JigyosyoCd=0470900887-00&ServiceCd=110&Type=search", "url2": "https://www.sompocare.com/" }, "geometry": { "type": "Point", "coordinates": [ 141.042404600000026, 38.2904856 ] } },
{ "type": "Feature", "properties": { "内容": "訪問介護ステーション桜木【訪問介護】宮城県多賀城市桜木２丁目２－６８", "url": "https://www.kaigokensaku.mhlw.go.jp/04/index.php?action_kouhyou_detail_004_kani=true&JigyosyoCd=0470901141-00&ServiceCd=110&Type=search", "url2": "http://www.satoya-net.jp/nh-sakuragi/" }, "geometry": { "type": "Point", "coordinates": [ 141.0171852, 38.2918685 ] } },
{ "type": "Feature", "properties": { "内容": "あおいケア多賀城【訪問介護】宮城県多賀城市高橋1丁目4-15", "url": "https://www.kaigokensaku.mhlw.go.jp/04/index.php?action_kouhyou_detail_004_kani=true&JigyosyoCd=0470900986-00&ServiceCd=110&Type=search", "url2": "https://100-wlg.net" }, "geometry": { "type": "Point", "coordinates": [ 140.9750329, 38.2883639 ] } },
{ "type": "Feature", "properties": { "内容": "アースサポート多賀城【訪問介護】宮城県多賀城市伝上山三丁目1番28号", "url": "https://www.kaigokensaku.mhlw.go.jp/04/index.php?action_kouhyou_detail_004_kani=true&JigyosyoCd=0470900424-00&ServiceCd=110&Type=search", "url2": "http://www.earthsupport.co.jp" }, "geometry": { "type": "Point", "coordinates": [ 141.013348700000051, 38.2976918 ] } },
{ "type": "Feature", "properties": { "内容": "株式会社　ほいみケアステーション【訪問介護】宮城県多賀城市山王字東町浦47番地の14", "url": "https://www.kaigokensaku.mhlw.go.jp/04/index.php?action_kouhyou_detail_004_kani=true&JigyosyoCd=0470900929-00&ServiceCd=110&Type=search", "url2": null }, "geometry": { "type": "Point", "coordinates": [ 140.9756352, 38.2999307 ] } },
{ "type": "Feature", "properties": { "内容": "介護の杜【訪問介護】宮城県多賀城市中央1-9-15TAILOR5番館207", "url": "https://www.kaigokensaku.mhlw.go.jp/04/index.php?action_kouhyou_detail_004_kani=true&JigyosyoCd=0470900945-00&ServiceCd=110&Type=search", "url2": "https://www.kaigono-mori.com/" }, "geometry": { "type": "Point", "coordinates": [ 141.002242300000034, 38.293984500000029 ] } },
{ "type": "Feature", "properties": { "内容": "ケアクルー介護ステーション【訪問介護】宮城県多賀城市下馬2-1-15K2プランニングビル301号", "url": "https://www.kaigokensaku.mhlw.go.jp/04/index.php?action_kouhyou_detail_004_kani=true&JigyosyoCd=0470900382-00&ServiceCd=110&Type=search", "url2": "http://www.carecrew.co.jp" }, "geometry": { "type": "Point", "coordinates": [ 141.016479308598235, 38.302946919395517 ] } },
{ "type": "Feature", "properties": { "内容": "和泉介護サービス【訪問介護】宮城県多賀城市高橋4丁目10番12号", "url": "https://www.kaigokensaku.mhlw.go.jp/04/index.php?action_kouhyou_detail_004_kani=true&JigyosyoCd=0470900192-00&ServiceCd=110&Type=search", "url2": null }, "geometry": { "type": "Point", "coordinates": [ 140.982668900000021, 38.2888918 ] } },
{ "type": "Feature", "properties": { "内容": "せいふう多賀城駅前訪問介護ステーション【訪問介護】宮城県多賀城市中央2-8-1多賀城駅北ビルＢ棟１階", "url": "https://www.kaigokensaku.mhlw.go.jp/04/index.php?action_kouhyou_detail_004_kani=true&JigyosyoCd=0470900796-00&ServiceCd=110&Type=search", "url2": "http://www.seifu-miyagi.com" }, "geometry": { "type": "Point", "coordinates": [ 141.006335900000067, 38.2921867 ] } },
{ "type": "Feature", "properties": { "内容": "ニチイケアセンター多賀城【訪問介護】宮城県多賀城市八幡3丁目10-21プランニングA", "url": "https://www.kaigokensaku.mhlw.go.jp/04/index.php?action_kouhyou_detail_004_kani=true&JigyosyoCd=0470900952-00&ServiceCd=110&Type=search", "url2": "http://www.nichiigakkan.co.jp" }, "geometry": { "type": "Point", "coordinates": [ 141.005392, 38.2892578 ] } },
{ "type": "Feature", "properties": { "内容": "さくらビレッジ訪問介護【訪問介護】宮城県多賀城市八幡4丁目7-50八幡ハイツ", "url": "https://www.kaigokensaku.mhlw.go.jp/04/index.php?action_kouhyou_detail_004_kani=true&JigyosyoCd=0470901042-00&ServiceCd=110&Type=search", "url2": "https://banryoku.jp" }, "geometry": { "type": "Point", "coordinates": [ 141.013586229499793, 38.291299509642393 ] } },
{ "type": "Feature", "properties": { "内容": "公益財団法人宮城厚生協会　ケアステーションつくし　介護【訪問介護】宮城県多賀城市笠神１丁目８番２８号", "url": "https://www.kaigokensaku.mhlw.go.jp/04/index.php?action_kouhyou_detail_004_kani=true&JigyosyoCd=0470900283-00&ServiceCd=110&Type=search", "url2": null }, "geometry": { "type": "Point", "coordinates": [ 141.026985700000068, 38.3050359 ] } },
{ "type": "Feature", "properties": { "内容": "結ヘルパーステーション【訪問介護】宮城県岩沼市吹上２丁目５番３６号夢物語２０１", "url": "https://www.kaigokensaku.mhlw.go.jp/04/index.php?action_kouhyou_detail_004_kani=true&JigyosyoCd=0471100750-00&ServiceCd=110&Type=search", "url2": null }, "geometry": { "type": "Point", "coordinates": [ 140.868285600000036, 38.102042 ] } },
{ "type": "Feature", "properties": { "内容": "ニチイケアセンター　岩沼【訪問介護】宮城県岩沼市中央一丁目4-15", "url": "https://www.kaigokensaku.mhlw.go.jp/04/index.php?action_kouhyou_detail_004_kani=true&JigyosyoCd=0471100073-00&ServiceCd=110&Type=search", "url2": "http://www.nichiigakkan.co.jp" }, "geometry": { "type": "Point", "coordinates": [ 140.867517957672106, 38.106184778909054 ] } },
{ "type": "Feature", "properties": { "内容": "ニチイケアセンター玉浦【訪問介護】宮城県岩沼市下野郷字舘外209-1", "url": "https://www.kaigokensaku.mhlw.go.jp/04/index.php?action_kouhyou_detail_004_kani=true&JigyosyoCd=0471100867-00&ServiceCd=110&Type=search", "url2": "https://www.nichiigakkan.co.jp/" }, "geometry": { "type": "Point", "coordinates": [ 140.903163, 38.1242296 ] } },
{ "type": "Feature", "properties": { "内容": "カーサ岩沼訪問介護事業所【訪問介護】宮城県岩沼市中央三丁目７番１６号カーサ岩沼４階", "url": "https://www.kaigokensaku.mhlw.go.jp/04/index.php?action_kouhyou_detail_004_kani=true&JigyosyoCd=0471100743-00&ServiceCd=110&Type=search", "url2": "http://casa-iwanuma.jp" }, "geometry": { "type": "Point", "coordinates": [ 140.869157200000018, 38.1135025 ] } },
{ "type": "Feature", "properties": { "内容": "玉浦ヘルパーステーション【訪問介護】宮城県岩沼市早股字孫目111", "url": "https://www.kaigokensaku.mhlw.go.jp/04/index.php?action_kouhyou_detail_004_kani=true&JigyosyoCd=0471100560-00&ServiceCd=110&Type=search", "url2": null }, "geometry": { "type": "Point", "coordinates": [ 140.905055400000037, 38.0964136 ] } },
{ "type": "Feature", "properties": { "内容": "ナーシングホームいわぬま訪問介護ステーション【訪問介護】宮城県岩沼市藤浪１丁目３番５５号", "url": "https://www.kaigokensaku.mhlw.go.jp/04/index.php?action_kouhyou_detail_004_kani=true&JigyosyoCd=0471100941-00&ServiceCd=110&Type=search", "url2": null }, "geometry": { "type": "Point", "coordinates": [ 140.8674837, 38.1020032 ] } },
{ "type": "Feature", "properties": { "内容": "セントケア岩沼【訪問介護】宮城県岩沼市大手町8-15", "url": "https://www.kaigokensaku.mhlw.go.jp/04/index.php?action_kouhyou_detail_004_kani=true&JigyosyoCd=0471100339-00&ServiceCd=110&Type=search", "url2": "http://www.saint-care.com" }, "geometry": { "type": "Point", "coordinates": [ 140.867888099999959, 38.1077583 ] } },
{ "type": "Feature", "properties": { "内容": "いぶき介護部【訪問介護】宮城県岩沼市中央1丁目4-14", "url": "https://www.kaigokensaku.mhlw.go.jp/04/index.php?action_kouhyou_detail_004_kani=true&JigyosyoCd=0471100990-00&ServiceCd=110&Type=search", "url2": "https://www.ibunuma.com/" }, "geometry": { "type": "Point", "coordinates": [ 140.867172233065787, 38.106141243019565 ] } },
{ "type": "Feature", "properties": { "内容": "広域介護サービス東和【訪問介護】宮城県登米市東和町錦織字大町8-1", "url": "https://www.kaigokensaku.mhlw.go.jp/04/index.php?action_kouhyou_detail_004_kani=true&JigyosyoCd=0471200691-00&ServiceCd=110&Type=search", "url2": "http://www.kaigoservice.co.jp" }, "geometry": { "type": "Point", "coordinates": [ 141.275736599999959, 38.7317739 ] } },
{ "type": "Feature", "properties": { "内容": "広域介護サービス登米【訪問介護】宮城県登米市登米町寺池桜小路８９桜テラス川内102号", "url": "https://www.kaigokensaku.mhlw.go.jp/04/index.php?action_kouhyou_detail_004_kani=true&JigyosyoCd=0471200709-00&ServiceCd=110&Type=search", "url2": "http://www.kaigoservice.co.jp" }, "geometry": { "type": "Point", "coordinates": [ 141.276145700000029, 38.6525491 ] } },
{ "type": "Feature", "properties": { "内容": "ヘルパーステーション　あおぞら【訪問介護】宮城県登米市中田町浅水字上川面65-1", "url": "https://www.kaigokensaku.mhlw.go.jp/04/index.php?action_kouhyou_detail_004_kani=true&JigyosyoCd=0471200923-00&ServiceCd=110&Type=search", "url2": "http://www.sg-nakada.jp/net_aozora.html" }, "geometry": { "type": "Point", "coordinates": [ 141.2619939, 38.7155727 ] } },
{ "type": "Feature", "properties": { "内容": "恵泉会ヘルパーステーション【訪問介護】宮城県登米市登米町寺池馬場埣777", "url": "https://www.kaigokensaku.mhlw.go.jp/04/index.php?action_kouhyou_detail_004_kani=true&JigyosyoCd=0471200600-00&ServiceCd=110&Type=search", "url2": "https://www.keisen-net.jp/" }, "geometry": { "type": "Point", "coordinates": [ 141.272516713037305, 38.654357048713521 ] } },
{ "type": "Feature", "properties": { "内容": "あんディ・ファイン【訪問介護】宮城県登米市迫町佐沼字中江5丁目11-8　中江開発ビル202", "url": "https://www.kaigokensaku.mhlw.go.jp/04/index.php?action_kouhyou_detail_004_kani=true&JigyosyoCd=0471201822-00&ServiceCd=110&Type=search", "url2": null }, "geometry": { "type": "Point", "coordinates": [ 141.1814987, 38.6911958 ] } },
{ "type": "Feature", "properties": { "内容": "ヘルパーステーション結【訪問介護】宮城県登米市迫町佐沼字西舘56-11有料老人ホームにしだて　2階", "url": "https://www.kaigokensaku.mhlw.go.jp/04/index.php?action_kouhyou_detail_004_kani=true&JigyosyoCd=0471201814-00&ServiceCd=110&Type=search", "url2": "https://www.yui-nishidate.com/" }, "geometry": { "type": "Point", "coordinates": [ 141.190881, 38.6992568 ] } },
{ "type": "Feature", "properties": { "内容": "株式会社　宮城登米広域介護サービス【訪問介護】宮城県登米市迫町佐沼光ヶ丘140番地の２", "url": "https://www.kaigokensaku.mhlw.go.jp/04/index.php?action_kouhyou_detail_004_kani=true&JigyosyoCd=0471200014-00&ServiceCd=110&Type=search", "url2": "http://www.kaigoservice.co.jp" }, "geometry": { "type": "Point", "coordinates": [ 141.204474600000026, 38.6869653 ] } },
{ "type": "Feature", "properties": { "内容": "（有）はさま看護婦家政婦紹介所【訪問介護】宮城県登米市迫町佐沼字中江2丁目21番地", "url": "https://www.kaigokensaku.mhlw.go.jp/04/index.php?action_kouhyou_detail_004_kani=true&JigyosyoCd=0471200170-00&ServiceCd=110&Type=search", "url2": null }, "geometry": { "type": "Point", "coordinates": [ 141.185851464773577, 38.692354510898056 ] } },
{ "type": "Feature", "properties": { "内容": "登米市社協米山訪問介護事業所【訪問介護】宮城県登米市米山町西野字古舘廻8番地登米市米山総合保健福祉センター", "url": "https://www.kaigokensaku.mhlw.go.jp/04/index.php?action_kouhyou_detail_004_kani=true&JigyosyoCd=0471200527-00&ServiceCd=110&Type=search", "url2": "http://www.tome-shakyo.jp/" }, "geometry": { "type": "Point", "coordinates": [ 141.193053700000064, 38.6350892 ] } },
{ "type": "Feature", "properties": { "内容": "有限会社　ふれあい【訪問介護】宮城県登米市迫町佐沼字江合２丁目１－２－Ｂ－２号", "url": "https://www.kaigokensaku.mhlw.go.jp/04/index.php?action_kouhyou_detail_004_kani=true&JigyosyoCd=0471200824-00&ServiceCd=110&Type=search", "url2": null }, "geometry": { "type": "Point", "coordinates": [ 141.189293808205775, 38.686205032989925 ] } },
{ "type": "Feature", "properties": { "内容": "セントケアはさま【訪問介護】宮城県登米市迫町佐沼字梅ノ木一丁目3-7", "url": "https://www.kaigokensaku.mhlw.go.jp/04/index.php?action_kouhyou_detail_004_kani=true&JigyosyoCd=0471200782-00&ServiceCd=110&Type=search", "url2": null }, "geometry": { "type": "Point", "coordinates": [ 141.205098795523071, 38.694692043125357 ] } },
{ "type": "Feature", "properties": { "内容": "グランヴィアヘルパーステーション【訪問介護】迫町佐沼字中江4丁目12番地12", "url": "https://www.kaigokensaku.mhlw.go.jp/04/index.php?action_kouhyou_detail_004_kani=true&JigyosyoCd=0471201897-00&ServiceCd=110&Type=search", "url2": "https://www.granvia-kaigo.com/" }, "geometry": { "type": "Point", "coordinates": [ 141.186618, 38.6892532 ] } },
{ "type": "Feature", "properties": { "内容": "ホワイトベア栗原かいご【訪問介護】宮城県栗原市築館薬師3丁目2番1号", "url": "https://www.kaigokensaku.mhlw.go.jp/04/index.php?action_kouhyou_detail_004_kani=true&JigyosyoCd=0471301218-00&ServiceCd=110&Type=search", "url2": "http://www.soin-white.co.jp/" }, "geometry": { "type": "Point", "coordinates": [ 141.018798403162123, 38.733947956128624 ] } },
{ "type": "Feature", "properties": { "内容": "訪問介護事業所金成沢辺【訪問介護】宮城県栗原市金成沢辺町164番1サービス付き高齢者向け住宅　白鳥苑", "url": "https://www.kaigokensaku.mhlw.go.jp/04/index.php?action_kouhyou_detail_004_kani=true&JigyosyoCd=0471301895-00&ServiceCd=110&Type=search", "url2": "http://hakucho-en.com/" }, "geometry": { "type": "Point", "coordinates": [ 141.059741015699728, 38.798215788231673 ] } },
{ "type": "Feature", "properties": { "内容": "ルビス訪問介護ステーション【訪問介護】宮城県栗原市築館伊豆二丁目5番38号ナーシングホーム　ルビス", "url": "https://www.kaigokensaku.mhlw.go.jp/04/index.php?action_kouhyou_detail_004_kani=true&JigyosyoCd=0471302380-00&ServiceCd=110&Type=search", "url2": "https://rubeus218.com/" }, "geometry": { "type": "Point", "coordinates": [ 141.026404697483827, 38.732292456100055 ] } },
{ "type": "Feature", "properties": { "内容": "ニチイケアセンター　高清水【訪問介護】宮城県栗原市高清水東浦230-1", "url": "https://www.kaigokensaku.mhlw.go.jp/04/index.php?action_kouhyou_detail_004_kani=true&JigyosyoCd=0471300513-00&ServiceCd=110&Type=search", "url2": "http://www.nichiigakkan.co.jp" }, "geometry": { "type": "Point", "coordinates": [ 141.009327698390621, 38.641922950575129 ] } },
{ "type": "Feature", "properties": { "内容": "セントケアつきだて【訪問介護】宮城県栗原市築館木戸9-46グリーンアルファ２階", "url": "https://www.kaigokensaku.mhlw.go.jp/04/index.php?action_kouhyou_detail_004_kani=true&JigyosyoCd=0471301119-00&ServiceCd=110&Type=search", "url2": null }, "geometry": { "type": "Point", "coordinates": [ 141.037008067285086, 38.732840830976514 ] } },
{ "type": "Feature", "properties": { "内容": "ニチイケアセンターつきだて【訪問介護】宮城県栗原市築館伊豆2丁目14-10プランドール・ΣⅢ", "url": "https://www.kaigokensaku.mhlw.go.jp/04/index.php?action_kouhyou_detail_004_kani=true&JigyosyoCd=0471302273-00&ServiceCd=110&Type=search", "url2": "http://www.nichiigakkan.co.jp" }, "geometry": { "type": "Point", "coordinates": [ 141.027522800000042, 38.7356315 ] } },
{ "type": "Feature", "properties": { "内容": "セントケア栗駒【訪問介護】宮城県栗原市栗駒岩ケ崎神南35番1号", "url": "https://www.kaigokensaku.mhlw.go.jp/04/index.php?action_kouhyou_detail_004_kani=true&JigyosyoCd=0471301127-00&ServiceCd=110&Type=search", "url2": "https://saint-care.com" }, "geometry": { "type": "Point", "coordinates": [ 140.99952537862157, 38.831747321773655 ] } },
{ "type": "Feature", "properties": { "内容": "訪問介護ステーション　ハウス・クルー【訪問介護】宮城県栗原市金成末野台下３１－１", "url": "https://www.kaigokensaku.mhlw.go.jp/04/index.php?action_kouhyou_detail_004_kani=true&JigyosyoCd=0471301077-00&ServiceCd=110&Type=search", "url2": "http://" }, "geometry": { "type": "Point", "coordinates": [ 141.100017500000035, 38.8475054 ] } },
{ "type": "Feature", "properties": { "内容": "訪問介護おんりぃケア【訪問介護】宮城県栗原市築館伊豆三丁目246-2", "url": "https://www.kaigokensaku.mhlw.go.jp/04/index.php?action_kouhyou_detail_004_kani=true&JigyosyoCd=0471301622-00&ServiceCd=110&Type=search", "url2": "https://yakusi-only.wixsite.com/yakusi-only" }, "geometry": { "type": "Point", "coordinates": [ 141.029116544870362, 38.730965039072515 ] } },
{ "type": "Feature", "properties": { "内容": "のぎわヘルパーステーション【訪問介護】宮城県栗原市築館字城生野唐崎50番地2", "url": "https://www.kaigokensaku.mhlw.go.jp/04/index.php?action_kouhyou_detail_004_kani=true&JigyosyoCd=0471301374-00&ServiceCd=110&Type=search", "url2": null }, "geometry": { "type": "Point", "coordinates": [ 141.039149145491024, 38.766416889360237 ] } },
{ "type": "Feature", "properties": { "内容": "みらいケア栗原【訪問介護】宮城県栗原市志波姫沼崎南沖645まるげんハイツD号室", "url": "https://www.kaigokensaku.mhlw.go.jp/04/index.php?action_kouhyou_detail_004_kani=true&JigyosyoCd=0471302315-00&ServiceCd=110&Type=search", "url2": "https://miraicare-k.co.jp" }, "geometry": { "type": "Point", "coordinates": [ 141.0664916, 38.7575012 ] } },
{ "type": "Feature", "properties": { "内容": "JA新みやぎ栗っこケアサービスセンター【訪問介護】宮城県栗原市金成沢辺木戸口50番地", "url": "https://www.kaigokensaku.mhlw.go.jp/04/index.php?action_kouhyou_detail_004_kani=true&JigyosyoCd=0471302257-00&ServiceCd=110&Type=search", "url2": null }, "geometry": { "type": "Point", "coordinates": [ 141.067990600594356, 38.797559381720227 ] } },
{ "type": "Feature", "properties": { "内容": "ウエックピアコートケアステーション【訪問介護】宮城県栗原市築館照越永平77-1", "url": "https://www.kaigokensaku.mhlw.go.jp/04/index.php?action_kouhyou_detail_004_kani=true&JigyosyoCd=0471302539-00&ServiceCd=110&Type=search", "url2": "https://wecc.jp/chiikikyousei/" }, "geometry": { "type": "Point", "coordinates": [ 141.0207376, 38.7110782 ] } },
{ "type": "Feature", "properties": { "内容": "有限会社つきだて介護ヘルパー紹介所【訪問介護】宮城県栗原市築館字萩沢東77－12", "url": "https://www.kaigokensaku.mhlw.go.jp/04/index.php?action_kouhyou_detail_004_kani=true&JigyosyoCd=0471300251-00&ServiceCd=110&Type=search", "url2": null }, "geometry": { "type": "Point", "coordinates": [ 141.0073324, 38.7261839 ] } },
{ "type": "Feature", "properties": { "内容": "社会福祉法人慶和会ヘルパーステーション花いちもんめ【訪問介護】宮城県東松島市赤井字七反谷地７３番地の２", "url": "https://www.kaigokensaku.mhlw.go.jp/04/index.php?action_kouhyou_detail_004_kani=true&JigyosyoCd=0471400127-00&ServiceCd=110&Type=search", "url2": "https://khanaichi.com" }, "geometry": { "type": "Point", "coordinates": [ 141.253967200000034, 38.4377062 ] } },
{ "type": "Feature", "properties": { "内容": "セントケア石巻矢本【訪問介護】宮城県東松島市矢本字鹿石前164-1", "url": "https://www.kaigokensaku.mhlw.go.jp/04/index.php?action_kouhyou_detail_004_kani=true&JigyosyoCd=0471400473-00&ServiceCd=110&Type=search", "url2": null }, "geometry": { "type": "Point", "coordinates": [ 141.192084496559147, 38.404085823385635 ] } },
{ "type": "Feature", "properties": { "内容": "ひかり介護ステーション【訪問介護】宮城県東松島市上下堤字上南谷地４６番地", "url": "https://www.kaigokensaku.mhlw.go.jp/04/index.php?action_kouhyou_detail_004_kani=true&JigyosyoCd=0471400911-00&ServiceCd=110&Type=search", "url2": null }, "geometry": { "type": "Point", "coordinates": [ 141.123168099999987, 38.407877 ] } },
{ "type": "Feature", "properties": { "内容": "介護サポートしずく【訪問介護】宮城県東松島市赤井字南新町11番地4フォーブル南風101", "url": "https://www.kaigokensaku.mhlw.go.jp/04/index.php?action_kouhyou_detail_004_kani=true&JigyosyoCd=0471400887-00&ServiceCd=110&Type=search", "url2": "http://yuzu2305.com" }, "geometry": { "type": "Point", "coordinates": [ 141.232092761901896, 38.432192195627536 ] } },
{ "type": "Feature", "properties": { "内容": "NPO法人のんび～りすみちゃんの家【訪問介護】宮城県東松島市新東名4丁目12番地2", "url": "https://www.kaigokensaku.mhlw.go.jp/04/index.php?action_kouhyou_detail_004_kani=true&JigyosyoCd=0471400101-00&ServiceCd=110&Type=search", "url2": "http://sumichannoie.jimdo.com/" }, "geometry": { "type": "Point", "coordinates": [ 141.141068345438356, 38.370949127233885 ] } },
{ "type": "Feature", "properties": { "内容": "鳴瀬ヘルパーステーション【訪問介護】宮城県東松島市野蒜ケ丘三丁目27番地1", "url": "https://www.kaigokensaku.mhlw.go.jp/04/index.php?action_kouhyou_detail_004_kani=true&JigyosyoCd=0471400051-00&ServiceCd=110&Type=search", "url2": "http://www.yasuragikai.or.jp" }, "geometry": { "type": "Point", "coordinates": [ 141.14157746715091, 38.378560866303673 ] } },
{ "type": "Feature", "properties": { "内容": "ヘルパーステーション　やもと赤井の里【訪問介護】宮城県東松島市赤井字川前四番83番地", "url": "https://www.kaigokensaku.mhlw.go.jp/04/index.php?action_kouhyou_detail_004_kani=true&JigyosyoCd=0471400408-00&ServiceCd=110&Type=search", "url2": "https://hm-hukushikai.or.jp" }, "geometry": { "type": "Point", "coordinates": [ 141.234734565190138, 38.435760275848523 ] } },
{ "type": "Feature", "properties": { "内容": "社会福祉法人　東松島市社会福祉協議会【訪問介護】宮城県東松島市小松字上浮足252番3", "url": "https://www.kaigokensaku.mhlw.go.jp/04/index.php?action_kouhyou_detail_004_kani=true&JigyosyoCd=0471400358-00&ServiceCd=110&Type=search", "url2": "http://www.hmfukushi.jp" }, "geometry": { "type": "Point", "coordinates": [ 141.20980430000003, 38.4266709 ] } },
{ "type": "Feature", "properties": { "内容": "太陽の家ケアステーション【訪問介護】宮城県東松島市矢本字大林14番地", "url": "https://www.kaigokensaku.mhlw.go.jp/04/index.php?action_kouhyou_detail_004_kani=true&JigyosyoCd=0471400952-00&ServiceCd=110&Type=search", "url2": "https://casa-de-marisol.com" }, "geometry": { "type": "Point", "coordinates": [ 141.219477899999987, 38.4214882 ] } },
{ "type": "Feature", "properties": { "内容": "プラスケア　一蓮【訪問介護】宮城県東松島市大塩字緑ヶ丘４丁目１番５", "url": "https://www.kaigokensaku.mhlw.go.jp/04/index.php?action_kouhyou_detail_004_kani=true&JigyosyoCd=0471400853-00&ServiceCd=110&Type=search", "url2": "https://purasukeaitirenn.wixsite.com/website" }, "geometry": { "type": "Point", "coordinates": [ 141.1725391, 38.4417979 ] } },
{ "type": "Feature", "properties": { "内容": "スキップホームヘルプサービス【訪問介護】宮城県大崎市田尻通木字中崎東10番地1", "url": "https://www.kaigokensaku.mhlw.go.jp/04/index.php?action_kouhyou_detail_004_kani=true&JigyosyoCd=0471500819-00&ServiceCd=110&Type=search", "url2": "http://www.tajirifukushikai.com/" }, "geometry": { "type": "Point", "coordinates": [ 141.0294222, 38.6015621 ] } },
{ "type": "Feature", "properties": { "内容": "有限会社　岡本看護婦家政婦紹介所【訪問介護】宮城県大崎市古川中里一丁目８番１５号", "url": "https://www.kaigokensaku.mhlw.go.jp/04/index.php?action_kouhyou_detail_004_kani=true&JigyosyoCd=0471500090-00&ServiceCd=110&Type=search", "url2": null }, "geometry": { "type": "Point", "coordinates": [ 140.96157960000005, 38.5721889 ] } },
{ "type": "Feature", "properties": { "内容": "訪問介護ステーション共生【訪問介護】宮城県大崎市三本木しらとり9-2", "url": "https://www.kaigokensaku.mhlw.go.jp/04/index.php?action_kouhyou_detail_004_kani=true&JigyosyoCd=0471502898-00&ServiceCd=110&Type=search", "url2": "https://nursinghome-kyousei.com" }, "geometry": { "type": "Point", "coordinates": [ 140.9447486, 38.5290756 ] } },
{ "type": "Feature", "properties": { "内容": "介護クラーク大崎古川【訪問介護】古川栄町3番10号", "url": "https://www.kaigokensaku.mhlw.go.jp/04/index.php?action_kouhyou_detail_004_kani=true&JigyosyoCd=0471502880-00&ServiceCd=110&Type=search", "url2": "https://cuc-hospice.com/rehope/hospice/2594/" }, "geometry": { "type": "Point", "coordinates": [ 140.950411, 38.5685996 ] } },
{ "type": "Feature", "properties": { "内容": "ニチイケアセンター古川【訪問介護】宮城県大崎市古川福沼1-14-35", "url": "https://www.kaigokensaku.mhlw.go.jp/04/index.php?action_kouhyou_detail_004_kani=true&JigyosyoCd=0471500116-00&ServiceCd=110&Type=search", "url2": "http://www.nichiigakkan.co.jp" }, "geometry": { "type": "Point", "coordinates": [ 140.973491700000068, 38.5861431 ] } },
{ "type": "Feature", "properties": { "内容": "アースサポート古川【訪問介護】宮城県大崎市古川字上古川145番地", "url": "https://www.kaigokensaku.mhlw.go.jp/04/index.php?action_kouhyou_detail_004_kani=true&JigyosyoCd=0471500082-00&ServiceCd=110&Type=search", "url2": "http://www.earthsupport.co.jp" }, "geometry": { "type": "Point", "coordinates": [ 140.942886199999947, 38.587603 ] } },
{ "type": "Feature", "properties": { "内容": "公益財団法人　宮城厚生協会　ケアステーションあゆみ　介護【訪問介護】宮城県大崎市古川駅東二丁目12-18", "url": "https://www.kaigokensaku.mhlw.go.jp/04/index.php?action_kouhyou_detail_004_kani=true&JigyosyoCd=0471501437-00&ServiceCd=110&Type=search", "url2": null }, "geometry": { "type": "Point", "coordinates": [ 140.974453400000016, 38.5736085 ] } },
{ "type": "Feature", "properties": { "内容": "訪問介護事業所　クローバー【訪問介護】宮城県大崎市田尻字北大杉6-1", "url": "https://www.kaigokensaku.mhlw.go.jp/04/index.php?action_kouhyou_detail_004_kani=true&JigyosyoCd=0471502666-00&ServiceCd=110&Type=search", "url2": null }, "geometry": { "type": "Point", "coordinates": [ 141.01506, 38.598161300000015 ] } },
{ "type": "Feature", "properties": { "内容": "介護事業部　四季のめぐみ【訪問介護】宮城県大崎市古川新堀字北田４２番１", "url": "https://www.kaigokensaku.mhlw.go.jp/04/index.php?action_kouhyou_detail_004_kani=true&JigyosyoCd=0471500173-00&ServiceCd=110&Type=search", "url2": "http://nishitaxi.com/" }, "geometry": { "type": "Point", "coordinates": [ 140.894810799999931, 38.5813162 ] } },
{ "type": "Feature", "properties": { "内容": "訪問介護ステーション　ハウス・クルーおおさき【訪問介護】宮城県大崎市古川福浦１丁目10番６号Primera福浦　102号室", "url": "https://www.kaigokensaku.mhlw.go.jp/04/index.php?action_kouhyou_detail_004_kani=true&JigyosyoCd=0471502369-00&ServiceCd=110&Type=search", "url2": null }, "geometry": { "type": "Point", "coordinates": [ 140.959129299999972, 38.5890257 ] } },
{ "type": "Feature", "properties": { "内容": "訪問介護　暖のうつわ【訪問介護】宮城県大崎市古川稲葉字大江向20アークヴィレッジC-2", "url": "https://www.kaigokensaku.mhlw.go.jp/04/index.php?action_kouhyou_detail_004_kani=true&JigyosyoCd=0471502583-00&ServiceCd=110&Type=search", "url2": null }, "geometry": { "type": "Point", "coordinates": [ 140.94131085463107, 38.573084420564257 ] } },
{ "type": "Feature", "properties": { "内容": "介護老人保健施設　ヒューマンシティ松山　訪問介護事業所【訪問介護】宮城県大崎市松山金谷字中田76-1", "url": "https://www.kaigokensaku.mhlw.go.jp/04/index.php?action_kouhyou_detail_004_kani=true&JigyosyoCd=0471502682-00&ServiceCd=110&Type=search", "url2": null }, "geometry": { "type": "Point", "coordinates": [ 141.062074700000011, 38.5144782 ] } },
{ "type": "Feature", "properties": { "内容": "まはろヘルパーステーション【訪問介護】宮城県大崎市古川休塚字中谷地３番地１", "url": "https://www.kaigokensaku.mhlw.go.jp/04/index.php?action_kouhyou_detail_004_kani=true&JigyosyoCd=0471502740-00&ServiceCd=110&Type=search", "url2": "https://www.maururu.co.jp/" }, "geometry": { "type": "Point", "coordinates": [ 140.9742009, 38.594767099999984 ] } },
{ "type": "Feature", "properties": { "内容": "ファーストコーポレーション㈱【訪問介護】宮城県大崎市田尻字町浦25-1", "url": "https://www.kaigokensaku.mhlw.go.jp/04/index.php?action_kouhyou_detail_004_kani=true&JigyosyoCd=0471502591-00&ServiceCd=110&Type=search", "url2": null }, "geometry": { "type": "Point", "coordinates": [ 141.022991100000013, 38.6003235 ] } },
{ "type": "Feature", "properties": { "内容": "セントケア大崎【訪問介護】宮城県大崎市古川大宮二丁目1番23号", "url": "https://www.kaigokensaku.mhlw.go.jp/04/index.php?action_kouhyou_detail_004_kani=true&JigyosyoCd=0471501494-00&ServiceCd=110&Type=search", "url2": "http://www.saint-care.com" }, "geometry": { "type": "Point", "coordinates": [ 140.954085157455808, 38.583525415720814 ] } },
{ "type": "Feature", "properties": { "内容": "昭和タクシー　まごころケアサポート　結い【訪問介護】宮城県大崎市古川字上古川１６５－９", "url": "https://www.kaigokensaku.mhlw.go.jp/04/index.php?action_kouhyou_detail_004_kani=true&JigyosyoCd=0471500157-00&ServiceCd=110&Type=search", "url2": "http://www.showa-taxi.net/yui_kaigo.html" }, "geometry": { "type": "Point", "coordinates": [ 140.941289099999949, 38.5889611 ] } },
{ "type": "Feature", "properties": { "内容": "大崎市社会福祉協議会大崎西部ヘルパーステーション【訪問介護】宮城県大崎市岩出山字下川原町100番地8大崎市岩出山地域福祉センター内", "url": "https://www.kaigokensaku.mhlw.go.jp/04/index.php?action_kouhyou_detail_004_kani=true&JigyosyoCd=0471501064-00&ServiceCd=110&Type=search", "url2": "http://www.osaki-shakyo.com" }, "geometry": { "type": "Point", "coordinates": [ 140.871107701360643, 38.655873698230486 ] } },
{ "type": "Feature", "properties": { "内容": "社会福祉法人　大崎市社会福祉協議会　大崎東部ヘルパーステーション【訪問介護】宮城県大崎市松山千石字広田11番地", "url": "https://www.kaigokensaku.mhlw.go.jp/04/index.php?action_kouhyou_detail_004_kani=true&JigyosyoCd=0471501080-00&ServiceCd=110&Type=search", "url2": "http://www.osaki-shakyo.com/" }, "geometry": { "type": "Point", "coordinates": [ 141.060514799999964, 38.5151442 ] } },
{ "type": "Feature", "properties": { "内容": "大崎市社会福祉協議会　大崎中央ヘルパーステーション【訪問介護】宮城県大崎市古川宮沢字裏馬田町37番地", "url": "https://www.kaigokensaku.mhlw.go.jp/04/index.php?action_kouhyou_detail_004_kani=true&JigyosyoCd=0471501056-00&ServiceCd=110&Type=search", "url2": "http://www.osaki-shakyo.com/annai/content0084.html" }, "geometry": { "type": "Point", "coordinates": [ 140.941884993681043, 38.623411437508366 ] } },
{ "type": "Feature", "properties": { "内容": "ケア　コンシェルジュ【訪問介護】宮城県大崎市古川福沼1丁目18-19　メモリアルパークB棟202メモリアルパークB棟202", "url": "https://www.kaigokensaku.mhlw.go.jp/04/index.php?action_kouhyou_detail_004_kani=true&JigyosyoCd=0471501999-00&ServiceCd=110&Type=search", "url2": "https://www.care-concierge.net" }, "geometry": { "type": "Point", "coordinates": [ 140.973644700000023, 38.582113 ] } },
{ "type": "Feature", "properties": { "内容": "希望館ヘルパーオフィス【訪問介護】宮城県大崎市古川李埣１丁目9-41", "url": "https://www.kaigokensaku.mhlw.go.jp/04/index.php?action_kouhyou_detail_004_kani=true&JigyosyoCd=0471501346-00&ServiceCd=110&Type=search", "url2": "http://kiboukan-pocoapoco.com" }, "geometry": { "type": "Point", "coordinates": [ 140.971033900000066, 38.580241 ] } },
{ "type": "Feature", "properties": { "内容": "セベックヘルパーステーション【訪問介護】宮城県富谷市成田２丁目３－３成田ビル103", "url": "https://www.kaigokensaku.mhlw.go.jp/04/index.php?action_kouhyou_detail_004_kani=true&JigyosyoCd=0472700699-00&ServiceCd=110&Type=search", "url2": "http://sbcc-hpst.com/index.html" }, "geometry": { "type": "Point", "coordinates": [ 140.890626099999963, 38.3674463 ] } },
{ "type": "Feature", "properties": { "内容": "ＳＯＭＰＯケア　富谷　訪問介護【訪問介護】宮城県富谷市日吉台2丁目6-2", "url": "https://www.kaigokensaku.mhlw.go.jp/04/index.php?action_kouhyou_detail_004_kani=true&JigyosyoCd=0471600064-00&ServiceCd=110&Type=search", "url2": "https://www.sompocare.com/" }, "geometry": { "type": "Point", "coordinates": [ 140.8628953, 38.374664 ] } },
{ "type": "Feature", "properties": { "内容": "愛心ヘルプサービス大富【訪問介護】宮城県富谷市富谷西沢17-8", "url": "https://www.kaigokensaku.mhlw.go.jp/04/index.php?action_kouhyou_detail_004_kani=true&JigyosyoCd=0472700368-00&ServiceCd=110&Type=search", "url2": "http://www.aishin-help-s.com/" }, "geometry": { "type": "Point", "coordinates": [ 140.889840562704421, 38.40162210014801 ] } },
{ "type": "Feature", "properties": { "内容": "和泉介護サービス・七ツ森【訪問介護】宮城県富谷市ひより台1丁目38-9シャイニーひより台101号室", "url": "https://www.kaigokensaku.mhlw.go.jp/04/index.php?action_kouhyou_detail_004_kani=true&JigyosyoCd=0472700657-00&ServiceCd=110&Type=search", "url2": null }, "geometry": { "type": "Point", "coordinates": [ 140.884554100000059, 38.4018832 ] } },
{ "type": "Feature", "properties": { "内容": "ヘルパーステーション陽【訪問介護】宮城県富谷市明石台5丁目2-2", "url": "https://www.kaigokensaku.mhlw.go.jp/04/index.php?action_kouhyou_detail_004_kani=true&JigyosyoCd=0472700996-00&ServiceCd=110&Type=search", "url2": null }, "geometry": { "type": "Point", "coordinates": [ 140.893679600000041, 38.3437291 ] } },
{ "type": "Feature", "properties": { "内容": "訪問介護ステーションスプリングフォレスト明石台【訪問介護】宮城県富谷市明石台7丁目1-7", "url": "https://www.kaigokensaku.mhlw.go.jp/04/index.php?action_kouhyou_detail_004_kani=true&JigyosyoCd=0471600130-00&ServiceCd=110&Type=search", "url2": "http://spring-forest.co.jp/" }, "geometry": { "type": "Point", "coordinates": [ 140.900693255819704, 38.345814484692923 ] } },
{ "type": "Feature", "properties": { "内容": "合同会社　あさの風【訪問介護】宮城県富谷市日吉台3丁目11-20フィリスハイム大富201", "url": "https://www.kaigokensaku.mhlw.go.jp/04/index.php?action_kouhyou_detail_004_kani=true&JigyosyoCd=0471600114-00&ServiceCd=110&Type=search", "url2": null }, "geometry": { "type": "Point", "coordinates": [ 140.865644695391268, 38.379767261384039 ] } },
{ "type": "Feature", "properties": { "内容": "セントケア富谷中央【訪問介護】宮城県富谷市東向陽台３丁目28-2芳賀店舗　102号室", "url": "https://www.kaigokensaku.mhlw.go.jp/04/index.php?action_kouhyou_detail_004_kani=true&JigyosyoCd=0472700673-00&ServiceCd=110&Type=search", "url2": "http://www.saint-care.com/" }, "geometry": { "type": "Point", "coordinates": [ 140.897046322181694, 38.342155626469022 ] } },
{ "type": "Feature", "properties": { "内容": "ケアサービス　ふらん【訪問介護】宮城県刈田郡蔵王町大字円田字駅内１９", "url": "https://www.kaigokensaku.mhlw.go.jp/04/index.php?action_kouhyou_detail_004_kani=true&JigyosyoCd=0472100197-00&ServiceCd=110&Type=search", "url2": null }, "geometry": { "type": "Point", "coordinates": [ 140.660482900000034, 38.0945559 ] } },
{ "type": "Feature", "properties": { "内容": "七ヶ宿町高齢者生活福祉センター【訪問介護】宮城県刈田郡七ヶ宿町字関１８４", "url": "https://www.kaigokensaku.mhlw.go.jp/04/index.php?action_kouhyou_detail_004_kani=true&JigyosyoCd=0472100148-00&ServiceCd=110&Type=search", "url2": null }, "geometry": { "type": "Point", "coordinates": [ 140.43940079999993, 37.9951713 ] } },
{ "type": "Feature", "properties": { "内容": "ニチイケアセンター大河原【訪問介護】宮城県柴田郡大河原町字新青川11-12", "url": "https://www.kaigokensaku.mhlw.go.jp/04/index.php?action_kouhyou_detail_004_kani=true&JigyosyoCd=0472200393-00&ServiceCd=110&Type=search", "url2": "http://www.nichiigakkan.co.jp" }, "geometry": { "type": "Point", "coordinates": [ 140.738422600000035, 38.0625084 ] } },
{ "type": "Feature", "properties": { "内容": "合同会社オハナ【訪問介護】宮城県柴田郡大河原町字東桜町7-12", "url": "https://www.kaigokensaku.mhlw.go.jp/04/index.php?action_kouhyou_detail_004_kani=true&JigyosyoCd=0472201391-00&ServiceCd=110&Type=search", "url2": null }, "geometry": { "type": "Point", "coordinates": [ 140.746453315207077, 38.058151983558517 ] } },
{ "type": "Feature", "properties": { "内容": "みらい介護舎【訪問介護】宮城県柴田郡大河原町字新南６１－１３", "url": "https://www.kaigokensaku.mhlw.go.jp/04/index.php?action_kouhyou_detail_004_kani=true&JigyosyoCd=0472201052-00&ServiceCd=110&Type=search", "url2": "http://cosmo-es.net" }, "geometry": { "type": "Point", "coordinates": [ 140.729351599999973, 38.0518924 ] } },
{ "type": "Feature", "properties": { "内容": "特定非営利活動法人友愛さくら訪問介護事業所【訪問介護】宮城県柴田郡大河原町字新南41-5フジサキ館A号室", "url": "https://www.kaigokensaku.mhlw.go.jp/04/index.php?action_kouhyou_detail_004_kani=true&JigyosyoCd=0472200351-00&ServiceCd=110&Type=search", "url2": null }, "geometry": { "type": "Point", "coordinates": [ 140.729405018852276, 38.049166483301725 ] } },
{ "type": "Feature", "properties": { "内容": "セントケア大河原【訪問介護】宮城県柴田郡大河原町字町55番2号　サウスロアヴェール店舗101号室", "url": "https://www.kaigokensaku.mhlw.go.jp/04/index.php?action_kouhyou_detail_004_kani=true&JigyosyoCd=0472200856-00&ServiceCd=110&Type=search", "url2": "https://www.saint-care.com/tohokumiyagi/" }, "geometry": { "type": "Point", "coordinates": [ 140.7352151, 38.0501872 ] } },
{ "type": "Feature", "properties": { "内容": "ヘルパーステーションサンガ【訪問介護】宮城県柴田郡大河原町字東39番地8住宅型有料老人ホームサンガ内", "url": "https://www.kaigokensaku.mhlw.go.jp/04/index.php?action_kouhyou_detail_004_kani=true&JigyosyoCd=0472201342-00&ServiceCd=110&Type=search", "url2": "http://kaigo.homes.co.jp/facility/detail/f=55971/" }, "geometry": { "type": "Point", "coordinates": [ 140.737418700000035, 38.0576279 ] } },
{ "type": "Feature", "properties": { "内容": "南桜ケアサービス【訪問介護】宮城県大河原町字西桜町22-3", "url": "https://www.kaigokensaku.mhlw.go.jp/04/index.php?action_kouhyou_detail_004_kani=true&JigyosyoCd=0472200526-00&ServiceCd=110&Type=search", "url2": null }, "geometry": { "type": "Point", "coordinates": [ 140.741761499999939, 38.057642200000011 ] } },
{ "type": "Feature", "properties": { "内容": "特定非営利活動法人ほっとあい【訪問介護】宮城県柴田郡大河原町字町２７９番地の１", "url": "https://www.kaigokensaku.mhlw.go.jp/04/index.php?action_kouhyou_detail_004_kani=true&JigyosyoCd=0472200146-00&ServiceCd=110&Type=search", "url2": "http://www.hoteye.net/" }, "geometry": { "type": "Point", "coordinates": [ 140.737903700000061, 38.0545265 ] } },
{ "type": "Feature", "properties": { "内容": "ヘルパーステーションりくてん大河原【訪問介護】宮城県柴田郡大河原町字新東21-6陸天介護事業部総合ケアセンター内", "url": "https://www.kaigokensaku.mhlw.go.jp/04/index.php?action_kouhyou_detail_004_kani=true&JigyosyoCd=0472201508-00&ServiceCd=110&Type=search", "url2": null }, "geometry": { "type": "Point", "coordinates": [ 140.7355475, 38.0581318 ] } },
{ "type": "Feature", "properties": { "内容": "ＳＯＭＰＯケア　柴田　訪問介護【訪問介護】宮城県柴田郡柴田町船岡南１丁目１番１７号", "url": "https://www.kaigokensaku.mhlw.go.jp/04/index.php?action_kouhyou_detail_004_kani=true&JigyosyoCd=0472201425-00&ServiceCd=110&Type=search", "url2": "http://www.sompocare.com" }, "geometry": { "type": "Point", "coordinates": [ 140.765734699999939, 38.0537131 ] } },
{ "type": "Feature", "properties": { "内容": "特定非営利活動法人サポート桜【訪問介護】宮城県柴田郡柴田町大字上名生字新大原59番地1", "url": "https://www.kaigokensaku.mhlw.go.jp/04/index.php?action_kouhyou_detail_004_kani=true&JigyosyoCd=0472200609-00&ServiceCd=110&Type=search", "url2": null }, "geometry": { "type": "Point", "coordinates": [ 140.789805432263165, 38.062410496375406 ] } },
{ "type": "Feature", "properties": { "内容": "はあとふる介護タクシー合同会社【訪問介護】宮城県柴田郡柴田町船岡西二丁目８番１４号", "url": "https://www.kaigokensaku.mhlw.go.jp/04/index.php?action_kouhyou_detail_004_kani=true&JigyosyoCd=0472201466-00&ServiceCd=110&Type=search", "url2": "https://heartfulkaigo.p-kit.com/" }, "geometry": { "type": "Point", "coordinates": [ 140.7609115, 38.0523855 ] } },
{ "type": "Feature", "properties": { "内容": "ピース【訪問介護】宮城県柴田郡柴田町船岡東二丁目11番23号", "url": "https://www.kaigokensaku.mhlw.go.jp/04/index.php?action_kouhyou_detail_004_kani=true&JigyosyoCd=0472201185-00&ServiceCd=110&Type=search", "url2": null }, "geometry": { "type": "Point", "coordinates": [ 140.774731, 38.058316 ] } },
{ "type": "Feature", "properties": { "内容": "社会福祉法人川崎町社会福祉協議会【訪問介護】宮城県柴田郡川崎町大字前川字北原23-1川崎町健康福祉センター", "url": "https://www.kaigokensaku.mhlw.go.jp/04/index.php?action_kouhyou_detail_004_kani=true&JigyosyoCd=0472200062-00&ServiceCd=110&Type=search", "url2": "http://www.kawasaki-shakyo.com/" }, "geometry": { "type": "Point", "coordinates": [ 140.630178099999966, 38.1821607 ] } },
{ "type": "Feature", "properties": { "内容": "あしすと悠【訪問介護】宮城県亘理郡亘理町長瀞字鳥飼24-1", "url": "https://www.kaigokensaku.mhlw.go.jp/04/index.php?action_kouhyou_detail_004_kani=true&JigyosyoCd=0472400738-00&ServiceCd=110&Type=search", "url2": null }, "geometry": { "type": "Point", "coordinates": [ 140.850809921973791, 38.020216953944008 ] } },
{ "type": "Feature", "properties": { "内容": "ニチイケアセンター　亘理【訪問介護】宮城県亘理郡亘理町新町45-4", "url": "https://www.kaigokensaku.mhlw.go.jp/04/index.php?action_kouhyou_detail_004_kani=true&JigyosyoCd=0472400555-00&ServiceCd=110&Type=search", "url2": "http://www.nichiigakkan.co.jp" }, "geometry": { "type": "Point", "coordinates": [ 140.857953100000032, 38.0358043 ] } },
{ "type": "Feature", "properties": { "内容": "訪問介護ステーションふっとぽいんと【訪問介護】宮城県亘理郡亘理町吉田字流146-911", "url": "https://www.kaigokensaku.mhlw.go.jp/04/index.php?action_kouhyou_detail_004_kani=true&JigyosyoCd=0472400928-00&ServiceCd=110&Type=search", "url2": null }, "geometry": { "type": "Point", "coordinates": [ 140.8901783, 38.0006393 ] } },
{ "type": "Feature", "properties": { "内容": "みのり訪問介護ステーション【訪問介護】宮城県亘理郡亘理町吉田字原247番地19", "url": "https://www.kaigokensaku.mhlw.go.jp/04/index.php?action_kouhyou_detail_004_kani=true&JigyosyoCd=0472400837-00&ServiceCd=110&Type=search", "url2": "https://www.kaito-watari.co.jp/" }, "geometry": { "type": "Point", "coordinates": [ 140.898670600000059, 38.0137193 ] } },
{ "type": "Feature", "properties": { "内容": "社会福祉法人　亘理町社会福祉協議会　指定訪問介護事業所【訪問介護】宮城県亘理郡亘理町字旧舘６０－７", "url": "https://www.kaigokensaku.mhlw.go.jp/04/index.php?action_kouhyou_detail_004_kani=true&JigyosyoCd=0472400142-00&ServiceCd=110&Type=search", "url2": "http://www.watarishakyo.or.jp/" }, "geometry": { "type": "Point", "coordinates": [ 140.850828699999965, 38.0344542 ] } },
{ "type": "Feature", "properties": { "内容": "つばめの郷【訪問介護】宮城県亘理郡亘理町逢隈神宮寺字一郷44-3", "url": "https://www.kaigokensaku.mhlw.go.jp/04/index.php?action_kouhyou_detail_004_kani=true&JigyosyoCd=0472400944-00&ServiceCd=110&Type=search", "url2": "http://www.hukurounosato0426.com/" }, "geometry": { "type": "Point", "coordinates": [ 140.8564782, 38.0525148 ] } },
{ "type": "Feature", "properties": { "内容": "風の章ヘルパーステーション【訪問介護】宮城県亘理郡山元町高瀬字合戦原100番地41", "url": "https://www.kaigokensaku.mhlw.go.jp/04/index.php?action_kouhyou_detail_004_kani=true&JigyosyoCd=0472400878-00&ServiceCd=110&Type=search", "url2": null }, "geometry": { "type": "Point", "coordinates": [ 140.8922423, 37.9440202 ] } },
{ "type": "Feature", "properties": { "内容": "特定非営利活動法人　にこにこケアサービス【訪問介護】宮城県亘理郡山元町小平字北ノ入56-2", "url": "https://www.kaigokensaku.mhlw.go.jp/04/index.php?action_kouhyou_detail_004_kani=true&JigyosyoCd=0472400233-00&ServiceCd=110&Type=search", "url2": null }, "geometry": { "type": "Point", "coordinates": [ 140.85993869999993, 37.9829267 ] } },
{ "type": "Feature", "properties": { "内容": "ニチイケアセンター山下【訪問介護】亘理郡山元町山寺字山下32", "url": "https://www.kaigokensaku.mhlw.go.jp/04/index.php?action_kouhyou_detail_004_kani=true&JigyosyoCd=0472400886-00&ServiceCd=110&Type=search", "url2": "http://www.nichiigakkan.co.jp" }, "geometry": { "type": "Point", "coordinates": [ 140.878063200000014, 37.9683085 ] } },
{ "type": "Feature", "properties": { "内容": "社会福祉法人　山元町社会福祉協議会　指定訪問介護事業所【訪問介護】宮城県亘理郡山元町真庭字名生東119-1", "url": "https://www.kaigokensaku.mhlw.go.jp/04/index.php?action_kouhyou_detail_004_kani=true&JigyosyoCd=0472400126-00&ServiceCd=110&Type=search", "url2": "http://www.yamamotoshakyo.or.jp" }, "geometry": { "type": "Point", "coordinates": [ 140.889086050913647, 37.939937676634216 ] } },
{ "type": "Feature", "properties": { "内容": "すみれヘルパーステーション【訪問介護】宮城県亘理郡山元町坂元字町44-1", "url": "https://www.kaigokensaku.mhlw.go.jp/04/index.php?action_kouhyou_detail_004_kani=true&JigyosyoCd=0472400761-00&ServiceCd=110&Type=search", "url2": null }, "geometry": { "type": "Point", "coordinates": [ 140.896718299999947, 37.920621 ] } },
{ "type": "Feature", "properties": { "内容": "ライフリッチ在宅サポートセンター【訪問介護】宮城県宮城郡松島町高城字城内二18", "url": "https://www.kaigokensaku.mhlw.go.jp/04/index.php?action_kouhyou_detail_004_kani=true&JigyosyoCd=0472600931-00&ServiceCd=110&Type=search", "url2": "http://life-rich.net/" }, "geometry": { "type": "Point", "coordinates": [ 141.065945653303515, 38.385905397980125 ] } },
{ "type": "Feature", "properties": { "内容": "ヘルパーステーションいやしの館【訪問介護】宮城県宮城郡松島町高城字元釜家11-5", "url": "https://www.kaigokensaku.mhlw.go.jp/04/index.php?action_kouhyou_detail_004_kani=true&JigyosyoCd=0472600956-00&ServiceCd=110&Type=search", "url2": null }, "geometry": { "type": "Point", "coordinates": [ 141.073731639676936, 38.38249628068484 ] } },
{ "type": "Feature", "properties": { "内容": "桜ヘルパーステーション【訪問介護】宮城県宮城郡松島町高城字５３番地2", "url": "https://www.kaigokensaku.mhlw.go.jp/04/index.php?action_kouhyou_detail_004_kani=true&JigyosyoCd=0472601079-00&ServiceCd=110&Type=search", "url2": "https://sakuranoie.org" }, "geometry": { "type": "Point", "coordinates": [ 141.0702099, 38.3873642 ] } },
{ "type": "Feature", "properties": { "内容": "松島医療生活協同組合まつしまホームヘルパー【訪問介護】宮城県宮城郡松島町松島字普賢堂1-4まつしまの郷", "url": "https://www.kaigokensaku.mhlw.go.jp/04/index.php?action_kouhyou_detail_004_kani=true&JigyosyoCd=0472600816-00&ServiceCd=110&Type=search", "url2": "http://www.mmcoop.or.jp/" }, "geometry": { "type": "Point", "coordinates": [ 141.063507652114822, 38.371772942462769 ] } },
{ "type": "Feature", "properties": { "内容": "松島町社協指定訪問介護事業所【訪問介護】宮城郡松島町根廻字上山王6-27", "url": "https://www.kaigokensaku.mhlw.go.jp/04/index.php?action_kouhyou_detail_004_kani=true&JigyosyoCd=0472600071-00&ServiceCd=110&Type=search", "url2": null }, "geometry": { "type": "Point", "coordinates": [ 141.058773699999961, 38.4089548 ] } },
{ "type": "Feature", "properties": { "内容": "お月さまステーション【訪問介護】宮城県宮城郡七ヶ浜町境山二丁目9-65", "url": "https://www.kaigokensaku.mhlw.go.jp/04/index.php?action_kouhyou_detail_004_kani=true&JigyosyoCd=0472600964-00&ServiceCd=110&Type=search", "url2": "https://www.otsukisama-station.com" }, "geometry": { "type": "Point", "coordinates": [ 141.041890200000012, 38.2999763 ] } },
{ "type": "Feature", "properties": { "内容": "ひまわりの丘ヘルパーステーション【訪問介護】宮城県宮城郡七ヶ浜町遠山五丁目5の75", "url": "https://www.kaigokensaku.mhlw.go.jp/04/index.php?action_kouhyou_detail_004_kani=true&JigyosyoCd=0472600998-00&ServiceCd=110&Type=search", "url2": "https://www.himawari-7.com" }, "geometry": { "type": "Point", "coordinates": [ 141.038981363368237, 38.304444496570547 ] } },
{ "type": "Feature", "properties": { "内容": "プリムローズ有限会社　ヘルパーステーション海の宮【訪問介護】宮城県宮城郡七ヶ浜町東宮浜字前畑10番地", "url": "https://www.kaigokensaku.mhlw.go.jp/04/index.php?action_kouhyou_detail_004_kani=true&JigyosyoCd=0472600808-00&ServiceCd=110&Type=search", "url2": "https://uminomiya.com" }, "geometry": { "type": "Point", "coordinates": [ 141.05644940000002, 38.310553500000019 ] } },
{ "type": "Feature", "properties": { "内容": "はまぎく介護ステーション有限会社【訪問介護】宮城県宮城郡七ヶ浜町東宮浜字上ノ台３５－２", "url": "https://www.kaigokensaku.mhlw.go.jp/04/index.php?action_kouhyou_detail_004_kani=true&JigyosyoCd=0472600469-00&ServiceCd=110&Type=search", "url2": null }, "geometry": { "type": "Point", "coordinates": [ 141.054843895549453, 38.310310188661113 ] } },
{ "type": "Feature", "properties": { "内容": "セントケアりふ森の郷【訪問介護】宮城県宮城郡利府町中央1丁目9－7", "url": "https://www.kaigokensaku.mhlw.go.jp/04/index.php?action_kouhyou_detail_004_kani=true&JigyosyoCd=0472600568-00&ServiceCd=110&Type=search", "url2": "http://www.saint-care.com" }, "geometry": { "type": "Point", "coordinates": [ 140.9836355, 38.3300592 ] } },
{ "type": "Feature", "properties": { "内容": "利府町社会福祉協議会　指定訪問介護事業所【訪問介護】宮城県宮城郡利府町青葉台1丁目32番地利府町保健福祉センター内", "url": "https://www.kaigokensaku.mhlw.go.jp/04/index.php?action_kouhyou_detail_004_kani=true&JigyosyoCd=0472600121-00&ServiceCd=110&Type=search", "url2": "http://rifu-shakyo.com" }, "geometry": { "type": "Point", "coordinates": [ 140.969427760494568, 38.333537940575511 ] } },
{ "type": "Feature", "properties": { "内容": "ニチイケアセンター七ツ森【訪問介護】黒川郡大和町吉岡まほろば二丁目22番地の1", "url": "https://www.kaigokensaku.mhlw.go.jp/04/index.php?action_kouhyou_detail_004_kani=true&JigyosyoCd=0472700921-00&ServiceCd=110&Type=search", "url2": "http://www.nichiigakkan.co.jp" }, "geometry": { "type": "Point", "coordinates": [ 140.876165899999933, 38.4369954 ] } },
{ "type": "Feature", "properties": { "内容": "ツクイ大和【訪問介護】宮城県黒川郡大和町吉岡字天皇寺87", "url": "https://www.kaigokensaku.mhlw.go.jp/04/index.php?action_kouhyou_detail_004_kani=true&JigyosyoCd=0472700442-00&ServiceCd=110&Type=search", "url2": "https://www.tsukui.net/home-care/2062/" }, "geometry": { "type": "Point", "coordinates": [ 140.887006, 38.4418491 ] } },
{ "type": "Feature", "properties": { "内容": "ヘルパーステーション桧杜の丘【訪問介護】宮城県黒川郡大和町杜の丘１丁目１４番２メディカルケアセンター杜の丘", "url": "https://www.kaigokensaku.mhlw.go.jp/04/index.php?action_kouhyou_detail_004_kani=true&JigyosyoCd=0472701473-00&ServiceCd=110&Type=search", "url2": null }, "geometry": { "type": "Point", "coordinates": [ 140.867714206884727, 38.385635239164451 ] } },
{ "type": "Feature", "properties": { "内容": "羽生訪問介護事業所【訪問介護】宮城県黒川郡大郷町羽生字中ノ町11番1", "url": "https://www.kaigokensaku.mhlw.go.jp/04/index.php?action_kouhyou_detail_004_kani=true&JigyosyoCd=0472701325-00&ServiceCd=110&Type=search", "url2": null }, "geometry": { "type": "Point", "coordinates": [ 141.017335891154488, 38.42645210885285 ] } },
{ "type": "Feature", "properties": { "内容": "大郷町社会福祉協議会　ライフサポートおおさと【訪問介護】宮城県黒川郡大郷町粕川字東長崎３１－７", "url": "https://www.kaigokensaku.mhlw.go.jp/04/index.php?action_kouhyou_detail_004_kani=true&JigyosyoCd=0472700681-00&ServiceCd=110&Type=search", "url2": "http://oosato-syakyo.or.jp" }, "geometry": { "type": "Point", "coordinates": [ 141.00518969999996, 38.4254735 ] } },
{ "type": "Feature", "properties": { "内容": "訪問介護事業所サンすまいるおおひら【訪問介護】宮城県黒川郡大衡村大衡字６６番地３", "url": "https://www.kaigokensaku.mhlw.go.jp/04/index.php?action_kouhyou_detail_004_kani=true&JigyosyoCd=0472701424-00&ServiceCd=110&Type=search", "url2": "http//www.suncare-s.jp" }, "geometry": { "type": "Point", "coordinates": [ 140.8800209, 38.4945939 ] } },
{ "type": "Feature", "properties": { "内容": "社会福祉法人色麻町社会福祉協議会　指定訪問介護事業所【訪問介護】宮城県加美郡色麻町四竈字杉成27番地2", "url": "https://www.kaigokensaku.mhlw.go.jp/04/index.php?action_kouhyou_detail_004_kani=true&JigyosyoCd=0472800176-00&ServiceCd=110&Type=search", "url2": null }, "geometry": { "type": "Point", "coordinates": [ 140.85092300992585, 38.551799229243123 ] } },
{ "type": "Feature", "properties": { "内容": "セントケア加美【訪問介護】宮城県加美郡加美町南町72", "url": "https://www.kaigokensaku.mhlw.go.jp/04/index.php?action_kouhyou_detail_004_kani=true&JigyosyoCd=0472800572-00&ServiceCd=110&Type=search", "url2": "https:www.saint-care.com" }, "geometry": { "type": "Point", "coordinates": [ 140.8587344, 38.5699425 ] } },
{ "type": "Feature", "properties": { "内容": "ニチイケアセンターなかにいだ【訪問介護】宮城県加美郡加美町字町裏146番地3アシストビル102", "url": "https://www.kaigokensaku.mhlw.go.jp/04/index.php?action_kouhyou_detail_004_kani=true&JigyosyoCd=0472800762-00&ServiceCd=110&Type=search", "url2": "https://www.nichiigakkan.co.jp" }, "geometry": { "type": "Point", "coordinates": [ 140.859816311639406, 38.569705068173747 ] } },
{ "type": "Feature", "properties": { "内容": "ケアステーション壱番館【訪問介護】宮城県加美郡加美町平柳字本屋敷2番地1", "url": "https://www.kaigokensaku.mhlw.go.jp/04/index.php?action_kouhyou_detail_004_kani=true&JigyosyoCd=0472800739-00&ServiceCd=110&Type=search", "url2": null }, "geometry": { "type": "Point", "coordinates": [ 140.890473199999974, 38.5674484 ] } },
{ "type": "Feature", "properties": { "内容": "社会福祉法人加美町社会福祉協議会中新田ヘルパーステーション【訪問介護】宮城県加美郡加美町字町裏320", "url": "https://www.kaigokensaku.mhlw.go.jp/04/index.php?action_kouhyou_detail_004_kani=true&JigyosyoCd=0472800267-00&ServiceCd=110&Type=search", "url2": null }, "geometry": { "type": "Point", "coordinates": [ 140.861611900000071, 38.5693926 ] } },
{ "type": "Feature", "properties": { "内容": "ゆうらいふホームヘルプサービス【訪問介護】宮城県遠田郡涌谷町涌谷字新下町浦192", "url": "https://www.kaigokensaku.mhlw.go.jp/04/index.php?action_kouhyou_detail_004_kani=true&JigyosyoCd=0473100329-00&ServiceCd=110&Type=search", "url2": "http://www.wakuya-sfk.net/" }, "geometry": { "type": "Point", "coordinates": [ 141.141148700000031, 38.5394129 ] } },
{ "type": "Feature", "properties": { "内容": "ひばり園ヘルパーステーション【訪問介護】宮城県遠田郡美里町北浦一丁目５番３", "url": "https://www.kaigokensaku.mhlw.go.jp/04/index.php?action_kouhyou_detail_004_kani=true&JigyosyoCd=0473100600-00&ServiceCd=110&Type=search", "url2": null }, "geometry": { "type": "Point", "coordinates": [ 141.060155500000064, 38.5415693 ] } },
{ "type": "Feature", "properties": { "内容": "セントケアこごた【訪問介護】宮城県遠田郡美里町字化粧坂19-1", "url": "https://www.kaigokensaku.mhlw.go.jp/04/index.php?action_kouhyou_detail_004_kani=true&JigyosyoCd=0473100683-00&ServiceCd=110&Type=search", "url2": null }, "geometry": { "type": "Point", "coordinates": [ 141.066860600000041, 38.5335897 ] } },
{ "type": "Feature", "properties": { "内容": "訪問介護福寿の家【訪問介護】宮城県遠田郡美里町北浦字待江82-8", "url": "https://www.kaigokensaku.mhlw.go.jp/04/index.php?action_kouhyou_detail_004_kani=true&JigyosyoCd=0473100873-00&ServiceCd=110&Type=search", "url2": null }, "geometry": { "type": "Point", "coordinates": [ 140.9483136, 38.5866922 ] } },
{ "type": "Feature", "properties": { "内容": "JA新みやぎふれ愛福祉センター小牛田【訪問介護】宮城県遠田郡美里町中埣字夘時3-1", "url": "https://www.kaigokensaku.mhlw.go.jp/04/index.php?action_kouhyou_detail_004_kani=true&JigyosyoCd=0473100253-00&ServiceCd=110&Type=search", "url2": "http://www.ja-shinmiyagi.or.jp" }, "geometry": { "type": "Point", "coordinates": [ 141.03452249999998, 38.5792204 ] } },
{ "type": "Feature", "properties": { "内容": "なんごうホームヘルパーステ-ション【訪問介護】宮城県遠田郡美里町木間塚字原田７番地", "url": "https://www.kaigokensaku.mhlw.go.jp/04/index.php?action_kouhyou_detail_004_kani=true&JigyosyoCd=0473100055-00&ServiceCd=110&Type=search", "url2": "http://inahonosato.com/" }, "geometry": { "type": "Point", "coordinates": [ 141.1333684, 38.4901935 ] } },
{ "type": "Feature", "properties": { "内容": "セントケア南三陸【訪問介護】宮城県本吉郡南三陸町戸倉字町44-3３号", "url": "https://www.kaigokensaku.mhlw.go.jp/04/index.php?action_kouhyou_detail_004_kani=true&JigyosyoCd=0473600476-00&ServiceCd=110&Type=search", "url2": null }, "geometry": { "type": "Point", "coordinates": [ 141.414256499999965, 38.6446791 ] } },
{ "type": "Feature", "properties": { "内容": "南三陸町ヘルパーセンターまごころ【訪問介護】宮城県本吉郡南三陸町歌津字枡沢28番地１", "url": "https://www.kaigokensaku.mhlw.go.jp/04/index.php?action_kouhyou_detail_004_kani=true&JigyosyoCd=0473600336-00&ServiceCd=110&Type=search", "url2": "http://www.minamisanriku-syakyo.or.jp" }, "geometry": { "type": "Point", "coordinates": [ 141.534173600000031, 38.7202638 ] } }
]
}
