{
"type": "FeatureCollection",
"name": "geo_4_5",
"crs": { "type": "name", "properties": { "name": "urn:ogc:def:crs:OGC:1.3:CRS84" } },
"features": [
{ "type": "Feature", "properties": { "ID": 450400110105, "正式名称": "三省堂薬局", "機関区分": 5, "都道府県コード": 4, "市区町村コード": 101, "所在地": "宮城県仙台市青葉区木町通１ー３ー３０", "緯度": 38.268585, "経度": 140.863544, "url": "https://www.iryou.teikyouseido.mhlw.go.jp/znk-web/juminkanja/S2430/initialize?prefCd=04&kikanCd=0400110105&kikanKbn=5", "url2": null, "内容": "三省堂薬局【5:薬局】宮城県仙台市青葉区木町通１ー３ー３０" }, "geometry": { "type": "Point", "coordinates": [ 140.863544, 38.268585 ] } },
{ "type": "Feature", "properties": { "ID": 450400110142, "正式名称": "八木山薬局", "機関区分": 5, "都道府県コード": 4, "市区町村コード": 104, "所在地": "宮城県仙台市太白区八木山本町１－３２－１６", "緯度": 38.2411009, "経度": 140.8458785, "url": "https://www.iryou.teikyouseido.mhlw.go.jp/znk-web/juminkanja/S2430/initialize?prefCd=04&kikanCd=0400110142&kikanKbn=5", "url2": null, "内容": "八木山薬局【5:薬局】宮城県仙台市太白区八木山本町１－３２－１６" }, "geometry": { "type": "Point", "coordinates": [ 140.8458785, 38.2411009 ] } },
{ "type": "Feature", "properties": { "ID": 450400110170, "正式名称": "有限会社二宮薬局", "機関区分": 5, "都道府県コード": 4, "市区町村コード": 102, "所在地": "宮城県仙台市宮城野区平成２－１５－１５", "緯度": 38.2723758, "経度": 140.9164489, "url": "https://www.iryou.teikyouseido.mhlw.go.jp/znk-web/juminkanja/S2430/initialize?prefCd=04&kikanCd=0400110170&kikanKbn=5", "url2": null, "内容": "有限会社二宮薬局【5:薬局】宮城県仙台市宮城野区平成２－１５－１５" }, "geometry": { "type": "Point", "coordinates": [ 140.9164489, 38.2723758 ] } },
{ "type": "Feature", "properties": { "ID": 450400110189, "正式名称": "セブン薬局", "機関区分": 5, "都道府県コード": 4, "市区町村コード": 101, "所在地": "宮城県仙台市青葉区小田原６ー５ー４４ー１０１", "緯度": 38.271557, "経度": 140.888073, "url": "https://www.iryou.teikyouseido.mhlw.go.jp/znk-web/juminkanja/S2430/initialize?prefCd=04&kikanCd=0400110189&kikanKbn=5", "url2": null, "内容": "セブン薬局【5:薬局】宮城県仙台市青葉区小田原６ー５ー４４ー１０１" }, "geometry": { "type": "Point", "coordinates": [ 140.888073, 38.271557 ] } },
{ "type": "Feature", "properties": { "ID": 450400110268, "正式名称": "すずらん薬局", "機関区分": 5, "都道府県コード": 4, "市区町村コード": 103, "所在地": "宮城県仙台市若林区沖野５丁目８－１", "緯度": 38.2242988, "経度": 140.9129106, "url": "https://www.iryou.teikyouseido.mhlw.go.jp/znk-web/juminkanja/S2430/initialize?prefCd=04&kikanCd=0400110268&kikanKbn=5", "url2": null, "内容": "すずらん薬局【5:薬局】宮城県仙台市若林区沖野５丁目８－１" }, "geometry": { "type": "Point", "coordinates": [ 140.9129106, 38.2242988 ] } },
{ "type": "Feature", "properties": { "ID": 450400110270, "正式名称": "有限会社東薬局", "機関区分": 5, "都道府県コード": 4, "市区町村コード": 102, "所在地": "宮城県仙台市宮城野区東仙台１丁目２２ー５３", "緯度": 38.281455, "経度": 140.924382, "url": "https://www.iryou.teikyouseido.mhlw.go.jp/znk-web/juminkanja/S2430/initialize?prefCd=04&kikanCd=0400110270&kikanKbn=5", "url2": null, "内容": "有限会社東薬局【5:薬局】宮城県仙台市宮城野区東仙台１丁目２２ー５３" }, "geometry": { "type": "Point", "coordinates": [ 140.924382, 38.281455 ] } },
{ "type": "Feature", "properties": { "ID": 450400110282, "正式名称": "フレンド薬局袋原", "機関区分": 5, "都道府県コード": 4, "市区町村コード": 104, "所在地": "宮城県仙台市太白区袋原６丁目３－１", "緯度": 38.1959504, "経度": 140.9103562, "url": "https://www.iryou.teikyouseido.mhlw.go.jp/znk-web/juminkanja/S2430/initialize?prefCd=04&kikanCd=0400110282&kikanKbn=5", "url2": null, "内容": "フレンド薬局袋原【5:薬局】宮城県仙台市太白区袋原６丁目３－１" }, "geometry": { "type": "Point", "coordinates": [ 140.9103562, 38.1959504 ] } },
{ "type": "Feature", "properties": { "ID": 450400110320, "正式名称": "保険調剤　東北大（財）しんゆうかい薬局", "機関区分": 5, "都道府県コード": 4, "市区町村コード": 101, "所在地": "宮城県仙台市青葉区支倉町４番３８号", "緯度": 38.270624, "経度": 140.86164, "url": "https://www.iryou.teikyouseido.mhlw.go.jp/znk-web/juminkanja/S2430/initialize?prefCd=04&kikanCd=0400110320&kikanKbn=5", "url2": null, "内容": "保険調剤　東北大（財）しんゆうかい薬局【5:薬局】宮城県仙台市青葉区支倉町４番３８号" }, "geometry": { "type": "Point", "coordinates": [ 140.86164, 38.270624 ] } },
{ "type": "Feature", "properties": { "ID": 450400110330, "正式名称": "有限会社西堀薬局", "機関区分": 5, "都道府県コード": 4, "市区町村コード": 101, "所在地": "宮城県仙台市青葉区一番町４ー１１ー１ー１０５", "緯度": 38.260487, "経度": 140.87201, "url": "https://www.iryou.teikyouseido.mhlw.go.jp/znk-web/juminkanja/S2430/initialize?prefCd=04&kikanCd=0400110330&kikanKbn=5", "url2": null, "内容": "有限会社西堀薬局【5:薬局】宮城県仙台市青葉区一番町４ー１１ー１ー１０５" }, "geometry": { "type": "Point", "coordinates": [ 140.87201, 38.260487 ] } },
{ "type": "Feature", "properties": { "ID": 450400110349, "正式名称": "羽黒台薬局", "機関区分": 5, "都道府県コード": 4, "市区町村コード": 104, "所在地": "宮城県仙台市太白区羽黒台１０ー６", "緯度": 38.220873, "経度": 140.823593, "url": "https://www.iryou.teikyouseido.mhlw.go.jp/znk-web/juminkanja/S2430/initialize?prefCd=04&kikanCd=0400110349&kikanKbn=5", "url2": null, "内容": "羽黒台薬局【5:薬局】宮城県仙台市太白区羽黒台１０ー６" }, "geometry": { "type": "Point", "coordinates": [ 140.823593, 38.220873 ] } },
{ "type": "Feature", "properties": { "ID": 450400110350, "正式名称": "ひかり薬局西多賀", "機関区分": 5, "都道府県コード": 4, "市区町村コード": 104, "所在地": "宮城県仙台市太白区西多賀４－６－７", "緯度": 38.222781, "経度": 140.852678, "url": "https://www.iryou.teikyouseido.mhlw.go.jp/znk-web/juminkanja/S2430/initialize?prefCd=04&kikanCd=0400110350&kikanKbn=5", "url2": "http://www.hikari-pharmacy.co.jp", "内容": "ひかり薬局西多賀【5:薬局】宮城県仙台市太白区西多賀４－６－７" }, "geometry": { "type": "Point", "coordinates": [ 140.852678, 38.222781 ] } },
{ "type": "Feature", "properties": { "ID": 450400110357, "正式名称": "あい薬局", "機関区分": 5, "都道府県コード": 4, "市区町村コード": 105, "所在地": "宮城県仙台市泉区館２－１－１０３", "緯度": 38.31286, "経度": 140.796832, "url": "https://www.iryou.teikyouseido.mhlw.go.jp/znk-web/juminkanja/S2430/initialize?prefCd=04&kikanCd=0400110357&kikanKbn=5", "url2": "https://meron-net.shop/ds/ai", "内容": "あい薬局【5:薬局】宮城県仙台市泉区館２－１－１０３" }, "geometry": { "type": "Point", "coordinates": [ 140.796832, 38.31286 ] } },
{ "type": "Feature", "properties": { "ID": 450400110462, "正式名称": "たちまち薬局", "機関区分": 5, "都道府県コード": 4, "市区町村コード": 101, "所在地": "宮城県仙台市青葉区立町１６－１４", "緯度": 38.263297, "経度": 140.865381, "url": "https://www.iryou.teikyouseido.mhlw.go.jp/znk-web/juminkanja/S2430/initialize?prefCd=04&kikanCd=0400110462&kikanKbn=5", "url2": null, "内容": "たちまち薬局【5:薬局】宮城県仙台市青葉区立町１６－１４" }, "geometry": { "type": "Point", "coordinates": [ 140.865381, 38.263297 ] } },
{ "type": "Feature", "properties": { "ID": 450400110487, "正式名称": "株式会社カンノ薬局", "機関区分": 5, "都道府県コード": 4, "市区町村コード": 101, "所在地": "宮城県仙台市青葉区宮町２－１－５５", "緯度": 38.2704684, "経度": 140.8835816, "url": "https://www.iryou.teikyouseido.mhlw.go.jp/znk-web/juminkanja/S2430/initialize?prefCd=04&kikanCd=0400110487&kikanKbn=5", "url2": "https://www.pharmacy-kanno.com/", "内容": "株式会社カンノ薬局【5:薬局】宮城県仙台市青葉区宮町２－１－５５" }, "geometry": { "type": "Point", "coordinates": [ 140.883581600000014, 38.2704684 ] } },
{ "type": "Feature", "properties": { "ID": 450400110561, "正式名称": "有限会社西内薬局", "機関区分": 5, "都道府県コード": 4, "市区町村コード": 105, "所在地": "宮城県仙台市泉区高森４－２－４", "緯度": 38.338789, "経度": 140.848304, "url": "https://www.iryou.teikyouseido.mhlw.go.jp/znk-web/juminkanja/S2430/initialize?prefCd=04&kikanCd=0400110561&kikanKbn=5", "url2": "https://www.nishiuchi-web.net/", "内容": "有限会社西内薬局【5:薬局】宮城県仙台市泉区高森４－２－４" }, "geometry": { "type": "Point", "coordinates": [ 140.848304, 38.338789 ] } },
{ "type": "Feature", "properties": { "ID": 450400110577, "正式名称": "ひかり薬局大学病院前調剤センター", "機関区分": 5, "都道府県コード": 4, "市区町村コード": 101, "所在地": "宮城県仙台市青葉区支倉町４－３４", "緯度": 38.27068, "経度": 140.861374, "url": "https://www.iryou.teikyouseido.mhlw.go.jp/znk-web/juminkanja/S2430/initialize?prefCd=04&kikanCd=0400110577&kikanKbn=5", "url2": "http://www.hikari-pharmacy.co.jp", "内容": "ひかり薬局大学病院前調剤センター【5:薬局】宮城県仙台市青葉区支倉町４－３４" }, "geometry": { "type": "Point", "coordinates": [ 140.861374, 38.27068 ] } },
{ "type": "Feature", "properties": { "ID": 450400110586, "正式名称": "広瀬調剤薬局", "機関区分": 5, "都道府県コード": 4, "市区町村コード": 101, "所在地": "宮城県仙台市青葉区上愛子上遠野原９－４７", "緯度": 38.271747, "経度": 140.725174, "url": "https://www.iryou.teikyouseido.mhlw.go.jp/znk-web/juminkanja/S2430/initialize?prefCd=04&kikanCd=0400110586&kikanKbn=5", "url2": "https://ship-ph.co.jp/", "内容": "広瀬調剤薬局【5:薬局】宮城県仙台市青葉区上愛子上遠野原９－４７" }, "geometry": { "type": "Point", "coordinates": [ 140.725174, 38.271747 ] } },
{ "type": "Feature", "properties": { "ID": 450400110597, "正式名称": "宮城調剤薬局　南中山店", "機関区分": 5, "都道府県コード": 4, "市区町村コード": 105, "所在地": "宮城県仙台市泉区南中山二丁目１８－２", "緯度": 38.309502, "経度": 140.825806, "url": "https://www.iryou.teikyouseido.mhlw.go.jp/znk-web/juminkanja/S2430/initialize?prefCd=04&kikanCd=0400110597&kikanKbn=5", "url2": "http://miyachou-ph.co.jp/", "内容": "宮城調剤薬局　南中山店【5:薬局】宮城県仙台市泉区南中山二丁目１８－２" }, "geometry": { "type": "Point", "coordinates": [ 140.825806, 38.309502 ] } },
{ "type": "Feature", "properties": { "ID": 450400110616, "正式名称": "調剤薬局ファースト原町", "機関区分": 5, "都道府県コード": 4, "市区町村コード": 102, "所在地": "宮城県仙台市宮城野区原町１丁目１－７７－１１５", "緯度": 38.2638842, "経度": 140.8974655, "url": "https://www.iryou.teikyouseido.mhlw.go.jp/znk-web/juminkanja/S2430/initialize?prefCd=04&kikanCd=0400110616&kikanKbn=5", "url2": null, "内容": "調剤薬局ファースト原町【5:薬局】宮城県仙台市宮城野区原町１丁目１－７７－１１５" }, "geometry": { "type": "Point", "coordinates": [ 140.89746550000001, 38.2638842 ] } },
{ "type": "Feature", "properties": { "ID": 450400110624, "正式名称": "ひかり薬局宮城野", "機関区分": 5, "都道府県コード": 4, "市区町村コード": 102, "所在地": "宮城県仙台市宮城野区宮城野１丁目２３－２５", "緯度": 38.256114, "経度": 140.898067, "url": "https://www.iryou.teikyouseido.mhlw.go.jp/znk-web/juminkanja/S2430/initialize?prefCd=04&kikanCd=0400110624&kikanKbn=5", "url2": "http://www.hikari-pharmacy.co.jp", "内容": "ひかり薬局宮城野【5:薬局】宮城県仙台市宮城野区宮城野１丁目２３－２５" }, "geometry": { "type": "Point", "coordinates": [ 140.898067, 38.256114 ] } },
{ "type": "Feature", "properties": { "ID": 450400110636, "正式名称": "マリーン調剤薬局　桂店", "機関区分": 5, "都道府県コード": 4, "市区町村コード": 105, "所在地": "宮城県仙台市泉区桂３丁目２－４", "緯度": 38.3381127, "経度": 140.8633756, "url": "https://www.iryou.teikyouseido.mhlw.go.jp/znk-web/juminkanja/S2430/initialize?prefCd=04&kikanCd=0400110636&kikanKbn=5", "url2": "http://www.aquamarine-net.co.jp/", "内容": "マリーン調剤薬局　桂店【5:薬局】宮城県仙台市泉区桂３丁目２－４" }, "geometry": { "type": "Point", "coordinates": [ 140.863375600000012, 38.3381127 ] } },
{ "type": "Feature", "properties": { "ID": 450400110640, "正式名称": "ひかり薬局冠", "機関区分": 5, "都道府県コード": 4, "市区町村コード": 105, "所在地": "宮城県仙台市泉区上谷刈２丁目４の２０", "緯度": 38.316839, "経度": 140.871675, "url": "https://www.iryou.teikyouseido.mhlw.go.jp/znk-web/juminkanja/S2430/initialize?prefCd=04&kikanCd=0400110640&kikanKbn=5", "url2": "http://www.hikari-pharmacy.co.jp", "内容": "ひかり薬局冠【5:薬局】宮城県仙台市泉区上谷刈２丁目４の２０" }, "geometry": { "type": "Point", "coordinates": [ 140.871675, 38.316839 ] } },
{ "type": "Feature", "properties": { "ID": 450400110663, "正式名称": "東北調剤薬局西中田店", "機関区分": 5, "都道府県コード": 4, "市区町村コード": 104, "所在地": "宮城県仙台市太白区西中田５丁目１１－８", "緯度": 38.196956, "経度": 140.876414, "url": "https://www.iryou.teikyouseido.mhlw.go.jp/znk-web/juminkanja/S2430/initialize?prefCd=04&kikanCd=0400110663&kikanKbn=5", "url2": "https://m.facebook.com/Touhokutyouzai/", "内容": "東北調剤薬局西中田店【5:薬局】宮城県仙台市太白区西中田５丁目１１－８" }, "geometry": { "type": "Point", "coordinates": [ 140.876414, 38.196956 ] } },
{ "type": "Feature", "properties": { "ID": 450400110670, "正式名称": "すずき薬局", "機関区分": 5, "都道府県コード": 4, "市区町村コード": 105, "所在地": "宮城県仙台市泉区南光台４－２９－３５", "緯度": 38.298791, "経度": 140.892001, "url": "https://www.iryou.teikyouseido.mhlw.go.jp/znk-web/juminkanja/S2430/initialize?prefCd=04&kikanCd=0400110670&kikanKbn=5", "url2": null, "内容": "すずき薬局【5:薬局】宮城県仙台市泉区南光台４－２９－３５" }, "geometry": { "type": "Point", "coordinates": [ 140.892001, 38.298791 ] } },
{ "type": "Feature", "properties": { "ID": 450400110683, "正式名称": "けやき薬局　泉中央店", "機関区分": 5, "都道府県コード": 4, "市区町村コード": 105, "所在地": "宮城県仙台市泉区泉中央３丁目１８－６", "緯度": 38.326006, "経度": 140.886778, "url": "https://www.iryou.teikyouseido.mhlw.go.jp/znk-web/juminkanja/S2430/initialize?prefCd=04&kikanCd=0400110683&kikanKbn=5", "url2": "https://keyaki.ivalue.info/", "内容": "けやき薬局　泉中央店【5:薬局】宮城県仙台市泉区泉中央３丁目１８－６" }, "geometry": { "type": "Point", "coordinates": [ 140.886778, 38.326006 ] } },
{ "type": "Feature", "properties": { "ID": 450400110691, "正式名称": "ケーアイ調剤薬局", "機関区分": 5, "都道府県コード": 4, "市区町村コード": 104, "所在地": "宮城県仙台市太白区泉崎１－３４－１６", "緯度": 38.2191266, "経度": 140.8692896, "url": "https://www.iryou.teikyouseido.mhlw.go.jp/znk-web/juminkanja/S2430/initialize?prefCd=04&kikanCd=0400110691&kikanKbn=5", "url2": null, "内容": "ケーアイ調剤薬局【5:薬局】宮城県仙台市太白区泉崎１－３４－１６" }, "geometry": { "type": "Point", "coordinates": [ 140.8692896, 38.2191266 ] } },
{ "type": "Feature", "properties": { "ID": 450400110718, "正式名称": "上杉薬局", "機関区分": 5, "都道府県コード": 4, "市区町村コード": 101, "所在地": "宮城県仙台市青葉区上杉２－１－２７陽和ビル１階", "緯度": 38.2738015, "経度": 140.8719679, "url": "https://www.iryou.teikyouseido.mhlw.go.jp/znk-web/juminkanja/S2430/initialize?prefCd=04&kikanCd=0400110718&kikanKbn=5", "url2": null, "内容": "上杉薬局【5:薬局】宮城県仙台市青葉区上杉２－１－２７陽和ビル１階" }, "geometry": { "type": "Point", "coordinates": [ 140.871967899999987, 38.2738015 ] } },
{ "type": "Feature", "properties": { "ID": 450400110720, "正式名称": "つるが丘調剤薬局", "機関区分": 5, "都道府県コード": 4, "市区町村コード": 105, "所在地": "宮城県仙台市泉区鶴が丘１丁目３８－１", "緯度": 38.315125, "経度": 140.923007, "url": "https://www.iryou.teikyouseido.mhlw.go.jp/znk-web/juminkanja/S2430/initialize?prefCd=04&kikanCd=0400110720&kikanKbn=5", "url2": "https://meron-net.shop/ds/turugaokatyouzai", "内容": "つるが丘調剤薬局【5:薬局】宮城県仙台市泉区鶴が丘１丁目３８－１" }, "geometry": { "type": "Point", "coordinates": [ 140.923007, 38.315125 ] } },
{ "type": "Feature", "properties": { "ID": 450400110733, "正式名称": "宮城調剤薬局　北中山店", "機関区分": 5, "都道府県コード": 4, "市区町村コード": 105, "所在地": "宮城県仙台市泉区北中山２丁目３２－７", "緯度": 38.316853, "経度": 140.816845, "url": "https://www.iryou.teikyouseido.mhlw.go.jp/znk-web/juminkanja/S2430/initialize?prefCd=04&kikanCd=0400110733&kikanKbn=5", "url2": "http://miyachou-ph.co.jp/", "内容": "宮城調剤薬局　北中山店【5:薬局】宮城県仙台市泉区北中山２丁目３２－７" }, "geometry": { "type": "Point", "coordinates": [ 140.816845, 38.316853 ] } },
{ "type": "Feature", "properties": { "ID": 450400110746, "正式名称": "マリーン調剤薬局　南光台中央店", "機関区分": 5, "都道府県コード": 4, "市区町村コード": 105, "所在地": "宮城県仙台市泉区南光台３丁目２７ー１３－１０１", "緯度": 38.297815, "経度": 140.897018, "url": "https://www.iryou.teikyouseido.mhlw.go.jp/znk-web/juminkanja/S2430/initialize?prefCd=04&kikanCd=0400110746&kikanKbn=5", "url2": "http://www.aquamarine-net.co.jp", "内容": "マリーン調剤薬局　南光台中央店【5:薬局】宮城県仙台市泉区南光台３丁目２７ー１３－１０１" }, "geometry": { "type": "Point", "coordinates": [ 140.897018, 38.297815 ] } },
{ "type": "Feature", "properties": { "ID": 450400110764, "正式名称": "七郷調剤薬局", "機関区分": 5, "都道府県コード": 4, "市区町村コード": 103, "所在地": "宮城県仙台市若林区荒井３丁目２５ー４番地", "緯度": 38.240818, "経度": 140.944642, "url": "https://www.iryou.teikyouseido.mhlw.go.jp/znk-web/juminkanja/S2430/initialize?prefCd=04&kikanCd=0400110764&kikanKbn=5", "url2": "http://www.shpe.co.jp/", "内容": "七郷調剤薬局【5:薬局】宮城県仙台市若林区荒井３丁目２５ー４番地" }, "geometry": { "type": "Point", "coordinates": [ 140.944642, 38.240818 ] } },
{ "type": "Feature", "properties": { "ID": 450400110770, "正式名称": "南中山調剤薬局", "機関区分": 5, "都道府県コード": 4, "市区町村コード": 105, "所在地": "宮城県仙台市泉区南中山三丁目１６－１６", "緯度": 38.309836, "経度": 140.82511, "url": "https://www.iryou.teikyouseido.mhlw.go.jp/znk-web/juminkanja/S2430/initialize?prefCd=04&kikanCd=0400110770&kikanKbn=5", "url2": "http://www.pharland.jp/", "内容": "南中山調剤薬局【5:薬局】宮城県仙台市泉区南中山三丁目１６－１６" }, "geometry": { "type": "Point", "coordinates": [ 140.82511, 38.309836 ] } },
{ "type": "Feature", "properties": { "ID": 450400110771, "正式名称": "泰生堂漢方薬局", "機関区分": 5, "都道府県コード": 4, "市区町村コード": 101, "所在地": "宮城県仙台市青葉区柏木１－９－２３", "緯度": 38.275314, "経度": 140.858564, "url": "https://www.iryou.teikyouseido.mhlw.go.jp/znk-web/juminkanja/S2430/initialize?prefCd=04&kikanCd=0400110771&kikanKbn=5", "url2": null, "内容": "泰生堂漢方薬局【5:薬局】宮城県仙台市青葉区柏木１－９－２３" }, "geometry": { "type": "Point", "coordinates": [ 140.858564, 38.275314 ] } },
{ "type": "Feature", "properties": { "ID": 450400110773, "正式名称": "ライフ調剤薬局　泉中央店", "機関区分": 5, "都道府県コード": 4, "市区町村コード": 105, "所在地": "宮城県仙台市泉区泉中央１－１４－５", "緯度": 38.3237638, "経度": 140.8794332, "url": "https://www.iryou.teikyouseido.mhlw.go.jp/znk-web/juminkanja/S2430/initialize?prefCd=04&kikanCd=0400110773&kikanKbn=5", "url2": null, "内容": "ライフ調剤薬局　泉中央店【5:薬局】宮城県仙台市泉区泉中央１－１４－５" }, "geometry": { "type": "Point", "coordinates": [ 140.8794332, 38.3237638 ] } },
{ "type": "Feature", "properties": { "ID": 450400110774, "正式名称": "フレンド薬局　松が丘", "機関区分": 5, "都道府県コード": 4, "市区町村コード": 104, "所在地": "宮城県仙台市太白区松が丘１０－４", "緯度": 38.242252, "経度": 140.850453, "url": "https://www.iryou.teikyouseido.mhlw.go.jp/znk-web/juminkanja/S2430/initialize?prefCd=04&kikanCd=0400110774&kikanKbn=5", "url2": null, "内容": "フレンド薬局　松が丘【5:薬局】宮城県仙台市太白区松が丘１０－４" }, "geometry": { "type": "Point", "coordinates": [ 140.850453, 38.242252 ] } },
{ "type": "Feature", "properties": { "ID": 450400110776, "正式名称": "つかもと調剤薬局　中島丁店", "機関区分": 5, "都道府県コード": 4, "市区町村コード": 101, "所在地": "宮城県仙台市青葉区八幡３－１７－２　サンシャレイ中島丁２０１", "緯度": 38.268127, "経度": 140.845746, "url": "https://www.iryou.teikyouseido.mhlw.go.jp/znk-web/juminkanja/S2430/initialize?prefCd=04&kikanCd=0400110776&kikanKbn=5", "url2": null, "内容": "つかもと調剤薬局　中島丁店【5:薬局】宮城県仙台市青葉区八幡３－１７－２　サンシャレイ中島丁２０１" }, "geometry": { "type": "Point", "coordinates": [ 140.845746, 38.268127 ] } },
{ "type": "Feature", "properties": { "ID": 450400110777, "正式名称": "リフレ薬局", "機関区分": 5, "都道府県コード": 4, "市区町村コード": 101, "所在地": "宮城県仙台市青葉区立町１－２３", "緯度": 38.262666, "経度": 140.867287, "url": "https://www.iryou.teikyouseido.mhlw.go.jp/znk-web/juminkanja/S2430/initialize?prefCd=04&kikanCd=0400110777&kikanKbn=5", "url2": "http://www.refre-net.com", "内容": "リフレ薬局【5:薬局】宮城県仙台市青葉区立町１－２３" }, "geometry": { "type": "Point", "coordinates": [ 140.867287, 38.262666 ] } },
{ "type": "Feature", "properties": { "ID": 450400110778, "正式名称": "アクア調剤薬局", "機関区分": 5, "都道府県コード": 4, "市区町村コード": 101, "所在地": "宮城県仙台市青葉区中山２－２６－２４", "緯度": 38.287936, "経度": 140.843219, "url": "https://www.iryou.teikyouseido.mhlw.go.jp/znk-web/juminkanja/S2430/initialize?prefCd=04&kikanCd=0400110778&kikanKbn=5", "url2": "https://www.aqua-drug.com", "内容": "アクア調剤薬局【5:薬局】宮城県仙台市青葉区中山２－２６－２４" }, "geometry": { "type": "Point", "coordinates": [ 140.843219, 38.287936 ] } },
{ "type": "Feature", "properties": { "ID": 450400110779, "正式名称": "マリーン調剤薬局　木町通店", "機関区分": 5, "都道府県コード": 4, "市区町村コード": 101, "所在地": "宮城県仙台市青葉区木町通一丁目６－３２", "緯度": 38.269428, "経度": 140.865248, "url": "https://www.iryou.teikyouseido.mhlw.go.jp/znk-web/juminkanja/S2430/initialize?prefCd=04&kikanCd=0400110779&kikanKbn=5", "url2": "http://www.aquamarine-net.co.jp", "内容": "マリーン調剤薬局　木町通店【5:薬局】宮城県仙台市青葉区木町通一丁目６－３２" }, "geometry": { "type": "Point", "coordinates": [ 140.865248, 38.269428 ] } },
{ "type": "Feature", "properties": { "ID": 450400110780, "正式名称": "マリーン調剤薬局　南光台店", "機関区分": 5, "都道府県コード": 4, "市区町村コード": 105, "所在地": "宮城県仙台市泉区南光台７丁目４－１７", "緯度": 38.298185, "経度": 140.901938, "url": "https://www.iryou.teikyouseido.mhlw.go.jp/znk-web/juminkanja/S2430/initialize?prefCd=04&kikanCd=0400110780&kikanKbn=5", "url2": "http://www.aquamarine-net.co.jp/", "内容": "マリーン調剤薬局　南光台店【5:薬局】宮城県仙台市泉区南光台７丁目４－１７" }, "geometry": { "type": "Point", "coordinates": [ 140.901938, 38.298185 ] } },
{ "type": "Feature", "properties": { "ID": 450400110782, "正式名称": "ドリーム調剤薬局", "機関区分": 5, "都道府県コード": 4, "市区町村コード": 101, "所在地": "宮城県仙台市青葉区中山台２丁目２６－８", "緯度": 38.3021763, "経度": 140.8172757, "url": "https://www.iryou.teikyouseido.mhlw.go.jp/znk-web/juminkanja/S2430/initialize?prefCd=04&kikanCd=0400110782&kikanKbn=5", "url2": null, "内容": "ドリーム調剤薬局【5:薬局】宮城県仙台市青葉区中山台２丁目２６－８" }, "geometry": { "type": "Point", "coordinates": [ 140.81727570000001, 38.3021763 ] } },
{ "type": "Feature", "properties": { "ID": 450400110789, "正式名称": "国見調剤薬局", "機関区分": 5, "都道府県コード": 4, "市区町村コード": 101, "所在地": "宮城県仙台市青葉区子平町１５－１５", "緯度": 38.278012, "経度": 140.84799, "url": "https://www.iryou.teikyouseido.mhlw.go.jp/znk-web/juminkanja/S2430/initialize?prefCd=04&kikanCd=0400110789&kikanKbn=5", "url2": null, "内容": "国見調剤薬局【5:薬局】宮城県仙台市青葉区子平町１５－１５" }, "geometry": { "type": "Point", "coordinates": [ 140.84799, 38.278012 ] } },
{ "type": "Feature", "properties": { "ID": 450400110794, "正式名称": "フレンド薬局　柳生", "機関区分": 5, "都道府県コード": 4, "市区町村コード": 104, "所在地": "宮城県仙台市太白区柳生４－５－６", "緯度": 38.1955631, "経度": 140.8655355, "url": "https://www.iryou.teikyouseido.mhlw.go.jp/znk-web/juminkanja/S2430/initialize?prefCd=04&kikanCd=0400110794&kikanKbn=5", "url2": "http://www.friend-medical.com", "内容": "フレンド薬局　柳生【5:薬局】宮城県仙台市太白区柳生４－５－６" }, "geometry": { "type": "Point", "coordinates": [ 140.8655355, 38.1955631 ] } },
{ "type": "Feature", "properties": { "ID": 450400110796, "正式名称": "いずみ中央調剤薬局", "機関区分": 5, "都道府県コード": 4, "市区町村コード": 105, "所在地": "宮城県仙台市泉区加茂４丁目４－６", "緯度": 38.312877, "経度": 140.854759, "url": "https://www.iryou.teikyouseido.mhlw.go.jp/znk-web/juminkanja/S2430/initialize?prefCd=04&kikanCd=0400110796&kikanKbn=5", "url2": null, "内容": "いずみ中央調剤薬局【5:薬局】宮城県仙台市泉区加茂４丁目４－６" }, "geometry": { "type": "Point", "coordinates": [ 140.854759, 38.312877 ] } },
{ "type": "Feature", "properties": { "ID": 450400110798, "正式名称": "宮城調剤薬局　柳生店", "機関区分": 5, "都道府県コード": 4, "市区町村コード": 104, "所在地": "宮城県仙台市太白区柳生四丁目１９－１", "緯度": 38.194319, "経度": 140.868273, "url": "https://www.iryou.teikyouseido.mhlw.go.jp/znk-web/juminkanja/S2430/initialize?prefCd=04&kikanCd=0400110798&kikanKbn=5", "url2": "http://miyachou-ph.co.jp/", "内容": "宮城調剤薬局　柳生店【5:薬局】宮城県仙台市太白区柳生四丁目１９－１" }, "geometry": { "type": "Point", "coordinates": [ 140.868273, 38.194319 ] } },
{ "type": "Feature", "properties": { "ID": 450400110803, "正式名称": "寺岡調剤薬局", "機関区分": 5, "都道府県コード": 4, "市区町村コード": 105, "所在地": "宮城県仙台市泉区寺岡１丁目２５番７号", "緯度": 38.3352313, "経度": 140.8385639, "url": "https://www.iryou.teikyouseido.mhlw.go.jp/znk-web/juminkanja/S2430/initialize?prefCd=04&kikanCd=0400110803&kikanKbn=5", "url2": "https://appli.e-classa.net/teraoka-chozai/index.html", "内容": "寺岡調剤薬局【5:薬局】宮城県仙台市泉区寺岡１丁目２５番７号" }, "geometry": { "type": "Point", "coordinates": [ 140.8385639, 38.3352313 ] } },
{ "type": "Feature", "properties": { "ID": 450400110804, "正式名称": "けやき調剤薬局", "機関区分": 5, "都道府県コード": 4, "市区町村コード": 101, "所在地": "宮城県仙台市青葉区木町１７－８", "緯度": 33.370055, "経度": 129.952904, "url": "https://www.iryou.teikyouseido.mhlw.go.jp/znk-web/juminkanja/S2430/initialize?prefCd=04&kikanCd=0400110804&kikanKbn=5", "url2": "http://medical-chouei.jp", "内容": "けやき調剤薬局【5:薬局】宮城県仙台市青葉区木町１７－８" }, "geometry": { "type": "Point", "coordinates": [ 129.952904, 33.370055 ] } },
{ "type": "Feature", "properties": { "ID": 450400110809, "正式名称": "リヴ薬局", "機関区分": 5, "都道府県コード": 4, "市区町村コード": 105, "所在地": "宮城県仙台市泉区桂３丁目１－３", "緯度": 38.338315, "経度": 140.86531, "url": "https://www.iryou.teikyouseido.mhlw.go.jp/znk-web/juminkanja/S2430/initialize?prefCd=04&kikanCd=0400110809&kikanKbn=5", "url2": null, "内容": "リヴ薬局【5:薬局】宮城県仙台市泉区桂３丁目１－３" }, "geometry": { "type": "Point", "coordinates": [ 140.86531, 38.338315 ] } },
{ "type": "Feature", "properties": { "ID": 450400110813, "正式名称": "ひかり薬局長町南", "機関区分": 5, "都道府県コード": 4, "市区町村コード": 104, "所在地": "宮城県仙台市太白区長町南４－１２－１３", "緯度": 38.220148, "経度": 140.87169, "url": "https://www.iryou.teikyouseido.mhlw.go.jp/znk-web/juminkanja/S2430/initialize?prefCd=04&kikanCd=0400110813&kikanKbn=5", "url2": "http://www.hikari-pharmacy.co.jp", "内容": "ひかり薬局長町南【5:薬局】宮城県仙台市太白区長町南４－１２－１３" }, "geometry": { "type": "Point", "coordinates": [ 140.87169, 38.220148 ] } },
{ "type": "Feature", "properties": { "ID": 450400110815, "正式名称": "宮城調剤薬局　西中田店", "機関区分": 5, "都道府県コード": 4, "市区町村コード": 104, "所在地": "宮城県仙台市太白区西中田七丁目２５－１１", "緯度": 38.190687, "経度": 140.875161, "url": "https://www.iryou.teikyouseido.mhlw.go.jp/znk-web/juminkanja/S2430/initialize?prefCd=04&kikanCd=0400110815&kikanKbn=5", "url2": "http://miyachou-ph.co.jp/", "内容": "宮城調剤薬局　西中田店【5:薬局】宮城県仙台市太白区西中田七丁目２５－１１" }, "geometry": { "type": "Point", "coordinates": [ 140.875161, 38.190687 ] } },
{ "type": "Feature", "properties": { "ID": 450400110821, "正式名称": "ファミリー薬局", "機関区分": 5, "都道府県コード": 4, "市区町村コード": 101, "所在地": "宮城県仙台市青葉区旭ケ丘２丁目３０－２１", "緯度": 38.292737, "経度": 140.888321, "url": "https://www.iryou.teikyouseido.mhlw.go.jp/znk-web/juminkanja/S2430/initialize?prefCd=04&kikanCd=0400110821&kikanKbn=5", "url2": "https://www.family-pharm.jp", "内容": "ファミリー薬局【5:薬局】宮城県仙台市青葉区旭ケ丘２丁目３０－２１" }, "geometry": { "type": "Point", "coordinates": [ 140.888321, 38.292737 ] } },
{ "type": "Feature", "properties": { "ID": 450400110827, "正式名称": "マリーン調剤薬局東口店", "機関区分": 5, "都道府県コード": 4, "市区町村コード": 102, "所在地": "宮城県仙台市宮城野区榴岡４－２－３仙台仙台ＭＴビル２階", "緯度": 38.259084, "経度": 140.888076, "url": "https://www.iryou.teikyouseido.mhlw.go.jp/znk-web/juminkanja/S2430/initialize?prefCd=04&kikanCd=0400110827&kikanKbn=5", "url2": "http//www.aquamarine-net.co.jp", "内容": "マリーン調剤薬局東口店【5:薬局】宮城県仙台市宮城野区榴岡４－２－３仙台仙台ＭＴビル２階" }, "geometry": { "type": "Point", "coordinates": [ 140.888076, 38.259084 ] } },
{ "type": "Feature", "properties": { "ID": 450400110828, "正式名称": "マミサワ調剤薬局", "機関区分": 5, "都道府県コード": 4, "市区町村コード": 105, "所在地": "宮城県仙台市泉区八乙女中央５丁目１７－３１", "緯度": 38.311694, "経度": 140.887116, "url": "https://www.iryou.teikyouseido.mhlw.go.jp/znk-web/juminkanja/S2430/initialize?prefCd=04&kikanCd=0400110828&kikanKbn=5", "url2": null, "内容": "マミサワ調剤薬局【5:薬局】宮城県仙台市泉区八乙女中央５丁目１７－３１" }, "geometry": { "type": "Point", "coordinates": [ 140.887116, 38.311694 ] } },
{ "type": "Feature", "properties": { "ID": 450400110850, "正式名称": "泉パラレル調剤薬局", "機関区分": 5, "都道府県コード": 4, "市区町村コード": 105, "所在地": "宮城県仙台市泉区高森４丁目６－８", "緯度": 38.333233, "経度": 140.849233, "url": "https://www.iryou.teikyouseido.mhlw.go.jp/znk-web/juminkanja/S2430/initialize?prefCd=04&kikanCd=0400110850&kikanKbn=5", "url2": "https://www.senpoku-yakuhin.jp", "内容": "泉パラレル調剤薬局【5:薬局】宮城県仙台市泉区高森４丁目６－８" }, "geometry": { "type": "Point", "coordinates": [ 140.849233, 38.333233 ] } },
{ "type": "Feature", "properties": { "ID": 450400110856, "正式名称": "リフレ薬局愛子店", "機関区分": 5, "都道府県コード": 4, "市区町村コード": 101, "所在地": "宮城県仙台市青葉区愛子東１丁目４－５４", "緯度": 38.272951, "経度": 140.780716, "url": "https://www.iryou.teikyouseido.mhlw.go.jp/znk-web/juminkanja/S2430/initialize?prefCd=04&kikanCd=0400110856&kikanKbn=5", "url2": "http://www.refre-net.com", "内容": "リフレ薬局愛子店【5:薬局】宮城県仙台市青葉区愛子東１丁目４－５４" }, "geometry": { "type": "Point", "coordinates": [ 140.780716, 38.272951 ] } },
{ "type": "Feature", "properties": { "ID": 450400110859, "正式名称": "リフレ薬局四郎丸店", "機関区分": 5, "都道府県コード": 4, "市区町村コード": 104, "所在地": "宮城県仙台市太白区四郎丸字吹上２８－３８サニーフラット４６０－１０１", "緯度": 38.192904, "経度": 140.912986, "url": "https://www.iryou.teikyouseido.mhlw.go.jp/znk-web/juminkanja/S2430/initialize?prefCd=04&kikanCd=0400110859&kikanKbn=5", "url2": "http://www.refre-net.com", "内容": "リフレ薬局四郎丸店【5:薬局】宮城県仙台市太白区四郎丸字吹上２８－３８サニーフラット４６０－１０１" }, "geometry": { "type": "Point", "coordinates": [ 140.912986, 38.192904 ] } },
{ "type": "Feature", "properties": { "ID": 450400110860, "正式名称": "フレンド薬局　上杉", "機関区分": 5, "都道府県コード": 4, "市区町村コード": 101, "所在地": "宮城県仙台市青葉区上杉１－４－２８", "緯度": 38.2695629, "経度": 140.8711439, "url": "https://www.iryou.teikyouseido.mhlw.go.jp/znk-web/juminkanja/S2430/initialize?prefCd=04&kikanCd=0400110860&kikanKbn=5", "url2": "kusurinomadoguchi.com/miyagi/s1000052093", "内容": "フレンド薬局　上杉【5:薬局】宮城県仙台市青葉区上杉１－４－２８" }, "geometry": { "type": "Point", "coordinates": [ 140.8711439, 38.2695629 ] } },
{ "type": "Feature", "properties": { "ID": 450400110866, "正式名称": "フレンド薬局郡山", "機関区分": 5, "都道府県コード": 4, "市区町村コード": 104, "所在地": "宮城県仙台市太白区八本松１丁目４ー２２", "緯度": 38.231622, "経度": 140.890197, "url": "https://www.iryou.teikyouseido.mhlw.go.jp/znk-web/juminkanja/S2430/initialize?prefCd=04&kikanCd=0400110866&kikanKbn=5", "url2": null, "内容": "フレンド薬局郡山【5:薬局】宮城県仙台市太白区八本松１丁目４ー２２" }, "geometry": { "type": "Point", "coordinates": [ 140.890197, 38.231622 ] } },
{ "type": "Feature", "properties": { "ID": 450400110869, "正式名称": "まつざわ薬局　八乙女店", "機関区分": 5, "都道府県コード": 4, "市区町村コード": 105, "所在地": "宮城県仙台市泉区八乙女中央３－２－３０", "緯度": 38.314438, "経度": 140.88468, "url": "https://www.iryou.teikyouseido.mhlw.go.jp/znk-web/juminkanja/S2430/initialize?prefCd=04&kikanCd=0400110869&kikanKbn=5", "url2": "http://www.matsuzawa-medical.co.jp/", "内容": "まつざわ薬局　八乙女店【5:薬局】宮城県仙台市泉区八乙女中央３－２－３０" }, "geometry": { "type": "Point", "coordinates": [ 140.88468, 38.314438 ] } },
{ "type": "Feature", "properties": { "ID": 450400110871, "正式名称": "フェンネル薬局", "機関区分": 5, "都道府県コード": 4, "市区町村コード": 104, "所在地": "宮城県仙台市太白区長町７丁目１９ー２６　メディカルビルリーブス１階", "緯度": 38.226655, "経度": 140.878103, "url": "https://www.iryou.teikyouseido.mhlw.go.jp/znk-web/juminkanja/S2430/initialize?prefCd=04&kikanCd=0400110871&kikanKbn=5", "url2": null, "内容": "フェンネル薬局【5:薬局】宮城県仙台市太白区長町７丁目１９ー２６　メディカルビルリーブス１階" }, "geometry": { "type": "Point", "coordinates": [ 140.878103, 38.226655 ] } },
{ "type": "Feature", "properties": { "ID": 450400110877, "正式名称": "けやき薬局吉成台店", "機関区分": 5, "都道府県コード": 4, "市区町村コード": 101, "所在地": "宮城県仙台市青葉区吉成台１丁目２－７", "緯度": 38.293492, "経度": 140.823378, "url": "https://www.iryou.teikyouseido.mhlw.go.jp/znk-web/juminkanja/S2430/initialize?prefCd=04&kikanCd=0400110877&kikanKbn=5", "url2": "https://keyaki.ivalue.info", "内容": "けやき薬局吉成台店【5:薬局】宮城県仙台市青葉区吉成台１丁目２－７" }, "geometry": { "type": "Point", "coordinates": [ 140.823378, 38.293492 ] } },
{ "type": "Feature", "properties": { "ID": 450400110879, "正式名称": "宮城調剤薬局　富沢南店", "機関区分": 5, "都道府県コード": 4, "市区町村コード": 104, "所在地": "宮城県仙台市太白区富沢南一丁目１４－７", "緯度": 38.21382, "経度": 140.863815, "url": "https://www.iryou.teikyouseido.mhlw.go.jp/znk-web/juminkanja/S2430/initialize?prefCd=04&kikanCd=0400110879&kikanKbn=5", "url2": "http://miyachou-ph.co.jp/", "内容": "宮城調剤薬局　富沢南店【5:薬局】宮城県仙台市太白区富沢南一丁目１４－７" }, "geometry": { "type": "Point", "coordinates": [ 140.863815, 38.21382 ] } },
{ "type": "Feature", "properties": { "ID": 450400110890, "正式名称": "案内薬局", "機関区分": 5, "都道府県コード": 4, "市区町村コード": 102, "所在地": "宮城県仙台市宮城野区大梶１５番２２号", "緯度": 38.272773, "経度": 140.906187, "url": "https://www.iryou.teikyouseido.mhlw.go.jp/znk-web/juminkanja/S2430/initialize?prefCd=04&kikanCd=0400110890&kikanKbn=5", "url2": null, "内容": "案内薬局【5:薬局】宮城県仙台市宮城野区大梶１５番２２号" }, "geometry": { "type": "Point", "coordinates": [ 140.906187, 38.272773 ] } },
{ "type": "Feature", "properties": { "ID": 450400110893, "正式名称": "宮城調剤薬局球場前店", "機関区分": 5, "都道府県コード": 4, "市区町村コード": 102, "所在地": "宮城県仙台市宮城野区宮城野１丁目２１－３", "緯度": 38.256572, "経度": 140.900143, "url": "https://www.iryou.teikyouseido.mhlw.go.jp/znk-web/juminkanja/S2430/initialize?prefCd=04&kikanCd=0400110893&kikanKbn=5", "url2": "http://miyachou-ph.co.jp/", "内容": "宮城調剤薬局球場前店【5:薬局】宮城県仙台市宮城野区宮城野１丁目２１－３" }, "geometry": { "type": "Point", "coordinates": [ 140.900143, 38.256572 ] } },
{ "type": "Feature", "properties": { "ID": 450400110894, "正式名称": "漢方薬局　岩城一貫堂", "機関区分": 5, "都道府県コード": 4, "市区町村コード": 103, "所在地": "宮城県仙台市若林区河原町１丁目３ー４０", "緯度": 38.24044, "経度": 140.88954, "url": "https://www.iryou.teikyouseido.mhlw.go.jp/znk-web/juminkanja/S2430/initialize?prefCd=04&kikanCd=0400110894&kikanKbn=5", "url2": "https://www.iwaki-ikkando.com", "内容": "漢方薬局　岩城一貫堂【5:薬局】宮城県仙台市若林区河原町１丁目３ー４０" }, "geometry": { "type": "Point", "coordinates": [ 140.88954, 38.24044 ] } },
{ "type": "Feature", "properties": { "ID": 450400110896, "正式名称": "小泉薬局３丁目店", "機関区分": 5, "都道府県コード": 4, "市区町村コード": 104, "所在地": "宮城県仙台市太白区長町３丁目３－１３", "緯度": 38.230461, "経度": 140.88575, "url": "https://www.iryou.teikyouseido.mhlw.go.jp/znk-web/juminkanja/S2430/initialize?prefCd=04&kikanCd=0400110896&kikanKbn=5", "url2": null, "内容": "小泉薬局３丁目店【5:薬局】宮城県仙台市太白区長町３丁目３－１３" }, "geometry": { "type": "Point", "coordinates": [ 140.88575, 38.230461 ] } },
{ "type": "Feature", "properties": { "ID": 450400110903, "正式名称": "どんぐり薬局北中山", "機関区分": 5, "都道府県コード": 4, "市区町村コード": 105, "所在地": "宮城県仙台市泉区北中山二丁目１－２２", "緯度": 38.31726, "経度": 140.817601, "url": "https://www.iryou.teikyouseido.mhlw.go.jp/znk-web/juminkanja/S2430/initialize?prefCd=04&kikanCd=0400110903&kikanKbn=5", "url2": "https://www.donguri-kobo.jp", "内容": "どんぐり薬局北中山【5:薬局】宮城県仙台市泉区北中山二丁目１－２２" }, "geometry": { "type": "Point", "coordinates": [ 140.817601, 38.31726 ] } },
{ "type": "Feature", "properties": { "ID": 450400110904, "正式名称": "ヤマザワ調剤薬局晩翠通店", "機関区分": 5, "都道府県コード": 4, "市区町村コード": 101, "所在地": "宮城県仙台市青葉区国分町２－３－１３", "緯度": 38.2626803, "経度": 140.8678922, "url": "https://www.iryou.teikyouseido.mhlw.go.jp/znk-web/juminkanja/S2430/initialize?prefCd=04&kikanCd=0400110904&kikanKbn=5", "url2": "https://www.yamazawa-drg.co.jp/", "内容": "ヤマザワ調剤薬局晩翠通店【5:薬局】宮城県仙台市青葉区国分町２－３－１３" }, "geometry": { "type": "Point", "coordinates": [ 140.8678922, 38.2626803 ] } },
{ "type": "Feature", "properties": { "ID": 450400110906, "正式名称": "パワフル薬局", "機関区分": 5, "都道府県コード": 4, "市区町村コード": 104, "所在地": "宮城県仙台市太白区秋保町長袋字大原３２－１", "緯度": 38.260156, "経度": 140.671327, "url": "https://www.iryou.teikyouseido.mhlw.go.jp/znk-web/juminkanja/S2430/initialize?prefCd=04&kikanCd=0400110906&kikanKbn=5", "url2": null, "内容": "パワフル薬局【5:薬局】宮城県仙台市太白区秋保町長袋字大原３２－１" }, "geometry": { "type": "Point", "coordinates": [ 140.671327, 38.260156 ] } },
{ "type": "Feature", "properties": { "ID": 450400110908, "正式名称": "ハロー調剤薬局", "機関区分": 5, "都道府県コード": 4, "市区町村コード": 102, "所在地": "宮城県仙台市宮城野区岩切字洞ノ口２２７－３", "緯度": 38.303698, "経度": 140.95223, "url": "https://www.iryou.teikyouseido.mhlw.go.jp/znk-web/juminkanja/S2430/initialize?prefCd=04&kikanCd=0400110908&kikanKbn=5", "url2": null, "内容": "ハロー調剤薬局【5:薬局】宮城県仙台市宮城野区岩切字洞ノ口２２７－３" }, "geometry": { "type": "Point", "coordinates": [ 140.95223, 38.303698 ] } },
{ "type": "Feature", "properties": { "ID": 450400110930, "正式名称": "有限会社　らいらっく調剤薬局", "機関区分": 5, "都道府県コード": 4, "市区町村コード": 105, "所在地": "宮城県仙台市泉区上谷刈４丁目１１ー５５", "緯度": 38.315441, "経度": 140.875072, "url": "https://www.iryou.teikyouseido.mhlw.go.jp/znk-web/juminkanja/S2430/initialize?prefCd=04&kikanCd=0400110930&kikanKbn=5", "url2": "https://www.lilac-ph.jp/", "内容": "有限会社　らいらっく調剤薬局【5:薬局】宮城県仙台市泉区上谷刈４丁目１１ー５５" }, "geometry": { "type": "Point", "coordinates": [ 140.875072, 38.315441 ] } },
{ "type": "Feature", "properties": { "ID": 450400110931, "正式名称": "ひかり薬局小田原", "機関区分": 5, "都道府県コード": 4, "市区町村コード": 102, "所在地": "宮城県仙台市宮城野区小田原２丁目２－４４", "緯度": 38.263937, "経度": 140.89515, "url": "https://www.iryou.teikyouseido.mhlw.go.jp/znk-web/juminkanja/S2430/initialize?prefCd=04&kikanCd=0400110931&kikanKbn=5", "url2": "http://www.hikari-pharmacy.co.jp", "内容": "ひかり薬局小田原【5:薬局】宮城県仙台市宮城野区小田原２丁目２－４４" }, "geometry": { "type": "Point", "coordinates": [ 140.89515, 38.263937 ] } },
{ "type": "Feature", "properties": { "ID": 450400110932, "正式名称": "仙台調剤西多賀店", "機関区分": 5, "都道府県コード": 4, "市区町村コード": 104, "所在地": "宮城県仙台市太白区上野山一丁目８－３３", "緯度": 38.225427, "経度": 140.833976, "url": "https://www.iryou.teikyouseido.mhlw.go.jp/znk-web/juminkanja/S2430/initialize?prefCd=04&kikanCd=0400110932&kikanKbn=5", "url2": "https://ship-ph.co.jp/", "内容": "仙台調剤西多賀店【5:薬局】宮城県仙台市太白区上野山一丁目８－３３" }, "geometry": { "type": "Point", "coordinates": [ 140.833976, 38.225427 ] } },
{ "type": "Feature", "properties": { "ID": 450400110938, "正式名称": "公益社団法人仙台市薬剤師会会営茂庭調剤薬局", "機関区分": 5, "都道府県コード": 4, "市区町村コード": 104, "所在地": "宮城県仙台市太白区茂庭２丁目８－１", "緯度": 38.221448, "経度": 140.789258, "url": "https://www.iryou.teikyouseido.mhlw.go.jp/znk-web/juminkanja/S2430/initialize?prefCd=04&kikanCd=0400110938&kikanKbn=5", "url2": null, "内容": "公益社団法人仙台市薬剤師会会営茂庭調剤薬局【5:薬局】宮城県仙台市太白区茂庭２丁目８－１" }, "geometry": { "type": "Point", "coordinates": [ 140.789258, 38.221448 ] } },
{ "type": "Feature", "properties": { "ID": 450400110945, "正式名称": "ひかり薬局八木山", "機関区分": 5, "都道府県コード": 4, "市区町村コード": 104, "所在地": "宮城県仙台市太白区八木山南二丁目１－１", "緯度": 38.236394, "経度": 140.838547, "url": "https://www.iryou.teikyouseido.mhlw.go.jp/znk-web/juminkanja/S2430/initialize?prefCd=04&kikanCd=0400110945&kikanKbn=5", "url2": "http://www.hikari-pharmacy.co.jp", "内容": "ひかり薬局八木山【5:薬局】宮城県仙台市太白区八木山南二丁目１－１" }, "geometry": { "type": "Point", "coordinates": [ 140.838547, 38.236394 ] } },
{ "type": "Feature", "properties": { "ID": 450400110947, "正式名称": "フジ調剤薬局松森店", "機関区分": 5, "都道府県コード": 4, "市区町村コード": 105, "所在地": "宮城県仙台市泉区松森字新田１０６", "緯度": 38.303545, "経度": 140.905301, "url": "https://www.iryou.teikyouseido.mhlw.go.jp/znk-web/juminkanja/S2430/initialize?prefCd=04&kikanCd=0400110947&kikanKbn=5", "url2": "https://www.fujimedicalpharma.com", "内容": "フジ調剤薬局松森店【5:薬局】宮城県仙台市泉区松森字新田１０６" }, "geometry": { "type": "Point", "coordinates": [ 140.905301, 38.303545 ] } },
{ "type": "Feature", "properties": { "ID": 450400110953, "正式名称": "フレンド薬局　中倉", "機関区分": 5, "都道府県コード": 4, "市区町村コード": 103, "所在地": "宮城県仙台市若林区中倉１丁目７‐３", "緯度": 38.245291, "経度": 140.9098, "url": "https://www.iryou.teikyouseido.mhlw.go.jp/znk-web/juminkanja/S2430/initialize?prefCd=04&kikanCd=0400110953&kikanKbn=5", "url2": null, "内容": "フレンド薬局　中倉【5:薬局】宮城県仙台市若林区中倉１丁目７‐３" }, "geometry": { "type": "Point", "coordinates": [ 140.9098, 38.245291 ] } },
{ "type": "Feature", "properties": { "ID": 450400110955, "正式名称": "宮川薬局", "機関区分": 5, "都道府県コード": 4, "市区町村コード": 101, "所在地": "宮城県仙台市青葉区桜ケ丘２丁目２－１１", "緯度": 38.298929, "経度": 140.850446, "url": "https://www.iryou.teikyouseido.mhlw.go.jp/znk-web/juminkanja/S2430/initialize?prefCd=04&kikanCd=0400110955&kikanKbn=5", "url2": "https://4193.com", "内容": "宮川薬局【5:薬局】宮城県仙台市青葉区桜ケ丘２丁目２－１１" }, "geometry": { "type": "Point", "coordinates": [ 140.850446, 38.298929 ] } },
{ "type": "Feature", "properties": { "ID": 450400110962, "正式名称": "フロンティア薬局幸町店", "機関区分": 5, "都道府県コード": 4, "市区町村コード": 102, "所在地": "宮城県仙台市宮城野区幸町３丁目１３－３－１０７", "緯度": 38.277535, "経度": 140.903496, "url": "https://www.iryou.teikyouseido.mhlw.go.jp/znk-web/juminkanja/S2430/initialize?prefCd=04&kikanCd=0400110962&kikanKbn=5", "url2": "https://www.frontier-ph.com", "内容": "フロンティア薬局幸町店【5:薬局】宮城県仙台市宮城野区幸町３丁目１３－３－１０７" }, "geometry": { "type": "Point", "coordinates": [ 140.903496, 38.277535 ] } },
{ "type": "Feature", "properties": { "ID": 450400110964, "正式名称": "マリーン調剤薬局　富沢店", "機関区分": 5, "都道府県コード": 4, "市区町村コード": 104, "所在地": "宮城県仙台市太白区富沢南１丁目２３－１１", "緯度": 38.212411, "経度": 140.868051, "url": "https://www.iryou.teikyouseido.mhlw.go.jp/znk-web/juminkanja/S2430/initialize?prefCd=04&kikanCd=0400110964&kikanKbn=5", "url2": "http://www.aquamarine-net.co.jp", "内容": "マリーン調剤薬局　富沢店【5:薬局】宮城県仙台市太白区富沢南１丁目２３－１１" }, "geometry": { "type": "Point", "coordinates": [ 140.868051, 38.212411 ] } },
{ "type": "Feature", "properties": { "ID": 450400110966, "正式名称": "ハロー調剤薬局　駅前店", "機関区分": 5, "都道府県コード": 4, "市区町村コード": 102, "所在地": "宮城県仙台市宮城野区岩切字洞ノ口１９０－１１", "緯度": 38.301229, "経度": 140.954643, "url": "https://www.iryou.teikyouseido.mhlw.go.jp/znk-web/juminkanja/S2430/initialize?prefCd=04&kikanCd=0400110966&kikanKbn=5", "url2": null, "内容": "ハロー調剤薬局　駅前店【5:薬局】宮城県仙台市宮城野区岩切字洞ノ口１９０－１１" }, "geometry": { "type": "Point", "coordinates": [ 140.954643, 38.301229 ] } },
{ "type": "Feature", "properties": { "ID": 450400110968, "正式名称": "カメイ調剤薬局　台原店", "機関区分": 5, "都道府県コード": 4, "市区町村コード": 101, "所在地": "宮城県仙台市青葉区台原１丁目１０－１０", "緯度": 38.283919, "経度": 140.87422, "url": "https://www.iryou.teikyouseido.mhlw.go.jp/znk-web/juminkanja/S2430/initialize?prefCd=04&kikanCd=0400110968&kikanKbn=5", "url2": "http://www.kamei.co.jp/pharmacy/index.html", "内容": "カメイ調剤薬局　台原店【5:薬局】宮城県仙台市青葉区台原１丁目１０－１０" }, "geometry": { "type": "Point", "coordinates": [ 140.87422, 38.283919 ] } },
{ "type": "Feature", "properties": { "ID": 450400110970, "正式名称": "ひかり薬局台原", "機関区分": 5, "都道府県コード": 4, "市区町村コード": 101, "所在地": "宮城県仙台市青葉区台原１－１０－１１", "緯度": 38.283881, "経度": 140.874286, "url": "https://www.iryou.teikyouseido.mhlw.go.jp/znk-web/juminkanja/S2430/initialize?prefCd=04&kikanCd=0400110970&kikanKbn=5", "url2": "http://www.hikari-pharmacy.co.jp", "内容": "ひかり薬局台原【5:薬局】宮城県仙台市青葉区台原１－１０－１１" }, "geometry": { "type": "Point", "coordinates": [ 140.874286, 38.283881 ] } },
{ "type": "Feature", "properties": { "ID": 450400110971, "正式名称": "日本調剤　高砂薬局", "機関区分": 5, "都道府県コード": 4, "市区町村コード": 102, "所在地": "宮城県仙台市宮城野区高砂２－６－１９", "緯度": 38.2688779, "経度": 140.968014, "url": "https://www.iryou.teikyouseido.mhlw.go.jp/znk-web/juminkanja/S2430/initialize?prefCd=04&kikanCd=0400110971&kikanKbn=5", "url2": "https://www.nicho.co.jp/tenpo/takasago/", "内容": "日本調剤　高砂薬局【5:薬局】宮城県仙台市宮城野区高砂２－６－１９" }, "geometry": { "type": "Point", "coordinates": [ 140.968014, 38.2688779 ] } },
{ "type": "Feature", "properties": { "ID": 450400110972, "正式名称": "日本調剤　台原薬局", "機関区分": 5, "都道府県コード": 4, "市区町村コード": 101, "所在地": "宮城県仙台市青葉区台原１丁目１０番１３号", "緯度": 38.283733, "経度": 140.874497, "url": "https://www.iryou.teikyouseido.mhlw.go.jp/znk-web/juminkanja/S2430/initialize?prefCd=04&kikanCd=0400110972&kikanKbn=5", "url2": "https://www.nicho.co.jp/tenpo/dainohara/", "内容": "日本調剤　台原薬局【5:薬局】宮城県仙台市青葉区台原１丁目１０番１３号" }, "geometry": { "type": "Point", "coordinates": [ 140.874497, 38.283733 ] } },
{ "type": "Feature", "properties": { "ID": 450400110973, "正式名称": "ひかり薬局福室", "機関区分": 5, "都道府県コード": 4, "市区町村コード": 102, "所在地": "宮城県仙台市宮城野区高砂２－６－２１", "緯度": 38.269016, "経度": 140.968011, "url": "https://www.iryou.teikyouseido.mhlw.go.jp/znk-web/juminkanja/S2430/initialize?prefCd=04&kikanCd=0400110973&kikanKbn=5", "url2": "http://www.hikari-pharmacy.co.jp", "内容": "ひかり薬局福室【5:薬局】宮城県仙台市宮城野区高砂２－６－２１" }, "geometry": { "type": "Point", "coordinates": [ 140.968011, 38.269016 ] } },
{ "type": "Feature", "properties": { "ID": 450400110976, "正式名称": "仙台調剤　台原店", "機関区分": 5, "都道府県コード": 4, "市区町村コード": 101, "所在地": "宮城県仙台市青葉区台原１丁目１０ー１１", "緯度": 38.283885, "経度": 140.874429, "url": "https://www.iryou.teikyouseido.mhlw.go.jp/znk-web/juminkanja/S2430/initialize?prefCd=04&kikanCd=0400110976&kikanKbn=5", "url2": "http://www.shpe.co.jp", "内容": "仙台調剤　台原店【5:薬局】宮城県仙台市青葉区台原１丁目１０ー１１" }, "geometry": { "type": "Point", "coordinates": [ 140.874429, 38.283885 ] } },
{ "type": "Feature", "properties": { "ID": 450400110978, "正式名称": "くすのき薬局", "機関区分": 5, "都道府県コード": 4, "市区町村コード": 103, "所在地": "宮城県仙台市若林区蒲町２７－８", "緯度": 38.244089, "経度": 140.928322, "url": "https://www.iryou.teikyouseido.mhlw.go.jp/znk-web/juminkanja/S2430/initialize?prefCd=04&kikanCd=0400110978&kikanKbn=5", "url2": null, "内容": "くすのき薬局【5:薬局】宮城県仙台市若林区蒲町２７－８" }, "geometry": { "type": "Point", "coordinates": [ 140.928322, 38.244089 ] } },
{ "type": "Feature", "properties": { "ID": 450400110979, "正式名称": "宮城調剤薬局　鈎取店", "機関区分": 5, "都道府県コード": 4, "市区町村コード": 104, "所在地": "宮城県仙台市太白区鈎取本町１丁目５－１", "緯度": 38.220997, "経度": 140.842589, "url": "https://www.iryou.teikyouseido.mhlw.go.jp/znk-web/juminkanja/S2430/initialize?prefCd=04&kikanCd=0400110979&kikanKbn=5", "url2": "http://miyachou-ph.co.jp/", "内容": "宮城調剤薬局　鈎取店【5:薬局】宮城県仙台市太白区鈎取本町１丁目５－１" }, "geometry": { "type": "Point", "coordinates": [ 140.842589, 38.220997 ] } },
{ "type": "Feature", "properties": { "ID": 450400110980, "正式名称": "小泉薬局", "機関区分": 5, "都道府県コード": 4, "市区町村コード": 104, "所在地": "宮城県仙台市太白区長町１丁目６－３", "緯度": 38.234408, "経度": 140.887097, "url": "https://www.iryou.teikyouseido.mhlw.go.jp/znk-web/juminkanja/S2430/initialize?prefCd=04&kikanCd=0400110980&kikanKbn=5", "url2": null, "内容": "小泉薬局【5:薬局】宮城県仙台市太白区長町１丁目６－３" }, "geometry": { "type": "Point", "coordinates": [ 140.887097, 38.234408 ] } },
{ "type": "Feature", "properties": { "ID": 450400110985, "正式名称": "ひかり薬局一本杉", "機関区分": 5, "都道府県コード": 4, "市区町村コード": 103, "所在地": "宮城県仙台市若林区一本杉町１８－１５", "緯度": 38.244641, "経度": 140.903469, "url": "https://www.iryou.teikyouseido.mhlw.go.jp/znk-web/juminkanja/S2430/initialize?prefCd=04&kikanCd=0400110985&kikanKbn=5", "url2": "http://www.hikari-pharmacy.co.jp", "内容": "ひかり薬局一本杉【5:薬局】宮城県仙台市若林区一本杉町１８－１５" }, "geometry": { "type": "Point", "coordinates": [ 140.903469, 38.244641 ] } },
{ "type": "Feature", "properties": { "ID": 450400110989, "正式名称": "みのり調剤薬局", "機関区分": 5, "都道府県コード": 4, "市区町村コード": 105, "所在地": "宮城県仙台市泉区南中山２ー３８ー４", "緯度": 38.307611, "経度": 140.832052, "url": "https://www.iryou.teikyouseido.mhlw.go.jp/znk-web/juminkanja/S2430/initialize?prefCd=04&kikanCd=0400110989&kikanKbn=5", "url2": null, "内容": "みのり調剤薬局【5:薬局】宮城県仙台市泉区南中山２ー３８ー４" }, "geometry": { "type": "Point", "coordinates": [ 140.832052, 38.307611 ] } },
{ "type": "Feature", "properties": { "ID": 450400110990, "正式名称": "カメイ調剤薬局　高砂店", "機関区分": 5, "都道府県コード": 4, "市区町村コード": 102, "所在地": "宮城県仙台市宮城野区高砂２－１２－１", "緯度": 38.2682026, "経度": 140.9679554, "url": "https://www.iryou.teikyouseido.mhlw.go.jp/znk-web/juminkanja/S2430/initialize?prefCd=04&kikanCd=0400110990&kikanKbn=5", "url2": "http://www.kamei.co.jp/pharmacy/index.html", "内容": "カメイ調剤薬局　高砂店【5:薬局】宮城県仙台市宮城野区高砂２－１２－１" }, "geometry": { "type": "Point", "coordinates": [ 140.9679554, 38.2682026 ] } },
{ "type": "Feature", "properties": { "ID": 450400110993, "正式名称": "調剤薬局ツルハドラッグ南吉成店", "機関区分": 5, "都道府県コード": 4, "市区町村コード": 101, "所在地": "宮城県仙台市青葉区南吉成３－１－２３", "緯度": 38.286135, "経度": 140.817095, "url": "https://www.iryou.teikyouseido.mhlw.go.jp/znk-web/juminkanja/S2430/initialize?prefCd=04&kikanCd=0400110993&kikanKbn=5", "url2": "http://www.tsuruha.co.jp", "内容": "調剤薬局ツルハドラッグ南吉成店【5:薬局】宮城県仙台市青葉区南吉成３－１－２３" }, "geometry": { "type": "Point", "coordinates": [ 140.817095, 38.286135 ] } },
{ "type": "Feature", "properties": { "ID": 450400110995, "正式名称": "コアラ調剤薬局", "機関区分": 5, "都道府県コード": 4, "市区町村コード": 104, "所在地": "宮城県仙台市太白区鹿野２－４－２５ー１０１", "緯度": 38.229867, "経度": 140.871631, "url": "https://www.iryou.teikyouseido.mhlw.go.jp/znk-web/juminkanja/S2430/initialize?prefCd=04&kikanCd=0400110995&kikanKbn=5", "url2": "https://www.e-classa.net/koara", "内容": "コアラ調剤薬局【5:薬局】宮城県仙台市太白区鹿野２－４－２５ー１０１" }, "geometry": { "type": "Point", "coordinates": [ 140.871631, 38.229867 ] } },
{ "type": "Feature", "properties": { "ID": 450400110998, "正式名称": "おいで薬局仙台店", "機関区分": 5, "都道府県コード": 4, "市区町村コード": 101, "所在地": "宮城県仙台市青葉区上杉１丁目９番１４号", "緯度": 38.270853, "経度": 140.871129, "url": "https://www.iryou.teikyouseido.mhlw.go.jp/znk-web/juminkanja/S2430/initialize?prefCd=04&kikanCd=0400110998&kikanKbn=5", "url2": "https://kanpo-sendai.com", "内容": "おいで薬局仙台店【5:薬局】宮城県仙台市青葉区上杉１丁目９番１４号" }, "geometry": { "type": "Point", "coordinates": [ 140.871129, 38.270853 ] } },
{ "type": "Feature", "properties": { "ID": 450400111012, "正式名称": "ゆりのき調剤薬局", "機関区分": 5, "都道府県コード": 4, "市区町村コード": 105, "所在地": "宮城県仙台市泉区寺岡６丁目１５－２６", "緯度": 38.341826, "経度": 140.831505, "url": "https://www.iryou.teikyouseido.mhlw.go.jp/znk-web/juminkanja/S2430/initialize?prefCd=04&kikanCd=0400111012&kikanKbn=5", "url2": "www.e-classa..net/yurinoki/index.html", "内容": "ゆりのき調剤薬局【5:薬局】宮城県仙台市泉区寺岡６丁目１５－２６" }, "geometry": { "type": "Point", "coordinates": [ 140.831505, 38.341826 ] } },
{ "type": "Feature", "properties": { "ID": 450400111013, "正式名称": "ひかり薬局東仙台", "機関区分": 5, "都道府県コード": 4, "市区町村コード": 102, "所在地": "宮城県仙台市宮城野区東仙台６丁目６－２", "緯度": 38.278718, "経度": 140.910452, "url": "https://www.iryou.teikyouseido.mhlw.go.jp/znk-web/juminkanja/S2430/initialize?prefCd=04&kikanCd=0400111013&kikanKbn=5", "url2": "http://www.hikari-pharmacy.co.jp", "内容": "ひかり薬局東仙台【5:薬局】宮城県仙台市宮城野区東仙台６丁目６－２" }, "geometry": { "type": "Point", "coordinates": [ 140.910452, 38.278718 ] } },
{ "type": "Feature", "properties": { "ID": 450400111015, "正式名称": "オリオン調剤薬局　長町店", "機関区分": 5, "都道府県コード": 4, "市区町村コード": 104, "所在地": "宮城県仙台市太白区長町４丁目７－９", "緯度": 38.230212, "経度": 140.881322, "url": "https://www.iryou.teikyouseido.mhlw.go.jp/znk-web/juminkanja/S2430/initialize?prefCd=04&kikanCd=0400111015&kikanKbn=5", "url2": null, "内容": "オリオン調剤薬局　長町店【5:薬局】宮城県仙台市太白区長町４丁目７－９" }, "geometry": { "type": "Point", "coordinates": [ 140.881322, 38.230212 ] } },
{ "type": "Feature", "properties": { "ID": 450400111021, "正式名称": "ヤマザワ調剤薬局高砂店", "機関区分": 5, "都道府県コード": 4, "市区町村コード": 102, "所在地": "宮城県仙台市宮城野区高砂１－１７－１", "緯度": 38.2708293, "経度": 140.968624, "url": "https://www.iryou.teikyouseido.mhlw.go.jp/znk-web/juminkanja/S2430/initialize?prefCd=04&kikanCd=0400111021&kikanKbn=5", "url2": "http://www.yamazawa-drg.co.jp/", "内容": "ヤマザワ調剤薬局高砂店【5:薬局】宮城県仙台市宮城野区高砂１－１７－１" }, "geometry": { "type": "Point", "coordinates": [ 140.968624, 38.2708293 ] } },
{ "type": "Feature", "properties": { "ID": 450400111022, "正式名称": "宮城調剤薬局長命ヶ丘店", "機関区分": 5, "都道府県コード": 4, "市区町村コード": 105, "所在地": "宮城県仙台市泉区長命ケ丘６丁目１５－４", "緯度": 38.311649, "経度": 140.831586, "url": "https://www.iryou.teikyouseido.mhlw.go.jp/znk-web/juminkanja/S2430/initialize?prefCd=04&kikanCd=0400111022&kikanKbn=5", "url2": "http://miyachou-ph.co.jp/", "内容": "宮城調剤薬局長命ヶ丘店【5:薬局】宮城県仙台市泉区長命ケ丘６丁目１５－４" }, "geometry": { "type": "Point", "coordinates": [ 140.831586, 38.311649 ] } },
{ "type": "Feature", "properties": { "ID": 450400111025, "正式名称": "ゆかり調剤薬局", "機関区分": 5, "都道府県コード": 4, "市区町村コード": 102, "所在地": "宮城県仙台市宮城野区新田１－２０－１", "緯度": 38.274738, "経度": 140.92031, "url": "https://www.iryou.teikyouseido.mhlw.go.jp/znk-web/juminkanja/S2430/initialize?prefCd=04&kikanCd=0400111025&kikanKbn=5", "url2": "https://www.miyagi-kusuri.jp/detail.php?id=2533", "内容": "ゆかり調剤薬局【5:薬局】宮城県仙台市宮城野区新田１－２０－１" }, "geometry": { "type": "Point", "coordinates": [ 140.92031, 38.274738 ] } },
{ "type": "Feature", "properties": { "ID": 450400111026, "正式名称": "泉調剤薬局", "機関区分": 5, "都道府県コード": 4, "市区町村コード": 105, "所在地": "宮城県仙台市泉区泉中央４丁目２６－１０", "緯度": 38.320292, "経度": 140.886787, "url": "https://www.iryou.teikyouseido.mhlw.go.jp/znk-web/juminkanja/S2430/initialize?prefCd=04&kikanCd=0400111026&kikanKbn=5", "url2": "https://www.senpoku-yakuhin.jp/", "内容": "泉調剤薬局【5:薬局】宮城県仙台市泉区泉中央４丁目２６－１０" }, "geometry": { "type": "Point", "coordinates": [ 140.886787, 38.320292 ] } },
{ "type": "Feature", "properties": { "ID": 450400111031, "正式名称": "中江グリーン調剤薬局", "機関区分": 5, "都道府県コード": 4, "市区町村コード": 101, "所在地": "宮城県仙台市青葉区中江１丁目７番３号", "緯度": 38.274739, "経度": 140.889297, "url": "https://www.iryou.teikyouseido.mhlw.go.jp/znk-web/juminkanja/S2430/initialize?prefCd=04&kikanCd=0400111031&kikanKbn=5", "url2": "https://greenpharmacy.web.fc2.com", "内容": "中江グリーン調剤薬局【5:薬局】宮城県仙台市青葉区中江１丁目７番３号" }, "geometry": { "type": "Point", "coordinates": [ 140.889297, 38.274739 ] } },
{ "type": "Feature", "properties": { "ID": 450400111034, "正式名称": "フロンティア薬局広瀬店", "機関区分": 5, "都道府県コード": 4, "市区町村コード": 101, "所在地": "宮城県仙台市青葉区広瀬町４－８－１階", "緯度": 38.270427, "経度": 140.856655, "url": "https://www.iryou.teikyouseido.mhlw.go.jp/znk-web/juminkanja/S2430/initialize?prefCd=04&kikanCd=0400111034&kikanKbn=5", "url2": "http://www.frontier-ph.com", "内容": "フロンティア薬局広瀬店【5:薬局】宮城県仙台市青葉区広瀬町４－８－１階" }, "geometry": { "type": "Point", "coordinates": [ 140.856655, 38.270427 ] } },
{ "type": "Feature", "properties": { "ID": 450400111037, "正式名称": "オレンジ調剤薬局", "機関区分": 5, "都道府県コード": 4, "市区町村コード": 101, "所在地": "宮城県仙台市青葉区通町２丁目１７－２１　アーバンテラス１０１", "緯度": 38.2811458, "経度": 140.8673937, "url": "https://www.iryou.teikyouseido.mhlw.go.jp/znk-web/juminkanja/S2430/initialize?prefCd=04&kikanCd=0400111037&kikanKbn=5", "url2": null, "内容": "オレンジ調剤薬局【5:薬局】宮城県仙台市青葉区通町２丁目１７－２１　アーバンテラス１０１" }, "geometry": { "type": "Point", "coordinates": [ 140.8673937, 38.2811458 ] } },
{ "type": "Feature", "properties": { "ID": 450400111041, "正式名称": "泉中央調剤薬局", "機関区分": 5, "都道府県コード": 4, "市区町村コード": 105, "所在地": "宮城県仙台市泉区泉中央３丁目２９－７　ウイング２１ビル１階", "緯度": 38.32328, "経度": 140.886032, "url": "https://www.iryou.teikyouseido.mhlw.go.jp/znk-web/juminkanja/S2430/initialize?prefCd=04&kikanCd=0400111041&kikanKbn=5", "url2": "http://www.shpe.co.jp/", "内容": "泉中央調剤薬局【5:薬局】宮城県仙台市泉区泉中央３丁目２９－７　ウイング２１ビル１階" }, "geometry": { "type": "Point", "coordinates": [ 140.886032, 38.32328 ] } },
{ "type": "Feature", "properties": { "ID": 450400111042, "正式名称": "さいわい薬局　幸町店", "機関区分": 5, "都道府県コード": 4, "市区町村コード": 102, "所在地": "宮城県仙台市宮城野区幸町２丁目２０ー１７", "緯度": 38.277658, "経度": 140.898907, "url": "https://www.iryou.teikyouseido.mhlw.go.jp/znk-web/juminkanja/S2430/initialize?prefCd=04&kikanCd=0400111042&kikanKbn=5", "url2": "https://meron-net.shop/ds/saiwai-saiwaiten-1", "内容": "さいわい薬局　幸町店【5:薬局】宮城県仙台市宮城野区幸町２丁目２０ー１７" }, "geometry": { "type": "Point", "coordinates": [ 140.898907, 38.277658 ] } },
{ "type": "Feature", "properties": { "ID": 450400111043, "正式名称": "ヤマザワ調剤薬局東鹿島店", "機関区分": 5, "都道府県コード": 4, "市区町村コード": 105, "所在地": "宮城県仙台市泉区市名坂字竹内１００－６", "緯度": 38.32035, "経度": 140.8884, "url": "https://www.iryou.teikyouseido.mhlw.go.jp/znk-web/juminkanja/S2430/initialize?prefCd=04&kikanCd=0400111043&kikanKbn=5", "url2": null, "内容": "ヤマザワ調剤薬局東鹿島店【5:薬局】宮城県仙台市泉区市名坂字竹内１００－６" }, "geometry": { "type": "Point", "coordinates": [ 140.8884, 38.32035 ] } },
{ "type": "Feature", "properties": { "ID": 450400111052, "正式名称": "ひかり薬局泉中央", "機関区分": 5, "都道府県コード": 4, "市区町村コード": 105, "所在地": "宮城県仙台市泉区泉中央４丁目２０－７", "緯度": 38.322008, "経度": 140.886553, "url": "https://www.iryou.teikyouseido.mhlw.go.jp/znk-web/juminkanja/S2430/initialize?prefCd=04&kikanCd=0400111052&kikanKbn=5", "url2": "http://www.hikari-pharmacy.co.jp", "内容": "ひかり薬局泉中央【5:薬局】宮城県仙台市泉区泉中央４丁目２０－７" }, "geometry": { "type": "Point", "coordinates": [ 140.886553, 38.322008 ] } },
{ "type": "Feature", "properties": { "ID": 450400111055, "正式名称": "ユニスマイル薬局　仙台南店", "機関区分": 5, "都道府県コード": 4, "市区町村コード": 104, "所在地": "宮城県仙台市太白区中田町字前沖１６３－１１", "緯度": 38.191295, "経度": 140.899302, "url": "https://www.iryou.teikyouseido.mhlw.go.jp/znk-web/juminkanja/S2430/initialize?prefCd=04&kikanCd=0400111055&kikanKbn=5", "url2": "https://unismile.co.jp", "内容": "ユニスマイル薬局　仙台南店【5:薬局】宮城県仙台市太白区中田町字前沖１６３－１１" }, "geometry": { "type": "Point", "coordinates": [ 140.899302, 38.191295 ] } },
{ "type": "Feature", "properties": { "ID": 450400111060, "正式名称": "すみれ調剤薬局", "機関区分": 5, "都道府県コード": 4, "市区町村コード": 101, "所在地": "宮城県仙台市青葉区桜ケ丘７ー２２ー７", "緯度": 38.305407, "経度": 140.845753, "url": "https://www.iryou.teikyouseido.mhlw.go.jp/znk-web/juminkanja/S2430/initialize?prefCd=04&kikanCd=0400111060&kikanKbn=5", "url2": "http://www.medical-chouei.jp", "内容": "すみれ調剤薬局【5:薬局】宮城県仙台市青葉区桜ケ丘７ー２２ー７" }, "geometry": { "type": "Point", "coordinates": [ 140.845753, 38.305407 ] } },
{ "type": "Feature", "properties": { "ID": 450400111067, "正式名称": "薬局トモズ仙台サンモール店", "機関区分": 5, "都道府県コード": 4, "市区町村コード": 101, "所在地": "宮城県仙台市青葉区一番町２－６－１シティハウス一番町中央１Ｆ", "緯度": 38.258717, "経度": 140.872299, "url": "https://www.iryou.teikyouseido.mhlw.go.jp/znk-web/juminkanja/S2430/initialize?prefCd=04&kikanCd=0400111067&kikanKbn=5", "url2": "http://www.tomods.jp/", "内容": "薬局トモズ仙台サンモール店【5:薬局】宮城県仙台市青葉区一番町２－６－１シティハウス一番町中央１Ｆ" }, "geometry": { "type": "Point", "coordinates": [ 140.872299, 38.258717 ] } },
{ "type": "Feature", "properties": { "ID": 450400111069, "正式名称": "わかば調剤薬局国分町店", "機関区分": 5, "都道府県コード": 4, "市区町村コード": 101, "所在地": "宮城県仙台市青葉区国分町２－２－１１　オパール仙台ビル４階", "緯度": 38.26219, "経度": 140.868644, "url": "https://www.iryou.teikyouseido.mhlw.go.jp/znk-web/juminkanja/S2430/initialize?prefCd=04&kikanCd=0400111069&kikanKbn=5", "url2": null, "内容": "わかば調剤薬局国分町店【5:薬局】宮城県仙台市青葉区国分町２－２－１１　オパール仙台ビル４階" }, "geometry": { "type": "Point", "coordinates": [ 140.868644, 38.26219 ] } },
{ "type": "Feature", "properties": { "ID": 450400111071, "正式名称": "かのん調剤薬局", "機関区分": 5, "都道府県コード": 4, "市区町村コード": 101, "所在地": "宮城県仙台市青葉区中山８ー２２ー１６", "緯度": 38.29864, "経度": 140.832505, "url": "https://www.iryou.teikyouseido.mhlw.go.jp/znk-web/juminkanja/S2430/initialize?prefCd=04&kikanCd=0400111071&kikanKbn=5", "url2": "http://medical-chouei.jp", "内容": "かのん調剤薬局【5:薬局】宮城県仙台市青葉区中山８ー２２ー１６" }, "geometry": { "type": "Point", "coordinates": [ 140.832505, 38.29864 ] } },
{ "type": "Feature", "properties": { "ID": 450400111073, "正式名称": "そよ風薬局", "機関区分": 5, "都道府県コード": 4, "市区町村コード": 102, "所在地": "宮城県仙台市宮城野区高砂１丁目２４－１", "緯度": 38.271605, "経度": 140.973445, "url": "https://www.iryou.teikyouseido.mhlw.go.jp/znk-web/juminkanja/S2430/initialize?prefCd=04&kikanCd=0400111073&kikanKbn=5", "url2": "http://www.mediphal.com", "内容": "そよ風薬局【5:薬局】宮城県仙台市宮城野区高砂１丁目２４－１" }, "geometry": { "type": "Point", "coordinates": [ 140.973445, 38.271605 ] } },
{ "type": "Feature", "properties": { "ID": 450400111076, "正式名称": "ミドリ調剤薬局", "機関区分": 5, "都道府県コード": 4, "市区町村コード": 101, "所在地": "宮城県仙台市青葉区国分町２－３－８", "緯度": 38.262233, "経度": 140.868007, "url": "https://www.iryou.teikyouseido.mhlw.go.jp/znk-web/juminkanja/S2430/initialize?prefCd=04&kikanCd=0400111076&kikanKbn=5", "url2": null, "内容": "ミドリ調剤薬局【5:薬局】宮城県仙台市青葉区国分町２－３－８" }, "geometry": { "type": "Point", "coordinates": [ 140.868007, 38.262233 ] } },
{ "type": "Feature", "properties": { "ID": 450400111088, "正式名称": "有限会社ハーブ調剤薬局", "機関区分": 5, "都道府県コード": 4, "市区町村コード": 101, "所在地": "宮城県仙台市青葉区落合１－１３－２７", "緯度": 38.2716059, "経度": 140.7941012, "url": "https://www.iryou.teikyouseido.mhlw.go.jp/znk-web/juminkanja/S2430/initialize?prefCd=04&kikanCd=0400111088&kikanKbn=5", "url2": "https://herb-pharmacy-888.com/", "内容": "有限会社ハーブ調剤薬局【5:薬局】宮城県仙台市青葉区落合１－１３－２７" }, "geometry": { "type": "Point", "coordinates": [ 140.7941012, 38.2716059 ] } },
{ "type": "Feature", "properties": { "ID": 450400111089, "正式名称": "明日可薬局", "機関区分": 5, "都道府県コード": 4, "市区町村コード": 101, "所在地": "宮城県仙台市青葉区木町通１－８－１５", "緯度": 38.270324, "経度": 140.862167, "url": "https://www.iryou.teikyouseido.mhlw.go.jp/znk-web/juminkanja/S2430/initialize?prefCd=04&kikanCd=0400111089&kikanKbn=5", "url2": "https://littlebird-asukapharmacy.com/", "内容": "明日可薬局【5:薬局】宮城県仙台市青葉区木町通１－８－１５" }, "geometry": { "type": "Point", "coordinates": [ 140.862167, 38.270324 ] } },
{ "type": "Feature", "properties": { "ID": 450400111093, "正式名称": "おきの調剤薬局", "機関区分": 5, "都道府県コード": 4, "市区町村コード": 103, "所在地": "宮城県仙台市若林区沖野７丁目４３－３０", "緯度": 38.228345, "経度": 140.92289, "url": "https://www.iryou.teikyouseido.mhlw.go.jp/znk-web/juminkanja/S2430/initialize?prefCd=04&kikanCd=0400111093&kikanKbn=5", "url2": null, "内容": "おきの調剤薬局【5:薬局】宮城県仙台市若林区沖野７丁目４３－３０" }, "geometry": { "type": "Point", "coordinates": [ 140.92289, 38.228345 ] } },
{ "type": "Feature", "properties": { "ID": 450400111094, "正式名称": "ひろせ通り薬局", "機関区分": 5, "都道府県コード": 4, "市区町村コード": 101, "所在地": "宮城県仙台市青葉区本町一丁目２番６号", "緯度": 38.263298, "経度": 140.8785269, "url": "https://www.iryou.teikyouseido.mhlw.go.jp/znk-web/juminkanja/S2430/initialize?prefCd=04&kikanCd=0400111094&kikanKbn=5", "url2": null, "内容": "ひろせ通り薬局【5:薬局】宮城県仙台市青葉区本町一丁目２番６号" }, "geometry": { "type": "Point", "coordinates": [ 140.8785269, 38.263298 ] } },
{ "type": "Feature", "properties": { "ID": 450400111099, "正式名称": "ヤマザワ調剤薬局萩野町店", "機関区分": 5, "都道府県コード": 4, "市区町村コード": 102, "所在地": "宮城県仙台市宮城野区萩野町１－１１－１２", "緯度": 38.2578087, "経度": 140.911576, "url": "https://www.iryou.teikyouseido.mhlw.go.jp/znk-web/juminkanja/S2430/initialize?prefCd=04&kikanCd=0400111099&kikanKbn=5", "url2": "https://www.yamazawa-drg.co.jp/", "内容": "ヤマザワ調剤薬局萩野町店【5:薬局】宮城県仙台市宮城野区萩野町１－１１－１２" }, "geometry": { "type": "Point", "coordinates": [ 140.911576, 38.2578087 ] } },
{ "type": "Feature", "properties": { "ID": 450400111100, "正式名称": "おおまち調剤薬局", "機関区分": 5, "都道府県コード": 4, "市区町村コード": 101, "所在地": "宮城県仙台市青葉区大町２－７－１８", "緯度": 38.260256, "経度": 140.866514, "url": "https://www.iryou.teikyouseido.mhlw.go.jp/znk-web/juminkanja/S2430/initialize?prefCd=04&kikanCd=0400111100&kikanKbn=5", "url2": null, "内容": "おおまち調剤薬局【5:薬局】宮城県仙台市青葉区大町２－７－１８" }, "geometry": { "type": "Point", "coordinates": [ 140.866514, 38.260256 ] } },
{ "type": "Feature", "properties": { "ID": 450400111101, "正式名称": "いろは調剤薬局", "機関区分": 5, "都道府県コード": 4, "市区町村コード": 101, "所在地": "宮城県仙台市青葉区栗生７－１０－８", "緯度": 38.268849, "経度": 140.777625, "url": "https://www.iryou.teikyouseido.mhlw.go.jp/znk-web/juminkanja/S2430/initialize?prefCd=04&kikanCd=0400111101&kikanKbn=5", "url2": null, "内容": "いろは調剤薬局【5:薬局】宮城県仙台市青葉区栗生７－１０－８" }, "geometry": { "type": "Point", "coordinates": [ 140.777625, 38.268849 ] } },
{ "type": "Feature", "properties": { "ID": 450400111105, "正式名称": "しょうげん調剤薬局", "機関区分": 5, "都道府県コード": 4, "市区町村コード": 105, "所在地": "宮城県仙台市泉区将監殿３－２１－５", "緯度": 32.453991, "経度": 130.181127, "url": "https://www.iryou.teikyouseido.mhlw.go.jp/znk-web/juminkanja/S2430/initialize?prefCd=04&kikanCd=0400111105&kikanKbn=5", "url2": null, "内容": "しょうげん調剤薬局【5:薬局】宮城県仙台市泉区将監殿３－２１－５" }, "geometry": { "type": "Point", "coordinates": [ 130.181127, 32.453991 ] } },
{ "type": "Feature", "properties": { "ID": 450400111109, "正式名称": "調剤薬局ツルハドラッグ明石南店", "機関区分": 5, "都道府県コード": 4, "市区町村コード": 105, "所在地": "宮城県仙台市泉区明石南３丁目４－４", "緯度": 38.339914, "経度": 140.887245, "url": "https://www.iryou.teikyouseido.mhlw.go.jp/znk-web/juminkanja/S2430/initialize?prefCd=04&kikanCd=0400111109&kikanKbn=5", "url2": "http://www.tsuruha.co.jp", "内容": "調剤薬局ツルハドラッグ明石南店【5:薬局】宮城県仙台市泉区明石南３丁目４－４" }, "geometry": { "type": "Point", "coordinates": [ 140.887245, 38.339914 ] } },
{ "type": "Feature", "properties": { "ID": 450400111112, "正式名称": "フレンド薬局桜", "機関区分": 5, "都道府県コード": 4, "市区町村コード": 101, "所在地": "宮城県仙台市青葉区桜ケ丘２ー１４ー３３", "緯度": 38.297542, "経度": 140.851389, "url": "https://www.iryou.teikyouseido.mhlw.go.jp/znk-web/juminkanja/S2430/initialize?prefCd=04&kikanCd=0400111112&kikanKbn=5", "url2": null, "内容": "フレンド薬局桜【5:薬局】宮城県仙台市青葉区桜ケ丘２ー１４ー３３" }, "geometry": { "type": "Point", "coordinates": [ 140.851389, 38.297542 ] } },
{ "type": "Feature", "properties": { "ID": 450400111113, "正式名称": "ヤマザワ調剤薬局二の森店", "機関区分": 5, "都道府県コード": 4, "市区町村コード": 102, "所在地": "宮城県仙台市宮城野区二の森１２－４３", "緯度": 38.27957, "経度": 140.89998, "url": "https://www.iryou.teikyouseido.mhlw.go.jp/znk-web/juminkanja/S2430/initialize?prefCd=04&kikanCd=0400111113&kikanKbn=5", "url2": "http://www.yamazawa-drg.co.jp/shop/ninomori", "内容": "ヤマザワ調剤薬局二の森店【5:薬局】宮城県仙台市宮城野区二の森１２－４３" }, "geometry": { "type": "Point", "coordinates": [ 140.89998, 38.27957 ] } },
{ "type": "Feature", "properties": { "ID": 450400111117, "正式名称": "リフレ薬局大町店", "機関区分": 5, "都道府県コード": 4, "市区町村コード": 101, "所在地": "宮城県仙台市青葉区大町１丁目１－８第３青葉ビル３Ｆ", "緯度": 38.259513, "経度": 140.870122, "url": "https://www.iryou.teikyouseido.mhlw.go.jp/znk-web/juminkanja/S2430/initialize?prefCd=04&kikanCd=0400111117&kikanKbn=5", "url2": "http://www.refre-net.com", "内容": "リフレ薬局大町店【5:薬局】宮城県仙台市青葉区大町１丁目１－８第３青葉ビル３Ｆ" }, "geometry": { "type": "Point", "coordinates": [ 140.870122, 38.259513 ] } },
{ "type": "Feature", "properties": { "ID": 450400111121, "正式名称": "アップル薬局川平店", "機関区分": 5, "都道府県コード": 4, "市区町村コード": 101, "所在地": "宮城県仙台市青葉区川平３－４０－１７", "緯度": 38.305458, "経度": 140.836412, "url": "https://www.iryou.teikyouseido.mhlw.go.jp/znk-web/juminkanja/S2430/initialize?prefCd=04&kikanCd=0400111121&kikanKbn=5", "url2": "http://www.applecarenet.jp/", "内容": "アップル薬局川平店【5:薬局】宮城県仙台市青葉区川平３－４０－１７" }, "geometry": { "type": "Point", "coordinates": [ 140.836412, 38.305458 ] } },
{ "type": "Feature", "properties": { "ID": 450400111122, "正式名称": "くるみ調剤薬局", "機関区分": 5, "都道府県コード": 4, "市区町村コード": 101, "所在地": "宮城県仙台市青葉区国見４丁目２－８", "緯度": 38.276482, "経度": 140.843201, "url": "https://www.iryou.teikyouseido.mhlw.go.jp/znk-web/juminkanja/S2430/initialize?prefCd=04&kikanCd=0400111122&kikanKbn=5", "url2": "http://medical-chouei.jp", "内容": "くるみ調剤薬局【5:薬局】宮城県仙台市青葉区国見４丁目２－８" }, "geometry": { "type": "Point", "coordinates": [ 140.843201, 38.276482 ] } },
{ "type": "Feature", "properties": { "ID": 450400111123, "正式名称": "たかもり調剤薬局", "機関区分": 5, "都道府県コード": 4, "市区町村コード": 105, "所在地": "宮城県仙台市泉区高森１－１－３５１", "緯度": 38.340374, "経度": 140.85477, "url": "https://www.iryou.teikyouseido.mhlw.go.jp/znk-web/juminkanja/S2430/initialize?prefCd=04&kikanCd=0400111123&kikanKbn=5", "url2": null, "内容": "たかもり調剤薬局【5:薬局】宮城県仙台市泉区高森１－１－３５１" }, "geometry": { "type": "Point", "coordinates": [ 140.85477, 38.340374 ] } },
{ "type": "Feature", "properties": { "ID": 450400111129, "正式名称": "にしたが調剤薬局", "機関区分": 5, "都道府県コード": 4, "市区町村コード": 104, "所在地": "宮城県仙台市太白区西多賀１丁１９―１７", "緯度": 38.223269, "経度": 140.858456, "url": "https://www.iryou.teikyouseido.mhlw.go.jp/znk-web/juminkanja/S2430/initialize?prefCd=04&kikanCd=0400111129&kikanKbn=5", "url2": "https://meron-net.shop/ds/vienest-nishitaga/", "内容": "にしたが調剤薬局【5:薬局】宮城県仙台市太白区西多賀１丁１９―１７" }, "geometry": { "type": "Point", "coordinates": [ 140.858456, 38.223269 ] } },
{ "type": "Feature", "properties": { "ID": 450400111132, "正式名称": "保険調剤ぽけっと薬局", "機関区分": 5, "都道府県コード": 4, "市区町村コード": 105, "所在地": "宮城県仙台市泉区明石南３－４－５", "緯度": 38.340359, "経度": 140.886794, "url": "https://www.iryou.teikyouseido.mhlw.go.jp/znk-web/juminkanja/S2430/initialize?prefCd=04&kikanCd=0400111132&kikanKbn=5", "url2": null, "内容": "保険調剤ぽけっと薬局【5:薬局】宮城県仙台市泉区明石南３－４－５" }, "geometry": { "type": "Point", "coordinates": [ 140.886794, 38.340359 ] } },
{ "type": "Feature", "properties": { "ID": 450400111133, "正式名称": "かえで調剤薬局", "機関区分": 5, "都道府県コード": 4, "市区町村コード": 102, "所在地": "宮城県仙台市宮城野区新田東１丁目８－１", "緯度": 38.27718, "経度": 140.932709, "url": "https://www.iryou.teikyouseido.mhlw.go.jp/znk-web/juminkanja/S2430/initialize?prefCd=04&kikanCd=0400111133&kikanKbn=5", "url2": "http://www.medical-chouei.jp", "内容": "かえで調剤薬局【5:薬局】宮城県仙台市宮城野区新田東１丁目８－１" }, "geometry": { "type": "Point", "coordinates": [ 140.932709, 38.27718 ] } },
{ "type": "Feature", "properties": { "ID": 450400111135, "正式名称": "フレンド薬局　東照宮", "機関区分": 5, "都道府県コード": 4, "市区町村コード": 101, "所在地": "宮城県仙台市青葉区東照宮２－１－８", "緯度": 38.278504, "経度": 140.885272, "url": "https://www.iryou.teikyouseido.mhlw.go.jp/znk-web/juminkanja/S2430/initialize?prefCd=04&kikanCd=0400111135&kikanKbn=5", "url2": "https://meron-net.shop/ds/friend-toushouguu", "内容": "フレンド薬局　東照宮【5:薬局】宮城県仙台市青葉区東照宮２－１－８" }, "geometry": { "type": "Point", "coordinates": [ 140.885272, 38.278504 ] } },
{ "type": "Feature", "properties": { "ID": 450400111137, "正式名称": "ピース調剤薬局", "機関区分": 5, "都道府県コード": 4, "市区町村コード": 102, "所在地": "宮城県仙台市宮城野区新田東３丁目２番地７号", "緯度": 38.275179, "経度": 140.937825, "url": "https://www.iryou.teikyouseido.mhlw.go.jp/znk-web/juminkanja/S2430/initialize?prefCd=04&kikanCd=0400111137&kikanKbn=5", "url2": null, "内容": "ピース調剤薬局【5:薬局】宮城県仙台市宮城野区新田東３丁目２番地７号" }, "geometry": { "type": "Point", "coordinates": [ 140.937825, 38.275179 ] } },
{ "type": "Feature", "properties": { "ID": 450400111140, "正式名称": "つるみ薬局古城店", "機関区分": 5, "都道府県コード": 4, "市区町村コード": 103, "所在地": "宮城県仙台市若林区古城３－６－１０", "緯度": 38.235552, "経度": 140.907866, "url": "https://www.iryou.teikyouseido.mhlw.go.jp/znk-web/juminkanja/S2430/initialize?prefCd=04&kikanCd=0400111140&kikanKbn=5", "url2": null, "内容": "つるみ薬局古城店【5:薬局】宮城県仙台市若林区古城３－６－１０" }, "geometry": { "type": "Point", "coordinates": [ 140.907866, 38.235552 ] } },
{ "type": "Feature", "properties": { "ID": 450400111144, "正式名称": "宮城第一薬局", "機関区分": 5, "都道府県コード": 4, "市区町村コード": 104, "所在地": "宮城県仙台市太白区長町１丁目８－３５ルシェリア長町１階", "緯度": 38.236308, "経度": 140.886542, "url": "https://www.iryou.teikyouseido.mhlw.go.jp/znk-web/juminkanja/S2430/initialize?prefCd=04&kikanCd=0400111144&kikanKbn=5", "url2": "http://miyachou-ph.co.jp/", "内容": "宮城第一薬局【5:薬局】宮城県仙台市太白区長町１丁目８－３５ルシェリア長町１階" }, "geometry": { "type": "Point", "coordinates": [ 140.886542, 38.236308 ] } },
{ "type": "Feature", "properties": { "ID": 450400111146, "正式名称": "リフレ薬局西多賀店", "機関区分": 5, "都道府県コード": 4, "市区町村コード": 104, "所在地": "宮城県仙台市太白区西多賀４丁目１０－８", "緯度": 38.222913, "経度": 140.851023, "url": "https://www.iryou.teikyouseido.mhlw.go.jp/znk-web/juminkanja/S2430/initialize?prefCd=04&kikanCd=0400111146&kikanKbn=5", "url2": "http://www.refre-net.com", "内容": "リフレ薬局西多賀店【5:薬局】宮城県仙台市太白区西多賀４丁目１０－８" }, "geometry": { "type": "Point", "coordinates": [ 140.851023, 38.222913 ] } },
{ "type": "Feature", "properties": { "ID": 450400111147, "正式名称": "アイビー薬局富沢店", "機関区分": 5, "都道府県コード": 4, "市区町村コード": 104, "所在地": "宮城県仙台市太白区富沢４丁目６―１　ＳＫ２０ビル１０１号", "緯度": 38.21514, "経度": 140.870606, "url": "https://www.iryou.teikyouseido.mhlw.go.jp/znk-web/juminkanja/S2430/initialize?prefCd=04&kikanCd=0400111147&kikanKbn=5", "url2": null, "内容": "アイビー薬局富沢店【5:薬局】宮城県仙台市太白区富沢４丁目６―１　ＳＫ２０ビル１０１号" }, "geometry": { "type": "Point", "coordinates": [ 140.870606, 38.21514 ] } },
{ "type": "Feature", "properties": { "ID": 450400111151, "正式名称": "さくら調剤薬局　長町南店", "機関区分": 5, "都道府県コード": 4, "市区町村コード": 104, "所在地": "宮城県仙台市太白区長町南１丁目１‐８Ｋ＇ｓビル長町南１Ｆ", "緯度": 38.2246197, "経度": 140.87656, "url": "https://www.iryou.teikyouseido.mhlw.go.jp/znk-web/juminkanja/S2430/initialize?prefCd=04&kikanCd=0400111151&kikanKbn=5", "url2": "http://sakurapharmacy.co.jp", "内容": "さくら調剤薬局　長町南店【5:薬局】宮城県仙台市太白区長町南１丁目１‐８Ｋ＇ｓビル長町南１Ｆ" }, "geometry": { "type": "Point", "coordinates": [ 140.87656, 38.2246197 ] } },
{ "type": "Feature", "properties": { "ID": 450400111153, "正式名称": "なかよし調剤薬局", "機関区分": 5, "都道府県コード": 4, "市区町村コード": 101, "所在地": "宮城県仙台市青葉区落合５－２６－１８プラザ広瀬１０２", "緯度": 38.272886, "経度": 140.784503, "url": "https://www.iryou.teikyouseido.mhlw.go.jp/znk-web/juminkanja/S2430/initialize?prefCd=04&kikanCd=0400111153&kikanKbn=5", "url2": "https://nakayoshiph.com/", "内容": "なかよし調剤薬局【5:薬局】宮城県仙台市青葉区落合５－２６－１８プラザ広瀬１０２" }, "geometry": { "type": "Point", "coordinates": [ 140.784503, 38.272886 ] } },
{ "type": "Feature", "properties": { "ID": 450400111158, "正式名称": "カメイ調剤ひまわり薬局", "機関区分": 5, "都道府県コード": 4, "市区町村コード": 101, "所在地": "宮城県仙台市青葉区昭和町４－３", "緯度": 38.2798294, "経度": 140.8692918, "url": "https://www.iryou.teikyouseido.mhlw.go.jp/znk-web/juminkanja/S2430/initialize?prefCd=04&kikanCd=0400111158&kikanKbn=5", "url2": "http://www.kamei.co.jp/pharmacy/index.html", "内容": "カメイ調剤ひまわり薬局【5:薬局】宮城県仙台市青葉区昭和町４－３" }, "geometry": { "type": "Point", "coordinates": [ 140.869291800000013, 38.2798294 ] } },
{ "type": "Feature", "properties": { "ID": 450400111159, "正式名称": "オトア薬局", "機関区分": 5, "都道府県コード": 4, "市区町村コード": 104, "所在地": "宮城県仙台市太白区太白１－６－１", "緯度": 38.2318735, "経度": 140.8184514, "url": "https://www.iryou.teikyouseido.mhlw.go.jp/znk-web/juminkanja/S2430/initialize?prefCd=04&kikanCd=0400111159&kikanKbn=5", "url2": "http://www.e-classa.net/gran/", "内容": "オトア薬局【5:薬局】宮城県仙台市太白区太白１－６－１" }, "geometry": { "type": "Point", "coordinates": [ 140.818451399999987, 38.2318735 ] } },
{ "type": "Feature", "properties": { "ID": 450400111161, "正式名称": "まごころ調剤薬局", "機関区分": 5, "都道府県コード": 4, "市区町村コード": 101, "所在地": "宮城県仙台市青葉区荒巻本沢三丁目１ー８", "緯度": 38.289025, "経度": 140.856725, "url": "https://www.iryou.teikyouseido.mhlw.go.jp/znk-web/juminkanja/S2430/initialize?prefCd=04&kikanCd=0400111161&kikanKbn=5", "url2": "https://magokoro-kizuna.com", "内容": "まごころ調剤薬局【5:薬局】宮城県仙台市青葉区荒巻本沢三丁目１ー８" }, "geometry": { "type": "Point", "coordinates": [ 140.856725, 38.289025 ] } },
{ "type": "Feature", "properties": { "ID": 450400111163, "正式名称": "調剤薬局ツルハドラッグ小鶴新田店", "機関区分": 5, "都道府県コード": 4, "市区町村コード": 102, "所在地": "宮城県仙台市宮城野区新田東３－１ー５", "緯度": 38.276616, "経度": 140.935903, "url": "https://www.iryou.teikyouseido.mhlw.go.jp/znk-web/juminkanja/S2430/initialize?prefCd=04&kikanCd=0400111163&kikanKbn=5", "url2": "http://www.tsuruha.co.jp", "内容": "調剤薬局ツルハドラッグ小鶴新田店【5:薬局】宮城県仙台市宮城野区新田東３－１ー５" }, "geometry": { "type": "Point", "coordinates": [ 140.935903, 38.276616 ] } },
{ "type": "Feature", "properties": { "ID": 450400111173, "正式名称": "おりーぶ薬局　たいはっくる店", "機関区分": 5, "都道府県コード": 4, "市区町村コード": 104, "所在地": "宮城県仙台市太白区長町５丁目３－１", "緯度": 38.228427, "経度": 140.884419, "url": "https://www.iryou.teikyouseido.mhlw.go.jp/znk-web/juminkanja/S2430/initialize?prefCd=04&kikanCd=0400111173&kikanKbn=5", "url2": "https://olivepharmacy.net/shop/thaihackle", "内容": "おりーぶ薬局　たいはっくる店【5:薬局】宮城県仙台市太白区長町５丁目３－１" }, "geometry": { "type": "Point", "coordinates": [ 140.884419, 38.228427 ] } },
{ "type": "Feature", "properties": { "ID": 450400111178, "正式名称": "有限会社　一條薬局", "機関区分": 5, "都道府県コード": 4, "市区町村コード": 102, "所在地": "宮城県仙台市宮城野区栄４丁目１１番２３号", "緯度": 38.2808099, "経度": 140.9843638, "url": "https://www.iryou.teikyouseido.mhlw.go.jp/znk-web/juminkanja/S2430/initialize?prefCd=04&kikanCd=0400111178&kikanKbn=5", "url2": "https://chinese-medicine-store286.business.site/", "内容": "有限会社　一條薬局【5:薬局】宮城県仙台市宮城野区栄４丁目１１番２３号" }, "geometry": { "type": "Point", "coordinates": [ 140.984363800000011, 38.2808099 ] } },
{ "type": "Feature", "properties": { "ID": 450400111179, "正式名称": "フレンド薬局　沖野", "機関区分": 5, "都道府県コード": 4, "市区町村コード": 103, "所在地": "宮城県仙台市若林区沖野５丁目３ー１３", "緯度": 38.223222, "経度": 140.91018, "url": "https://www.iryou.teikyouseido.mhlw.go.jp/znk-web/juminkanja/S2430/initialize?prefCd=04&kikanCd=0400111179&kikanKbn=5", "url2": "https://meron-net.shop/ds/friend-okino", "内容": "フレンド薬局　沖野【5:薬局】宮城県仙台市若林区沖野５丁目３ー１３" }, "geometry": { "type": "Point", "coordinates": [ 140.91018, 38.223222 ] } },
{ "type": "Feature", "properties": { "ID": 450400111182, "正式名称": "調剤薬局ツルハドラッグ南光台店", "機関区分": 5, "都道府県コード": 4, "市区町村コード": 105, "所在地": "宮城県仙台市泉区南光台南３丁目２０ー６", "緯度": 38.293884, "経度": 140.90756, "url": "https://www.iryou.teikyouseido.mhlw.go.jp/znk-web/juminkanja/S2430/initialize?prefCd=04&kikanCd=0400111182&kikanKbn=5", "url2": "https://shop.tsuruha-g.com/0311", "内容": "調剤薬局ツルハドラッグ南光台店【5:薬局】宮城県仙台市泉区南光台南３丁目２０ー６" }, "geometry": { "type": "Point", "coordinates": [ 140.90756, 38.293884 ] } },
{ "type": "Feature", "properties": { "ID": 450400111187, "正式名称": "まつざわ薬局　小松島店", "機関区分": 5, "都道府県コード": 4, "市区町村コード": 101, "所在地": "宮城県仙台市青葉区小松島４丁目２７－３４", "緯度": 38.288113, "経度": 140.8918, "url": "https://www.iryou.teikyouseido.mhlw.go.jp/znk-web/juminkanja/S2430/initialize?prefCd=04&kikanCd=0400111187&kikanKbn=5", "url2": "http://www.matsuzawa-medical.co.jp", "内容": "まつざわ薬局　小松島店【5:薬局】宮城県仙台市青葉区小松島４丁目２７－３４" }, "geometry": { "type": "Point", "coordinates": [ 140.8918, 38.288113 ] } },
{ "type": "Feature", "properties": { "ID": 450400111189, "正式名称": "薬のカルテット　宮千代薬局", "機関区分": 5, "都道府県コード": 4, "市区町村コード": 102, "所在地": "宮城県仙台市宮城野区宮千代２丁目１９－７", "緯度": 38.253739, "経度": 140.913553, "url": "https://www.iryou.teikyouseido.mhlw.go.jp/znk-web/juminkanja/S2430/initialize?prefCd=04&kikanCd=0400111189&kikanKbn=5", "url2": null, "内容": "薬のカルテット　宮千代薬局【5:薬局】宮城県仙台市宮城野区宮千代２丁目１９－７" }, "geometry": { "type": "Point", "coordinates": [ 140.913553, 38.253739 ] } },
{ "type": "Feature", "properties": { "ID": 450400111198, "正式名称": "ヤマザワ調剤薬局中央店", "機関区分": 5, "都道府県コード": 4, "市区町村コード": 101, "所在地": "宮城県仙台市青葉区中央２丁目１０－１２", "緯度": 33.321118, "経度": 130.036846, "url": "https://www.iryou.teikyouseido.mhlw.go.jp/znk-web/juminkanja/S2430/initialize?prefCd=04&kikanCd=0400111198&kikanKbn=5", "url2": null, "内容": "ヤマザワ調剤薬局中央店【5:薬局】宮城県仙台市青葉区中央２丁目１０－１２" }, "geometry": { "type": "Point", "coordinates": [ 130.036846, 33.321118 ] } },
{ "type": "Feature", "properties": { "ID": 450400111200, "正式名称": "あおぞら調剤薬局", "機関区分": 5, "都道府県コード": 4, "市区町村コード": 104, "所在地": "宮城県仙台市太白区砂押南町１－４３－２０１", "緯度": 38.227316, "経度": 140.868256, "url": "https://www.iryou.teikyouseido.mhlw.go.jp/znk-web/juminkanja/S2430/initialize?prefCd=04&kikanCd=0400111200&kikanKbn=5", "url2": null, "内容": "あおぞら調剤薬局【5:薬局】宮城県仙台市太白区砂押南町１－４３－２０１" }, "geometry": { "type": "Point", "coordinates": [ 140.868256, 38.227316 ] } },
{ "type": "Feature", "properties": { "ID": 450400111201, "正式名称": "ウエスト調剤薬局", "機関区分": 5, "都道府県コード": 4, "市区町村コード": 104, "所在地": "宮城県仙台市太白区西多賀１丁目１２－５６", "緯度": 38.223721, "経度": 140.860871, "url": "https://www.iryou.teikyouseido.mhlw.go.jp/znk-web/juminkanja/S2430/initialize?prefCd=04&kikanCd=0400111201&kikanKbn=5", "url2": null, "内容": "ウエスト調剤薬局【5:薬局】宮城県仙台市太白区西多賀１丁目１２－５６" }, "geometry": { "type": "Point", "coordinates": [ 140.860871, 38.223721 ] } },
{ "type": "Feature", "properties": { "ID": 450400111206, "正式名称": "カメイ調剤薬局　米ケ袋店", "機関区分": 5, "都道府県コード": 4, "市区町村コード": 101, "所在地": "宮城県仙台市青葉区米ケ袋２丁目２－５３", "緯度": 38.2503895, "経度": 140.8724551, "url": "https://www.iryou.teikyouseido.mhlw.go.jp/znk-web/juminkanja/S2430/initialize?prefCd=04&kikanCd=0400111206&kikanKbn=5", "url2": "http://www.kamei.co.jp/pharmacy/index.html", "内容": "カメイ調剤薬局　米ケ袋店【5:薬局】宮城県仙台市青葉区米ケ袋２丁目２－５３" }, "geometry": { "type": "Point", "coordinates": [ 140.8724551, 38.2503895 ] } },
{ "type": "Feature", "properties": { "ID": 450400111207, "正式名称": "仙台いずみ調剤薬局", "機関区分": 5, "都道府県コード": 4, "市区町村コード": 105, "所在地": "宮城県仙台市泉区明石南六丁目１１ー４", "緯度": 38.345425, "経度": 140.88515, "url": "https://www.iryou.teikyouseido.mhlw.go.jp/znk-web/juminkanja/S2430/initialize?prefCd=04&kikanCd=0400111207&kikanKbn=5", "url2": "https://www.kenkoudou-ph.co.jp/index.html", "内容": "仙台いずみ調剤薬局【5:薬局】宮城県仙台市泉区明石南六丁目１１ー４" }, "geometry": { "type": "Point", "coordinates": [ 140.88515, 38.345425 ] } },
{ "type": "Feature", "properties": { "ID": 450400111211, "正式名称": "つくし薬局福室店", "機関区分": 5, "都道府県コード": 4, "市区町村コード": 102, "所在地": "宮城県仙台市宮城野区福室５丁目１０－５", "緯度": 38.280073, "経度": 140.970749, "url": "https://www.iryou.teikyouseido.mhlw.go.jp/znk-web/juminkanja/S2430/initialize?prefCd=04&kikanCd=0400111211&kikanKbn=5", "url2": "http://www.294ph.com/", "内容": "つくし薬局福室店【5:薬局】宮城県仙台市宮城野区福室５丁目１０－５" }, "geometry": { "type": "Point", "coordinates": [ 140.970749, 38.280073 ] } },
{ "type": "Feature", "properties": { "ID": 450400111212, "正式名称": "ひかり薬局宮町", "機関区分": 5, "都道府県コード": 4, "市区町村コード": 101, "所在地": "宮城県仙台市青葉区宮町５丁目７ー２０", "緯度": 38.276932, "経度": 140.885956, "url": "https://www.iryou.teikyouseido.mhlw.go.jp/znk-web/juminkanja/S2430/initialize?prefCd=04&kikanCd=0400111212&kikanKbn=5", "url2": "http://www.hikari-pharmacy.co.jp", "内容": "ひかり薬局宮町【5:薬局】宮城県仙台市青葉区宮町５丁目７ー２０" }, "geometry": { "type": "Point", "coordinates": [ 140.885956, 38.276932 ] } },
{ "type": "Feature", "properties": { "ID": 450400111215, "正式名称": "薬のカルテット　高森薬局", "機関区分": 5, "都道府県コード": 4, "市区町村コード": 105, "所在地": "宮城県仙台市泉区野村字筒岫屋敷１８－１", "緯度": 38.3341425, "経度": 140.8531653, "url": "https://www.iryou.teikyouseido.mhlw.go.jp/znk-web/juminkanja/S2430/initialize?prefCd=04&kikanCd=0400111215&kikanKbn=5", "url2": null, "内容": "薬のカルテット　高森薬局【5:薬局】宮城県仙台市泉区野村字筒岫屋敷１８－１" }, "geometry": { "type": "Point", "coordinates": [ 140.8531653, 38.3341425 ] } },
{ "type": "Feature", "properties": { "ID": 450400111218, "正式名称": "大野薬局", "機関区分": 5, "都道府県コード": 4, "市区町村コード": 104, "所在地": "宮城県仙台市太白区砂押町２１－８", "緯度": 38.225113, "経度": 140.864827, "url": "https://www.iryou.teikyouseido.mhlw.go.jp/znk-web/juminkanja/S2430/initialize?prefCd=04&kikanCd=0400111218&kikanKbn=5", "url2": null, "内容": "大野薬局【5:薬局】宮城県仙台市太白区砂押町２１－８" }, "geometry": { "type": "Point", "coordinates": [ 140.864827, 38.225113 ] } },
{ "type": "Feature", "properties": { "ID": 450400111223, "正式名称": "カメイ調剤薬局　河原町店", "機関区分": 5, "都道府県コード": 4, "市区町村コード": 103, "所在地": "宮城県仙台市若林区南小泉八軒小路４－３", "緯度": 38.2400414, "経度": 140.8927419, "url": "https://www.iryou.teikyouseido.mhlw.go.jp/znk-web/juminkanja/S2430/initialize?prefCd=04&kikanCd=0400111223&kikanKbn=5", "url2": "http://www.kamei.co.jp/pharmacy/index.html", "内容": "カメイ調剤薬局　河原町店【5:薬局】宮城県仙台市若林区南小泉八軒小路４－３" }, "geometry": { "type": "Point", "coordinates": [ 140.8927419, 38.2400414 ] } },
{ "type": "Feature", "properties": { "ID": 450400111227, "正式名称": "もみのき薬局長町店", "機関区分": 5, "都道府県コード": 4, "市区町村コード": 104, "所在地": "宮城県仙台市太白区長町３ー３－７", "緯度": 38.258965, "経度": 140.669168, "url": "https://www.iryou.teikyouseido.mhlw.go.jp/znk-web/juminkanja/S2430/initialize?prefCd=04&kikanCd=0400111227&kikanKbn=5", "url2": null, "内容": "もみのき薬局長町店【5:薬局】宮城県仙台市太白区長町３ー３－７" }, "geometry": { "type": "Point", "coordinates": [ 140.669168, 38.258965 ] } },
{ "type": "Feature", "properties": { "ID": 450400111228, "正式名称": "アイワ調剤薬局", "機関区分": 5, "都道府県コード": 4, "市区町村コード": 102, "所在地": "宮城県仙台市宮城野区原町２―４―４８", "緯度": 38.265289, "経度": 140.905067, "url": "https://www.iryou.teikyouseido.mhlw.go.jp/znk-web/juminkanja/S2430/initialize?prefCd=04&kikanCd=0400111228&kikanKbn=5", "url2": null, "内容": "アイワ調剤薬局【5:薬局】宮城県仙台市宮城野区原町２―４―４８" }, "geometry": { "type": "Point", "coordinates": [ 140.905067, 38.265289 ] } },
{ "type": "Feature", "properties": { "ID": 450400111229, "正式名称": "有限会社　仙臺薬局", "機関区分": 5, "都道府県コード": 4, "市区町村コード": 101, "所在地": "宮城県仙台市青葉区中央一丁目６番１号　ＨＥＲＢ　ＳＥＮＤＡＩ　ビル１階", "緯度": 38.262706, "経度": 140.880311, "url": "https://www.iryou.teikyouseido.mhlw.go.jp/znk-web/juminkanja/S2430/initialize?prefCd=04&kikanCd=0400111229&kikanKbn=5", "url2": "www.sendai-pharmacy.com/", "内容": "有限会社　仙臺薬局【5:薬局】宮城県仙台市青葉区中央一丁目６番１号　ＨＥＲＢ　ＳＥＮＤＡＩ　ビル１階" }, "geometry": { "type": "Point", "coordinates": [ 140.880311, 38.262706 ] } },
{ "type": "Feature", "properties": { "ID": 450400111230, "正式名称": "マリーン調剤薬局　荒井店", "機関区分": 5, "都道府県コード": 4, "市区町村コード": 103, "所在地": "宮城県仙台市若林区荒井２－１８－１０　十文字ビル１階", "緯度": 38.2434531, "経度": 140.93926, "url": "https://www.iryou.teikyouseido.mhlw.go.jp/znk-web/juminkanja/S2430/initialize?prefCd=04&kikanCd=0400111230&kikanKbn=5", "url2": "http://www.aquamarine-net.co.jp/", "内容": "マリーン調剤薬局　荒井店【5:薬局】宮城県仙台市若林区荒井２－１８－１０　十文字ビル１階" }, "geometry": { "type": "Point", "coordinates": [ 140.93926, 38.2434531 ] } },
{ "type": "Feature", "properties": { "ID": 450400111237, "正式名称": "ホープ薬局　鈎取店", "機関区分": 5, "都道府県コード": 4, "市区町村コード": 104, "所在地": "宮城県仙台市太白区鈎取１－６－１６", "緯度": 38.221196, "経度": 140.8457833, "url": "https://www.iryou.teikyouseido.mhlw.go.jp/znk-web/juminkanja/S2430/initialize?prefCd=04&kikanCd=0400111237&kikanKbn=5", "url2": "https://altacks-hope.jp", "内容": "ホープ薬局　鈎取店【5:薬局】宮城県仙台市太白区鈎取１－６－１６" }, "geometry": { "type": "Point", "coordinates": [ 140.8457833, 38.221196 ] } },
{ "type": "Feature", "properties": { "ID": 450400111247, "正式名称": "ミント調剤薬局", "機関区分": 5, "都道府県コード": 4, "市区町村コード": 103, "所在地": "宮城県仙台市若林区上飯田１－７－２９", "緯度": 38.22027, "経度": 140.915745, "url": "https://www.iryou.teikyouseido.mhlw.go.jp/znk-web/juminkanja/S2430/initialize?prefCd=04&kikanCd=0400111247&kikanKbn=5", "url2": "https://x.com/deep_mintpharm", "内容": "ミント調剤薬局【5:薬局】宮城県仙台市若林区上飯田１－７－２９" }, "geometry": { "type": "Point", "coordinates": [ 140.915745, 38.22027 ] } },
{ "type": "Feature", "properties": { "ID": 450400111251, "正式名称": "まつざわ薬局　西の平店", "機関区分": 5, "都道府県コード": 4, "市区町村コード": 104, "所在地": "宮城県仙台市太白区西の平１－２５－２８", "緯度": 38.229651, "経度": 140.855665, "url": "https://www.iryou.teikyouseido.mhlw.go.jp/znk-web/juminkanja/S2430/initialize?prefCd=04&kikanCd=0400111251&kikanKbn=5", "url2": "http://www.matsuzawa-medical.co.jp/", "内容": "まつざわ薬局　西の平店【5:薬局】宮城県仙台市太白区西の平１－２５－２８" }, "geometry": { "type": "Point", "coordinates": [ 140.855665, 38.229651 ] } },
{ "type": "Feature", "properties": { "ID": 450400111258, "正式名称": "おきのオレンジ薬局", "機関区分": 5, "都道府県コード": 4, "市区町村コード": 103, "所在地": "宮城県仙台市若林区沖野３－１２－３２", "緯度": 38.224485, "経度": 140.912743, "url": "https://www.iryou.teikyouseido.mhlw.go.jp/znk-web/juminkanja/S2430/initialize?prefCd=04&kikanCd=0400111258&kikanKbn=5", "url2": "http://www.imai-medicalsupport.jp/", "内容": "おきのオレンジ薬局【5:薬局】宮城県仙台市若林区沖野３－１２－３２" }, "geometry": { "type": "Point", "coordinates": [ 140.912743, 38.224485 ] } },
{ "type": "Feature", "properties": { "ID": 450400111261, "正式名称": "カメイ調剤薬局　住吉台店", "機関区分": 5, "都道府県コード": 4, "市区町村コード": 105, "所在地": "宮城県仙台市泉区住吉台東２丁目８ー１７", "緯度": 38.327975, "経度": 140.785459, "url": "https://www.iryou.teikyouseido.mhlw.go.jp/znk-web/juminkanja/S2430/initialize?prefCd=04&kikanCd=0400111261&kikanKbn=5", "url2": "http://www.kamei.co.jp/pharmacy/index.html", "内容": "カメイ調剤薬局　住吉台店【5:薬局】宮城県仙台市泉区住吉台東２丁目８ー１７" }, "geometry": { "type": "Point", "coordinates": [ 140.785459, 38.327975 ] } },
{ "type": "Feature", "properties": { "ID": 450400111262, "正式名称": "カメイ調剤薬局　新田東店", "機関区分": 5, "都道府県コード": 4, "市区町村コード": 102, "所在地": "宮城県仙台市宮城野区新田東二丁目１４－３", "緯度": 38.2760569, "経度": 140.9347296, "url": "https://www.iryou.teikyouseido.mhlw.go.jp/znk-web/juminkanja/S2430/initialize?prefCd=04&kikanCd=0400111262&kikanKbn=5", "url2": "http://www.kamei.co.jp/pharmacy/index.html", "内容": "カメイ調剤薬局　新田東店【5:薬局】宮城県仙台市宮城野区新田東二丁目１４－３" }, "geometry": { "type": "Point", "coordinates": [ 140.9347296, 38.2760569 ] } },
{ "type": "Feature", "properties": { "ID": 450400111264, "正式名称": "ひかり薬局国見", "機関区分": 5, "都道府県コード": 4, "市区町村コード": 101, "所在地": "宮城県仙台市青葉区国見１丁目１６－１０", "緯度": 38.27855, "経度": 140.844988, "url": "https://www.iryou.teikyouseido.mhlw.go.jp/znk-web/juminkanja/S2430/initialize?prefCd=04&kikanCd=0400111264&kikanKbn=5", "url2": "http://www.hikari-pharmacy.co.jp", "内容": "ひかり薬局国見【5:薬局】宮城県仙台市青葉区国見１丁目１６－１０" }, "geometry": { "type": "Point", "coordinates": [ 140.844988, 38.27855 ] } },
{ "type": "Feature", "properties": { "ID": 450400111265, "正式名称": "カメイ調剤薬局　南仙台店", "機関区分": 5, "都道府県コード": 4, "市区町村コード": 104, "所在地": "宮城県仙台市太白区西中田三丁目２２－１０", "緯度": 38.197322, "経度": 140.877767, "url": "https://www.iryou.teikyouseido.mhlw.go.jp/znk-web/juminkanja/S2430/initialize?prefCd=04&kikanCd=0400111265&kikanKbn=5", "url2": "https://www.kamei.co.jp/pharmacy/index.html", "内容": "カメイ調剤薬局　南仙台店【5:薬局】宮城県仙台市太白区西中田三丁目２２－１０" }, "geometry": { "type": "Point", "coordinates": [ 140.877767, 38.197322 ] } },
{ "type": "Feature", "properties": { "ID": 450400111266, "正式名称": "調剤薬局アルマＡｌｍａ", "機関区分": 5, "都道府県コード": 4, "市区町村コード": 101, "所在地": "宮城県仙台市青葉区柏木", "緯度": 38.275314, "経度": 140.86128, "url": "https://www.iryou.teikyouseido.mhlw.go.jp/znk-web/juminkanja/S2430/initialize?prefCd=04&kikanCd=0400111266&kikanKbn=5", "url2": "http://www.suppor-tec-alma.com/", "内容": "調剤薬局アルマＡｌｍａ【5:薬局】宮城県仙台市青葉区柏木" }, "geometry": { "type": "Point", "coordinates": [ 140.86128, 38.275314 ] } },
{ "type": "Feature", "properties": { "ID": 450400111269, "正式名称": "薬局マツモトキヨシ仙台中央通り店", "機関区分": 5, "都道府県コード": 4, "市区町村コード": 101, "所在地": "宮城県仙台市青葉区一番町３－６－４", "緯度": 38.261035, "経度": 140.873833, "url": "https://www.iryou.teikyouseido.mhlw.go.jp/znk-web/juminkanja/S2430/initialize?prefCd=04&kikanCd=0400111269&kikanKbn=5", "url2": "https://www.matsukiyococokara-online.com/map?kid=15106759", "内容": "薬局マツモトキヨシ仙台中央通り店【5:薬局】宮城県仙台市青葉区一番町３－６－４" }, "geometry": { "type": "Point", "coordinates": [ 140.873833, 38.261035 ] } },
{ "type": "Feature", "properties": { "ID": 450400111270, "正式名称": "ウジエ調剤薬局　南小泉店", "機関区分": 5, "都道府県コード": 4, "市区町村コード": 103, "所在地": "宮城県仙台市若林区一本杉町８－１７", "緯度": 38.242646, "経度": 140.907586, "url": "https://www.iryou.teikyouseido.mhlw.go.jp/znk-web/juminkanja/S2430/initialize?prefCd=04&kikanCd=0400111270&kikanKbn=5", "url2": "http://www.h2-sta.com/company.html", "内容": "ウジエ調剤薬局　南小泉店【5:薬局】宮城県仙台市若林区一本杉町８－１７" }, "geometry": { "type": "Point", "coordinates": [ 140.907586, 38.242646 ] } },
{ "type": "Feature", "properties": { "ID": 450400111271, "正式名称": "フレンド薬局　高砂", "機関区分": 5, "都道府県コード": 4, "市区町村コード": 102, "所在地": "宮城県仙台市宮城野区福室", "緯度": 38.271859, "経度": 140.964843, "url": "https://www.iryou.teikyouseido.mhlw.go.jp/znk-web/juminkanja/S2430/initialize?prefCd=04&kikanCd=0400111271&kikanKbn=5", "url2": null, "内容": "フレンド薬局　高砂【5:薬局】宮城県仙台市宮城野区福室" }, "geometry": { "type": "Point", "coordinates": [ 140.964843, 38.271859 ] } },
{ "type": "Feature", "properties": { "ID": 450400111275, "正式名称": "みやぎ台調剤薬局", "機関区分": 5, "都道府県コード": 4, "市区町村コード": 101, "所在地": "宮城県仙台市青葉区みやぎ台３－２９－７", "緯度": 38.311795, "経度": 140.768751, "url": "https://www.iryou.teikyouseido.mhlw.go.jp/znk-web/juminkanja/S2430/initialize?prefCd=04&kikanCd=0400111275&kikanKbn=5", "url2": "https://lintheh.com/", "内容": "みやぎ台調剤薬局【5:薬局】宮城県仙台市青葉区みやぎ台３－２９－７" }, "geometry": { "type": "Point", "coordinates": [ 140.768751, 38.311795 ] } },
{ "type": "Feature", "properties": { "ID": 450400111277, "正式名称": "ハーベスト薬局", "機関区分": 5, "都道府県コード": 4, "市区町村コード": 103, "所在地": "宮城県仙台市若林区上飯田４－１－１", "緯度": 38.218128, "経度": 140.922932, "url": "https://www.iryou.teikyouseido.mhlw.go.jp/znk-web/juminkanja/S2430/initialize?prefCd=04&kikanCd=0400111277&kikanKbn=5", "url2": null, "内容": "ハーベスト薬局【5:薬局】宮城県仙台市若林区上飯田４－１－１" }, "geometry": { "type": "Point", "coordinates": [ 140.922932, 38.218128 ] } },
{ "type": "Feature", "properties": { "ID": 450400111283, "正式名称": "日本調剤　東北大前薬局", "機関区分": 5, "都道府県コード": 4, "市区町村コード": 101, "所在地": "宮城県仙台市青葉区木町通１丁目８－２１", "緯度": 38.2708173, "経度": 140.8620653, "url": "https://www.iryou.teikyouseido.mhlw.go.jp/znk-web/juminkanja/S2430/initialize?prefCd=04&kikanCd=0400111283&kikanKbn=5", "url2": "https://www.nicho.co.jp/tenpo/tohokudaimae/", "内容": "日本調剤　東北大前薬局【5:薬局】宮城県仙台市青葉区木町通１丁目８－２１" }, "geometry": { "type": "Point", "coordinates": [ 140.862065300000012, 38.2708173 ] } },
{ "type": "Feature", "properties": { "ID": 450400111284, "正式名称": "アーセナル薬局", "機関区分": 5, "都道府県コード": 4, "市区町村コード": 104, "所在地": "宮城県仙台市太白区西中田２丁目１８－１", "緯度": 38.202533, "経度": 140.878387, "url": "https://www.iryou.teikyouseido.mhlw.go.jp/znk-web/juminkanja/S2430/initialize?prefCd=04&kikanCd=0400111284&kikanKbn=5", "url2": null, "内容": "アーセナル薬局【5:薬局】宮城県仙台市太白区西中田２丁目１８－１" }, "geometry": { "type": "Point", "coordinates": [ 140.878387, 38.202533 ] } },
{ "type": "Feature", "properties": { "ID": 450400111286, "正式名称": "株式会社　寺岡調剤薬局　泉中央店", "機関区分": 5, "都道府県コード": 4, "市区町村コード": 105, "所在地": "宮城県仙台市泉区泉中央１－５１－３", "緯度": 38.323778, "経度": 140.874551, "url": "https://www.iryou.teikyouseido.mhlw.go.jp/znk-web/juminkanja/S2430/initialize?prefCd=04&kikanCd=0400111286&kikanKbn=5", "url2": "https://www.e-class.net/teraoka-izumichuo", "内容": "株式会社　寺岡調剤薬局　泉中央店【5:薬局】宮城県仙台市泉区泉中央１－５１－３" }, "geometry": { "type": "Point", "coordinates": [ 140.874551, 38.323778 ] } },
{ "type": "Feature", "properties": { "ID": 450400111287, "正式名称": "明日可薬局在宅医療支援部", "機関区分": 5, "都道府県コード": 4, "市区町村コード": 101, "所在地": "宮城県仙台市青葉区木町通１－８－１５　２階", "緯度": 38.270328, "経度": 140.862155, "url": "https://www.iryou.teikyouseido.mhlw.go.jp/znk-web/juminkanja/S2430/initialize?prefCd=04&kikanCd=0400111287&kikanKbn=5", "url2": null, "内容": "明日可薬局在宅医療支援部【5:薬局】宮城県仙台市青葉区木町通１－８－１５　２階" }, "geometry": { "type": "Point", "coordinates": [ 140.862155, 38.270328 ] } },
{ "type": "Feature", "properties": { "ID": 450400111290, "正式名称": "カメイ調剤薬局　大和町店", "機関区分": 5, "都道府県コード": 4, "市区町村コード": 103, "所在地": "宮城県仙台市若林区中倉１丁目５－１８", "緯度": 38.246009, "経度": 140.911006, "url": "https://www.iryou.teikyouseido.mhlw.go.jp/znk-web/juminkanja/S2430/initialize?prefCd=04&kikanCd=0400111290&kikanKbn=5", "url2": "http://www.kamei.co.jp/pharmacy/index.html", "内容": "カメイ調剤薬局　大和町店【5:薬局】宮城県仙台市若林区中倉１丁目５－１８" }, "geometry": { "type": "Point", "coordinates": [ 140.911006, 38.246009 ] } },
{ "type": "Feature", "properties": { "ID": 450400111292, "正式名称": "ピコス薬局　上杉店", "機関区分": 5, "都道府県コード": 4, "市区町村コード": 101, "所在地": "宮城県仙台市青葉区上杉１－７－２９", "緯度": 38.2712065, "経度": 140.8707281, "url": "https://www.iryou.teikyouseido.mhlw.go.jp/znk-web/juminkanja/S2430/initialize?prefCd=04&kikanCd=0400111292&kikanKbn=5", "url2": null, "内容": "ピコス薬局　上杉店【5:薬局】宮城県仙台市青葉区上杉１－７－２９" }, "geometry": { "type": "Point", "coordinates": [ 140.8707281, 38.2712065 ] } },
{ "type": "Feature", "properties": { "ID": 450400111296, "正式名称": "エムツー調剤薬局", "機関区分": 5, "都道府県コード": 4, "市区町村コード": 104, "所在地": "宮城県仙台市太白区鈎取本町一丁目１３－１", "緯度": 38.222246, "経度": 140.83398, "url": "https://www.iryou.teikyouseido.mhlw.go.jp/znk-web/juminkanja/S2430/initialize?prefCd=04&kikanCd=0400111296&kikanKbn=5", "url2": "https://www.m2-pharmacy.jp/", "内容": "エムツー調剤薬局【5:薬局】宮城県仙台市太白区鈎取本町一丁目１３－１" }, "geometry": { "type": "Point", "coordinates": [ 140.83398, 38.222246 ] } },
{ "type": "Feature", "properties": { "ID": 450400111297, "正式名称": "ゆりのき調剤薬局", "機関区分": 5, "都道府県コード": 4, "市区町村コード": 101, "所在地": "宮城県仙台市青葉区錦町二丁目４－１６　ボナール錦町１階", "緯度": 38.270903, "経度": 140.881016, "url": "https://www.iryou.teikyouseido.mhlw.go.jp/znk-web/juminkanja/S2430/initialize?prefCd=04&kikanCd=0400111297&kikanKbn=5", "url2": "http://www.pharland.jp/", "内容": "ゆりのき調剤薬局【5:薬局】宮城県仙台市青葉区錦町二丁目４－１６　ボナール錦町１階" }, "geometry": { "type": "Point", "coordinates": [ 140.881016, 38.270903 ] } },
{ "type": "Feature", "properties": { "ID": 450400111301, "正式名称": "調剤薬局ツルハドラッグ仙台愛子店", "機関区分": 5, "都道府県コード": 4, "市区町村コード": 101, "所在地": "宮城県仙台市青葉区愛子東１－４－３４", "緯度": 38.2731643, "経度": 140.7804124, "url": "https://www.iryou.teikyouseido.mhlw.go.jp/znk-web/juminkanja/S2430/initialize?prefCd=04&kikanCd=0400111301&kikanKbn=5", "url2": "http://www.tsuruha.co.jp", "内容": "調剤薬局ツルハドラッグ仙台愛子店【5:薬局】宮城県仙台市青葉区愛子東１－４－３４" }, "geometry": { "type": "Point", "coordinates": [ 140.780412399999989, 38.2731643 ] } },
{ "type": "Feature", "properties": { "ID": 450400111302, "正式名称": "薬局トモズ仙台中央店", "機関区分": 5, "都道府県コード": 4, "市区町村コード": 101, "所在地": "宮城県仙台市青葉区中央４－２－１６", "緯度": 38.25764, "経度": 140.878542, "url": "https://www.iryou.teikyouseido.mhlw.go.jp/znk-web/juminkanja/S2430/initialize?prefCd=04&kikanCd=0400111302&kikanKbn=5", "url2": "http://www.tomods.jp/", "内容": "薬局トモズ仙台中央店【5:薬局】宮城県仙台市青葉区中央４－２－１６" }, "geometry": { "type": "Point", "coordinates": [ 140.878542, 38.25764 ] } },
{ "type": "Feature", "properties": { "ID": 450400111303, "正式名称": "フレンド薬局松森", "機関区分": 5, "都道府県コード": 4, "市区町村コード": 105, "所在地": "宮城県仙台市泉区松森字下町８－３", "緯度": 38.3165444, "経度": 140.9146278, "url": "https://www.iryou.teikyouseido.mhlw.go.jp/znk-web/juminkanja/S2430/initialize?prefCd=04&kikanCd=0400111303&kikanKbn=5", "url2": null, "内容": "フレンド薬局松森【5:薬局】宮城県仙台市泉区松森字下町８－３" }, "geometry": { "type": "Point", "coordinates": [ 140.9146278, 38.3165444 ] } },
{ "type": "Feature", "properties": { "ID": 450400111306, "正式名称": "カメイ調剤薬局　宮城野原店", "機関区分": 5, "都道府県コード": 4, "市区町村コード": 102, "所在地": "宮城県仙台市宮城野区宮城野２ー７ー５６", "緯度": 38.260303, "経度": 140.91566, "url": "https://www.iryou.teikyouseido.mhlw.go.jp/znk-web/juminkanja/S2430/initialize?prefCd=04&kikanCd=0400111306&kikanKbn=5", "url2": "http://www.kamei.co.jp/pharmacy/index.html", "内容": "カメイ調剤薬局　宮城野原店【5:薬局】宮城県仙台市宮城野区宮城野２ー７ー５６" }, "geometry": { "type": "Point", "coordinates": [ 140.91566, 38.260303 ] } },
{ "type": "Feature", "properties": { "ID": 450400111307, "正式名称": "ホープ薬局　泉中央店", "機関区分": 5, "都道府県コード": 4, "市区町村コード": 105, "所在地": "宮城県仙台市泉区泉中央３丁目１０－１", "緯度": 38.324391, "経度": 140.883878, "url": "https://www.iryou.teikyouseido.mhlw.go.jp/znk-web/juminkanja/S2430/initialize?prefCd=04&kikanCd=0400111307&kikanKbn=5", "url2": "http://altacks-hope.jp", "内容": "ホープ薬局　泉中央店【5:薬局】宮城県仙台市泉区泉中央３丁目１０－１" }, "geometry": { "type": "Point", "coordinates": [ 140.883878, 38.324391 ] } },
{ "type": "Feature", "properties": { "ID": 450400111309, "正式名称": "カメイ調剤薬局　鶴ケ谷店", "機関区分": 5, "都道府県コード": 4, "市区町村コード": 102, "所在地": "宮城県仙台市宮城野区燕沢３丁目１９－５", "緯度": 38.2877678, "経度": 140.9225683, "url": "https://www.iryou.teikyouseido.mhlw.go.jp/znk-web/juminkanja/S2430/initialize?prefCd=04&kikanCd=0400111309&kikanKbn=5", "url2": "http://www.kamei.co.jp/pharmacy/index.html", "内容": "カメイ調剤薬局　鶴ケ谷店【5:薬局】宮城県仙台市宮城野区燕沢３丁目１９－５" }, "geometry": { "type": "Point", "coordinates": [ 140.9225683, 38.2877678 ] } },
{ "type": "Feature", "properties": { "ID": 450400111311, "正式名称": "そうごう薬局　南仙台店", "機関区分": 5, "都道府県コード": 4, "市区町村コード": 104, "所在地": "宮城県仙台市太白区柳生７－２－１３", "緯度": 38.1969547, "経度": 140.867552, "url": "https://www.iryou.teikyouseido.mhlw.go.jp/znk-web/juminkanja/S2430/initialize?prefCd=04&kikanCd=0400111311&kikanKbn=5", "url2": "https://shop.sogo-pharmacy.jp/detail/291/", "内容": "そうごう薬局　南仙台店【5:薬局】宮城県仙台市太白区柳生７－２－１３" }, "geometry": { "type": "Point", "coordinates": [ 140.867552, 38.1969547 ] } },
{ "type": "Feature", "properties": { "ID": 450400111317, "正式名称": "マリーン調剤薬局落合店", "機関区分": 5, "都道府県コード": 4, "市区町村コード": 101, "所在地": "宮城県仙台市青葉区落合六丁目１０－１", "緯度": 38.271069, "経度": 140.784867, "url": "https://www.iryou.teikyouseido.mhlw.go.jp/znk-web/juminkanja/S2430/initialize?prefCd=04&kikanCd=0400111317&kikanKbn=5", "url2": "http://www.aquamarine-net.co.jp/", "内容": "マリーン調剤薬局落合店【5:薬局】宮城県仙台市青葉区落合六丁目１０－１" }, "geometry": { "type": "Point", "coordinates": [ 140.784867, 38.271069 ] } },
{ "type": "Feature", "properties": { "ID": 450400111318, "正式名称": "カワチ薬局　フォレオ宮の杜店", "機関区分": 5, "都道府県コード": 4, "市区町村コード": 102, "所在地": "宮城県仙台市宮城野区東仙台４－１４－１０", "緯度": 38.276063, "経度": 140.909666, "url": "https://www.iryou.teikyouseido.mhlw.go.jp/znk-web/juminkanja/S2430/initialize?prefCd=04&kikanCd=0400111318&kikanKbn=5", "url2": "http://www.cawachi.co.jp", "内容": "カワチ薬局　フォレオ宮の杜店【5:薬局】宮城県仙台市宮城野区東仙台４－１４－１０" }, "geometry": { "type": "Point", "coordinates": [ 140.909666, 38.276063 ] } },
{ "type": "Feature", "properties": { "ID": 450400111319, "正式名称": "あすと長町クローバ薬局", "機関区分": 5, "都道府県コード": 4, "市区町村コード": 104, "所在地": "宮城県仙台市太白区あすと長町３丁目３－２６", "緯度": 38.218275, "経度": 140.885942, "url": "https://www.iryou.teikyouseido.mhlw.go.jp/znk-web/juminkanja/S2430/initialize?prefCd=04&kikanCd=0400111319&kikanKbn=5", "url2": "http://www.scgroup.jp", "内容": "あすと長町クローバ薬局【5:薬局】宮城県仙台市太白区あすと長町３丁目３－２６" }, "geometry": { "type": "Point", "coordinates": [ 140.885942, 38.218275 ] } },
{ "type": "Feature", "properties": { "ID": 450400111324, "正式名称": "あずさ調剤薬局", "機関区分": 5, "都道府県コード": 4, "市区町村コード": 101, "所在地": "宮城県仙台市青葉区南吉成３－３－４", "緯度": 38.28693, "経度": 140.817746, "url": "https://www.iryou.teikyouseido.mhlw.go.jp/znk-web/juminkanja/S2430/initialize?prefCd=04&kikanCd=0400111324&kikanKbn=5", "url2": null, "内容": "あずさ調剤薬局【5:薬局】宮城県仙台市青葉区南吉成３－３－４" }, "geometry": { "type": "Point", "coordinates": [ 140.817746, 38.28693 ] } },
{ "type": "Feature", "properties": { "ID": 450400111337, "正式名称": "カメイ調剤薬局　動物公園前店", "機関区分": 5, "都道府県コード": 4, "市区町村コード": 104, "所在地": "宮城県仙台市太白区八木山本町１丁目１３－６", "緯度": 38.2442505, "経度": 140.8467601, "url": "https://www.iryou.teikyouseido.mhlw.go.jp/znk-web/juminkanja/S2430/initialize?prefCd=04&kikanCd=0400111337&kikanKbn=5", "url2": "http://www.kamei.co.jp/pharmacy/index.html", "内容": "カメイ調剤薬局　動物公園前店【5:薬局】宮城県仙台市太白区八木山本町１丁目１３－６" }, "geometry": { "type": "Point", "coordinates": [ 140.846760100000012, 38.2442505 ] } },
{ "type": "Feature", "properties": { "ID": 450400111338, "正式名称": "若林一丁目薬局", "機関区分": 5, "都道府県コード": 4, "市区町村コード": 103, "所在地": "宮城県仙台市若林区若林１丁目１３－５", "緯度": 38.233731, "経度": 140.895587, "url": "https://www.iryou.teikyouseido.mhlw.go.jp/znk-web/juminkanja/S2430/initialize?prefCd=04&kikanCd=0400111338&kikanKbn=5", "url2": null, "内容": "若林一丁目薬局【5:薬局】宮城県仙台市若林区若林１丁目１３－５" }, "geometry": { "type": "Point", "coordinates": [ 140.895587, 38.233731 ] } },
{ "type": "Feature", "properties": { "ID": 450400111339, "正式名称": "けやき薬局五輪店", "機関区分": 5, "都道府県コード": 4, "市区町村コード": 102, "所在地": "宮城県仙台市宮城野区五輪２丁目９－１０", "緯度": 38.265145, "経度": 140.905868, "url": "https://www.iryou.teikyouseido.mhlw.go.jp/znk-web/juminkanja/S2430/initialize?prefCd=04&kikanCd=0400111339&kikanKbn=5", "url2": "keyaki.ivalue.info", "内容": "けやき薬局五輪店【5:薬局】宮城県仙台市宮城野区五輪２丁目９－１０" }, "geometry": { "type": "Point", "coordinates": [ 140.905868, 38.265145 ] } },
{ "type": "Feature", "properties": { "ID": 450400111340, "正式名称": "ひかり薬局高松", "機関区分": 5, "都道府県コード": 4, "市区町村コード": 101, "所在地": "宮城県仙台市青葉区高松２丁目１１ー７６", "緯度": 38.27961, "経度": 140.89005, "url": "https://www.iryou.teikyouseido.mhlw.go.jp/znk-web/juminkanja/S2430/initialize?prefCd=04&kikanCd=0400111340&kikanKbn=5", "url2": "http://www.hikari-pharmacy.co.jp", "内容": "ひかり薬局高松【5:薬局】宮城県仙台市青葉区高松２丁目１１ー７６" }, "geometry": { "type": "Point", "coordinates": [ 140.89005, 38.27961 ] } },
{ "type": "Feature", "properties": { "ID": 450400111341, "正式名称": "さくら薬局　仙台今市東店", "機関区分": 5, "都道府県コード": 4, "市区町村コード": 102, "所在地": "宮城県仙台市宮城野区岩切今市東１５－２", "緯度": 38.3010973, "経度": 140.9422336, "url": "https://www.iryou.teikyouseido.mhlw.go.jp/znk-web/juminkanja/S2430/initialize?prefCd=04&kikanCd=0400111341&kikanKbn=5", "url2": "https://www.kraft-net.co.jp/sakura/store/3523/", "内容": "さくら薬局　仙台今市東店【5:薬局】宮城県仙台市宮城野区岩切今市東１５－２" }, "geometry": { "type": "Point", "coordinates": [ 140.9422336, 38.3010973 ] } },
{ "type": "Feature", "properties": { "ID": 450400111350, "正式名称": "カワチ薬局　栗生店", "機関区分": 5, "都道府県コード": 4, "市区町村コード": 101, "所在地": "宮城県仙台市青葉区栗生６－１２－１", "緯度": 38.267275, "経度": 140.782603, "url": "https://www.iryou.teikyouseido.mhlw.go.jp/znk-web/juminkanja/S2430/initialize?prefCd=04&kikanCd=0400111350&kikanKbn=5", "url2": "https://www.cawachi.co.jp/", "内容": "カワチ薬局　栗生店【5:薬局】宮城県仙台市青葉区栗生６－１２－１" }, "geometry": { "type": "Point", "coordinates": [ 140.782603, 38.267275 ] } },
{ "type": "Feature", "properties": { "ID": 450400111352, "正式名称": "ふくろばら薬局", "機関区分": 5, "都道府県コード": 4, "市区町村コード": 104, "所在地": "宮城県仙台市太白区袋原字小原４２－３－１", "緯度": 38.197372, "経度": 140.904243, "url": "https://www.iryou.teikyouseido.mhlw.go.jp/znk-web/juminkanja/S2430/initialize?prefCd=04&kikanCd=0400111352&kikanKbn=5", "url2": null, "内容": "ふくろばら薬局【5:薬局】宮城県仙台市太白区袋原字小原４２－３－１" }, "geometry": { "type": "Point", "coordinates": [ 140.904243, 38.197372 ] } },
{ "type": "Feature", "properties": { "ID": 450400111356, "正式名称": "マリーン調剤薬局トラストシティ店", "機関区分": 5, "都道府県コード": 4, "市区町村コード": 101, "所在地": "宮城県仙台市青葉区一番町１－９－１仙台トラストタワー３Ｆ", "緯度": 38.2565536, "経度": 140.8762664, "url": "https://www.iryou.teikyouseido.mhlw.go.jp/znk-web/juminkanja/S2430/initialize?prefCd=04&kikanCd=0400111356&kikanKbn=5", "url2": "http://www.aquamarine-net.co.jp", "内容": "マリーン調剤薬局トラストシティ店【5:薬局】宮城県仙台市青葉区一番町１－９－１仙台トラストタワー３Ｆ" }, "geometry": { "type": "Point", "coordinates": [ 140.8762664, 38.2565536 ] } },
{ "type": "Feature", "properties": { "ID": 450400111359, "正式名称": "泉パーク調剤薬局", "機関区分": 5, "都道府県コード": 4, "市区町村コード": 105, "所在地": "宮城県仙台市泉区高森１－１－１９７", "緯度": 38.337103, "経度": 140.843888, "url": "https://www.iryou.teikyouseido.mhlw.go.jp/znk-web/juminkanja/S2430/initialize?prefCd=04&kikanCd=0400111359&kikanKbn=5", "url2": "https://www.senpoku-yakuhin.jp/", "内容": "泉パーク調剤薬局【5:薬局】宮城県仙台市泉区高森１－１－１９７" }, "geometry": { "type": "Point", "coordinates": [ 140.843888, 38.337103 ] } },
{ "type": "Feature", "properties": { "ID": 450400111362, "正式名称": "北仙台わかば調剤薬局", "機関区分": 5, "都道府県コード": 4, "市区町村コード": 101, "所在地": "宮城県仙台市青葉区昭和町５－３６　渡辺ビル１階（東）", "緯度": 38.28157, "経度": 140.868668, "url": "https://www.iryou.teikyouseido.mhlw.go.jp/znk-web/juminkanja/S2430/initialize?prefCd=04&kikanCd=0400111362&kikanKbn=5", "url2": "http://www.h2-sta.com/original4.html", "内容": "北仙台わかば調剤薬局【5:薬局】宮城県仙台市青葉区昭和町５－３６　渡辺ビル１階（東）" }, "geometry": { "type": "Point", "coordinates": [ 140.868668, 38.28157 ] } },
{ "type": "Feature", "properties": { "ID": 450400111363, "正式名称": "すず薬局　仙台パークビル店", "機関区分": 5, "都道府県コード": 4, "市区町村コード": 101, "所在地": "宮城県仙台市青葉区国分町３－６－１　仙台パークビル１階", "緯度": 38.266722, "経度": 140.869548, "url": "https://www.iryou.teikyouseido.mhlw.go.jp/znk-web/juminkanja/S2430/initialize?prefCd=04&kikanCd=0400111363&kikanKbn=5", "url2": "http://www.pharmacy-suzu.com/", "内容": "すず薬局　仙台パークビル店【5:薬局】宮城県仙台市青葉区国分町３－６－１　仙台パークビル１階" }, "geometry": { "type": "Point", "coordinates": [ 140.869548, 38.266722 ] } },
{ "type": "Feature", "properties": { "ID": 450400111364, "正式名称": "まごころ調剤薬局七北田店", "機関区分": 5, "都道府県コード": 4, "市区町村コード": 105, "所在地": "宮城県仙台市泉区市名坂字東裏４０－２－２", "緯度": 38.3206791, "経度": 140.8912675, "url": "https://www.iryou.teikyouseido.mhlw.go.jp/znk-web/juminkanja/S2430/initialize?prefCd=04&kikanCd=0400111364&kikanKbn=5", "url2": "https://magokoro-kizuna.com/", "内容": "まごころ調剤薬局七北田店【5:薬局】宮城県仙台市泉区市名坂字東裏４０－２－２" }, "geometry": { "type": "Point", "coordinates": [ 140.8912675, 38.3206791 ] } },
{ "type": "Feature", "properties": { "ID": 450400111368, "正式名称": "大野田オレンジ薬局", "機関区分": 5, "都道府県コード": 4, "市区町村コード": 104, "所在地": "宮城県仙台市太白区大野田四丁目１８－１", "緯度": 38.214245, "経度": 140.875551, "url": "https://www.iryou.teikyouseido.mhlw.go.jp/znk-web/juminkanja/S2430/initialize?prefCd=04&kikanCd=0400111368&kikanKbn=5", "url2": "https://www.imai-medicalsupport.jp/", "内容": "大野田オレンジ薬局【5:薬局】宮城県仙台市太白区大野田四丁目１８－１" }, "geometry": { "type": "Point", "coordinates": [ 140.875551, 38.214245 ] } },
{ "type": "Feature", "properties": { "ID": 450400111372, "正式名称": "エムツー調剤薬局荒井店", "機関区分": 5, "都道府県コード": 4, "市区町村コード": 103, "所在地": "宮城県仙台市若林区荒井６丁目２－３", "緯度": 38.243184, "経度": 140.945803, "url": "https://www.iryou.teikyouseido.mhlw.go.jp/znk-web/juminkanja/S2430/initialize?prefCd=04&kikanCd=0400111372&kikanKbn=5", "url2": "http://www.m2-pharmacy.jp/", "内容": "エムツー調剤薬局荒井店【5:薬局】宮城県仙台市若林区荒井６丁目２－３" }, "geometry": { "type": "Point", "coordinates": [ 140.945803, 38.243184 ] } },
{ "type": "Feature", "properties": { "ID": 450400111373, "正式名称": "ひかり薬局長町駅東", "機関区分": 5, "都道府県コード": 4, "市区町村コード": 104, "所在地": "宮城県仙台市太白区あすと長町４丁目２ー１０", "緯度": 38.225522, "経度": 140.888315, "url": "https://www.iryou.teikyouseido.mhlw.go.jp/znk-web/juminkanja/S2430/initialize?prefCd=04&kikanCd=0400111373&kikanKbn=5", "url2": "http://www.hikari-pharmacy.co.jp", "内容": "ひかり薬局長町駅東【5:薬局】宮城県仙台市太白区あすと長町４丁目２ー１０" }, "geometry": { "type": "Point", "coordinates": [ 140.888315, 38.225522 ] } },
{ "type": "Feature", "properties": { "ID": 450400111379, "正式名称": "めぶき調剤薬局", "機関区分": 5, "都道府県コード": 4, "市区町村コード": 105, "所在地": "宮城県仙台市泉区南光台７丁目１－９５", "緯度": 38.299342, "経度": 140.898075, "url": "https://www.iryou.teikyouseido.mhlw.go.jp/znk-web/juminkanja/S2430/initialize?prefCd=04&kikanCd=0400111379&kikanKbn=5", "url2": "http://medical-chouei.jp", "内容": "めぶき調剤薬局【5:薬局】宮城県仙台市泉区南光台７丁目１－９５" }, "geometry": { "type": "Point", "coordinates": [ 140.898075, 38.299342 ] } },
{ "type": "Feature", "properties": { "ID": 450400111382, "正式名称": "ヤマザワ調剤薬局宮城野原店", "機関区分": 5, "都道府県コード": 4, "市区町村コード": 102, "所在地": "宮城県仙台市宮城野区宮城野２－７－５１", "緯度": 38.261532, "経度": 140.905201, "url": "https://www.iryou.teikyouseido.mhlw.go.jp/znk-web/juminkanja/S2430/initialize?prefCd=04&kikanCd=0400111382&kikanKbn=5", "url2": "http://yamazawa.co.jp/", "内容": "ヤマザワ調剤薬局宮城野原店【5:薬局】宮城県仙台市宮城野区宮城野２－７－５１" }, "geometry": { "type": "Point", "coordinates": [ 140.905201, 38.261532 ] } },
{ "type": "Feature", "properties": { "ID": 450400111384, "正式名称": "そら南仙台薬局", "機関区分": 5, "都道府県コード": 4, "市区町村コード": 104, "所在地": "宮城県仙台市太白区西中田４丁目９－３１", "緯度": 38.1957226, "経度": 140.8817834, "url": "https://www.iryou.teikyouseido.mhlw.go.jp/znk-web/juminkanja/S2430/initialize?prefCd=04&kikanCd=0400111384&kikanKbn=5", "url2": null, "内容": "そら南仙台薬局【5:薬局】宮城県仙台市太白区西中田４丁目９－３１" }, "geometry": { "type": "Point", "coordinates": [ 140.881783399999989, 38.1957226 ] } },
{ "type": "Feature", "properties": { "ID": 450400111385, "正式名称": "あたごばし調剤薬局", "機関区分": 5, "都道府県コード": 4, "市区町村コード": 103, "所在地": "宮城県仙台市若林区土樋６８－１　斎ビル１階", "緯度": 38.24721, "経度": 140.882877, "url": "https://www.iryou.teikyouseido.mhlw.go.jp/znk-web/juminkanja/S2430/initialize?prefCd=04&kikanCd=0400111385&kikanKbn=5", "url2": "https://www.kusurinomadoguchi.com/miyagi/s1000052334", "内容": "あたごばし調剤薬局【5:薬局】宮城県仙台市若林区土樋６８－１　斎ビル１階" }, "geometry": { "type": "Point", "coordinates": [ 140.882877, 38.24721 ] } },
{ "type": "Feature", "properties": { "ID": 450400111388, "正式名称": "あけぼの薬局　長町店", "機関区分": 5, "都道府県コード": 4, "市区町村コード": 104, "所在地": "宮城県仙台市太白区長町６－１６－４５", "緯度": 38.224416, "経度": 140.881945, "url": "https://www.iryou.teikyouseido.mhlw.go.jp/znk-web/juminkanja/S2430/initialize?prefCd=04&kikanCd=0400111388&kikanKbn=5", "url2": "http://www.akebonoy.co.jp/", "内容": "あけぼの薬局　長町店【5:薬局】宮城県仙台市太白区長町６－１６－４５" }, "geometry": { "type": "Point", "coordinates": [ 140.881945, 38.224416 ] } },
{ "type": "Feature", "properties": { "ID": 450400111389, "正式名称": "宮城調剤薬局　荒井店", "機関区分": 5, "都道府県コード": 4, "市区町村コード": 103, "所在地": "宮城県仙台市若林区荒井二丁目１－１０", "緯度": 38.244739, "経度": 140.935765, "url": "https://www.iryou.teikyouseido.mhlw.go.jp/znk-web/juminkanja/S2430/initialize?prefCd=04&kikanCd=0400111389&kikanKbn=5", "url2": "http://miyachou-ph.co.jp/", "内容": "宮城調剤薬局　荒井店【5:薬局】宮城県仙台市若林区荒井二丁目１－１０" }, "geometry": { "type": "Point", "coordinates": [ 140.935765, 38.244739 ] } },
{ "type": "Feature", "properties": { "ID": 450400111392, "正式名称": "ひかり薬局広瀬通り", "機関区分": 5, "都道府県コード": 4, "市区町村コード": 101, "所在地": "宮城県仙台市青葉区国分町２－３－２", "緯度": 38.262127, "経度": 140.868168, "url": "https://www.iryou.teikyouseido.mhlw.go.jp/znk-web/juminkanja/S2430/initialize?prefCd=04&kikanCd=0400111392&kikanKbn=5", "url2": "http://www.hikari-pharmacy.co.jp", "内容": "ひかり薬局広瀬通り【5:薬局】宮城県仙台市青葉区国分町２－３－２" }, "geometry": { "type": "Point", "coordinates": [ 140.868168, 38.262127 ] } },
{ "type": "Feature", "properties": { "ID": 450400111395, "正式名称": "さいわい町オレンジ薬局", "機関区分": 5, "都道府県コード": 4, "市区町村コード": 102, "所在地": "宮城県仙台市宮城野区幸町二丁目２１－９", "緯度": 38.27606, "経度": 140.898901, "url": "https://www.iryou.teikyouseido.mhlw.go.jp/znk-web/juminkanja/S2430/initialize?prefCd=04&kikanCd=0400111395&kikanKbn=5", "url2": "http://www.imai-medicalsupport.jp/", "内容": "さいわい町オレンジ薬局【5:薬局】宮城県仙台市宮城野区幸町二丁目２１－９" }, "geometry": { "type": "Point", "coordinates": [ 140.898901, 38.27606 ] } },
{ "type": "Feature", "properties": { "ID": 450400111400, "正式名称": "日本調剤　木町通薬局", "機関区分": 5, "都道府県コード": 4, "市区町村コード": 101, "所在地": "宮城県仙台市青葉区木町通１丁目８－１８", "緯度": 38.2706674, "経度": 140.8620536, "url": "https://www.iryou.teikyouseido.mhlw.go.jp/znk-web/juminkanja/S2430/initialize?prefCd=04&kikanCd=0400111400&kikanKbn=5", "url2": "https://www.nicho.co.jp/tenpo/kimatidori/", "内容": "日本調剤　木町通薬局【5:薬局】宮城県仙台市青葉区木町通１丁目８－１８" }, "geometry": { "type": "Point", "coordinates": [ 140.8620536, 38.2706674 ] } },
{ "type": "Feature", "properties": { "ID": 450400111401, "正式名称": "フレンド薬局国分町", "機関区分": 5, "都道府県コード": 4, "市区町村コード": 101, "所在地": "宮城県仙台市青葉区国分町３－４－５　クライスビル４階", "緯度": 38.265602, "経度": 140.866998, "url": "https://www.iryou.teikyouseido.mhlw.go.jp/znk-web/juminkanja/S2430/initialize?prefCd=04&kikanCd=0400111401&kikanKbn=5", "url2": null, "内容": "フレンド薬局国分町【5:薬局】宮城県仙台市青葉区国分町３－４－５　クライスビル４階" }, "geometry": { "type": "Point", "coordinates": [ 140.866998, 38.265602 ] } },
{ "type": "Feature", "properties": { "ID": 450400111403, "正式名称": "有限会社　健生薬局", "機関区分": 5, "都道府県コード": 4, "市区町村コード": 103, "所在地": "宮城県仙台市若林区六丁の目西町３ー３３", "緯度": 38.254288, "経度": 140.93288, "url": "https://www.iryou.teikyouseido.mhlw.go.jp/znk-web/juminkanja/S2430/initialize?prefCd=04&kikanCd=0400111403&kikanKbn=5", "url2": "http://www011.upp.so-net.ne.jp/kensei-yakkyoku/syoukai.html", "内容": "有限会社　健生薬局【5:薬局】宮城県仙台市若林区六丁の目西町３ー３３" }, "geometry": { "type": "Point", "coordinates": [ 140.93288, 38.254288 ] } },
{ "type": "Feature", "properties": { "ID": 450400111408, "正式名称": "すず薬局六丁の目店", "機関区分": 5, "都道府県コード": 4, "市区町村コード": 103, "所在地": "宮城県仙台市若林区六丁の目南町２－４０", "緯度": 38.25013, "経度": 140.937883, "url": "https://www.iryou.teikyouseido.mhlw.go.jp/znk-web/juminkanja/S2430/initialize?prefCd=04&kikanCd=0400111408&kikanKbn=5", "url2": "http://www.pharmacy-suzu.com/", "内容": "すず薬局六丁の目店【5:薬局】宮城県仙台市若林区六丁の目南町２－４０" }, "geometry": { "type": "Point", "coordinates": [ 140.937883, 38.25013 ] } },
{ "type": "Feature", "properties": { "ID": 450400111411, "正式名称": "ウジエ調剤薬局　台原駅前店", "機関区分": 5, "都道府県コード": 4, "市区町村コード": 101, "所在地": "宮城県仙台市青葉区台原４－１１－３３　サンハイツ台原１Ｆ", "緯度": 38.286893, "経度": 140.877052, "url": "https://www.iryou.teikyouseido.mhlw.go.jp/znk-web/juminkanja/S2430/initialize?prefCd=04&kikanCd=0400111411&kikanKbn=5", "url2": "http://www.ujie-kusuri.jp/", "内容": "ウジエ調剤薬局　台原駅前店【5:薬局】宮城県仙台市青葉区台原４－１１－３３　サンハイツ台原１Ｆ" }, "geometry": { "type": "Point", "coordinates": [ 140.877052, 38.286893 ] } },
{ "type": "Feature", "properties": { "ID": 450400111412, "正式名称": "やまと町オレンジ薬局", "機関区分": 5, "都道府県コード": 4, "市区町村コード": 103, "所在地": "宮城県仙台市若林区大和町２－６－３", "緯度": 33.317948, "経度": 130.936401, "url": "https://www.iryou.teikyouseido.mhlw.go.jp/znk-web/juminkanja/S2430/initialize?prefCd=04&kikanCd=0400111412&kikanKbn=5", "url2": "http://www.imai-medicalsupport.jp/", "内容": "やまと町オレンジ薬局【5:薬局】宮城県仙台市若林区大和町２－６－３" }, "geometry": { "type": "Point", "coordinates": [ 130.936401, 33.317948 ] } },
{ "type": "Feature", "properties": { "ID": 450400111413, "正式名称": "きずな薬局　東勝山", "機関区分": 5, "都道府県コード": 4, "市区町村コード": 101, "所在地": "宮城県仙台市青葉区東勝山３丁目１４－１０", "緯度": 38.298754, "経度": 140.866046, "url": "https://www.iryou.teikyouseido.mhlw.go.jp/znk-web/juminkanja/S2430/initialize?prefCd=04&kikanCd=0400111413&kikanKbn=5", "url2": "https://magokoro-kizuna.com/stores/#higashikatuyama", "内容": "きずな薬局　東勝山【5:薬局】宮城県仙台市青葉区東勝山３丁目１４－１０" }, "geometry": { "type": "Point", "coordinates": [ 140.866046, 38.298754 ] } },
{ "type": "Feature", "properties": { "ID": 450400111414, "正式名称": "ウェル調剤薬局", "機関区分": 5, "都道府県コード": 4, "市区町村コード": 103, "所在地": "宮城県仙台市若林区河原町１丁目１－５", "緯度": 38.24047, "経度": 140.888461, "url": "https://www.iryou.teikyouseido.mhlw.go.jp/znk-web/juminkanja/S2430/initialize?prefCd=04&kikanCd=0400111414&kikanKbn=5", "url2": "https://www.refre-net.com/", "内容": "ウェル調剤薬局【5:薬局】宮城県仙台市若林区河原町１丁目１－５" }, "geometry": { "type": "Point", "coordinates": [ 140.888461, 38.24047 ] } },
{ "type": "Feature", "properties": { "ID": 450400111417, "正式名称": "マリーン調剤薬局　一番町店", "機関区分": 5, "都道府県コード": 4, "市区町村コード": 101, "所在地": "宮城県仙台市青葉区一番町３丁目５－１６", "緯度": 38.260921, "経度": 140.872132, "url": "https://www.iryou.teikyouseido.mhlw.go.jp/znk-web/juminkanja/S2430/initialize?prefCd=04&kikanCd=0400111417&kikanKbn=5", "url2": "http://aquamarine-net.co.jp", "内容": "マリーン調剤薬局　一番町店【5:薬局】宮城県仙台市青葉区一番町３丁目５－１６" }, "geometry": { "type": "Point", "coordinates": [ 140.872132, 38.260921 ] } },
{ "type": "Feature", "properties": { "ID": 450400111423, "正式名称": "かきの木薬局", "機関区分": 5, "都道府県コード": 4, "市区町村コード": 105, "所在地": "宮城県仙台市泉区南光台３－１８－２", "緯度": 38.295264, "経度": 140.893327, "url": "https://www.iryou.teikyouseido.mhlw.go.jp/znk-web/juminkanja/S2430/initialize?prefCd=04&kikanCd=0400111423&kikanKbn=5", "url2": "https://store.ainj.co.jp/detail/1101649/", "内容": "かきの木薬局【5:薬局】宮城県仙台市泉区南光台３－１８－２" }, "geometry": { "type": "Point", "coordinates": [ 140.893327, 38.295264 ] } },
{ "type": "Feature", "properties": { "ID": 450400111424, "正式名称": "アップル薬局　鶴ケ谷店", "機関区分": 5, "都道府県コード": 4, "市区町村コード": 102, "所在地": "宮城県仙台市宮城野区燕沢２丁目１１－２", "緯度": 38.285524, "経度": 140.916038, "url": "https://www.iryou.teikyouseido.mhlw.go.jp/znk-web/juminkanja/S2430/initialize?prefCd=04&kikanCd=0400111424&kikanKbn=5", "url2": "http://www.applecarenet.jp/", "内容": "アップル薬局　鶴ケ谷店【5:薬局】宮城県仙台市宮城野区燕沢２丁目１１－２" }, "geometry": { "type": "Point", "coordinates": [ 140.916038, 38.285524 ] } },
{ "type": "Feature", "properties": { "ID": 450400111426, "正式名称": "薬局ナチュラル・メディクス", "機関区分": 5, "都道府県コード": 4, "市区町村コード": 101, "所在地": "宮城県仙台市青葉区一番町３－６－１　一番町平和ビル４Ｆ", "緯度": 38.261115, "経度": 140.874026, "url": "https://www.iryou.teikyouseido.mhlw.go.jp/znk-web/juminkanja/S2430/initialize?prefCd=04&kikanCd=0400111426&kikanKbn=5", "url2": "http://www.jmsys.co.jp/", "内容": "薬局ナチュラル・メディクス【5:薬局】宮城県仙台市青葉区一番町３－６－１　一番町平和ビル４Ｆ" }, "geometry": { "type": "Point", "coordinates": [ 140.874026, 38.261115 ] } },
{ "type": "Feature", "properties": { "ID": 450400111427, "正式名称": "さくら薬局　仙台岩切店", "機関区分": 5, "都道府県コード": 4, "市区町村コード": 102, "所在地": "宮城県仙台市宮城野区岩切一丁目９－３６", "緯度": 38.2954717, "経度": 140.9376671, "url": "https://www.iryou.teikyouseido.mhlw.go.jp/znk-web/juminkanja/S2430/initialize?prefCd=04&kikanCd=0400111427&kikanKbn=5", "url2": "https://www.kraft-net.co.jp/sakura/store/3524/", "内容": "さくら薬局　仙台岩切店【5:薬局】宮城県仙台市宮城野区岩切一丁目９－３６" }, "geometry": { "type": "Point", "coordinates": [ 140.9376671, 38.2954717 ] } },
{ "type": "Feature", "properties": { "ID": 450400111430, "正式名称": "ひかり薬局八幡", "機関区分": 5, "都道府県コード": 4, "市区町村コード": 101, "所在地": "宮城県仙台市青葉区八幡３－４－１４　江刺コーポ１０１", "緯度": 38.269412, "経度": 140.84528, "url": "https://www.iryou.teikyouseido.mhlw.go.jp/znk-web/juminkanja/S2430/initialize?prefCd=04&kikanCd=0400111430&kikanKbn=5", "url2": "http://www.hikari-pharmacy.co.jp", "内容": "ひかり薬局八幡【5:薬局】宮城県仙台市青葉区八幡３－４－１４　江刺コーポ１０１" }, "geometry": { "type": "Point", "coordinates": [ 140.84528, 38.269412 ] } },
{ "type": "Feature", "properties": { "ID": 450400111431, "正式名称": "けやき薬局　泉黒松店", "機関区分": 5, "都道府県コード": 4, "市区町村コード": 105, "所在地": "宮城県仙台市泉区黒松一丁目９－９　丸栄黒松コーポ１０３号", "緯度": 38.3045619, "経度": 140.8823324, "url": "https://www.iryou.teikyouseido.mhlw.go.jp/znk-web/juminkanja/S2430/initialize?prefCd=04&kikanCd=0400111431&kikanKbn=5", "url2": "http://www.keyaki-p.com/", "内容": "けやき薬局　泉黒松店【5:薬局】宮城県仙台市泉区黒松一丁目９－９　丸栄黒松コーポ１０３号" }, "geometry": { "type": "Point", "coordinates": [ 140.8823324, 38.3045619 ] } },
{ "type": "Feature", "properties": { "ID": 450400111432, "正式名称": "調剤薬局ツルハドラッグ仙台泉中央店", "機関区分": 5, "都道府県コード": 4, "市区町村コード": 105, "所在地": "宮城県仙台市泉区泉中央三丁目３７番７", "緯度": 32.456413, "経度": 130.173003, "url": "https://www.iryou.teikyouseido.mhlw.go.jp/znk-web/juminkanja/S2430/initialize?prefCd=04&kikanCd=0400111432&kikanKbn=5", "url2": "http://www.tsuruha.co.jp", "内容": "調剤薬局ツルハドラッグ仙台泉中央店【5:薬局】宮城県仙台市泉区泉中央三丁目３７番７" }, "geometry": { "type": "Point", "coordinates": [ 130.173003, 32.456413 ] } },
{ "type": "Feature", "properties": { "ID": 450400111437, "正式名称": "アイビー調剤薬局", "機関区分": 5, "都道府県コード": 4, "市区町村コード": 101, "所在地": "宮城県仙台市青葉区荒巻本沢３－１６－６", "緯度": 38.292907, "経度": 140.855621, "url": "https://www.iryou.teikyouseido.mhlw.go.jp/znk-web/juminkanja/S2430/initialize?prefCd=04&kikanCd=0400111437&kikanKbn=5", "url2": "https://www.ivypharmacy.net/", "内容": "アイビー調剤薬局【5:薬局】宮城県仙台市青葉区荒巻本沢３－１６－６" }, "geometry": { "type": "Point", "coordinates": [ 140.855621, 38.292907 ] } },
{ "type": "Feature", "properties": { "ID": 450400111439, "正式名称": "ひかり薬局北四番丁", "機関区分": 5, "都道府県コード": 4, "市区町村コード": 101, "所在地": "宮城県仙台市青葉区上杉２丁目３－１９", "緯度": 38.272897, "経度": 140.869103, "url": "https://www.iryou.teikyouseido.mhlw.go.jp/znk-web/juminkanja/S2430/initialize?prefCd=04&kikanCd=0400111439&kikanKbn=5", "url2": "http://www.hikari-pharmacy.co.jp", "内容": "ひかり薬局北四番丁【5:薬局】宮城県仙台市青葉区上杉２丁目３－１９" }, "geometry": { "type": "Point", "coordinates": [ 140.869103, 38.272897 ] } },
{ "type": "Feature", "properties": { "ID": 450400111442, "正式名称": "カワチ薬局　あすと長町店", "機関区分": 5, "都道府県コード": 4, "市区町村コード": 104, "所在地": "宮城県仙台市太白区あすと長町３－１２－２０", "緯度": 38.2177963, "経度": 140.8844758, "url": "https://www.iryou.teikyouseido.mhlw.go.jp/znk-web/juminkanja/S2430/initialize?prefCd=04&kikanCd=0400111442&kikanKbn=5", "url2": "https://www.cawachi.co.jp", "内容": "カワチ薬局　あすと長町店【5:薬局】宮城県仙台市太白区あすと長町３－１２－２０" }, "geometry": { "type": "Point", "coordinates": [ 140.8844758, 38.2177963 ] } },
{ "type": "Feature", "properties": { "ID": 450400111445, "正式名称": "ファーマライズ薬局　榴ヶ岡店", "機関区分": 5, "都道府県コード": 4, "市区町村コード": 102, "所在地": "宮城県仙台市宮城野区鉄砲町東３－１５　リジェール榴岡公園１階", "緯度": 38.264008, "経度": 140.893018, "url": "https://www.iryou.teikyouseido.mhlw.go.jp/znk-web/juminkanja/S2430/initialize?prefCd=04&kikanCd=0400111445&kikanKbn=5", "url2": "https://www.pharmarise.com/company/store/store.php?store_id=920", "内容": "ファーマライズ薬局　榴ヶ岡店【5:薬局】宮城県仙台市宮城野区鉄砲町東３－１５　リジェール榴岡公園１階" }, "geometry": { "type": "Point", "coordinates": [ 140.893018, 38.264008 ] } },
{ "type": "Feature", "properties": { "ID": 450400111446, "正式名称": "宮城第三薬局", "機関区分": 5, "都道府県コード": 4, "市区町村コード": 101, "所在地": "宮城県仙台市青葉区宮町４ー６ー２４", "緯度": 38.275866, "経度": 140.884394, "url": "https://www.iryou.teikyouseido.mhlw.go.jp/znk-web/juminkanja/S2430/initialize?prefCd=04&kikanCd=0400111446&kikanKbn=5", "url2": null, "内容": "宮城第三薬局【5:薬局】宮城県仙台市青葉区宮町４ー６ー２４" }, "geometry": { "type": "Point", "coordinates": [ 140.884394, 38.275866 ] } },
{ "type": "Feature", "properties": { "ID": 450400111449, "正式名称": "長町オレンジ薬局", "機関区分": 5, "都道府県コード": 4, "市区町村コード": 104, "所在地": "宮城県仙台市太白区長町５丁目９－７", "緯度": 38.226503, "経度": 140.881797, "url": "https://www.iryou.teikyouseido.mhlw.go.jp/znk-web/juminkanja/S2430/initialize?prefCd=04&kikanCd=0400111449&kikanKbn=5", "url2": "https://www.imai-medicalsupport.jp/nagamachi/", "内容": "長町オレンジ薬局【5:薬局】宮城県仙台市太白区長町５丁目９－７" }, "geometry": { "type": "Point", "coordinates": [ 140.881797, 38.226503 ] } },
{ "type": "Feature", "properties": { "ID": 450400111450, "正式名称": "ヤマザワ調剤薬局　二番町店", "機関区分": 5, "都道府県コード": 4, "市区町村コード": 101, "所在地": "宮城県仙台市青葉区中央２－８－２４", "緯度": 38.262033, "経度": 140.875103, "url": "https://www.iryou.teikyouseido.mhlw.go.jp/znk-web/juminkanja/S2430/initialize?prefCd=04&kikanCd=0400111450&kikanKbn=5", "url2": "http://www.yamazawa-drg.co.jp", "内容": "ヤマザワ調剤薬局　二番町店【5:薬局】宮城県仙台市青葉区中央２－８－２４" }, "geometry": { "type": "Point", "coordinates": [ 140.875103, 38.262033 ] } },
{ "type": "Feature", "properties": { "ID": 450400111453, "正式名称": "泉しょうげん薬局", "機関区分": 5, "都道府県コード": 4, "市区町村コード": 105, "所在地": "宮城県仙台市泉区将監８－１５－２９", "緯度": 38.331827, "経度": 140.878473, "url": "https://www.iryou.teikyouseido.mhlw.go.jp/znk-web/juminkanja/S2430/initialize?prefCd=04&kikanCd=0400111453&kikanKbn=5", "url2": "http://www.medicacollabo.com/izumi/", "内容": "泉しょうげん薬局【5:薬局】宮城県仙台市泉区将監８－１５－２９" }, "geometry": { "type": "Point", "coordinates": [ 140.878473, 38.331827 ] } },
{ "type": "Feature", "properties": { "ID": 450400111455, "正式名称": "サンテ薬局　新寺店", "機関区分": 5, "都道府県コード": 4, "市区町村コード": 103, "所在地": "宮城県仙台市若林区新寺２－１－２１", "緯度": 38.257177, "経度": 140.886455, "url": "https://www.iryou.teikyouseido.mhlw.go.jp/znk-web/juminkanja/S2430/initialize?prefCd=04&kikanCd=0400111455&kikanKbn=5", "url2": "http://sante-shintera.meron-net.jp", "内容": "サンテ薬局　新寺店【5:薬局】宮城県仙台市若林区新寺２－１－２１" }, "geometry": { "type": "Point", "coordinates": [ 140.886455, 38.257177 ] } },
{ "type": "Feature", "properties": { "ID": 450400111457, "正式名称": "中川薬局　岩切店", "機関区分": 5, "都道府県コード": 4, "市区町村コード": 102, "所在地": "宮城県仙台市宮城野区岩切１－１－４０", "緯度": 38.290645, "経度": 140.936166, "url": "https://www.iryou.teikyouseido.mhlw.go.jp/znk-web/juminkanja/S2430/initialize?prefCd=04&kikanCd=0400111457&kikanKbn=5", "url2": "http://ggwh.jp/", "内容": "中川薬局　岩切店【5:薬局】宮城県仙台市宮城野区岩切１－１－４０" }, "geometry": { "type": "Point", "coordinates": [ 140.936166, 38.290645 ] } },
{ "type": "Feature", "properties": { "ID": 450400111458, "正式名称": "レオン調剤薬局　大和町店", "機関区分": 5, "都道府県コード": 4, "市区町村コード": 103, "所在地": "宮城県仙台市若林区大和町３－１０－１－１０２", "緯度": 38.248017, "経度": 140.916432, "url": "https://www.iryou.teikyouseido.mhlw.go.jp/znk-web/juminkanja/S2430/initialize?prefCd=04&kikanCd=0400111458&kikanKbn=5", "url2": null, "内容": "レオン調剤薬局　大和町店【5:薬局】宮城県仙台市若林区大和町３－１０－１－１０２" }, "geometry": { "type": "Point", "coordinates": [ 140.916432, 38.248017 ] } },
{ "type": "Feature", "properties": { "ID": 450400111461, "正式名称": "すず薬局　上杉店", "機関区分": 5, "都道府県コード": 4, "市区町村コード": 101, "所在地": "宮城県仙台市青葉区上杉５丁目８－４９　イサワビル１階", "緯度": 38.275343, "経度": 140.874015, "url": "https://www.iryou.teikyouseido.mhlw.go.jp/znk-web/juminkanja/S2430/initialize?prefCd=04&kikanCd=0400111461&kikanKbn=5", "url2": "http://pharmacy-suzu.com", "内容": "すず薬局　上杉店【5:薬局】宮城県仙台市青葉区上杉５丁目８－４９　イサワビル１階" }, "geometry": { "type": "Point", "coordinates": [ 140.874015, 38.275343 ] } },
{ "type": "Feature", "properties": { "ID": 450400111465, "正式名称": "たから薬局", "機関区分": 5, "都道府県コード": 4, "市区町村コード": 101, "所在地": "宮城県仙台市青葉区栗生７－９－２", "緯度": 38.269028, "経度": 140.778879, "url": "https://www.iryou.teikyouseido.mhlw.go.jp/znk-web/juminkanja/S2430/initialize?prefCd=04&kikanCd=0400111465&kikanKbn=5", "url2": "https://herb-pharmacy-888.com/takara.html", "内容": "たから薬局【5:薬局】宮城県仙台市青葉区栗生７－９－２" }, "geometry": { "type": "Point", "coordinates": [ 140.778879, 38.269028 ] } },
{ "type": "Feature", "properties": { "ID": 450400111467, "正式名称": "調剤薬局ファイブエフ", "機関区分": 5, "都道府県コード": 4, "市区町村コード": 105, "所在地": "宮城県仙台市泉区泉中央１丁目１２－２　泉パークビル５階", "緯度": 32.451163, "経度": 130.200299, "url": "https://www.iryou.teikyouseido.mhlw.go.jp/znk-web/juminkanja/S2430/initialize?prefCd=04&kikanCd=0400111467&kikanKbn=5", "url2": "https://www.good-np.com/", "内容": "調剤薬局ファイブエフ【5:薬局】宮城県仙台市泉区泉中央１丁目１２－２　泉パークビル５階" }, "geometry": { "type": "Point", "coordinates": [ 130.200299, 32.451163 ] } },
{ "type": "Feature", "properties": { "ID": 450400111470, "正式名称": "オリオン調剤薬局　高砂店", "機関区分": 5, "都道府県コード": 4, "市区町村コード": 102, "所在地": "宮城県仙台市宮城野区高砂", "緯度": 38.269273, "経度": 140.969685, "url": "https://www.iryou.teikyouseido.mhlw.go.jp/znk-web/juminkanja/S2430/initialize?prefCd=04&kikanCd=0400111470&kikanKbn=5", "url2": null, "内容": "オリオン調剤薬局　高砂店【5:薬局】宮城県仙台市宮城野区高砂" }, "geometry": { "type": "Point", "coordinates": [ 140.969685, 38.269273 ] } },
{ "type": "Feature", "properties": { "ID": 450400150002, "正式名称": "カメイ調剤薬局　愛子店", "機関区分": 5, "都道府県コード": 4, "市区町村コード": 101, "所在地": "宮城県仙台市青葉区愛子東二丁目３番１６号", "緯度": 38.2732224, "経度": 140.7762518, "url": "https://www.iryou.teikyouseido.mhlw.go.jp/znk-web/juminkanja/S2430/initialize?prefCd=04&kikanCd=0400150002&kikanKbn=5", "url2": "http://www.kamei.co.jp/pharmacy/index.html", "内容": "カメイ調剤薬局　愛子店【5:薬局】宮城県仙台市青葉区愛子東二丁目３番１６号" }, "geometry": { "type": "Point", "coordinates": [ 140.776251800000011, 38.2732224 ] } },
{ "type": "Feature", "properties": { "ID": 450400150011, "正式名称": "ラベンダー薬局", "機関区分": 5, "都道府県コード": 4, "市区町村コード": 103, "所在地": "宮城県仙台市若林区堰場１２－５　１Ｆ", "緯度": 38.243039, "経度": 140.886697, "url": "https://www.iryou.teikyouseido.mhlw.go.jp/znk-web/juminkanja/S2430/initialize?prefCd=04&kikanCd=0400150011&kikanKbn=5", "url2": null, "内容": "ラベンダー薬局【5:薬局】宮城県仙台市若林区堰場１２－５　１Ｆ" }, "geometry": { "type": "Point", "coordinates": [ 140.886697, 38.243039 ] } },
{ "type": "Feature", "properties": { "ID": 450400150012, "正式名称": "錦ケ丘オレンジ薬局", "機関区分": 5, "都道府県コード": 4, "市区町村コード": 101, "所在地": "宮城県仙台市青葉区錦ケ丘７－２０ー１１", "緯度": 38.257227, "経度": 140.758862, "url": "https://www.iryou.teikyouseido.mhlw.go.jp/znk-web/juminkanja/S2430/initialize?prefCd=04&kikanCd=0400150012&kikanKbn=5", "url2": "https://www.imai-medicalsupport.jp/", "内容": "錦ケ丘オレンジ薬局【5:薬局】宮城県仙台市青葉区錦ケ丘７－２０ー１１" }, "geometry": { "type": "Point", "coordinates": [ 140.758862, 38.257227 ] } },
{ "type": "Feature", "properties": { "ID": 450400150016, "正式名称": "カリン薬局", "機関区分": 5, "都道府県コード": 4, "市区町村コード": 101, "所在地": "宮城県仙台市青葉区八幡４ー２－１０－１０１", "緯度": 38.270001, "経度": 140.847542, "url": "https://www.iryou.teikyouseido.mhlw.go.jp/znk-web/juminkanja/S2430/initialize?prefCd=04&kikanCd=0400150016&kikanKbn=5", "url2": "http://www.mediphal.com", "内容": "カリン薬局【5:薬局】宮城県仙台市青葉区八幡４ー２－１０－１０１" }, "geometry": { "type": "Point", "coordinates": [ 140.847542, 38.270001 ] } },
{ "type": "Feature", "properties": { "ID": 450400150018, "正式名称": "共創未来　五十人町薬局", "機関区分": 5, "都道府県コード": 4, "市区町村コード": 103, "所在地": "宮城県仙台市若林区五十人町１００　志子田ハイツ１０２", "緯度": 38.245316, "経度": 140.8957, "url": "https://www.iryou.teikyouseido.mhlw.go.jp/znk-web/juminkanja/S2430/initialize?prefCd=04&kikanCd=0400150018&kikanKbn=5", "url2": "http//www.phmirai.co.jp", "内容": "共創未来　五十人町薬局【5:薬局】宮城県仙台市若林区五十人町１００　志子田ハイツ１０２" }, "geometry": { "type": "Point", "coordinates": [ 140.8957, 38.245316 ] } },
{ "type": "Feature", "properties": { "ID": 450400150021, "正式名称": "共創未来　ふれあい薬局", "機関区分": 5, "都道府県コード": 4, "市区町村コード": 101, "所在地": "宮城県仙台市青葉区木町通一丁目５番１７号", "緯度": 38.2693088, "経度": 140.863563, "url": "https://www.iryou.teikyouseido.mhlw.go.jp/znk-web/juminkanja/S2430/initialize?prefCd=04&kikanCd=0400150021&kikanKbn=5", "url2": "http://www.phmirai.co.jp/", "内容": "共創未来　ふれあい薬局【5:薬局】宮城県仙台市青葉区木町通一丁目５番１７号" }, "geometry": { "type": "Point", "coordinates": [ 140.863563, 38.2693088 ] } },
{ "type": "Feature", "properties": { "ID": 450400150022, "正式名称": "共創未来　木町薬局", "機関区分": 5, "都道府県コード": 4, "市区町村コード": 101, "所在地": "宮城県仙台市青葉区木町通１－７－１７　１階", "緯度": 38.2702917, "経度": 140.8632113, "url": "https://www.iryou.teikyouseido.mhlw.go.jp/znk-web/juminkanja/S2430/initialize?prefCd=04&kikanCd=0400150022&kikanKbn=5", "url2": null, "内容": "共創未来　木町薬局【5:薬局】宮城県仙台市青葉区木町通１－７－１７　１階" }, "geometry": { "type": "Point", "coordinates": [ 140.863211299999989, 38.2702917 ] } },
{ "type": "Feature", "properties": { "ID": 450400150023, "正式名称": "共創未来みずほ台薬局", "機関区分": 5, "都道府県コード": 4, "市区町村コード": 105, "所在地": "宮城県仙台市泉区上谷刈字治郎兵衛下３４－３", "緯度": 38.311007, "経度": 140.868786, "url": "https://www.iryou.teikyouseido.mhlw.go.jp/znk-web/juminkanja/S2430/initialize?prefCd=04&kikanCd=0400150023&kikanKbn=5", "url2": null, "内容": "共創未来みずほ台薬局【5:薬局】宮城県仙台市泉区上谷刈字治郎兵衛下３４－３" }, "geometry": { "type": "Point", "coordinates": [ 140.868786, 38.311007 ] } },
{ "type": "Feature", "properties": { "ID": 450400150024, "正式名称": "共創未来　寺岡薬局", "機関区分": 5, "都道府県コード": 4, "市区町村コード": 105, "所在地": "宮城県仙台市泉区寺岡５－８－５", "緯度": 38.343633, "経度": 140.827726, "url": "https://www.iryou.teikyouseido.mhlw.go.jp/znk-web/juminkanja/S2430/initialize?prefCd=04&kikanCd=0400150024&kikanKbn=5", "url2": "http://www.phmirai.co.jp/", "内容": "共創未来　寺岡薬局【5:薬局】宮城県仙台市泉区寺岡５－８－５" }, "geometry": { "type": "Point", "coordinates": [ 140.827726, 38.343633 ] } },
{ "type": "Feature", "properties": { "ID": 450400150027, "正式名称": "けやき薬局黒松店", "機関区分": 5, "都道府県コード": 4, "市区町村コード": 101, "所在地": "宮城県仙台市青葉区北根黒松８－１", "緯度": 38.304009, "経度": 140.879145, "url": "https://www.iryou.teikyouseido.mhlw.go.jp/znk-web/juminkanja/S2430/initialize?prefCd=04&kikanCd=0400150027&kikanKbn=5", "url2": "http://www.keyaki-p.com", "内容": "けやき薬局黒松店【5:薬局】宮城県仙台市青葉区北根黒松８－１" }, "geometry": { "type": "Point", "coordinates": [ 140.879145, 38.304009 ] } },
{ "type": "Feature", "properties": { "ID": 450400150031, "正式名称": "ウエルシア薬局　仙台あすと長町店", "機関区分": 5, "都道府県コード": 4, "市区町村コード": 104, "所在地": "宮城県仙台市太白区八本松二丁目２番８号", "緯度": 38.2297916, "経度": 140.8903617, "url": "https://www.iryou.teikyouseido.mhlw.go.jp/znk-web/juminkanja/S2430/initialize?prefCd=04&kikanCd=0400150031&kikanKbn=5", "url2": "http://www.welcia-yakkyoku.co.jp", "内容": "ウエルシア薬局　仙台あすと長町店【5:薬局】宮城県仙台市太白区八本松二丁目２番８号" }, "geometry": { "type": "Point", "coordinates": [ 140.8903617, 38.2297916 ] } },
{ "type": "Feature", "properties": { "ID": 450400150034, "正式名称": "リフレ薬局柏木店", "機関区分": 5, "都道府県コード": 4, "市区町村コード": 101, "所在地": "宮城県仙台市青葉区柏木２丁目６－３", "緯度": 38.274036, "経度": 140.854676, "url": "https://www.iryou.teikyouseido.mhlw.go.jp/znk-web/juminkanja/S2430/initialize?prefCd=04&kikanCd=0400150034&kikanKbn=5", "url2": "http://www.refre-net.com", "内容": "リフレ薬局柏木店【5:薬局】宮城県仙台市青葉区柏木２丁目６－３" }, "geometry": { "type": "Point", "coordinates": [ 140.854676, 38.274036 ] } },
{ "type": "Feature", "properties": { "ID": 450400150035, "正式名称": "ぽぷら調剤薬局", "機関区分": 5, "都道府県コード": 4, "市区町村コード": 102, "所在地": "宮城県仙台市宮城野区栄二丁目２５－８", "緯度": 38.280713, "経度": 140.981972, "url": "https://www.iryou.teikyouseido.mhlw.go.jp/znk-web/juminkanja/S2430/initialize?prefCd=04&kikanCd=0400150035&kikanKbn=5", "url2": "http://www.pharland.jp/", "内容": "ぽぷら調剤薬局【5:薬局】宮城県仙台市宮城野区栄二丁目２５－８" }, "geometry": { "type": "Point", "coordinates": [ 140.981972, 38.280713 ] } },
{ "type": "Feature", "properties": { "ID": 450400150036, "正式名称": "さくら薬局　仙台河原町店", "機関区分": 5, "都道府県コード": 4, "市区町村コード": 103, "所在地": "宮城県仙台市若林区河原町１丁目５－２５　１階", "緯度": 38.239275, "経度": 140.888348, "url": "https://www.iryou.teikyouseido.mhlw.go.jp/znk-web/juminkanja/S2430/initialize?prefCd=04&kikanCd=0400150036&kikanKbn=5", "url2": "http://www.kraft-net.co.jp/search/3751", "内容": "さくら薬局　仙台河原町店【5:薬局】宮城県仙台市若林区河原町１丁目５－２５　１階" }, "geometry": { "type": "Point", "coordinates": [ 140.888348, 38.239275 ] } },
{ "type": "Feature", "properties": { "ID": 450400150037, "正式名称": "さくら薬局　仙台五橋店", "機関区分": 5, "都道府県コード": 4, "市区町村コード": 101, "所在地": "宮城県仙台市青葉区五橋２丁目１－１１", "緯度": 38.25229, "経度": 140.880853, "url": "https://www.iryou.teikyouseido.mhlw.go.jp/znk-web/juminkanja/S2430/initialize?prefCd=04&kikanCd=0400150037&kikanKbn=5", "url2": "http://www.kraft-net,co,jp", "内容": "さくら薬局　仙台五橋店【5:薬局】宮城県仙台市青葉区五橋２丁目１－１１" }, "geometry": { "type": "Point", "coordinates": [ 140.880853, 38.25229 ] } },
{ "type": "Feature", "properties": { "ID": 450400150039, "正式名称": "さくら調剤薬局", "機関区分": 5, "都道府県コード": 4, "市区町村コード": 105, "所在地": "宮城県仙台市泉区南光台５丁目２８－１", "緯度": 38.304558, "経度": 140.896387, "url": "https://www.iryou.teikyouseido.mhlw.go.jp/znk-web/juminkanja/S2430/initialize?prefCd=04&kikanCd=0400150039&kikanKbn=5", "url2": null, "内容": "さくら調剤薬局【5:薬局】宮城県仙台市泉区南光台５丁目２８－１" }, "geometry": { "type": "Point", "coordinates": [ 140.896387, 38.304558 ] } },
{ "type": "Feature", "properties": { "ID": 450400150042, "正式名称": "仙台調剤薬局　あすと長町店", "機関区分": 5, "都道府県コード": 4, "市区町村コード": 104, "所在地": "宮城県仙台市太白区あすと長町１－３－１　１階", "緯度": 38.23049, "経度": 140.889216, "url": "https://www.iryou.teikyouseido.mhlw.go.jp/znk-web/juminkanja/S2430/initialize?prefCd=04&kikanCd=0400150042&kikanKbn=5", "url2": "https://ship-ph.co.jp/", "内容": "仙台調剤薬局　あすと長町店【5:薬局】宮城県仙台市太白区あすと長町１－３－１　１階" }, "geometry": { "type": "Point", "coordinates": [ 140.889216, 38.23049 ] } },
{ "type": "Feature", "properties": { "ID": 450400150044, "正式名称": "マリーン調剤薬局　桂島店", "機関区分": 5, "都道府県コード": 4, "市区町村コード": 105, "所在地": "宮城県仙台市泉区桂１丁目１７－７", "緯度": 38.331727, "経度": 140.864397, "url": "https://www.iryou.teikyouseido.mhlw.go.jp/znk-web/juminkanja/S2430/initialize?prefCd=04&kikanCd=0400150044&kikanKbn=5", "url2": "http://www.aquamarine-net.co.jp", "内容": "マリーン調剤薬局　桂島店【5:薬局】宮城県仙台市泉区桂１丁目１７－７" }, "geometry": { "type": "Point", "coordinates": [ 140.864397, 38.331727 ] } },
{ "type": "Feature", "properties": { "ID": 450400150046, "正式名称": "おりーぶ薬局　南大野田店", "機関区分": 5, "都道府県コード": 4, "市区町村コード": 104, "所在地": "宮城県仙台市太白区南大野田１０－３", "緯度": 38.210931, "経度": 140.872073, "url": "https://www.iryou.teikyouseido.mhlw.go.jp/znk-web/juminkanja/S2430/initialize?prefCd=04&kikanCd=0400150046&kikanKbn=5", "url2": "https://olivepharmacy.net/shop/minamionoda", "内容": "おりーぶ薬局　南大野田店【5:薬局】宮城県仙台市太白区南大野田１０－３" }, "geometry": { "type": "Point", "coordinates": [ 140.872073, 38.210931 ] } },
{ "type": "Feature", "properties": { "ID": 450400150050, "正式名称": "泉ハピネス調剤薬局", "機関区分": 5, "都道府県コード": 4, "市区町村コード": 105, "所在地": "宮城県仙台市泉区泉中央南８番地１", "緯度": 38.32058, "経度": 140.871162, "url": "https://www.iryou.teikyouseido.mhlw.go.jp/znk-web/juminkanja/S2430/initialize?prefCd=04&kikanCd=0400150050&kikanKbn=5", "url2": "http://www.senpoku-yakuhin.jp/", "内容": "泉ハピネス調剤薬局【5:薬局】宮城県仙台市泉区泉中央南８番地１" }, "geometry": { "type": "Point", "coordinates": [ 140.871162, 38.32058 ] } },
{ "type": "Feature", "properties": { "ID": 450400150051, "正式名称": "広瀬薬局", "機関区分": 5, "都道府県コード": 4, "市区町村コード": 101, "所在地": "宮城県仙台市青葉区愛子東２－３－６７", "緯度": 38.27287, "経度": 140.773687, "url": "https://www.iryou.teikyouseido.mhlw.go.jp/znk-web/juminkanja/S2430/initialize?prefCd=04&kikanCd=0400150051&kikanKbn=5", "url2": null, "内容": "広瀬薬局【5:薬局】宮城県仙台市青葉区愛子東２－３－６７" }, "geometry": { "type": "Point", "coordinates": [ 140.773687, 38.27287 ] } },
{ "type": "Feature", "properties": { "ID": 450400150052, "正式名称": "日本調剤　長町一丁目薬局", "機関区分": 5, "都道府県コード": 4, "市区町村コード": 104, "所在地": "宮城県仙台市太白区長町１－２－４１", "緯度": 38.233413, "経度": 140.888334, "url": "https://www.iryou.teikyouseido.mhlw.go.jp/znk-web/juminkanja/S2430/initialize?prefCd=04&kikanCd=0400150052&kikanKbn=5", "url2": "https://www.nicho.co.jp/tenpo/nagamatiityoume/", "内容": "日本調剤　長町一丁目薬局【5:薬局】宮城県仙台市太白区長町１－２－４１" }, "geometry": { "type": "Point", "coordinates": [ 140.888334, 38.233413 ] } },
{ "type": "Feature", "properties": { "ID": 450400150053, "正式名称": "日本調剤　あすと長町薬局", "機関区分": 5, "都道府県コード": 4, "市区町村コード": 104, "所在地": "宮城県仙台市太白区八本松１－３－２８", "緯度": 38.2321939, "経度": 140.8899454, "url": "https://www.iryou.teikyouseido.mhlw.go.jp/znk-web/juminkanja/S2430/initialize?prefCd=04&kikanCd=0400150053&kikanKbn=5", "url2": "https://www.nicho.co.jp/tenpo/asutonagamati/", "内容": "日本調剤　あすと長町薬局【5:薬局】宮城県仙台市太白区八本松１－３－２８" }, "geometry": { "type": "Point", "coordinates": [ 140.889945399999988, 38.2321939 ] } },
{ "type": "Feature", "properties": { "ID": 450400150057, "正式名称": "八木山オレンジ薬局", "機関区分": 5, "都道府県コード": 4, "市区町村コード": 104, "所在地": "宮城県仙台市太白区八木山本町１－２１－１７", "緯度": 38.241007, "経度": 140.847048, "url": "https://www.iryou.teikyouseido.mhlw.go.jp/znk-web/juminkanja/S2430/initialize?prefCd=04&kikanCd=0400150057&kikanKbn=5", "url2": "http://www.imai-medicalsupport.jp/", "内容": "八木山オレンジ薬局【5:薬局】宮城県仙台市太白区八木山本町１－２１－１７" }, "geometry": { "type": "Point", "coordinates": [ 140.847048, 38.241007 ] } },
{ "type": "Feature", "properties": { "ID": 450400150058, "正式名称": "調剤薬局ツルハドラッグ仙台二の森店", "機関区分": 5, "都道府県コード": 4, "市区町村コード": 102, "所在地": "宮城県仙台市宮城野区二の森１ー１３", "緯度": 38.278536, "経度": 140.89622, "url": "https://www.iryou.teikyouseido.mhlw.go.jp/znk-web/juminkanja/S2430/initialize?prefCd=04&kikanCd=0400150058&kikanKbn=5", "url2": "http://www.tsuruha.co.jp", "内容": "調剤薬局ツルハドラッグ仙台二の森店【5:薬局】宮城県仙台市宮城野区二の森１ー１３" }, "geometry": { "type": "Point", "coordinates": [ 140.89622, 38.278536 ] } },
{ "type": "Feature", "properties": { "ID": 450400150059, "正式名称": "ひかり薬局上飯田", "機関区分": 5, "都道府県コード": 4, "市区町村コード": 103, "所在地": "宮城県仙台市若林区上飯田４－１６－１０１", "緯度": 38.216567, "経度": 140.928713, "url": "https://www.iryou.teikyouseido.mhlw.go.jp/znk-web/juminkanja/S2430/initialize?prefCd=04&kikanCd=0400150059&kikanKbn=5", "url2": "http://www.hikari-pharmacy.co.jp", "内容": "ひかり薬局上飯田【5:薬局】宮城県仙台市若林区上飯田４－１６－１０１" }, "geometry": { "type": "Point", "coordinates": [ 140.928713, 38.216567 ] } },
{ "type": "Feature", "properties": { "ID": 450400150060, "正式名称": "薬局五ツ橋ファーマシー", "機関区分": 5, "都道府県コード": 4, "市区町村コード": 101, "所在地": "宮城県仙台市青葉区五橋１－６－２３　１階", "緯度": 38.253509, "経度": 140.880401, "url": "https://www.iryou.teikyouseido.mhlw.go.jp/znk-web/juminkanja/S2430/initialize?prefCd=04&kikanCd=0400150060&kikanKbn=5", "url2": null, "内容": "薬局五ツ橋ファーマシー【5:薬局】宮城県仙台市青葉区五橋１－６－２３　１階" }, "geometry": { "type": "Point", "coordinates": [ 140.880401, 38.253509 ] } },
{ "type": "Feature", "properties": { "ID": 450400150063, "正式名称": "アイランド薬局", "機関区分": 5, "都道府県コード": 4, "市区町村コード": 102, "所在地": "宮城県仙台市宮城野区高砂", "緯度": 38.26929, "経度": 140.968035, "url": "https://www.iryou.teikyouseido.mhlw.go.jp/znk-web/juminkanja/S2430/initialize?prefCd=04&kikanCd=0400150063&kikanKbn=5", "url2": null, "内容": "アイランド薬局【5:薬局】宮城県仙台市宮城野区高砂" }, "geometry": { "type": "Point", "coordinates": [ 140.968035, 38.26929 ] } },
{ "type": "Feature", "properties": { "ID": 450400150065, "正式名称": "青葉中央オレンジ薬局", "機関区分": 5, "都道府県コード": 4, "市区町村コード": 101, "所在地": "宮城県仙台市青葉区中央二丁目１１ー１　３Ｆ", "緯度": 38.26253, "経度": 140.877874, "url": "https://www.iryou.teikyouseido.mhlw.go.jp/znk-web/juminkanja/S2430/initialize?prefCd=04&kikanCd=0400150065&kikanKbn=5", "url2": "https://www.imai-medicalsupport.jp/", "内容": "青葉中央オレンジ薬局【5:薬局】宮城県仙台市青葉区中央二丁目１１ー１　３Ｆ" }, "geometry": { "type": "Point", "coordinates": [ 140.877874, 38.26253 ] } },
{ "type": "Feature", "properties": { "ID": 450400150068, "正式名称": "クルー薬局国見ケ丘店", "機関区分": 5, "都道府県コード": 4, "市区町村コード": 101, "所在地": "宮城県仙台市青葉区国見ケ丘１－３－５", "緯度": 38.29499, "経度": 140.826664, "url": "https://www.iryou.teikyouseido.mhlw.go.jp/znk-web/juminkanja/S2430/initialize?prefCd=04&kikanCd=0400150068&kikanKbn=5", "url2": "https://crewlife.co.jp/", "内容": "クルー薬局国見ケ丘店【5:薬局】宮城県仙台市青葉区国見ケ丘１－３－５" }, "geometry": { "type": "Point", "coordinates": [ 140.826664, 38.29499 ] } },
{ "type": "Feature", "properties": { "ID": 450400150070, "正式名称": "八幡町薬局", "機関区分": 5, "都道府県コード": 4, "市区町村コード": 101, "所在地": "宮城県仙台市青葉区八幡２丁目１９－１６　１階", "緯度": 33.321118, "経度": 130.036846, "url": "https://www.iryou.teikyouseido.mhlw.go.jp/znk-web/juminkanja/S2430/initialize?prefCd=04&kikanCd=0400150070&kikanKbn=5", "url2": null, "内容": "八幡町薬局【5:薬局】宮城県仙台市青葉区八幡２丁目１９－１６　１階" }, "geometry": { "type": "Point", "coordinates": [ 130.036846, 33.321118 ] } },
{ "type": "Feature", "properties": { "ID": 450400150073, "正式名称": "マリーン調剤薬局　鶴ヶ谷店", "機関区分": 5, "都道府県コード": 4, "市区町村コード": 102, "所在地": "宮城県仙台市宮城野区鶴ケ谷７丁目３１－４", "緯度": 38.289767, "経度": 140.922087, "url": "https://www.iryou.teikyouseido.mhlw.go.jp/znk-web/juminkanja/S2430/initialize?prefCd=04&kikanCd=0400150073&kikanKbn=5", "url2": "http://www.aquamarine-net.co.jp/", "内容": "マリーン調剤薬局　鶴ヶ谷店【5:薬局】宮城県仙台市宮城野区鶴ケ谷７丁目３１－４" }, "geometry": { "type": "Point", "coordinates": [ 140.922087, 38.289767 ] } },
{ "type": "Feature", "properties": { "ID": 450400150075, "正式名称": "仙台朝市薬局", "機関区分": 5, "都道府県コード": 4, "市区町村コード": 101, "所在地": "宮城県仙台市青葉区中央４丁目４－２", "緯度": 33.428378, "経度": 129.984544, "url": "https://www.iryou.teikyouseido.mhlw.go.jp/znk-web/juminkanja/S2430/initialize?prefCd=04&kikanCd=0400150075&kikanKbn=5", "url2": "https://www.good-np.com/", "内容": "仙台朝市薬局【5:薬局】宮城県仙台市青葉区中央４丁目４－２" }, "geometry": { "type": "Point", "coordinates": [ 129.984544, 33.428378 ] } },
{ "type": "Feature", "properties": { "ID": 450400150076, "正式名称": "在宅支援センターたかのはら調剤薬局", "機関区分": 5, "都道府県コード": 4, "市区町村コード": 101, "所在地": "宮城県仙台市青葉区高野原４－１３－２１", "緯度": 38.290646, "経度": 140.753037, "url": "https://www.iryou.teikyouseido.mhlw.go.jp/znk-web/juminkanja/S2430/initialize?prefCd=04&kikanCd=0400150076&kikanKbn=5", "url2": "https://lintheh.com/", "内容": "在宅支援センターたかのはら調剤薬局【5:薬局】宮城県仙台市青葉区高野原４－１３－２１" }, "geometry": { "type": "Point", "coordinates": [ 140.753037, 38.290646 ] } },
{ "type": "Feature", "properties": { "ID": 450400150077, "正式名称": "ニック泉大沢薬局", "機関区分": 5, "都道府県コード": 4, "市区町村コード": 105, "所在地": "宮城県　仙台市　泉区　大沢３－５－１", "緯度": 38.356788, "経度": 140.874998, "url": "https://www.iryou.teikyouseido.mhlw.go.jp/znk-web/juminkanja/S2430/initialize?prefCd=04&kikanCd=0400150077&kikanKbn=5", "url2": null, "内容": "ニック泉大沢薬局【5:薬局】宮城県　仙台市　泉区　大沢３－５－１" }, "geometry": { "type": "Point", "coordinates": [ 140.874998, 38.356788 ] } },
{ "type": "Feature", "properties": { "ID": 450400150078, "正式名称": "南小泉中央薬局", "機関区分": 5, "都道府県コード": 4, "市区町村コード": 103, "所在地": "宮城県仙台市若林区南小泉二丁目１４－１５", "緯度": 38.239981, "経度": 140.907193, "url": "https://www.iryou.teikyouseido.mhlw.go.jp/znk-web/juminkanja/S2430/initialize?prefCd=04&kikanCd=0400150078&kikanKbn=5", "url2": "https://medikamente.co.jp/", "内容": "南小泉中央薬局【5:薬局】宮城県仙台市若林区南小泉二丁目１４－１５" }, "geometry": { "type": "Point", "coordinates": [ 140.907193, 38.239981 ] } },
{ "type": "Feature", "properties": { "ID": 450400150080, "正式名称": "調剤薬局ツルハドラッグあすと長町店", "機関区分": 5, "都道府県コード": 4, "市区町村コード": 104, "所在地": "宮城県仙台市太白区あすと長町４－３－５", "緯度": 38.224101, "経度": 140.887898, "url": "https://www.iryou.teikyouseido.mhlw.go.jp/znk-web/juminkanja/S2430/initialize?prefCd=04&kikanCd=0400150080&kikanKbn=5", "url2": "https://www.tsuruha.co.jp/", "内容": "調剤薬局ツルハドラッグあすと長町店【5:薬局】宮城県仙台市太白区あすと長町４－３－５" }, "geometry": { "type": "Point", "coordinates": [ 140.887898, 38.224101 ] } },
{ "type": "Feature", "properties": { "ID": 450400150082, "正式名称": "まごころ調剤薬局　田子西店", "機関区分": 5, "都道府県コード": 4, "市区町村コード": 102, "所在地": "宮城県仙台市宮城野区田子西一丁目１０－１０", "緯度": 38.2873864, "経度": 140.9582944, "url": "https://www.iryou.teikyouseido.mhlw.go.jp/znk-web/juminkanja/S2430/initialize?prefCd=04&kikanCd=0400150082&kikanKbn=5", "url2": "https://magokoro-kizuna.com", "内容": "まごころ調剤薬局　田子西店【5:薬局】宮城県仙台市宮城野区田子西一丁目１０－１０" }, "geometry": { "type": "Point", "coordinates": [ 140.9582944, 38.2873864 ] } },
{ "type": "Feature", "properties": { "ID": 450400150083, "正式名称": "ひかり薬局榴ヶ岡", "機関区分": 5, "都道府県コード": 4, "市区町村コード": 102, "所在地": "宮城県仙台市宮城野区二十人町３１０－９", "緯度": 38.262318, "経度": 140.894076, "url": "https://www.iryou.teikyouseido.mhlw.go.jp/znk-web/juminkanja/S2430/initialize?prefCd=04&kikanCd=0400150083&kikanKbn=5", "url2": "http://www.hikari-pharmacy.co.jp", "内容": "ひかり薬局榴ヶ岡【5:薬局】宮城県仙台市宮城野区二十人町３１０－９" }, "geometry": { "type": "Point", "coordinates": [ 140.894076, 38.262318 ] } },
{ "type": "Feature", "properties": { "ID": 450400150085, "正式名称": "日本調剤　宮城野原薬局", "機関区分": 5, "都道府県コード": 4, "市区町村コード": 102, "所在地": "宮城県仙台市宮城野区宮城野２丁目９－１", "緯度": 32.611339, "経度": 130.462533, "url": "https://www.iryou.teikyouseido.mhlw.go.jp/znk-web/juminkanja/S2430/initialize?prefCd=04&kikanCd=0400150085&kikanKbn=5", "url2": "https://www.nicho.co.jp/tenpo/miyaginohara/", "内容": "日本調剤　宮城野原薬局【5:薬局】宮城県仙台市宮城野区宮城野２丁目９－１" }, "geometry": { "type": "Point", "coordinates": [ 130.462533, 32.611339 ] } },
{ "type": "Feature", "properties": { "ID": 450400150086, "正式名称": "調剤薬局ツルハドラッグ仙台長町４丁目店", "機関区分": 5, "都道府県コード": 4, "市区町村コード": 104, "所在地": "宮城県仙台市太白区長町４丁目７－１８", "緯度": 38.229424, "経度": 140.880976, "url": "https://www.iryou.teikyouseido.mhlw.go.jp/znk-web/juminkanja/S2430/initialize?prefCd=04&kikanCd=0400150086&kikanKbn=5", "url2": "http://www.tsuruha.co.jp", "内容": "調剤薬局ツルハドラッグ仙台長町４丁目店【5:薬局】宮城県仙台市太白区長町４丁目７－１８" }, "geometry": { "type": "Point", "coordinates": [ 140.880976, 38.229424 ] } },
{ "type": "Feature", "properties": { "ID": 450400150087, "正式名称": "ひかり薬局富沢南", "機関区分": 5, "都道府県コード": 4, "市区町村コード": 104, "所在地": "宮城県仙台市太白区富沢南１丁目１０－４", "緯度": 38.213821, "経度": 140.865634, "url": "https://www.iryou.teikyouseido.mhlw.go.jp/znk-web/juminkanja/S2430/initialize?prefCd=04&kikanCd=0400150087&kikanKbn=5", "url2": "http://www.hikari-pharmacy.co.jp", "内容": "ひかり薬局富沢南【5:薬局】宮城県仙台市太白区富沢南１丁目１０－４" }, "geometry": { "type": "Point", "coordinates": [ 140.865634, 38.213821 ] } },
{ "type": "Feature", "properties": { "ID": 450400150088, "正式名称": "ウエルシア薬局仙台泉高森店", "機関区分": 5, "都道府県コード": 4, "市区町村コード": 105, "所在地": "宮城県仙台市泉区高森４－２－５３９", "緯度": 38.332731, "経度": 140.847449, "url": "https://www.iryou.teikyouseido.mhlw.go.jp/znk-web/juminkanja/S2430/initialize?prefCd=04&kikanCd=0400150088&kikanKbn=5", "url2": "http://www.welcia-yakkyoku.co.jp", "内容": "ウエルシア薬局仙台泉高森店【5:薬局】宮城県仙台市泉区高森４－２－５３９" }, "geometry": { "type": "Point", "coordinates": [ 140.847449, 38.332731 ] } },
{ "type": "Feature", "properties": { "ID": 450400150089, "正式名称": "エムツー調剤薬局松森店", "機関区分": 5, "都道府県コード": 4, "市区町村コード": 105, "所在地": "宮城県仙台市泉区松森字前沼３９－１", "緯度": 38.314908, "経度": 140.918028, "url": "https://www.iryou.teikyouseido.mhlw.go.jp/znk-web/juminkanja/S2430/initialize?prefCd=04&kikanCd=0400150089&kikanKbn=5", "url2": "https://www.m2-pharmacy.jp", "内容": "エムツー調剤薬局松森店【5:薬局】宮城県仙台市泉区松森字前沼３９－１" }, "geometry": { "type": "Point", "coordinates": [ 140.918028, 38.314908 ] } },
{ "type": "Feature", "properties": { "ID": 450400150091, "正式名称": "将監西調剤薬局", "機関区分": 5, "都道府県コード": 4, "市区町村コード": 105, "所在地": "宮城県仙台市泉区将監１０丁目１３－５－４", "緯度": 38.336592, "経度": 140.871281, "url": "https://www.iryou.teikyouseido.mhlw.go.jp/znk-web/juminkanja/S2430/initialize?prefCd=04&kikanCd=0400150091&kikanKbn=5", "url2": null, "内容": "将監西調剤薬局【5:薬局】宮城県仙台市泉区将監１０丁目１３－５－４" }, "geometry": { "type": "Point", "coordinates": [ 140.871281, 38.336592 ] } },
{ "type": "Feature", "properties": { "ID": 450400150092, "正式名称": "たかまつ薬局", "機関区分": 5, "都道府県コード": 4, "市区町村コード": 101, "所在地": "宮城県仙台市青葉区高松１－１６－２", "緯度": 32.450936, "経度": 130.199711, "url": "https://www.iryou.teikyouseido.mhlw.go.jp/znk-web/juminkanja/S2430/initialize?prefCd=04&kikanCd=0400150092&kikanKbn=5", "url2": "https://zelkova-health.com/", "内容": "たかまつ薬局【5:薬局】宮城県仙台市青葉区高松１－１６－２" }, "geometry": { "type": "Point", "coordinates": [ 130.199711, 32.450936 ] } },
{ "type": "Feature", "properties": { "ID": 450400150096, "正式名称": "カサブランカ薬局", "機関区分": 5, "都道府県コード": 4, "市区町村コード": 102, "所在地": "宮城県仙台市宮城野区榴岡３丁目１１－１８　プレノ榴岡１０１", "緯度": 38.260411, "経度": 140.891648, "url": "https://www.iryou.teikyouseido.mhlw.go.jp/znk-web/juminkanja/S2430/initialize?prefCd=04&kikanCd=0400150096&kikanKbn=5", "url2": "https://www.kasaburanka-pharma.com/", "内容": "カサブランカ薬局【5:薬局】宮城県仙台市宮城野区榴岡３丁目１１－１８　プレノ榴岡１０１" }, "geometry": { "type": "Point", "coordinates": [ 140.891648, 38.260411 ] } },
{ "type": "Feature", "properties": { "ID": 450400150098, "正式名称": "薬局マツモトキヨシ柳生店", "機関区分": 5, "都道府県コード": 4, "市区町村コード": 104, "所在地": "宮城県仙台市太白区柳生７丁目５－１１　ＳＴプラザ", "緯度": 38.1964857, "経度": 140.8653688, "url": "https://www.iryou.teikyouseido.mhlw.go.jp/znk-web/juminkanja/S2430/initialize?prefCd=04&kikanCd=0400150098&kikanKbn=5", "url2": null, "内容": "薬局マツモトキヨシ柳生店【5:薬局】宮城県仙台市太白区柳生７丁目５－１１　ＳＴプラザ" }, "geometry": { "type": "Point", "coordinates": [ 140.8653688, 38.1964857 ] } },
{ "type": "Feature", "properties": { "ID": 450400150100, "正式名称": "みらい調剤薬局　やかた店", "機関区分": 5, "都道府県コード": 4, "市区町村コード": 105, "所在地": "宮城県仙台市泉区館三丁目３７－９", "緯度": 38.320515, "経度": 140.800572, "url": "https://www.iryou.teikyouseido.mhlw.go.jp/znk-web/juminkanja/S2430/initialize?prefCd=04&kikanCd=0400150100&kikanKbn=5", "url2": "http://www.sano-ph.co.jp", "内容": "みらい調剤薬局　やかた店【5:薬局】宮城県仙台市泉区館三丁目３７－９" }, "geometry": { "type": "Point", "coordinates": [ 140.800572, 38.320515 ] } },
{ "type": "Feature", "properties": { "ID": 450400150101, "正式名称": "アイン薬局長町店", "機関区分": 5, "都道府県コード": 4, "市区町村コード": 104, "所在地": "宮城県仙台市太白区あすと長町１丁目２番１号", "緯度": 38.2310069, "経度": 140.8878938, "url": "https://www.iryou.teikyouseido.mhlw.go.jp/znk-web/juminkanja/S2430/initialize?prefCd=04&kikanCd=0400150101&kikanKbn=5", "url2": "http://www.ain.co.jp", "内容": "アイン薬局長町店【5:薬局】宮城県仙台市太白区あすと長町１丁目２番１号" }, "geometry": { "type": "Point", "coordinates": [ 140.8878938, 38.2310069 ] } },
{ "type": "Feature", "properties": { "ID": 450400150102, "正式名称": "アイン薬局　一番町店", "機関区分": 5, "都道府県コード": 4, "市区町村コード": 101, "所在地": "宮城県仙台市青葉区一番町２丁目４－１９　シリウス一番町２階", "緯度": 38.259451, "経度": 140.872714, "url": "https://www.iryou.teikyouseido.mhlw.go.jp/znk-web/juminkanja/S2430/initialize?prefCd=04&kikanCd=0400150102&kikanKbn=5", "url2": "http://www.ainj.co.jp", "内容": "アイン薬局　一番町店【5:薬局】宮城県仙台市青葉区一番町２丁目４－１９　シリウス一番町２階" }, "geometry": { "type": "Point", "coordinates": [ 140.872714, 38.259451 ] } },
{ "type": "Feature", "properties": { "ID": 450400150103, "正式名称": "アイン薬局　台原店", "機関区分": 5, "都道府県コード": 4, "市区町村コード": 101, "所在地": "宮城県仙台市青葉区台原４－２－３０", "緯度": 38.285135, "経度": 140.87596, "url": "https://www.iryou.teikyouseido.mhlw.go.jp/znk-web/juminkanja/S2430/initialize?prefCd=04&kikanCd=0400150103&kikanKbn=5", "url2": "https://www.ainj.co.jp/network/detail.html?pdid=696", "内容": "アイン薬局　台原店【5:薬局】宮城県仙台市青葉区台原４－２－３０" }, "geometry": { "type": "Point", "coordinates": [ 140.87596, 38.285135 ] } },
{ "type": "Feature", "properties": { "ID": 450400150105, "正式名称": "アイン薬局　中倉店", "機関区分": 5, "都道府県コード": 4, "市区町村コード": 103, "所在地": "宮城県仙台市若林区中倉１丁目－５－１５", "緯度": 38.245961, "経度": 140.910863, "url": "https://www.iryou.teikyouseido.mhlw.go.jp/znk-web/juminkanja/S2430/initialize?prefCd=04&kikanCd=0400150105&kikanKbn=5", "url2": "http://www.ainj.co.jp", "内容": "アイン薬局　中倉店【5:薬局】宮城県仙台市若林区中倉１丁目－５－１５" }, "geometry": { "type": "Point", "coordinates": [ 140.910863, 38.245961 ] } },
{ "type": "Feature", "properties": { "ID": 450400150110, "正式名称": "カメイ調剤やよい薬局", "機関区分": 5, "都道府県コード": 4, "市区町村コード": 101, "所在地": "宮城県仙台市青葉区旭ケ丘４丁目３５番２６号", "緯度": 38.297557, "経度": 140.884791, "url": "https://www.iryou.teikyouseido.mhlw.go.jp/znk-web/juminkanja/S2430/initialize?prefCd=04&kikanCd=0400150110&kikanKbn=5", "url2": "http://www.kamei.co.jp/pharmacy/index.html", "内容": "カメイ調剤やよい薬局【5:薬局】宮城県仙台市青葉区旭ケ丘４丁目３５番２６号" }, "geometry": { "type": "Point", "coordinates": [ 140.884791, 38.297557 ] } },
{ "type": "Feature", "properties": { "ID": 450400150111, "正式名称": "フレンド薬局若林", "機関区分": 5, "都道府県コード": 4, "市区町村コード": 103, "所在地": "宮城県仙台市若林区若林五丁目四ー五一", "緯度": 38.2306497, "経度": 140.9026851, "url": "https://www.iryou.teikyouseido.mhlw.go.jp/znk-web/juminkanja/S2430/initialize?prefCd=04&kikanCd=0400150111&kikanKbn=5", "url2": null, "内容": "フレンド薬局若林【5:薬局】宮城県仙台市若林区若林五丁目四ー五一" }, "geometry": { "type": "Point", "coordinates": [ 140.902685100000014, 38.2306497 ] } },
{ "type": "Feature", "properties": { "ID": 450400150112, "正式名称": "救済堂薬局　大学病院前店", "機関区分": 5, "都道府県コード": 4, "市区町村コード": 101, "所在地": "宮城県仙台市青葉区木町通１丁目８－２８三栄木町通ビル１Ｆ", "緯度": 38.2709163, "経度": 140.8626842, "url": "https://www.iryou.teikyouseido.mhlw.go.jp/znk-web/juminkanja/S2430/initialize?prefCd=04&kikanCd=0400150112&kikanKbn=5", "url2": "http://forest-pharmacy.com", "内容": "救済堂薬局　大学病院前店【5:薬局】宮城県仙台市青葉区木町通１丁目８－２８三栄木町通ビル１Ｆ" }, "geometry": { "type": "Point", "coordinates": [ 140.8626842, 38.2709163 ] } },
{ "type": "Feature", "properties": { "ID": 450400150115, "正式名称": "柳生調剤薬局", "機関区分": 5, "都道府県コード": 4, "市区町村コード": 104, "所在地": "宮城県仙台市太白区柳生四丁目１０－１２", "緯度": 38.19475, "経度": 140.868912, "url": "https://www.iryou.teikyouseido.mhlw.go.jp/znk-web/juminkanja/S2430/initialize?prefCd=04&kikanCd=0400150115&kikanKbn=5", "url2": "https://meron-net.shop/ds/yanagyu", "内容": "柳生調剤薬局【5:薬局】宮城県仙台市太白区柳生四丁目１０－１２" }, "geometry": { "type": "Point", "coordinates": [ 140.868912, 38.19475 ] } },
{ "type": "Feature", "properties": { "ID": 450400150116, "正式名称": "ルスト薬局", "機関区分": 5, "都道府県コード": 4, "市区町村コード": 102, "所在地": "宮城県仙台市宮城野区名掛丁２０６－１５", "緯度": 38.26229, "経度": 140.88315, "url": "https://www.iryou.teikyouseido.mhlw.go.jp/znk-web/juminkanja/S2430/initialize?prefCd=04&kikanCd=0400150116&kikanKbn=5", "url2": "http://www.seagull-p.com/", "内容": "ルスト薬局【5:薬局】宮城県仙台市宮城野区名掛丁２０６－１５" }, "geometry": { "type": "Point", "coordinates": [ 140.88315, 38.26229 ] } },
{ "type": "Feature", "properties": { "ID": 450400150117, "正式名称": "アイワ調剤薬局　泉中央店", "機関区分": 5, "都道府県コード": 4, "市区町村コード": 105, "所在地": "宮城県仙台市泉区泉中央１－３４－９", "緯度": 38.323217, "経度": 140.876738, "url": "https://www.iryou.teikyouseido.mhlw.go.jp/znk-web/juminkanja/S2430/initialize?prefCd=04&kikanCd=0400150117&kikanKbn=5", "url2": null, "内容": "アイワ調剤薬局　泉中央店【5:薬局】宮城県仙台市泉区泉中央１－３４－９" }, "geometry": { "type": "Point", "coordinates": [ 140.876738, 38.323217 ] } },
{ "type": "Feature", "properties": { "ID": 450400150118, "正式名称": "さいわい薬局　南店", "機関区分": 5, "都道府県コード": 4, "市区町村コード": 102, "所在地": "宮城県仙台市宮城野区幸町３丁目３－１２", "緯度": 38.276811, "経度": 140.899197, "url": "https://www.iryou.teikyouseido.mhlw.go.jp/znk-web/juminkanja/S2430/initialize?prefCd=04&kikanCd=0400150118&kikanKbn=5", "url2": "http://meron-net.shop/ds/saiwai-minami.ten", "内容": "さいわい薬局　南店【5:薬局】宮城県仙台市宮城野区幸町３丁目３－１２" }, "geometry": { "type": "Point", "coordinates": [ 140.899197, 38.276811 ] } },
{ "type": "Feature", "properties": { "ID": 450400150119, "正式名称": "桜井薬局　広瀬店", "機関区分": 5, "都道府県コード": 4, "市区町村コード": 101, "所在地": "宮城県仙台市青葉区郷六字沼田４５－１", "緯度": 38.263992, "経度": 140.815054, "url": "https://www.iryou.teikyouseido.mhlw.go.jp/znk-web/juminkanja/S2430/initialize?prefCd=04&kikanCd=0400150119&kikanKbn=5", "url2": null, "内容": "桜井薬局　広瀬店【5:薬局】宮城県仙台市青葉区郷六字沼田４５－１" }, "geometry": { "type": "Point", "coordinates": [ 140.815054, 38.263992 ] } },
{ "type": "Feature", "properties": { "ID": 450400150120, "正式名称": "フロンティア薬局四郎丸店", "機関区分": 5, "都道府県コード": 4, "市区町村コード": 104, "所在地": "宮城県仙台市太白区四郎丸字吹上６９－１", "緯度": 38.1924508, "経度": 140.9157034, "url": "https://www.iryou.teikyouseido.mhlw.go.jp/znk-web/juminkanja/S2430/initialize?prefCd=04&kikanCd=0400150120&kikanKbn=5", "url2": "https://www.frontier-ph.com", "内容": "フロンティア薬局四郎丸店【5:薬局】宮城県仙台市太白区四郎丸字吹上６９－１" }, "geometry": { "type": "Point", "coordinates": [ 140.915703400000012, 38.1924508 ] } },
{ "type": "Feature", "properties": { "ID": 450400150121, "正式名称": "薬の杜ふぁるま明日可薬局", "機関区分": 5, "都道府県コード": 4, "市区町村コード": 101, "所在地": "宮城県仙台市青葉区大町１丁目１－５　グレイス大町ビル２階", "緯度": 38.259612, "経度": 140.870361, "url": "https://www.iryou.teikyouseido.mhlw.go.jp/znk-web/juminkanja/S2430/initialize?prefCd=04&kikanCd=0400150121&kikanKbn=5", "url2": "https://littlebird-asukapharmacy.com/", "内容": "薬の杜ふぁるま明日可薬局【5:薬局】宮城県仙台市青葉区大町１丁目１－５　グレイス大町ビル２階" }, "geometry": { "type": "Point", "coordinates": [ 140.870361, 38.259612 ] } },
{ "type": "Feature", "properties": { "ID": 450400150122, "正式名称": "みうら調剤薬局　中野栄駅前店", "機関区分": 5, "都道府県コード": 4, "市区町村コード": 102, "所在地": "宮城県仙台市宮城野区出花１丁目２４８－１－１０２", "緯度": 38.279776, "経度": 140.984891, "url": "https://www.iryou.teikyouseido.mhlw.go.jp/znk-web/juminkanja/S2430/initialize?prefCd=04&kikanCd=0400150122&kikanKbn=5", "url2": "https://www.kosei-31.com/home", "内容": "みうら調剤薬局　中野栄駅前店【5:薬局】宮城県仙台市宮城野区出花１丁目２４８－１－１０２" }, "geometry": { "type": "Point", "coordinates": [ 140.984891, 38.279776 ] } },
{ "type": "Feature", "properties": { "ID": 450400150123, "正式名称": "調剤薬局ツルハドラッグ仙台山田店", "機関区分": 5, "都道府県コード": 4, "市区町村コード": 104, "所在地": "宮城県仙台市太白区山田上ノ台町１４‐１６", "緯度": 38.216258, "経度": 140.832941, "url": "https://www.iryou.teikyouseido.mhlw.go.jp/znk-web/juminkanja/S2430/initialize?prefCd=04&kikanCd=0400150123&kikanKbn=5", "url2": "http://www.tsuruha.co.jp", "内容": "調剤薬局ツルハドラッグ仙台山田店【5:薬局】宮城県仙台市太白区山田上ノ台町１４‐１６" }, "geometry": { "type": "Point", "coordinates": [ 140.832941, 38.216258 ] } },
{ "type": "Feature", "properties": { "ID": 450400150125, "正式名称": "さくら薬局　仙台東中田店", "機関区分": 5, "都道府県コード": 4, "市区町村コード": 104, "所在地": "宮城県仙台市太白区東中田４丁目５ー３", "緯度": 38.197881, "経度": 140.901715, "url": "https://www.iryou.teikyouseido.mhlw.go.jp/znk-web/juminkanja/S2430/initialize?prefCd=04&kikanCd=0400150125&kikanKbn=5", "url2": "https://www.kraft-net.co.jp/sakura/store/3940/", "内容": "さくら薬局　仙台東中田店【5:薬局】宮城県仙台市太白区東中田４丁目５ー３" }, "geometry": { "type": "Point", "coordinates": [ 140.901715, 38.197881 ] } },
{ "type": "Feature", "properties": { "ID": 450400150127, "正式名称": "せんだい南調剤薬局", "機関区分": 5, "都道府県コード": 4, "市区町村コード": 104, "所在地": "宮城県仙台市太白区袋原４丁目３７－８", "緯度": 38.198995, "経度": 140.915959, "url": "https://www.iryou.teikyouseido.mhlw.go.jp/znk-web/juminkanja/S2430/initialize?prefCd=04&kikanCd=0400150127&kikanKbn=5", "url2": "https://mediluck.com/", "内容": "せんだい南調剤薬局【5:薬局】宮城県仙台市太白区袋原４丁目３７－８" }, "geometry": { "type": "Point", "coordinates": [ 140.915959, 38.198995 ] } },
{ "type": "Feature", "properties": { "ID": 450400150128, "正式名称": "パルク調剤薬局", "機関区分": 5, "都道府県コード": 4, "市区町村コード": 102, "所在地": "宮城県仙台市宮城野区宮城野２－１０－５６", "緯度": 38.259869, "経度": 140.909046, "url": "https://www.iryou.teikyouseido.mhlw.go.jp/znk-web/juminkanja/S2430/initialize?prefCd=04&kikanCd=0400150128&kikanKbn=5", "url2": "https://www.pharmarise.com", "内容": "パルク調剤薬局【5:薬局】宮城県仙台市宮城野区宮城野２－１０－５６" }, "geometry": { "type": "Point", "coordinates": [ 140.909046, 38.259869 ] } },
{ "type": "Feature", "properties": { "ID": 450400150129, "正式名称": "けやき薬局　山田店", "機関区分": 5, "都道府県コード": 4, "市区町村コード": 104, "所在地": "宮城県仙台市太白区山田新町９５", "緯度": 38.216201, "経度": 140.833526, "url": "https://www.iryou.teikyouseido.mhlw.go.jp/znk-web/juminkanja/S2430/initialize?prefCd=04&kikanCd=0400150129&kikanKbn=5", "url2": "http://www.keyaki-p.com", "内容": "けやき薬局　山田店【5:薬局】宮城県仙台市太白区山田新町９５" }, "geometry": { "type": "Point", "coordinates": [ 140.833526, 38.216201 ] } },
{ "type": "Feature", "properties": { "ID": 450400150130, "正式名称": "けやき薬局５１０店", "機関区分": 5, "都道府県コード": 4, "市区町村コード": 101, "所在地": "宮城県仙台市青葉区本町２丁目４－８－１０２", "緯度": 38.263888, "経度": 140.873385, "url": "https://www.iryou.teikyouseido.mhlw.go.jp/znk-web/juminkanja/S2430/initialize?prefCd=04&kikanCd=0400150130&kikanKbn=5", "url2": "http://www.keyaki-p.com", "内容": "けやき薬局５１０店【5:薬局】宮城県仙台市青葉区本町２丁目４－８－１０２" }, "geometry": { "type": "Point", "coordinates": [ 140.873385, 38.263888 ] } },
{ "type": "Feature", "properties": { "ID": 450400150133, "正式名称": "すずらん調剤薬局", "機関区分": 5, "都道府県コード": 4, "市区町村コード": 101, "所在地": "宮城県仙台市青葉区台原", "緯度": 38.283647, "経度": 140.874791, "url": "https://www.iryou.teikyouseido.mhlw.go.jp/znk-web/juminkanja/S2430/initialize?prefCd=04&kikanCd=0400150133&kikanKbn=5", "url2": "http//suzuran-pharmacy.merton-net.jp/", "内容": "すずらん調剤薬局【5:薬局】宮城県仙台市青葉区台原" }, "geometry": { "type": "Point", "coordinates": [ 140.874791, 38.283647 ] } },
{ "type": "Feature", "properties": { "ID": 450400150136, "正式名称": "みずき薬局", "機関区分": 5, "都道府県コード": 4, "市区町村コード": 104, "所在地": "宮城県仙台市太白区長町南三丁目１番５０号　Ｂｏｎｄｓ＆Ｒ長町南４Ｆ－Ｂ", "緯度": 38.2241119, "経度": 140.875224, "url": "https://www.iryou.teikyouseido.mhlw.go.jp/znk-web/juminkanja/S2430/initialize?prefCd=04&kikanCd=0400150136&kikanKbn=5", "url2": null, "内容": "みずき薬局【5:薬局】宮城県仙台市太白区長町南三丁目１番５０号　Ｂｏｎｄｓ＆Ｒ長町南４Ｆ－Ｂ" }, "geometry": { "type": "Point", "coordinates": [ 140.875224, 38.2241119 ] } },
{ "type": "Feature", "properties": { "ID": 450400150139, "正式名称": "五橋中央薬局", "機関区分": 5, "都道府県コード": 4, "市区町村コード": 103, "所在地": "宮城県仙台市若林区清水小路８　１階", "緯度": 38.2522895, "経度": 140.8816778, "url": "https://www.iryou.teikyouseido.mhlw.go.jp/znk-web/juminkanja/S2430/initialize?prefCd=04&kikanCd=0400150139&kikanKbn=5", "url2": "https://laughline.co.jp/", "内容": "五橋中央薬局【5:薬局】宮城県仙台市若林区清水小路８　１階" }, "geometry": { "type": "Point", "coordinates": [ 140.8816778, 38.2522895 ] } },
{ "type": "Feature", "properties": { "ID": 450400150140, "正式名称": "フジ調剤薬局愛子店", "機関区分": 5, "都道府県コード": 4, "市区町村コード": 101, "所在地": "宮城県仙台市青葉区栗生６丁目１３番６", "緯度": 38.267082, "経度": 140.781613, "url": "https://www.iryou.teikyouseido.mhlw.go.jp/znk-web/juminkanja/S2430/initialize?prefCd=04&kikanCd=0400150140&kikanKbn=5", "url2": "https://www.fujimedicalpharma.com", "内容": "フジ調剤薬局愛子店【5:薬局】宮城県仙台市青葉区栗生６丁目１３番６" }, "geometry": { "type": "Point", "coordinates": [ 140.781613, 38.267082 ] } },
{ "type": "Feature", "properties": { "ID": 450400150142, "正式名称": "サンアイ薬局", "機関区分": 5, "都道府県コード": 4, "市区町村コード": 101, "所在地": "宮城県仙台市青葉区本町１丁目６－２５－１０２", "緯度": 38.265497, "経度": 140.879616, "url": "https://www.iryou.teikyouseido.mhlw.go.jp/znk-web/juminkanja/S2430/initialize?prefCd=04&kikanCd=0400150142&kikanKbn=5", "url2": "https://www.senpoku-yakuhin.jp/", "内容": "サンアイ薬局【5:薬局】宮城県仙台市青葉区本町１丁目６－２５－１０２" }, "geometry": { "type": "Point", "coordinates": [ 140.879616, 38.265497 ] } },
{ "type": "Feature", "properties": { "ID": 450400150143, "正式名称": "アイセイ薬局　一番町南店", "機関区分": 5, "都道府県コード": 4, "市区町村コード": 101, "所在地": "宮城県仙台市青葉区北目町３番９", "緯度": 38.255097, "経度": 140.875594, "url": "https://www.iryou.teikyouseido.mhlw.go.jp/znk-web/juminkanja/S2430/initialize?prefCd=04&kikanCd=0400150143&kikanKbn=5", "url2": "http://www.aisei.co.jp", "内容": "アイセイ薬局　一番町南店【5:薬局】宮城県仙台市青葉区北目町３番９" }, "geometry": { "type": "Point", "coordinates": [ 140.875594, 38.255097 ] } },
{ "type": "Feature", "properties": { "ID": 450400150144, "正式名称": "アイセイ薬局　鶴ヶ谷五丁目店", "機関区分": 5, "都道府県コード": 4, "市区町村コード": 102, "所在地": "宮城県仙台市宮城野区鶴ケ谷五丁目１８番１１号", "緯度": 38.294708, "経度": 140.913289, "url": "https://www.iryou.teikyouseido.mhlw.go.jp/znk-web/juminkanja/S2430/initialize?prefCd=04&kikanCd=0400150144&kikanKbn=5", "url2": "http://www.aisei.co.jp", "内容": "アイセイ薬局　鶴ヶ谷五丁目店【5:薬局】宮城県仙台市宮城野区鶴ケ谷五丁目１８番１１号" }, "geometry": { "type": "Point", "coordinates": [ 140.913289, 38.294708 ] } },
{ "type": "Feature", "properties": { "ID": 450400150145, "正式名称": "アイセイ薬局　長町南店", "機関区分": 5, "都道府県コード": 4, "市区町村コード": 104, "所在地": "宮城県仙台市太白区長町７丁目２０番５号　ララガーデン長町４階　メディパーク長町", "緯度": 38.2251949, "経度": 140.8758928, "url": "https://www.iryou.teikyouseido.mhlw.go.jp/znk-web/juminkanja/S2430/initialize?prefCd=04&kikanCd=0400150145&kikanKbn=5", "url2": "http://www.aisei.co.jp", "内容": "アイセイ薬局　長町南店【5:薬局】宮城県仙台市太白区長町７丁目２０番５号　ララガーデン長町４階　メディパーク長町" }, "geometry": { "type": "Point", "coordinates": [ 140.8758928, 38.2251949 ] } },
{ "type": "Feature", "properties": { "ID": 450400150147, "正式名称": "アイセイ薬局　八乙女駅前店", "機関区分": 5, "都道府県コード": 4, "市区町村コード": 105, "所在地": "宮城県仙台市泉区八乙女中央１－３－２６", "緯度": 38.312072, "経度": 140.884511, "url": "https://www.iryou.teikyouseido.mhlw.go.jp/znk-web/juminkanja/S2430/initialize?prefCd=04&kikanCd=0400150147&kikanKbn=5", "url2": "http://www.aisei.co.jp", "内容": "アイセイ薬局　八乙女駅前店【5:薬局】宮城県仙台市泉区八乙女中央１－３－２６" }, "geometry": { "type": "Point", "coordinates": [ 140.884511, 38.312072 ] } },
{ "type": "Feature", "properties": { "ID": 450400150148, "正式名称": "アイセイ薬局　鶴ヶ谷調剤店", "機関区分": 5, "都道府県コード": 4, "市区町村コード": 102, "所在地": "宮城県仙台市宮城野区鶴ケ谷７－３１－２", "緯度": 38.2895913, "経度": 140.9214596, "url": "https://www.iryou.teikyouseido.mhlw.go.jp/znk-web/juminkanja/S2430/initialize?prefCd=04&kikanCd=0400150148&kikanKbn=5", "url2": "http://www.aisei.co.jp", "内容": "アイセイ薬局　鶴ヶ谷調剤店【5:薬局】宮城県仙台市宮城野区鶴ケ谷７－３１－２" }, "geometry": { "type": "Point", "coordinates": [ 140.9214596, 38.2895913 ] } },
{ "type": "Feature", "properties": { "ID": 450400150149, "正式名称": "フラワー薬局", "機関区分": 5, "都道府県コード": 4, "市区町村コード": 102, "所在地": "宮城県仙台市宮城野区原町２－３－２", "緯度": 38.264451, "経度": 140.902226, "url": "https://www.iryou.teikyouseido.mhlw.go.jp/znk-web/juminkanja/S2430/initialize?prefCd=04&kikanCd=0400150149&kikanKbn=5", "url2": null, "内容": "フラワー薬局【5:薬局】宮城県仙台市宮城野区原町２－３－２" }, "geometry": { "type": "Point", "coordinates": [ 140.902226, 38.264451 ] } },
{ "type": "Feature", "properties": { "ID": 450400150150, "正式名称": "にしなかだ中央薬局", "機関区分": 5, "都道府県コード": 4, "市区町村コード": 104, "所在地": "宮城県仙台市太白区西中田五丁目１７－４４", "緯度": 38.194345, "経度": 140.875386, "url": "https://www.iryou.teikyouseido.mhlw.go.jp/znk-web/juminkanja/S2430/initialize?prefCd=04&kikanCd=0400150150&kikanKbn=5", "url2": "https://medikamente.co.jp/", "内容": "にしなかだ中央薬局【5:薬局】宮城県仙台市太白区西中田五丁目１７－４４" }, "geometry": { "type": "Point", "coordinates": [ 140.875386, 38.194345 ] } },
{ "type": "Feature", "properties": { "ID": 450400150151, "正式名称": "あらい薬局", "機関区分": 5, "都道府県コード": 4, "市区町村コード": 103, "所在地": "宮城県仙台市若林区荒井東１－８－４", "緯度": 38.239595, "経度": 140.950841, "url": "https://www.iryou.teikyouseido.mhlw.go.jp/znk-web/juminkanja/S2430/initialize?prefCd=04&kikanCd=0400150151&kikanKbn=5", "url2": "http://www.mediphal.com", "内容": "あらい薬局【5:薬局】宮城県仙台市若林区荒井東１－８－４" }, "geometry": { "type": "Point", "coordinates": [ 140.950841, 38.239595 ] } },
{ "type": "Feature", "properties": { "ID": 450400150153, "正式名称": "つかもと調剤薬局　連坊店", "機関区分": 5, "都道府県コード": 4, "市区町村コード": 103, "所在地": "宮城県仙台市若林区連坊", "緯度": 38.252139, "経度": 140.887027, "url": "https://www.iryou.teikyouseido.mhlw.go.jp/znk-web/juminkanja/S2430/initialize?prefCd=04&kikanCd=0400150153&kikanKbn=5", "url2": null, "内容": "つかもと調剤薬局　連坊店【5:薬局】宮城県仙台市若林区連坊" }, "geometry": { "type": "Point", "coordinates": [ 140.887027, 38.252139 ] } },
{ "type": "Feature", "properties": { "ID": 450400150154, "正式名称": "ウエルシア薬局仙台柳生店", "機関区分": 5, "都道府県コード": 4, "市区町村コード": 104, "所在地": "宮城県仙台市太白区柳生三丁目４－２", "緯度": 38.191334, "経度": 140.873234, "url": "https://www.iryou.teikyouseido.mhlw.go.jp/znk-web/juminkanja/S2430/initialize?prefCd=04&kikanCd=0400150154&kikanKbn=5", "url2": "https://www.welcia-yakkyoku.co.jp", "内容": "ウエルシア薬局仙台柳生店【5:薬局】宮城県仙台市太白区柳生三丁目４－２" }, "geometry": { "type": "Point", "coordinates": [ 140.873234, 38.191334 ] } },
{ "type": "Feature", "properties": { "ID": 450400150155, "正式名称": "マリーン調剤薬局　福室店", "機関区分": 5, "都道府県コード": 4, "市区町村コード": 102, "所在地": "宮城県仙台市宮城野区福室三丁目３６－２３", "緯度": 38.279083, "経度": 140.968512, "url": "https://www.iryou.teikyouseido.mhlw.go.jp/znk-web/juminkanja/S2430/initialize?prefCd=04&kikanCd=0400150155&kikanKbn=5", "url2": "http://www.aquamarine-net.co.jp/", "内容": "マリーン調剤薬局　福室店【5:薬局】宮城県仙台市宮城野区福室三丁目３６－２３" }, "geometry": { "type": "Point", "coordinates": [ 140.968512, 38.279083 ] } },
{ "type": "Feature", "properties": { "ID": 450400150157, "正式名称": "マリーン調剤薬局　東仙台店", "機関区分": 5, "都道府県コード": 4, "市区町村コード": 102, "所在地": "宮城県仙台市宮城野区東仙台四丁目６－３１", "緯度": 38.2752679, "経度": 140.9084696, "url": "https://www.iryou.teikyouseido.mhlw.go.jp/znk-web/juminkanja/S2430/initialize?prefCd=04&kikanCd=0400150157&kikanKbn=5", "url2": "http://www.aquamarine-net.co.jp/", "内容": "マリーン調剤薬局　東仙台店【5:薬局】宮城県仙台市宮城野区東仙台四丁目６－３１" }, "geometry": { "type": "Point", "coordinates": [ 140.908469599999989, 38.2752679 ] } },
{ "type": "Feature", "properties": { "ID": 450400150158, "正式名称": "カワチ薬局　仙台東店", "機関区分": 5, "都道府県コード": 4, "市区町村コード": 103, "所在地": "宮城県仙台市若林区伊在２－３－１", "緯度": 38.246442, "経度": 140.935956, "url": "https://www.iryou.teikyouseido.mhlw.go.jp/znk-web/juminkanja/S2430/initialize?prefCd=04&kikanCd=0400150158&kikanKbn=5", "url2": "https://www.cawachi.co.jp", "内容": "カワチ薬局　仙台東店【5:薬局】宮城県仙台市若林区伊在２－３－１" }, "geometry": { "type": "Point", "coordinates": [ 140.935956, 38.246442 ] } },
{ "type": "Feature", "properties": { "ID": 450400150163, "正式名称": "調剤薬局ツルハドラッグ仙台鶴ヶ谷店", "機関区分": 5, "都道府県コード": 4, "市区町村コード": 102, "所在地": "宮城県仙台市宮城野区鶴ケ谷２丁目８番１２号", "緯度": 38.290803, "経度": 140.91399, "url": "https://www.iryou.teikyouseido.mhlw.go.jp/znk-web/juminkanja/S2430/initialize?prefCd=04&kikanCd=0400150163&kikanKbn=5", "url2": "http://www.tsuruha.co.jp", "内容": "調剤薬局ツルハドラッグ仙台鶴ヶ谷店【5:薬局】宮城県仙台市宮城野区鶴ケ谷２丁目８番１２号" }, "geometry": { "type": "Point", "coordinates": [ 140.91399, 38.290803 ] } },
{ "type": "Feature", "properties": { "ID": 450400150164, "正式名称": "ルーモ薬局", "機関区分": 5, "都道府県コード": 4, "市区町村コード": 102, "所在地": "宮城県仙台市宮城野区苦竹１ー９－１", "緯度": 38.26864, "経度": 140.91719, "url": "https://www.iryou.teikyouseido.mhlw.go.jp/znk-web/juminkanja/S2430/initialize?prefCd=04&kikanCd=0400150164&kikanKbn=5", "url2": "http://www.seagull-p.com/tenpo/rumo.htm", "内容": "ルーモ薬局【5:薬局】宮城県仙台市宮城野区苦竹１ー９－１" }, "geometry": { "type": "Point", "coordinates": [ 140.91719, 38.26864 ] } },
{ "type": "Feature", "properties": { "ID": 450400150165, "正式名称": "ホップ薬局", "機関区分": 5, "都道府県コード": 4, "市区町村コード": 101, "所在地": "宮城県仙台市青葉区柏木２丁目１－１２－２", "緯度": 38.270632, "経度": 140.855842, "url": "https://www.iryou.teikyouseido.mhlw.go.jp/znk-web/juminkanja/S2430/initialize?prefCd=04&kikanCd=0400150165&kikanKbn=5", "url2": null, "内容": "ホップ薬局【5:薬局】宮城県仙台市青葉区柏木２丁目１－１２－２" }, "geometry": { "type": "Point", "coordinates": [ 140.855842, 38.270632 ] } },
{ "type": "Feature", "properties": { "ID": 450400150166, "正式名称": "ウエルシア薬局　仙台市名坂店", "機関区分": 5, "都道府県コード": 4, "市区町村コード": 105, "所在地": "宮城県仙台市泉区市名坂字山岸５１－３", "緯度": 38.3195592, "経度": 140.9001791, "url": "https://www.iryou.teikyouseido.mhlw.go.jp/znk-web/juminkanja/S2430/initialize?prefCd=04&kikanCd=0400150166&kikanKbn=5", "url2": "https://www.welcia-yakkyoku.co.jp/", "内容": "ウエルシア薬局　仙台市名坂店【5:薬局】宮城県仙台市泉区市名坂字山岸５１－３" }, "geometry": { "type": "Point", "coordinates": [ 140.9001791, 38.3195592 ] } },
{ "type": "Feature", "properties": { "ID": 450400150167, "正式名称": "とんぼ薬局", "機関区分": 5, "都道府県コード": 4, "市区町村コード": 101, "所在地": "宮城県仙台市青葉区台原５－１－２４", "緯度": 32.453906, "経度": 130.181592, "url": "https://www.iryou.teikyouseido.mhlw.go.jp/znk-web/juminkanja/S2430/initialize?prefCd=04&kikanCd=0400150167&kikanKbn=5", "url2": null, "内容": "とんぼ薬局【5:薬局】宮城県仙台市青葉区台原５－１－２４" }, "geometry": { "type": "Point", "coordinates": [ 130.181592, 32.453906 ] } },
{ "type": "Feature", "properties": { "ID": 450400150170, "正式名称": "福室オレンジ薬局", "機関区分": 5, "都道府県コード": 4, "市区町村コード": 102, "所在地": "宮城県仙台市宮城野区福室４丁目１８－１９", "緯度": 38.275546, "経度": 140.974296, "url": "https://www.iryou.teikyouseido.mhlw.go.jp/znk-web/juminkanja/S2430/initialize?prefCd=04&kikanCd=0400150170&kikanKbn=5", "url2": "www.imai-medicalsupport.jp/information/", "内容": "福室オレンジ薬局【5:薬局】宮城県仙台市宮城野区福室４丁目１８－１９" }, "geometry": { "type": "Point", "coordinates": [ 140.974296, 38.275546 ] } },
{ "type": "Feature", "properties": { "ID": 450400150176, "正式名称": "カメイ調剤薬局荒井店", "機関区分": 5, "都道府県コード": 4, "市区町村コード": 103, "所在地": "宮城県仙台市若林区荒井１丁目１番地の４", "緯度": 38.2435679, "経度": 140.9322382, "url": "https://www.iryou.teikyouseido.mhlw.go.jp/znk-web/juminkanja/S2430/initialize?prefCd=04&kikanCd=0400150176&kikanKbn=5", "url2": "http://www.kamei.co.jp/pharmacy/index.html", "内容": "カメイ調剤薬局荒井店【5:薬局】宮城県仙台市若林区荒井１丁目１番地の４" }, "geometry": { "type": "Point", "coordinates": [ 140.9322382, 38.2435679 ] } },
{ "type": "Feature", "properties": { "ID": 450400150177, "正式名称": "サミー薬局　富沢店", "機関区分": 5, "都道府県コード": 4, "市区町村コード": 104, "所在地": "宮城県仙台市太白区富沢西４丁目２０－１", "緯度": 38.2124295, "経度": 140.8602608, "url": "https://www.iryou.teikyouseido.mhlw.go.jp/znk-web/juminkanja/S2430/initialize?prefCd=04&kikanCd=0400150177&kikanKbn=5", "url2": null, "内容": "サミー薬局　富沢店【5:薬局】宮城県仙台市太白区富沢西４丁目２０－１" }, "geometry": { "type": "Point", "coordinates": [ 140.8602608, 38.2124295 ] } },
{ "type": "Feature", "properties": { "ID": 450400150178, "正式名称": "卸町薬局", "機関区分": 5, "都道府県コード": 4, "市区町村コード": 103, "所在地": "宮城県仙台市若林区卸町三丁目１－２　２階", "緯度": 38.257501, "経度": 140.921087, "url": "https://www.iryou.teikyouseido.mhlw.go.jp/znk-web/juminkanja/S2430/initialize?prefCd=04&kikanCd=0400150178&kikanKbn=5", "url2": "https://mediluck.com", "内容": "卸町薬局【5:薬局】宮城県仙台市若林区卸町三丁目１－２　２階" }, "geometry": { "type": "Point", "coordinates": [ 140.921087, 38.257501 ] } },
{ "type": "Feature", "properties": { "ID": 450400150179, "正式名称": "コアラ薬局　南仙台店", "機関区分": 5, "都道府県コード": 4, "市区町村コード": 104, "所在地": "宮城県仙台市太白区柳生１丁目１２－２", "緯度": 38.19792, "経度": 140.870548, "url": "https://www.iryou.teikyouseido.mhlw.go.jp/znk-web/juminkanja/S2430/initialize?prefCd=04&kikanCd=0400150179&kikanKbn=5", "url2": null, "内容": "コアラ薬局　南仙台店【5:薬局】宮城県仙台市太白区柳生１丁目１２－２" }, "geometry": { "type": "Point", "coordinates": [ 140.870548, 38.19792 ] } },
{ "type": "Feature", "properties": { "ID": 450400150180, "正式名称": "ローリエ薬局", "機関区分": 5, "都道府県コード": 4, "市区町村コード": 103, "所在地": "宮城県仙台市若林区なないろの里２丁目１－２", "緯度": 38.2431004, "経度": 140.9309326, "url": "https://www.iryou.teikyouseido.mhlw.go.jp/znk-web/juminkanja/S2430/initialize?prefCd=04&kikanCd=0400150180&kikanKbn=5", "url2": null, "内容": "ローリエ薬局【5:薬局】宮城県仙台市若林区なないろの里２丁目１－２" }, "geometry": { "type": "Point", "coordinates": [ 140.9309326, 38.2431004 ] } },
{ "type": "Feature", "properties": { "ID": 450400150182, "正式名称": "ひかり薬局荒井西", "機関区分": 5, "都道府県コード": 4, "市区町村コード": 103, "所在地": "宮城県仙台市若林区なないろの里１－１５－１２", "緯度": 38.240342, "経度": 140.927397, "url": "https://www.iryou.teikyouseido.mhlw.go.jp/znk-web/juminkanja/S2430/initialize?prefCd=04&kikanCd=0400150182&kikanKbn=5", "url2": "http://www.hikari-pharmacy.co.jp", "内容": "ひかり薬局荒井西【5:薬局】宮城県仙台市若林区なないろの里１－１５－１２" }, "geometry": { "type": "Point", "coordinates": [ 140.927397, 38.240342 ] } },
{ "type": "Feature", "properties": { "ID": 450400150183, "正式名称": "新田オレンジ薬局", "機関区分": 5, "都道府県コード": 4, "市区町村コード": 102, "所在地": "宮城県仙台市宮城野区新田４－３３－１９", "緯度": 38.2764601, "経度": 140.9304247, "url": "https://www.iryou.teikyouseido.mhlw.go.jp/znk-web/juminkanja/S2430/initialize?prefCd=04&kikanCd=0400150183&kikanKbn=5", "url2": "http://www.imai-medicalsupport.jp/", "内容": "新田オレンジ薬局【5:薬局】宮城県仙台市宮城野区新田４－３３－１９" }, "geometry": { "type": "Point", "coordinates": [ 140.9304247, 38.2764601 ] } },
{ "type": "Feature", "properties": { "ID": 450400150184, "正式名称": "すず薬局大町店", "機関区分": 5, "都道府県コード": 4, "市区町村コード": 101, "所在地": "宮城県仙台市青葉区大町二丁目１５－２４", "緯度": 38.2607929, "経度": 140.8642763, "url": "https://www.iryou.teikyouseido.mhlw.go.jp/znk-web/juminkanja/S2430/initialize?prefCd=04&kikanCd=0400150184&kikanKbn=5", "url2": "http://pharmacy-suzu.com/", "内容": "すず薬局大町店【5:薬局】宮城県仙台市青葉区大町二丁目１５－２４" }, "geometry": { "type": "Point", "coordinates": [ 140.8642763, 38.2607929 ] } },
{ "type": "Feature", "properties": { "ID": 450400150185, "正式名称": "かえで薬局　富沢西店", "機関区分": 5, "都道府県コード": 4, "市区町村コード": 104, "所在地": "宮城県仙台市太白区富沢西４丁目１９番地の２６", "緯度": 38.211613, "経度": 140.860051, "url": "https://www.iryou.teikyouseido.mhlw.go.jp/znk-web/juminkanja/S2430/initialize?prefCd=04&kikanCd=0400150185&kikanKbn=5", "url2": "https://www.kaedeph.jp/home", "内容": "かえで薬局　富沢西店【5:薬局】宮城県仙台市太白区富沢西４丁目１９番地の２６" }, "geometry": { "type": "Point", "coordinates": [ 140.860051, 38.211613 ] } },
{ "type": "Feature", "properties": { "ID": 450400150187, "正式名称": "きさら調剤薬局", "機関区分": 5, "都道府県コード": 4, "市区町村コード": 102, "所在地": "宮城県仙台市宮城野区榴岡４丁目５－１５　１階", "緯度": 38.258395, "経度": 140.886497, "url": "https://www.iryou.teikyouseido.mhlw.go.jp/znk-web/juminkanja/S2430/initialize?prefCd=04&kikanCd=0400150187&kikanKbn=5", "url2": null, "内容": "きさら調剤薬局【5:薬局】宮城県仙台市宮城野区榴岡４丁目５－１５　１階" }, "geometry": { "type": "Point", "coordinates": [ 140.886497, 38.258395 ] } },
{ "type": "Feature", "properties": { "ID": 450400150189, "正式名称": "グレイス調剤薬局", "機関区分": 5, "都道府県コード": 4, "市区町村コード": 105, "所在地": "宮城県仙台市泉区七北田字野山１０－３４", "緯度": 38.331627, "経度": 140.88859, "url": "https://www.iryou.teikyouseido.mhlw.go.jp/znk-web/juminkanja/S2430/initialize?prefCd=04&kikanCd=0400150189&kikanKbn=5", "url2": "https://ship-ph.co.jp", "内容": "グレイス調剤薬局【5:薬局】宮城県仙台市泉区七北田字野山１０－３４" }, "geometry": { "type": "Point", "coordinates": [ 140.88859, 38.331627 ] } },
{ "type": "Feature", "properties": { "ID": 450400150190, "正式名称": "あかね薬局　中山店", "機関区分": 5, "都道府県コード": 4, "市区町村コード": 101, "所在地": "宮城県仙台市青葉区中山５－１７－１－１０１", "緯度": 38.292575, "経度": 140.84197, "url": "https://www.iryou.teikyouseido.mhlw.go.jp/znk-web/juminkanja/S2430/initialize?prefCd=04&kikanCd=0400150190&kikanKbn=5", "url2": null, "内容": "あかね薬局　中山店【5:薬局】宮城県仙台市青葉区中山５－１７－１－１０１" }, "geometry": { "type": "Point", "coordinates": [ 140.84197, 38.292575 ] } },
{ "type": "Feature", "properties": { "ID": 450400150192, "正式名称": "ウエルシア薬局　仙台鶴が丘店", "機関区分": 5, "都道府県コード": 4, "市区町村コード": 105, "所在地": "宮城県仙台市泉区鶴が丘一丁目３７－２", "緯度": 38.315975, "経度": 140.923502, "url": "https://www.iryou.teikyouseido.mhlw.go.jp/znk-web/juminkanja/S2430/initialize?prefCd=04&kikanCd=0400150192&kikanKbn=5", "url2": "https://stores.welcia.co.jp/6372D", "内容": "ウエルシア薬局　仙台鶴が丘店【5:薬局】宮城県仙台市泉区鶴が丘一丁目３７－２" }, "geometry": { "type": "Point", "coordinates": [ 140.923502, 38.315975 ] } },
{ "type": "Feature", "properties": { "ID": 450400150193, "正式名称": "カワチ薬局　愛子店", "機関区分": 5, "都道府県コード": 4, "市区町村コード": 101, "所在地": "宮城県仙台市青葉区上愛子２－１", "緯度": 38.2728468, "経度": 140.7385601, "url": "https://www.iryou.teikyouseido.mhlw.go.jp/znk-web/juminkanja/S2430/initialize?prefCd=04&kikanCd=0400150193&kikanKbn=5", "url2": "https://www.cawachi.co.jp", "内容": "カワチ薬局　愛子店【5:薬局】宮城県仙台市青葉区上愛子２－１" }, "geometry": { "type": "Point", "coordinates": [ 140.7385601, 38.2728468 ] } },
{ "type": "Feature", "properties": { "ID": 450400150195, "正式名称": "メイプル薬局", "機関区分": 5, "都道府県コード": 4, "市区町村コード": 101, "所在地": "宮城県仙台市青葉区本町１丁目１３－２８　メイフラワー仙台２階", "緯度": 38.267444, "経度": 140.879078, "url": "https://www.iryou.teikyouseido.mhlw.go.jp/znk-web/juminkanja/S2430/initialize?prefCd=04&kikanCd=0400150195&kikanKbn=5", "url2": null, "内容": "メイプル薬局【5:薬局】宮城県仙台市青葉区本町１丁目１３－２８　メイフラワー仙台２階" }, "geometry": { "type": "Point", "coordinates": [ 140.879078, 38.267444 ] } },
{ "type": "Feature", "properties": { "ID": 450400150196, "正式名称": "宮城調剤薬局　中田店", "機関区分": 5, "都道府県コード": 4, "市区町村コード": 104, "所在地": "宮城県仙台市太白区中田四丁目１５－１１", "緯度": 38.197588, "経度": 140.889007, "url": "https://www.iryou.teikyouseido.mhlw.go.jp/znk-web/juminkanja/S2430/initialize?prefCd=04&kikanCd=0400150196&kikanKbn=5", "url2": "http://miyachou-ph.co.jp/", "内容": "宮城調剤薬局　中田店【5:薬局】宮城県仙台市太白区中田四丁目１５－１１" }, "geometry": { "type": "Point", "coordinates": [ 140.889007, 38.197588 ] } },
{ "type": "Feature", "properties": { "ID": 450400150197, "正式名称": "アイン薬局六丁の目店", "機関区分": 5, "都道府県コード": 4, "市区町村コード": 103, "所在地": "宮城県仙台市若林区六丁の目中町１番１８号", "緯度": 38.251936, "経度": 140.936933, "url": "https://www.iryou.teikyouseido.mhlw.go.jp/znk-web/juminkanja/S2430/initialize?prefCd=04&kikanCd=0400150197&kikanKbn=5", "url2": "http://www.ainj.co.jp", "内容": "アイン薬局六丁の目店【5:薬局】宮城県仙台市若林区六丁の目中町１番１８号" }, "geometry": { "type": "Point", "coordinates": [ 140.936933, 38.251936 ] } },
{ "type": "Feature", "properties": { "ID": 450400150198, "正式名称": "いわなが薬局", "機関区分": 5, "都道府県コード": 4, "市区町村コード": 105, "所在地": "宮城県仙台市泉区南光台１－１１－１１", "緯度": 38.2915836, "経度": 140.894238, "url": "https://www.iryou.teikyouseido.mhlw.go.jp/znk-web/juminkanja/S2430/initialize?prefCd=04&kikanCd=0400150198&kikanKbn=5", "url2": null, "内容": "いわなが薬局【5:薬局】宮城県仙台市泉区南光台１－１１－１１" }, "geometry": { "type": "Point", "coordinates": [ 140.894238, 38.2915836 ] } },
{ "type": "Feature", "properties": { "ID": 450400150202, "正式名称": "ウエルシア薬局　仙台富沢西店", "機関区分": 5, "都道府県コード": 4, "市区町村コード": 104, "所在地": "宮城県仙台市太白区富沢４丁目２０番地の１６", "緯度": 38.212467, "経度": 140.859333, "url": "https://www.iryou.teikyouseido.mhlw.go.jp/znk-web/juminkanja/S2430/initialize?prefCd=04&kikanCd=0400150202&kikanKbn=5", "url2": "https:/www.welcia-yakkyoku.Co.jp/", "内容": "ウエルシア薬局　仙台富沢西店【5:薬局】宮城県仙台市太白区富沢４丁目２０番地の１６" }, "geometry": { "type": "Point", "coordinates": [ 140.859333, 38.212467 ] } },
{ "type": "Feature", "properties": { "ID": 450400150203, "正式名称": "マリーン調剤薬局　市名坂店", "機関区分": 5, "都道府県コード": 4, "市区町村コード": 105, "所在地": "宮城県仙台市泉区市名坂字原田１９６－１", "緯度": 38.314414, "経度": 140.907238, "url": "https://www.iryou.teikyouseido.mhlw.go.jp/znk-web/juminkanja/S2430/initialize?prefCd=04&kikanCd=0400150203&kikanKbn=5", "url2": "https://aquamarine-net.co.jp/", "内容": "マリーン調剤薬局　市名坂店【5:薬局】宮城県仙台市泉区市名坂字原田１９６－１" }, "geometry": { "type": "Point", "coordinates": [ 140.907238, 38.314414 ] } },
{ "type": "Feature", "properties": { "ID": 450400150204, "正式名称": "つかもと調剤薬局　川平店", "機関区分": 5, "都道府県コード": 4, "市区町村コード": 101, "所在地": "宮城県仙台市青葉区川平３－４７－２８　陽だまり川平館１０２", "緯度": 38.306783, "経度": 140.834639, "url": "https://www.iryou.teikyouseido.mhlw.go.jp/znk-web/juminkanja/S2430/initialize?prefCd=04&kikanCd=0400150204&kikanKbn=5", "url2": null, "内容": "つかもと調剤薬局　川平店【5:薬局】宮城県仙台市青葉区川平３－４７－２８　陽だまり川平館１０２" }, "geometry": { "type": "Point", "coordinates": [ 140.834639, 38.306783 ] } },
{ "type": "Feature", "properties": { "ID": 450400150205, "正式名称": "三ツ星薬局ＴＡＫＡＳＡＧＯ", "機関区分": 5, "都道府県コード": 4, "市区町村コード": 102, "所在地": "宮城県仙台市宮城野区高砂１丁目１５４ー１０", "緯度": 38.2726102, "経度": 140.9687719, "url": "https://www.iryou.teikyouseido.mhlw.go.jp/znk-web/juminkanja/S2430/initialize?prefCd=04&kikanCd=0400150205&kikanKbn=5", "url2": "http://www.life-std.com", "内容": "三ツ星薬局ＴＡＫＡＳＡＧＯ【5:薬局】宮城県仙台市宮城野区高砂１丁目１５４ー１０" }, "geometry": { "type": "Point", "coordinates": [ 140.9687719, 38.2726102 ] } },
{ "type": "Feature", "properties": { "ID": 450400150208, "正式名称": "泉中央駅前オレンジ薬局", "機関区分": 5, "都道府県コード": 4, "市区町村コード": 105, "所在地": "宮城県仙台市泉区泉中央１丁目１５－２", "緯度": 38.323585, "経度": 140.880104, "url": "https://www.iryou.teikyouseido.mhlw.go.jp/znk-web/juminkanja/S2430/initialize?prefCd=04&kikanCd=0400150208&kikanKbn=5", "url2": "https://www.imai-medicalsupport.jp/", "内容": "泉中央駅前オレンジ薬局【5:薬局】宮城県仙台市泉区泉中央１丁目１５－２" }, "geometry": { "type": "Point", "coordinates": [ 140.880104, 38.323585 ] } },
{ "type": "Feature", "properties": { "ID": 450400150209, "正式名称": "カメイ調剤薬局七郷店", "機関区分": 5, "都道府県コード": 4, "市区町村コード": 103, "所在地": "宮城県仙台市若林区荒井４丁目１２－８", "緯度": 33.592835, "経度": 131.194176, "url": "https://www.iryou.teikyouseido.mhlw.go.jp/znk-web/juminkanja/S2430/initialize?prefCd=04&kikanCd=0400150209&kikanKbn=5", "url2": "http://www.kamei.co.jp/pharmacy/index.html", "内容": "カメイ調剤薬局七郷店【5:薬局】宮城県仙台市若林区荒井４丁目１２－８" }, "geometry": { "type": "Point", "coordinates": [ 131.194176, 33.592835 ] } },
{ "type": "Feature", "properties": { "ID": 450400150210, "正式名称": "マリーン調剤薬局　将監店", "機関区分": 5, "都道府県コード": 4, "市区町村コード": 105, "所在地": "宮城県仙台市泉区将監８－８－２", "緯度": 38.332691, "経度": 140.877774, "url": "https://www.iryou.teikyouseido.mhlw.go.jp/znk-web/juminkanja/S2430/initialize?prefCd=04&kikanCd=0400150210&kikanKbn=5", "url2": "http://www.aquamarine-net.co.jp", "内容": "マリーン調剤薬局　将監店【5:薬局】宮城県仙台市泉区将監８－８－２" }, "geometry": { "type": "Point", "coordinates": [ 140.877774, 38.332691 ] } },
{ "type": "Feature", "properties": { "ID": 450400150212, "正式名称": "荒井駅前オレンジ薬局", "機関区分": 5, "都道府県コード": 4, "市区町村コード": 103, "所在地": "宮城県仙台市若林区荒井東１－３－１　１階", "緯度": 38.2443698, "経度": 140.9495916, "url": "https://www.iryou.teikyouseido.mhlw.go.jp/znk-web/juminkanja/S2430/initialize?prefCd=04&kikanCd=0400150212&kikanKbn=5", "url2": "http://www.imai-medicalsupport.jp/", "内容": "荒井駅前オレンジ薬局【5:薬局】宮城県仙台市若林区荒井東１－３－１　１階" }, "geometry": { "type": "Point", "coordinates": [ 140.9495916, 38.2443698 ] } },
{ "type": "Feature", "properties": { "ID": 450400150214, "正式名称": "リフレ薬局　あすと長町店", "機関区分": 5, "都道府県コード": 4, "市区町村コード": 104, "所在地": "宮城県仙台市太白区郡山一丁目１５－５", "緯度": 38.227411, "経度": 140.889658, "url": "https://www.iryou.teikyouseido.mhlw.go.jp/znk-web/juminkanja/S2430/initialize?prefCd=04&kikanCd=0400150214&kikanKbn=5", "url2": "http://www.refre-net.com", "内容": "リフレ薬局　あすと長町店【5:薬局】宮城県仙台市太白区郡山一丁目１５－５" }, "geometry": { "type": "Point", "coordinates": [ 140.889658, 38.227411 ] } },
{ "type": "Feature", "properties": { "ID": 450400150215, "正式名称": "フロンティア薬局青葉りんご店", "機関区分": 5, "都道府県コード": 4, "市区町村コード": 101, "所在地": "宮城県仙台市青葉区中央２－８－３２生活文化ビル１階", "緯度": 38.261811, "経度": 140.87556, "url": "https://www.iryou.teikyouseido.mhlw.go.jp/znk-web/juminkanja/S2430/initialize?prefCd=04&kikanCd=0400150215&kikanKbn=5", "url2": "https://www.frontier-ph.com/", "内容": "フロンティア薬局青葉りんご店【5:薬局】宮城県仙台市青葉区中央２－８－３２生活文化ビル１階" }, "geometry": { "type": "Point", "coordinates": [ 140.87556, 38.261811 ] } },
{ "type": "Feature", "properties": { "ID": 450400150216, "正式名称": "なないろの里薬局", "機関区分": 5, "都道府県コード": 4, "市区町村コード": 103, "所在地": "宮城県仙台市若林区なないろの里１丁目１９‐５", "緯度": 38.2388095, "経度": 140.9270002, "url": "https://www.iryou.teikyouseido.mhlw.go.jp/znk-web/juminkanja/S2430/initialize?prefCd=04&kikanCd=0400150216&kikanKbn=5", "url2": "https://sakurapharmacy.co.jp", "内容": "なないろの里薬局【5:薬局】宮城県仙台市若林区なないろの里１丁目１９‐５" }, "geometry": { "type": "Point", "coordinates": [ 140.9270002, 38.2388095 ] } },
{ "type": "Feature", "properties": { "ID": 450400150218, "正式名称": "クオール薬局たかさご駅前２号店", "機関区分": 5, "都道府県コード": 4, "市区町村コード": 102, "所在地": "宮城県仙台市宮城野区福室２丁目６番２３号", "緯度": 38.272739, "経度": 140.968097, "url": "https://www.iryou.teikyouseido.mhlw.go.jp/znk-web/juminkanja/S2430/initialize?prefCd=04&kikanCd=0400150218&kikanKbn=5", "url2": "https://www.qol-net.co.jp/", "内容": "クオール薬局たかさご駅前２号店【5:薬局】宮城県仙台市宮城野区福室２丁目６番２３号" }, "geometry": { "type": "Point", "coordinates": [ 140.968097, 38.272739 ] } },
{ "type": "Feature", "properties": { "ID": 450400150219, "正式名称": "クオール薬局たかさご駅前店", "機関区分": 5, "都道府県コード": 4, "市区町村コード": 102, "所在地": "宮城県仙台市宮城野区福室２丁目６番２６号", "緯度": 38.272609, "経度": 140.967767, "url": "https://www.iryou.teikyouseido.mhlw.go.jp/znk-web/juminkanja/S2430/initialize?prefCd=04&kikanCd=0400150219&kikanKbn=5", "url2": "https://www.qol-net.co.jp/", "内容": "クオール薬局たかさご駅前店【5:薬局】宮城県仙台市宮城野区福室２丁目６番２６号" }, "geometry": { "type": "Point", "coordinates": [ 140.967767, 38.272609 ] } },
{ "type": "Feature", "properties": { "ID": 450400150220, "正式名称": "クオール薬局富沢店", "機関区分": 5, "都道府県コード": 4, "市区町村コード": 104, "所在地": "宮城県仙台市太白区大野田５丁目３８－３", "緯度": 38.2138824, "経度": 140.8729206, "url": "https://www.iryou.teikyouseido.mhlw.go.jp/znk-web/juminkanja/S2430/initialize?prefCd=04&kikanCd=0400150220&kikanKbn=5", "url2": "http://www.qol-net.co.jp/pharmacy/map/detail.php?id=858", "内容": "クオール薬局富沢店【5:薬局】宮城県仙台市太白区大野田５丁目３８－３" }, "geometry": { "type": "Point", "coordinates": [ 140.872920599999986, 38.2138824 ] } },
{ "type": "Feature", "properties": { "ID": 450400150226, "正式名称": "エムツー調剤薬局　旭ヶ丘店", "機関区分": 5, "都道府県コード": 4, "市区町村コード": 101, "所在地": "宮城県仙台市青葉区旭ヶ丘４－１－１", "緯度": 38.2975015, "経度": 140.8882445, "url": "https://www.iryou.teikyouseido.mhlw.go.jp/znk-web/juminkanja/S2430/initialize?prefCd=04&kikanCd=0400150226&kikanKbn=5", "url2": "https://www.m2-pharmacy.jp/", "内容": "エムツー調剤薬局　旭ヶ丘店【5:薬局】宮城県仙台市青葉区旭ヶ丘４－１－１" }, "geometry": { "type": "Point", "coordinates": [ 140.888244500000013, 38.2975015 ] } },
{ "type": "Feature", "properties": { "ID": 450400150228, "正式名称": "緑ヶ丘調剤薬局", "機関区分": 5, "都道府県コード": 4, "市区町村コード": 104, "所在地": "宮城県仙台市太白区緑ケ丘４丁目３番１５号", "緯度": 38.235062, "経度": 140.861137, "url": "https://www.iryou.teikyouseido.mhlw.go.jp/znk-web/juminkanja/S2430/initialize?prefCd=04&kikanCd=0400150228&kikanKbn=5", "url2": null, "内容": "緑ヶ丘調剤薬局【5:薬局】宮城県仙台市太白区緑ケ丘４丁目３番１５号" }, "geometry": { "type": "Point", "coordinates": [ 140.861137, 38.235062 ] } },
{ "type": "Feature", "properties": { "ID": 450400150229, "正式名称": "ひかり薬局春日町", "機関区分": 5, "都道府県コード": 4, "市区町村コード": 101, "所在地": "宮城県仙台市青葉区春日町１０－２８　スペリオーレＰＩステージⅧ", "緯度": 38.267226, "経度": 140.863911, "url": "https://www.iryou.teikyouseido.mhlw.go.jp/znk-web/juminkanja/S2430/initialize?prefCd=04&kikanCd=0400150229&kikanKbn=5", "url2": "http://www.hikari-pharmacy.co.jp", "内容": "ひかり薬局春日町【5:薬局】宮城県仙台市青葉区春日町１０－２８　スペリオーレＰＩステージⅧ" }, "geometry": { "type": "Point", "coordinates": [ 140.863911, 38.267226 ] } },
{ "type": "Feature", "properties": { "ID": 450400150230, "正式名称": "ティアレ調剤薬局", "機関区分": 5, "都道府県コード": 4, "市区町村コード": 101, "所在地": "宮城県仙台市青葉区柏木１－７－２８", "緯度": 38.276155, "経度": 140.858288, "url": "https://www.iryou.teikyouseido.mhlw.go.jp/znk-web/juminkanja/S2430/initialize?prefCd=04&kikanCd=0400150230&kikanKbn=5", "url2": "https://www.aiwa-online.net/pharmacy-information-html", "内容": "ティアレ調剤薬局【5:薬局】宮城県仙台市青葉区柏木１－７－２８" }, "geometry": { "type": "Point", "coordinates": [ 140.858288, 38.276155 ] } },
{ "type": "Feature", "properties": { "ID": 450400150231, "正式名称": "つばさ薬局長町店", "機関区分": 5, "都道府県コード": 4, "市区町村コード": 104, "所在地": "宮城県仙台市太白区長町４丁目３－２６", "緯度": 38.229333, "経度": 140.883061, "url": "https://www.iryou.teikyouseido.mhlw.go.jp/znk-web/juminkanja/S2430/initialize?prefCd=04&kikanCd=0400150231&kikanKbn=5", "url2": "http://www.tsubasa-ph.co.jp/", "内容": "つばさ薬局長町店【5:薬局】宮城県仙台市太白区長町４丁目３－２６" }, "geometry": { "type": "Point", "coordinates": [ 140.883061, 38.229333 ] } },
{ "type": "Feature", "properties": { "ID": 450400150232, "正式名称": "つばさ薬局　上杉店", "機関区分": 5, "都道府県コード": 4, "市区町村コード": 101, "所在地": "宮城県仙台市青葉区上杉三丁目２－２８　アクス上杉ビル１階", "緯度": 38.271036, "経度": 140.87605, "url": "https://www.iryou.teikyouseido.mhlw.go.jp/znk-web/juminkanja/S2430/initialize?prefCd=04&kikanCd=0400150232&kikanKbn=5", "url2": "http://www.tsubasa-ph.co.jp/", "内容": "つばさ薬局　上杉店【5:薬局】宮城県仙台市青葉区上杉三丁目２－２８　アクス上杉ビル１階" }, "geometry": { "type": "Point", "coordinates": [ 140.87605, 38.271036 ] } },
{ "type": "Feature", "properties": { "ID": 450400150233, "正式名称": "つばさ薬局若林店", "機関区分": 5, "都道府県コード": 4, "市区町村コード": 103, "所在地": "宮城県仙台市若林区六郷４－５８", "緯度": 38.216303, "経度": 140.933343, "url": "https://www.iryou.teikyouseido.mhlw.go.jp/znk-web/juminkanja/S2430/initialize?prefCd=04&kikanCd=0400150233&kikanKbn=5", "url2": "http://www.tsubasa-ph.co.jp/", "内容": "つばさ薬局若林店【5:薬局】宮城県仙台市若林区六郷４－５８" }, "geometry": { "type": "Point", "coordinates": [ 140.933343, 38.216303 ] } },
{ "type": "Feature", "properties": { "ID": 450400150234, "正式名称": "つばさ薬局泉店", "機関区分": 5, "都道府県コード": 4, "市区町村コード": 105, "所在地": "宮城県仙台市泉区長命ケ丘２丁目２－１９", "緯度": 38.317125, "経度": 140.842329, "url": "https://www.iryou.teikyouseido.mhlw.go.jp/znk-web/juminkanja/S2430/initialize?prefCd=04&kikanCd=0400150234&kikanKbn=5", "url2": "http://www.tsubasa-ph.co.jp/", "内容": "つばさ薬局泉店【5:薬局】宮城県仙台市泉区長命ケ丘２丁目２－１９" }, "geometry": { "type": "Point", "coordinates": [ 140.842329, 38.317125 ] } },
{ "type": "Feature", "properties": { "ID": 450400150236, "正式名称": "泉大沢オレンジ薬局", "機関区分": 5, "都道府県コード": 4, "市区町村コード": 105, "所在地": "宮城県仙台市泉区大沢二丁目１２－４　３階", "緯度": 38.352026, "経度": 140.879507, "url": "https://www.iryou.teikyouseido.mhlw.go.jp/znk-web/juminkanja/S2430/initialize?prefCd=04&kikanCd=0400150236&kikanKbn=5", "url2": "http://www.imai-medicalsupport.jp", "内容": "泉大沢オレンジ薬局【5:薬局】宮城県仙台市泉区大沢二丁目１２－４　３階" }, "geometry": { "type": "Point", "coordinates": [ 140.879507, 38.352026 ] } },
{ "type": "Feature", "properties": { "ID": 450400150237, "正式名称": "カワチ薬局　岩切店", "機関区分": 5, "都道府県コード": 4, "市区町村コード": 102, "所在地": "宮城県仙台市宮城野区岩切分台２－１２－６", "緯度": 38.306495, "経度": 140.959959, "url": "https://www.iryou.teikyouseido.mhlw.go.jp/znk-web/juminkanja/S2430/initialize?prefCd=04&kikanCd=0400150237&kikanKbn=5", "url2": "https://www.cawachi.co.jp", "内容": "カワチ薬局　岩切店【5:薬局】宮城県仙台市宮城野区岩切分台２－１２－６" }, "geometry": { "type": "Point", "coordinates": [ 140.959959, 38.306495 ] } },
{ "type": "Feature", "properties": { "ID": 450400150238, "正式名称": "ドラッグセイムス仙台宮町薬局", "機関区分": 5, "都道府県コード": 4, "市区町村コード": 101, "所在地": "宮城県仙台市青葉区宮町１－１－５９", "緯度": 38.26704, "経度": 140.883306, "url": "https://www.iryou.teikyouseido.mhlw.go.jp/znk-web/juminkanja/S2430/initialize?prefCd=04&kikanCd=0400150238&kikanKbn=5", "url2": null, "内容": "ドラッグセイムス仙台宮町薬局【5:薬局】宮城県仙台市青葉区宮町１－１－５９" }, "geometry": { "type": "Point", "coordinates": [ 140.883306, 38.26704 ] } },
{ "type": "Feature", "properties": { "ID": 450400150239, "正式名称": "ユニスマイル薬局　杜のはちまん店", "機関区分": 5, "都道府県コード": 4, "市区町村コード": 101, "所在地": "宮城県仙台市青葉区八幡２ー１０ー１４", "緯度": 38.272409, "経度": 140.853505, "url": "https://www.iryou.teikyouseido.mhlw.go.jp/znk-web/juminkanja/S2430/initialize?prefCd=04&kikanCd=0400150239&kikanKbn=5", "url2": "https://unismile.co.jp/shop/morinohachiman/", "内容": "ユニスマイル薬局　杜のはちまん店【5:薬局】宮城県仙台市青葉区八幡２ー１０ー１４" }, "geometry": { "type": "Point", "coordinates": [ 140.853505, 38.272409 ] } },
{ "type": "Feature", "properties": { "ID": 450400150240, "正式名称": "ファーコス薬局　広瀬通り", "機関区分": 5, "都道府県コード": 4, "市区町村コード": 101, "所在地": "宮城県仙台市青葉区中央２丁目１１－２３　太田ビル", "緯度": 38.262726, "経度": 140.877512, "url": "https://www.iryou.teikyouseido.mhlw.go.jp/znk-web/juminkanja/S2430/initialize?prefCd=04&kikanCd=0400150240&kikanKbn=5", "url2": "https://unismile.co.jp/", "内容": "ファーコス薬局　広瀬通り【5:薬局】宮城県仙台市青葉区中央２丁目１１－２３　太田ビル" }, "geometry": { "type": "Point", "coordinates": [ 140.877512, 38.262726 ] } },
{ "type": "Feature", "properties": { "ID": 450400150241, "正式名称": "調剤薬局ツルハドラッグ仙台長町店", "機関区分": 5, "都道府県コード": 4, "市区町村コード": 104, "所在地": "宮城県仙台市太白区長町南２丁目６番１０号", "緯度": 38.219952, "経度": 140.879557, "url": "https://www.iryou.teikyouseido.mhlw.go.jp/znk-web/juminkanja/S2430/initialize?prefCd=04&kikanCd=0400150241&kikanKbn=5", "url2": "https://shop.tsuruha-g.com/1160c", "内容": "調剤薬局ツルハドラッグ仙台長町店【5:薬局】宮城県仙台市太白区長町南２丁目６番１０号" }, "geometry": { "type": "Point", "coordinates": [ 140.879557, 38.219952 ] } },
{ "type": "Feature", "properties": { "ID": 450400150242, "正式名称": "マリーン調剤薬局　ＢＲＡＮＣＨ仙台店", "機関区分": 5, "都道府県コード": 4, "市区町村コード": 105, "所在地": "宮城県仙台市泉区長命ケ丘２丁目２１－１ＢＲＡＮＣＨ仙台ＷＥＳＴ２階", "緯度": 38.309874, "経度": 140.845867, "url": "https://www.iryou.teikyouseido.mhlw.go.jp/znk-web/juminkanja/S2430/initialize?prefCd=04&kikanCd=0400150242&kikanKbn=5", "url2": "www.aquamarine-net.co.jp/", "内容": "マリーン調剤薬局　ＢＲＡＮＣＨ仙台店【5:薬局】宮城県仙台市泉区長命ケ丘２丁目２１－１ＢＲＡＮＣＨ仙台ＷＥＳＴ２階" }, "geometry": { "type": "Point", "coordinates": [ 140.845867, 38.309874 ] } },
{ "type": "Feature", "properties": { "ID": 450400150243, "正式名称": "ゆあ薬局　長町南店", "機関区分": 5, "都道府県コード": 4, "市区町村コード": 104, "所在地": "宮城県仙台市太白区泉崎２丁目１－１", "緯度": 38.22365, "経度": 140.867625, "url": "https://www.iryou.teikyouseido.mhlw.go.jp/znk-web/juminkanja/S2430/initialize?prefCd=04&kikanCd=0400150243&kikanKbn=5", "url2": null, "内容": "ゆあ薬局　長町南店【5:薬局】宮城県仙台市太白区泉崎２丁目１－１" }, "geometry": { "type": "Point", "coordinates": [ 140.867625, 38.22365 ] } },
{ "type": "Feature", "properties": { "ID": 450400150246, "正式名称": "ななほし薬局＋", "機関区分": 5, "都道府県コード": 4, "市区町村コード": 101, "所在地": "宮城県仙台市青葉区八幡２－１－１７", "緯度": 38.270475, "経度": 140.854919, "url": "https://www.iryou.teikyouseido.mhlw.go.jp/znk-web/juminkanja/S2430/initialize?prefCd=04&kikanCd=0400150246&kikanKbn=5", "url2": "http://mfl7704.com/", "内容": "ななほし薬局＋【5:薬局】宮城県仙台市青葉区八幡２－１－１７" }, "geometry": { "type": "Point", "coordinates": [ 140.854919, 38.270475 ] } },
{ "type": "Feature", "properties": { "ID": 450400150248, "正式名称": "ながまち薬局", "機関区分": 5, "都道府県コード": 4, "市区町村コード": 104, "所在地": "宮城県仙台市太白区長町五丁目９－１３　１階", "緯度": 38.226997, "経度": 140.882007, "url": "https://www.iryou.teikyouseido.mhlw.go.jp/znk-web/juminkanja/S2430/initialize?prefCd=04&kikanCd=0400150248&kikanKbn=5", "url2": "https://www.pharmarise.com/company/store/store.php?store_id=808", "内容": "ながまち薬局【5:薬局】宮城県仙台市太白区長町五丁目９－１３　１階" }, "geometry": { "type": "Point", "coordinates": [ 140.882007, 38.226997 ] } },
{ "type": "Feature", "properties": { "ID": 450400150249, "正式名称": "しょうげん２丁目薬局", "機関区分": 5, "都道府県コード": 4, "市区町村コード": 105, "所在地": "宮城県仙台市泉区将監２丁目１１－１－１", "緯度": 38.331026, "経度": 140.883515, "url": "https://www.iryou.teikyouseido.mhlw.go.jp/znk-web/juminkanja/S2430/initialize?prefCd=04&kikanCd=0400150249&kikanKbn=5", "url2": "https://www.pharmarise.com/company/store/store.php?store_id=801", "内容": "しょうげん２丁目薬局【5:薬局】宮城県仙台市泉区将監２丁目１１－１－１" }, "geometry": { "type": "Point", "coordinates": [ 140.883515, 38.331026 ] } },
{ "type": "Feature", "properties": { "ID": 450400150250, "正式名称": "定禅寺トラスト薬局", "機関区分": 5, "都道府県コード": 4, "市区町村コード": 101, "所在地": "宮城県仙台市青葉区国分町２－１４－２５－１階", "緯度": 38.265367, "経度": 140.868757, "url": "https://www.iryou.teikyouseido.mhlw.go.jp/znk-web/juminkanja/S2430/initialize?prefCd=04&kikanCd=0400150250&kikanKbn=5", "url2": "https://www.pharmarise.com/company/store/store.php?store_id=806", "内容": "定禅寺トラスト薬局【5:薬局】宮城県仙台市青葉区国分町２－１４－２５－１階" }, "geometry": { "type": "Point", "coordinates": [ 140.868757, 38.265367 ] } },
{ "type": "Feature", "properties": { "ID": 450400150251, "正式名称": "旭ヶ丘トラスト薬局", "機関区分": 5, "都道府県コード": 4, "市区町村コード": 101, "所在地": "宮城県仙台市青葉区旭ケ丘３丁目２６－２１－１Ｆ", "緯度": 38.29576, "経度": 140.885108, "url": "https://www.iryou.teikyouseido.mhlw.go.jp/znk-web/juminkanja/S2430/initialize?prefCd=04&kikanCd=0400150251&kikanKbn=5", "url2": "https://www.pharmarise.com/company/store/store.php?store_id=805", "内容": "旭ヶ丘トラスト薬局【5:薬局】宮城県仙台市青葉区旭ケ丘３丁目２６－２１－１Ｆ" }, "geometry": { "type": "Point", "coordinates": [ 140.885108, 38.29576 ] } },
{ "type": "Feature", "properties": { "ID": 450400150252, "正式名称": "銀杏町トラスト調剤薬局", "機関区分": 5, "都道府県コード": 4, "市区町村コード": 102, "所在地": "宮城県仙台市宮城野区銀杏町９－１８", "緯度": 38.262842, "経度": 140.909442, "url": "https://www.iryou.teikyouseido.mhlw.go.jp/znk-web/juminkanja/S2430/initialize?prefCd=04&kikanCd=0400150252&kikanKbn=5", "url2": "https://www.pharmarise.com/company/store/store.php?store_id=803", "内容": "銀杏町トラスト調剤薬局【5:薬局】宮城県仙台市宮城野区銀杏町９－１８" }, "geometry": { "type": "Point", "coordinates": [ 140.909442, 38.262842 ] } },
{ "type": "Feature", "properties": { "ID": 450400150253, "正式名称": "トラスト調剤薬局", "機関区分": 5, "都道府県コード": 4, "市区町村コード": 105, "所在地": "宮城県仙台市泉区将監二丁目１１－２－１", "緯度": 38.330832, "経度": 140.883279, "url": "https://www.iryou.teikyouseido.mhlw.go.jp/znk-web/juminkanja/S2430/initialize?prefCd=04&kikanCd=0400150253&kikanKbn=5", "url2": "https://www.pharmarise.com", "内容": "トラスト調剤薬局【5:薬局】宮城県仙台市泉区将監二丁目１１－２－１" }, "geometry": { "type": "Point", "coordinates": [ 140.883279, 38.330832 ] } },
{ "type": "Feature", "properties": { "ID": 450400150254, "正式名称": "保険調剤アビーク薬局", "機関区分": 5, "都道府県コード": 4, "市区町村コード": 102, "所在地": "宮城県仙台市宮城野区福田町１－１０－３８－１０１", "緯度": 38.272728, "経度": 140.9592, "url": "https://www.iryou.teikyouseido.mhlw.go.jp/znk-web/juminkanja/S2430/initialize?prefCd=04&kikanCd=0400150254&kikanKbn=5", "url2": null, "内容": "保険調剤アビーク薬局【5:薬局】宮城県仙台市宮城野区福田町１－１０－３８－１０１" }, "geometry": { "type": "Point", "coordinates": [ 140.9592, 38.272728 ] } },
{ "type": "Feature", "properties": { "ID": 450400150255, "正式名称": "ウエルシア薬局仙台泉中央店", "機関区分": 5, "都道府県コード": 4, "市区町村コード": 105, "所在地": "宮城県仙台市泉区泉中央４丁目２０－１", "緯度": 38.322196, "経度": 140.885829, "url": "https://www.iryou.teikyouseido.mhlw.go.jp/znk-web/juminkanja/S2430/initialize?prefCd=04&kikanCd=0400150255&kikanKbn=5", "url2": "https://www.welcia-yakkyoku.co.jp/", "内容": "ウエルシア薬局仙台泉中央店【5:薬局】宮城県仙台市泉区泉中央４丁目２０－１" }, "geometry": { "type": "Point", "coordinates": [ 140.885829, 38.322196 ] } },
{ "type": "Feature", "properties": { "ID": 450400150256, "正式名称": "貝ヶ森薬局", "機関区分": 5, "都道府県コード": 4, "市区町村コード": 101, "所在地": "宮城県仙台市青葉区貝ケ森６－１６－１", "緯度": 38.284814, "経度": 140.844374, "url": "https://www.iryou.teikyouseido.mhlw.go.jp/znk-web/juminkanja/S2430/initialize?prefCd=04&kikanCd=0400150256&kikanKbn=5", "url2": null, "内容": "貝ヶ森薬局【5:薬局】宮城県仙台市青葉区貝ケ森６－１６－１" }, "geometry": { "type": "Point", "coordinates": [ 140.844374, 38.284814 ] } },
{ "type": "Feature", "properties": { "ID": 450400150257, "正式名称": "まんまる　薬局", "機関区分": 5, "都道府県コード": 4, "市区町村コード": 104, "所在地": "宮城県仙台市太白区四郎丸字神明２９－１１", "緯度": 38.192028, "経度": 140.91234, "url": "https://www.iryou.teikyouseido.mhlw.go.jp/znk-web/juminkanja/S2430/initialize?prefCd=04&kikanCd=0400150257&kikanKbn=5", "url2": "https://medicalcomfort.jp/man-maru/", "内容": "まんまる　薬局【5:薬局】宮城県仙台市太白区四郎丸字神明２９－１１" }, "geometry": { "type": "Point", "coordinates": [ 140.91234, 38.192028 ] } },
{ "type": "Feature", "properties": { "ID": 450400150258, "正式名称": "荒町調剤薬局", "機関区分": 5, "都道府県コード": 4, "市区町村コード": 103, "所在地": "宮城県仙台市若林区荒町１２３", "緯度": 38.24921, "経度": 140.88268, "url": "https://www.iryou.teikyouseido.mhlw.go.jp/znk-web/juminkanja/S2430/initialize?prefCd=04&kikanCd=0400150258&kikanKbn=5", "url2": "https://lintheh.com/aramachi/", "内容": "荒町調剤薬局【5:薬局】宮城県仙台市若林区荒町１２３" }, "geometry": { "type": "Point", "coordinates": [ 140.88268, 38.24921 ] } },
{ "type": "Feature", "properties": { "ID": 450400150261, "正式名称": "きまち調剤薬局", "機関区分": 5, "都道府県コード": 4, "市区町村コード": 101, "所在地": "宮城県仙台市青葉区木町９ー２４", "緯度": 38.278408, "経度": 140.86055, "url": "https://www.iryou.teikyouseido.mhlw.go.jp/znk-web/juminkanja/S2430/initialize?prefCd=04&kikanCd=0400150261&kikanKbn=5", "url2": "http://medical-chouei.jp", "内容": "きまち調剤薬局【5:薬局】宮城県仙台市青葉区木町９ー２４" }, "geometry": { "type": "Point", "coordinates": [ 140.86055, 38.278408 ] } },
{ "type": "Feature", "properties": { "ID": 450400150262, "正式名称": "りっち調剤薬局", "機関区分": 5, "都道府県コード": 4, "市区町村コード": 104, "所在地": "宮城県仙台市太白区長町南４丁目２２番地１－２", "緯度": 38.219408, "経度": 140.874289, "url": "https://www.iryou.teikyouseido.mhlw.go.jp/znk-web/juminkanja/S2430/initialize?prefCd=04&kikanCd=0400150262&kikanKbn=5", "url2": "https://www.e-turumi.jp/", "内容": "りっち調剤薬局【5:薬局】宮城県仙台市太白区長町南４丁目２２番地１－２" }, "geometry": { "type": "Point", "coordinates": [ 140.874289, 38.219408 ] } },
{ "type": "Feature", "properties": { "ID": 450400150263, "正式名称": "カメイ調剤薬局　榴ケ岡店", "機関区分": 5, "都道府県コード": 4, "市区町村コード": 102, "所在地": "宮城県仙台市宮城野区榴岡４丁目１３－７　１階", "緯度": 38.258927, "経度": 140.891168, "url": "https://www.iryou.teikyouseido.mhlw.go.jp/znk-web/juminkanja/S2430/initialize?prefCd=04&kikanCd=0400150263&kikanKbn=5", "url2": "http://www.kamei.co.jp/pharmacy/index.html", "内容": "カメイ調剤薬局　榴ケ岡店【5:薬局】宮城県仙台市宮城野区榴岡４丁目１３－７　１階" }, "geometry": { "type": "Point", "coordinates": [ 140.891168, 38.258927 ] } },
{ "type": "Feature", "properties": { "ID": 450400150266, "正式名称": "なの花薬局青葉中央店", "機関区分": 5, "都道府県コード": 4, "市区町村コード": 101, "所在地": "宮城県仙台市青葉区中央四丁目４‐８", "緯度": 38.257968, "経度": 140.877752, "url": "https://www.iryou.teikyouseido.mhlw.go.jp/znk-web/juminkanja/S2430/initialize?prefCd=04&kikanCd=0400150266&kikanKbn=5", "url2": "https://www.nanohana-ph.jp/shop/touhoku/miyagi/sendai/aobachuou.php", "内容": "なの花薬局青葉中央店【5:薬局】宮城県仙台市青葉区中央四丁目４‐８" }, "geometry": { "type": "Point", "coordinates": [ 140.877752, 38.257968 ] } },
{ "type": "Feature", "properties": { "ID": 450400150267, "正式名称": "なの花薬局南吉成店", "機関区分": 5, "都道府県コード": 4, "市区町村コード": 101, "所在地": "宮城県仙台市青葉区南吉成３－１－２３", "緯度": 38.286135, "経度": 140.817095, "url": "https://www.iryou.teikyouseido.mhlw.go.jp/znk-web/juminkanja/S2430/initialize?prefCd=04&kikanCd=0400150267&kikanKbn=5", "url2": "https://www.nanohana-ph.jp/shop/touhoku/miyagi/sendai/minamiyoshinari.php", "内容": "なの花薬局南吉成店【5:薬局】宮城県仙台市青葉区南吉成３－１－２３" }, "geometry": { "type": "Point", "coordinates": [ 140.817095, 38.286135 ] } },
{ "type": "Feature", "properties": { "ID": 450400150268, "正式名称": "なの花薬局エスパル仙台店", "機関区分": 5, "都道府県コード": 4, "市区町村コード": 101, "所在地": "宮城県仙台市青葉区中央１丁目　１－１　エスパル仙台東館４階", "緯度": 38.2581411, "経度": 140.881271, "url": "https://www.iryou.teikyouseido.mhlw.go.jp/znk-web/juminkanja/S2430/initialize?prefCd=04&kikanCd=0400150268&kikanKbn=5", "url2": "http://www.nanohana-ph.jp", "内容": "なの花薬局エスパル仙台店【5:薬局】宮城県仙台市青葉区中央１丁目　１－１　エスパル仙台東館４階" }, "geometry": { "type": "Point", "coordinates": [ 140.881271, 38.2581411 ] } },
{ "type": "Feature", "properties": { "ID": 450400150269, "正式名称": "ヤマザワ調剤薬局仙台医療センター前店", "機関区分": 5, "都道府県コード": 4, "市区町村コード": 102, "所在地": "宮城県仙台市宮城野区宮城野２丁目７番５５号", "緯度": 32.614213, "経度": 130.463241, "url": "https://www.iryou.teikyouseido.mhlw.go.jp/znk-web/juminkanja/S2430/initialize?prefCd=04&kikanCd=0400150269&kikanKbn=5", "url2": null, "内容": "ヤマザワ調剤薬局仙台医療センター前店【5:薬局】宮城県仙台市宮城野区宮城野２丁目７番５５号" }, "geometry": { "type": "Point", "coordinates": [ 130.463241, 32.614213 ] } },
{ "type": "Feature", "properties": { "ID": 450400150270, "正式名称": "サンドラッグ南小泉薬局", "機関区分": 5, "都道府県コード": 4, "市区町村コード": 103, "所在地": "宮城県仙台市若林区南小泉四丁目１０－６", "緯度": 38.2390142, "経度": 140.9066907, "url": "https://www.iryou.teikyouseido.mhlw.go.jp/znk-web/juminkanja/S2430/initialize?prefCd=04&kikanCd=0400150270&kikanKbn=5", "url2": "https://sundrug-online.com/blogs/search-store/6902", "内容": "サンドラッグ南小泉薬局【5:薬局】宮城県仙台市若林区南小泉四丁目１０－６" }, "geometry": { "type": "Point", "coordinates": [ 140.906690700000013, 38.2390142 ] } },
{ "type": "Feature", "properties": { "ID": 450400150271, "正式名称": "とことこ薬局　錦町店", "機関区分": 5, "都道府県コード": 4, "市区町村コード": 101, "所在地": "宮城県仙台市青葉区錦町二丁目１－３－１０１", "緯度": 38.268206, "経度": 140.879723, "url": "https://www.iryou.teikyouseido.mhlw.go.jp/znk-web/juminkanja/S2430/initialize?prefCd=04&kikanCd=0400150271&kikanKbn=5", "url2": "https://mt-h.co.jp/", "内容": "とことこ薬局　錦町店【5:薬局】宮城県仙台市青葉区錦町二丁目１－３－１０１" }, "geometry": { "type": "Point", "coordinates": [ 140.879723, 38.268206 ] } },
{ "type": "Feature", "properties": { "ID": 450400150272, "正式名称": "みなみ中山薬局", "機関区分": 5, "都道府県コード": 4, "市区町村コード": 105, "所在地": "宮城県仙台市泉区南中山２ー５ー５シンエイビル１Ｆ", "緯度": 38.309331, "経度": 140.830288, "url": "https://www.iryou.teikyouseido.mhlw.go.jp/znk-web/juminkanja/S2430/initialize?prefCd=04&kikanCd=0400150272&kikanKbn=5", "url2": null, "内容": "みなみ中山薬局【5:薬局】宮城県仙台市泉区南中山２ー５ー５シンエイビル１Ｆ" }, "geometry": { "type": "Point", "coordinates": [ 140.830288, 38.309331 ] } },
{ "type": "Feature", "properties": { "ID": 450400150273, "正式名称": "東北大学病院バス停前オレンジ薬局", "機関区分": 5, "都道府県コード": 4, "市区町村コード": 101, "所在地": "宮城県仙台市青葉区支倉町４－３１田沼ビル１Ｆ", "緯度": 38.270542, "経度": 140.861158, "url": "https://www.iryou.teikyouseido.mhlw.go.jp/znk-web/juminkanja/S2430/initialize?prefCd=04&kikanCd=0400150273&kikanKbn=5", "url2": "https://www.imai-medicalsupport.jp/", "内容": "東北大学病院バス停前オレンジ薬局【5:薬局】宮城県仙台市青葉区支倉町４－３１田沼ビル１Ｆ" }, "geometry": { "type": "Point", "coordinates": [ 140.861158, 38.270542 ] } },
{ "type": "Feature", "properties": { "ID": 450400150274, "正式名称": "サンドラッグあすと長町薬局", "機関区分": 5, "都道府県コード": 4, "市区町村コード": 104, "所在地": "宮城県仙台市太白区あすと長町２丁目２－１０", "緯度": 38.2243227, "経度": 140.8855474, "url": "https://www.iryou.teikyouseido.mhlw.go.jp/znk-web/juminkanja/S2430/initialize?prefCd=04&kikanCd=0400150274&kikanKbn=5", "url2": "https://www.sundrug.co.jp/", "内容": "サンドラッグあすと長町薬局【5:薬局】宮城県仙台市太白区あすと長町２丁目２－１０" }, "geometry": { "type": "Point", "coordinates": [ 140.8855474, 38.2243227 ] } },
{ "type": "Feature", "properties": { "ID": 450400150276, "正式名称": "アイン薬局　太白富沢店", "機関区分": 5, "都道府県コード": 4, "市区町村コード": 104, "所在地": "宮城県仙台市太白区富沢南２－１７－１９", "緯度": 38.2104845, "経度": 140.8680141, "url": "https://www.iryou.teikyouseido.mhlw.go.jp/znk-web/juminkanja/S2430/initialize?prefCd=04&kikanCd=0400150276&kikanKbn=5", "url2": "ainj.co.jp", "内容": "アイン薬局　太白富沢店【5:薬局】宮城県仙台市太白区富沢南２－１７－１９" }, "geometry": { "type": "Point", "coordinates": [ 140.868014100000011, 38.2104845 ] } },
{ "type": "Feature", "properties": { "ID": 450400150278, "正式名称": "アイン薬局　太白山田店", "機関区分": 5, "都道府県コード": 4, "市区町村コード": 104, "所在地": "宮城県仙台市太白区山田新町７６－１", "緯度": 38.217156, "経度": 140.8340321, "url": "https://www.iryou.teikyouseido.mhlw.go.jp/znk-web/juminkanja/S2430/initialize?prefCd=04&kikanCd=0400150278&kikanKbn=5", "url2": "https//www.ainj.co.jp", "内容": "アイン薬局　太白山田店【5:薬局】宮城県仙台市太白区山田新町７６－１" }, "geometry": { "type": "Point", "coordinates": [ 140.8340321, 38.217156 ] } },
{ "type": "Feature", "properties": { "ID": 450400150279, "正式名称": "もりとうみ薬局", "機関区分": 5, "都道府県コード": 4, "市区町村コード": 102, "所在地": "宮城県仙台市宮城野区新田東一丁目９－３", "緯度": 38.27832, "経度": 140.933331, "url": "https://www.iryou.teikyouseido.mhlw.go.jp/znk-web/juminkanja/S2430/initialize?prefCd=04&kikanCd=0400150279&kikanKbn=5", "url2": "https://www.moritoumipharmacy.com/", "内容": "もりとうみ薬局【5:薬局】宮城県仙台市宮城野区新田東一丁目９－３" }, "geometry": { "type": "Point", "coordinates": [ 140.933331, 38.27832 ] } },
{ "type": "Feature", "properties": { "ID": 450400150281, "正式名称": "ひかり薬局中田", "機関区分": 5, "都道府県コード": 4, "市区町村コード": 104, "所在地": "宮城県仙台市太白区東中田１－１８－２９", "緯度": 38.203404, "経度": 140.902292, "url": "https://www.iryou.teikyouseido.mhlw.go.jp/znk-web/juminkanja/S2430/initialize?prefCd=04&kikanCd=0400150281&kikanKbn=5", "url2": "http://www.hikari-pharmacy.co.jp", "内容": "ひかり薬局中田【5:薬局】宮城県仙台市太白区東中田１－１８－２９" }, "geometry": { "type": "Point", "coordinates": [ 140.902292, 38.203404 ] } },
{ "type": "Feature", "properties": { "ID": 450400150282, "正式名称": "仙台調剤薬局　吉成店", "機関区分": 5, "都道府県コード": 4, "市区町村コード": 101, "所在地": "宮城県仙台市青葉区吉成台一丁目１－２０", "緯度": 38.292874, "経度": 140.822975, "url": "https://www.iryou.teikyouseido.mhlw.go.jp/znk-web/juminkanja/S2430/initialize?prefCd=04&kikanCd=0400150282&kikanKbn=5", "url2": "https://ship-ph.co.jp/", "内容": "仙台調剤薬局　吉成店【5:薬局】宮城県仙台市青葉区吉成台一丁目１－２０" }, "geometry": { "type": "Point", "coordinates": [ 140.822975, 38.292874 ] } },
{ "type": "Feature", "properties": { "ID": 450400150284, "正式名称": "東勝山調剤薬局", "機関区分": 5, "都道府県コード": 4, "市区町村コード": 101, "所在地": "宮城県仙台市青葉区東勝山３丁目４－７", "緯度": 38.2965975, "経度": 140.8633251, "url": "https://www.iryou.teikyouseido.mhlw.go.jp/znk-web/juminkanja/S2430/initialize?prefCd=04&kikanCd=0400150284&kikanKbn=5", "url2": "http://www.applecarenet.jp/", "内容": "東勝山調剤薬局【5:薬局】宮城県仙台市青葉区東勝山３丁目４－７" }, "geometry": { "type": "Point", "coordinates": [ 140.8633251, 38.2965975 ] } },
{ "type": "Feature", "properties": { "ID": 450400150285, "正式名称": "南仙台駅前薬局", "機関区分": 5, "都道府県コード": 4, "市区町村コード": 104, "所在地": "宮城県仙台市太白区中田３丁目８－３８", "緯度": 38.1993613, "経度": 140.8854696, "url": "https://www.iryou.teikyouseido.mhlw.go.jp/znk-web/juminkanja/S2430/initialize?prefCd=04&kikanCd=0400150285&kikanKbn=5", "url2": "https://www.big-advance.site/s/194/1247", "内容": "南仙台駅前薬局【5:薬局】宮城県仙台市太白区中田３丁目８－３８" }, "geometry": { "type": "Point", "coordinates": [ 140.8854696, 38.1993613 ] } },
{ "type": "Feature", "properties": { "ID": 450400150286, "正式名称": "おりーぶ薬局　二日町店", "機関区分": 5, "都道府県コード": 4, "市区町村コード": 101, "所在地": "宮城県仙台市青葉区二日町１０－３１Ａｒｅａ二日町１０１", "緯度": 38.270259, "経度": 140.866939, "url": "https://www.iryou.teikyouseido.mhlw.go.jp/znk-web/juminkanja/S2430/initialize?prefCd=04&kikanCd=0400150286&kikanKbn=5", "url2": "https://olivepharmacy.net/shop/futsukamachi", "内容": "おりーぶ薬局　二日町店【5:薬局】宮城県仙台市青葉区二日町１０－３１Ａｒｅａ二日町１０１" }, "geometry": { "type": "Point", "coordinates": [ 140.866939, 38.270259 ] } },
{ "type": "Feature", "properties": { "ID": 450400150288, "正式名称": "れもん薬局", "機関区分": 5, "都道府県コード": 4, "市区町村コード": 102, "所在地": "宮城県仙台市宮城野区鶴ケ谷７－２４", "緯度": 38.2889383, "経度": 140.9203015, "url": "https://www.iryou.teikyouseido.mhlw.go.jp/znk-web/juminkanja/S2430/initialize?prefCd=04&kikanCd=0400150288&kikanKbn=5", "url2": "lemon.com", "内容": "れもん薬局【5:薬局】宮城県仙台市宮城野区鶴ケ谷７－２４" }, "geometry": { "type": "Point", "coordinates": [ 140.9203015, 38.2889383 ] } },
{ "type": "Feature", "properties": { "ID": 450400150290, "正式名称": "小鶴新田調剤薬局", "機関区分": 5, "都道府県コード": 4, "市区町村コード": 102, "所在地": "宮城県仙台市宮城野区新田東３丁目１４－１３", "緯度": 38.272701, "経度": 140.932647, "url": "https://www.iryou.teikyouseido.mhlw.go.jp/znk-web/juminkanja/S2430/initialize?prefCd=04&kikanCd=0400150290&kikanKbn=5", "url2": null, "内容": "小鶴新田調剤薬局【5:薬局】宮城県仙台市宮城野区新田東３丁目１４－１３" }, "geometry": { "type": "Point", "coordinates": [ 140.932647, 38.272701 ] } },
{ "type": "Feature", "properties": { "ID": 450400150291, "正式名称": "モニカ薬局北仙台店", "機関区分": 5, "都道府県コード": 4, "市区町村コード": 101, "所在地": "宮城県仙台市青葉区堤町１－１－２エムズ北仙台１階", "緯度": 38.282631, "経度": 140.869144, "url": "https://www.iryou.teikyouseido.mhlw.go.jp/znk-web/juminkanja/S2430/initialize?prefCd=04&kikanCd=0400150291&kikanKbn=5", "url2": null, "内容": "モニカ薬局北仙台店【5:薬局】宮城県仙台市青葉区堤町１－１－２エムズ北仙台１階" }, "geometry": { "type": "Point", "coordinates": [ 140.869144, 38.282631 ] } },
{ "type": "Feature", "properties": { "ID": 450400150292, "正式名称": "アスター薬局", "機関区分": 5, "都道府県コード": 4, "市区町村コード": 101, "所在地": "宮城県仙台市青葉区北山１－４－１３", "緯度": 38.28103, "経度": 140.857883, "url": "https://www.iryou.teikyouseido.mhlw.go.jp/znk-web/juminkanja/S2430/initialize?prefCd=04&kikanCd=0400150292&kikanKbn=5", "url2": null, "内容": "アスター薬局【5:薬局】宮城県仙台市青葉区北山１－４－１３" }, "geometry": { "type": "Point", "coordinates": [ 140.857883, 38.28103 ] } },
{ "type": "Feature", "properties": { "ID": 450400150293, "正式名称": "ヘルスマートフタミ薬局", "機関区分": 5, "都道府県コード": 4, "市区町村コード": 103, "所在地": "宮城県仙台市若林区連坊小路１２７　１階", "緯度": 38.25213, "経度": 140.88562, "url": "https://www.iryou.teikyouseido.mhlw.go.jp/znk-web/juminkanja/S2430/initialize?prefCd=04&kikanCd=0400150293&kikanKbn=5", "url2": "https://www.good-np.com/", "内容": "ヘルスマートフタミ薬局【5:薬局】宮城県仙台市若林区連坊小路１２７　１階" }, "geometry": { "type": "Point", "coordinates": [ 140.88562, 38.25213 ] } },
{ "type": "Feature", "properties": { "ID": 450400150294, "正式名称": "加茂ヘルスマート薬局", "機関区分": 5, "都道府県コード": 4, "市区町村コード": 105, "所在地": "宮城県仙台市泉区上谷刈字赤坂６－８６", "緯度": 38.310782, "経度": 140.8547557, "url": "https://www.iryou.teikyouseido.mhlw.go.jp/znk-web/juminkanja/S2430/initialize?prefCd=04&kikanCd=0400150294&kikanKbn=5", "url2": "https://www.good-np.com/", "内容": "加茂ヘルスマート薬局【5:薬局】宮城県仙台市泉区上谷刈字赤坂６－８６" }, "geometry": { "type": "Point", "coordinates": [ 140.8547557, 38.310782 ] } },
{ "type": "Feature", "properties": { "ID": 450400150295, "正式名称": "中山ヘルスマート薬局", "機関区分": 5, "都道府県コード": 4, "市区町村コード": 101, "所在地": "宮城県仙台市青葉区中山８丁目１－７", "緯度": 38.298894, "経度": 140.832617, "url": "https://www.iryou.teikyouseido.mhlw.go.jp/znk-web/juminkanja/S2430/initialize?prefCd=04&kikanCd=0400150295&kikanKbn=5", "url2": "https://www.good-np.com", "内容": "中山ヘルスマート薬局【5:薬局】宮城県仙台市青葉区中山８丁目１－７" }, "geometry": { "type": "Point", "coordinates": [ 140.832617, 38.298894 ] } },
{ "type": "Feature", "properties": { "ID": 450400150297, "正式名称": "コメット調剤薬局　向陽台店", "機関区分": 5, "都道府県コード": 4, "市区町村コード": 105, "所在地": "宮城県仙台市泉区向陽台２丁目２６－２９", "緯度": 38.341119, "経度": 140.892706, "url": "https://www.iryou.teikyouseido.mhlw.go.jp/znk-web/juminkanja/S2430/initialize?prefCd=04&kikanCd=0400150297&kikanKbn=5", "url2": "https://www.good-np.com", "内容": "コメット調剤薬局　向陽台店【5:薬局】宮城県仙台市泉区向陽台２丁目２６－２９" }, "geometry": { "type": "Point", "coordinates": [ 140.892706, 38.341119 ] } },
{ "type": "Feature", "properties": { "ID": 450400150298, "正式名称": "国見ケ丘ヘルスマート薬局", "機関区分": 5, "都道府県コード": 4, "市区町村コード": 101, "所在地": "宮城県仙台市青葉区国見ケ丘１－１４－８", "緯度": 38.295236, "経度": 140.83118, "url": "https://www.iryou.teikyouseido.mhlw.go.jp/znk-web/juminkanja/S2430/initialize?prefCd=04&kikanCd=0400150298&kikanKbn=5", "url2": "http://www.good-np.com", "内容": "国見ケ丘ヘルスマート薬局【5:薬局】宮城県仙台市青葉区国見ケ丘１－１４－８" }, "geometry": { "type": "Point", "coordinates": [ 140.83118, 38.295236 ] } },
{ "type": "Feature", "properties": { "ID": 450400150299, "正式名称": "調剤薬局ツルハドラッグ仙台泉中央３丁目店", "機関区分": 5, "都道府県コード": 4, "市区町村コード": 105, "所在地": "宮城県仙台市泉区泉中央３丁目２－７", "緯度": 38.326411, "経度": 140.883379, "url": "https://www.iryou.teikyouseido.mhlw.go.jp/znk-web/juminkanja/S2430/initialize?prefCd=04&kikanCd=0400150299&kikanKbn=5", "url2": "https://shop.tsuruha-g.com/1685c", "内容": "調剤薬局ツルハドラッグ仙台泉中央３丁目店【5:薬局】宮城県仙台市泉区泉中央３丁目２－７" }, "geometry": { "type": "Point", "coordinates": [ 140.883379, 38.326411 ] } },
{ "type": "Feature", "properties": { "ID": 450400150301, "正式名称": "アイベル薬局　泉中央店", "機関区分": 5, "都道府県コード": 4, "市区町村コード": 105, "所在地": "宮城県仙台市泉区泉中央四丁目８ー２　ソレイユハイツ泉中央１０３", "緯度": 38.322756, "経度": 140.885406, "url": "https://www.iryou.teikyouseido.mhlw.go.jp/znk-web/juminkanja/S2430/initialize?prefCd=04&kikanCd=0400150301&kikanKbn=5", "url2": "https://suzumedi.com/", "内容": "アイベル薬局　泉中央店【5:薬局】宮城県仙台市泉区泉中央四丁目８ー２　ソレイユハイツ泉中央１０３" }, "geometry": { "type": "Point", "coordinates": [ 140.885406, 38.322756 ] } },
{ "type": "Feature", "properties": { "ID": 450400150302, "正式名称": "アイベル薬局　西多賀店", "機関区分": 5, "都道府県コード": 4, "市区町村コード": 104, "所在地": "宮城県仙台市太白区西多賀３丁目４ー２", "緯度": 38.223083, "経度": 140.85448, "url": "https://www.iryou.teikyouseido.mhlw.go.jp/znk-web/juminkanja/S2430/initialize?prefCd=04&kikanCd=0400150302&kikanKbn=5", "url2": "https://suzumedi.com", "内容": "アイベル薬局　西多賀店【5:薬局】宮城県仙台市太白区西多賀３丁目４ー２" }, "geometry": { "type": "Point", "coordinates": [ 140.85448, 38.223083 ] } },
{ "type": "Feature", "properties": { "ID": 450400150303, "正式名称": "フレンド薬局八本松", "機関区分": 5, "都道府県コード": 4, "市区町村コード": 104, "所在地": "宮城県仙台市太白区八本松二丁目８－３", "緯度": 38.227564, "経度": 140.894957, "url": "https://www.iryou.teikyouseido.mhlw.go.jp/znk-web/juminkanja/S2430/initialize?prefCd=04&kikanCd=0400150303&kikanKbn=5", "url2": "https://meron-net.shop/ds/friend-hachihonmatsu", "内容": "フレンド薬局八本松【5:薬局】宮城県仙台市太白区八本松二丁目８－３" }, "geometry": { "type": "Point", "coordinates": [ 140.894957, 38.227564 ] } },
{ "type": "Feature", "properties": { "ID": 450400150304, "正式名称": "ヤマザワ調剤薬局南吉成店", "機関区分": 5, "都道府県コード": 4, "市区町村コード": 101, "所在地": "宮城県仙台市青葉区南吉成６丁目６－１１", "緯度": 38.287192, "経度": 140.812757, "url": "https://www.iryou.teikyouseido.mhlw.go.jp/znk-web/juminkanja/S2430/initialize?prefCd=04&kikanCd=0400150304&kikanKbn=5", "url2": null, "内容": "ヤマザワ調剤薬局南吉成店【5:薬局】宮城県仙台市青葉区南吉成６丁目６－１１" }, "geometry": { "type": "Point", "coordinates": [ 140.812757, 38.287192 ] } },
{ "type": "Feature", "properties": { "ID": 450400150305, "正式名称": "花京院薬局", "機関区分": 5, "都道府県コード": 4, "市区町村コード": 101, "所在地": "宮城県仙台市青葉区花京院二丁目１－１８　アーバンプラザ花京院１階", "緯度": 38.267737, "経度": 140.879818, "url": "https://www.iryou.teikyouseido.mhlw.go.jp/znk-web/juminkanja/S2430/initialize?prefCd=04&kikanCd=0400150305&kikanKbn=5", "url2": "https://medikamente.co.jp/", "内容": "花京院薬局【5:薬局】宮城県仙台市青葉区花京院二丁目１－１８　アーバンプラザ花京院１階" }, "geometry": { "type": "Point", "coordinates": [ 140.879818, 38.267737 ] } },
{ "type": "Feature", "properties": { "ID": 450400150306, "正式名称": "フェリア調剤薬局", "機関区分": 5, "都道府県コード": 4, "市区町村コード": 103, "所在地": "宮城県仙台市若林区新寺１－８－１１階", "緯度": 38.254091, "経度": 140.884137, "url": "https://www.iryou.teikyouseido.mhlw.go.jp/znk-web/juminkanja/S2430/initialize?prefCd=04&kikanCd=0400150306&kikanKbn=5", "url2": "https://medikamente.co.jp/", "内容": "フェリア調剤薬局【5:薬局】宮城県仙台市若林区新寺１－８－１１階" }, "geometry": { "type": "Point", "coordinates": [ 140.884137, 38.254091 ] } },
{ "type": "Feature", "properties": { "ID": 450400150307, "正式名称": "ココカラファイン薬局セルバテラス店", "機関区分": 5, "都道府県コード": 4, "市区町村コード": 105, "所在地": "宮城県仙台市泉区泉中央一丁目６－３　セルバテラス１階", "緯度": 38.3243891, "経度": 140.8811047, "url": "https://www.iryou.teikyouseido.mhlw.go.jp/znk-web/juminkanja/S2430/initialize?prefCd=04&kikanCd=0400150307&kikanKbn=5", "url2": "https://www.cocokarafine.co.jp/searchstore/CSsStoreDetail.jsp?storeNo=706112&storeList=1", "内容": "ココカラファイン薬局セルバテラス店【5:薬局】宮城県仙台市泉区泉中央一丁目６－３　セルバテラス１階" }, "geometry": { "type": "Point", "coordinates": [ 140.8811047, 38.3243891 ] } },
{ "type": "Feature", "properties": { "ID": 450400150308, "正式名称": "共創未来　仙台東口薬局", "機関区分": 5, "都道府県コード": 4, "市区町村コード": 102, "所在地": "宮城県仙台市宮城野区榴岡二丁目３ー２８　カラーズガーデン仙台１０１", "緯度": 38.261696, "経度": 140.885585, "url": "https://www.iryou.teikyouseido.mhlw.go.jp/znk-web/juminkanja/S2430/initialize?prefCd=04&kikanCd=0400150308&kikanKbn=5", "url2": "https://www.phmirai.co.jp/shops/detail.php?id=254", "内容": "共創未来　仙台東口薬局【5:薬局】宮城県仙台市宮城野区榴岡二丁目３ー２８　カラーズガーデン仙台１０１" }, "geometry": { "type": "Point", "coordinates": [ 140.885585, 38.261696 ] } },
{ "type": "Feature", "properties": { "ID": 450400150309, "正式名称": "だいのはら薬局", "機関区分": 5, "都道府県コード": 4, "市区町村コード": 101, "所在地": "宮城県仙台市青葉区台原２丁目１０－２－２０２", "緯度": 38.285926, "経度": 140.871665, "url": "https://www.iryou.teikyouseido.mhlw.go.jp/znk-web/juminkanja/S2430/initialize?prefCd=04&kikanCd=0400150309&kikanKbn=5", "url2": null, "内容": "だいのはら薬局【5:薬局】宮城県仙台市青葉区台原２丁目１０－２－２０２" }, "geometry": { "type": "Point", "coordinates": [ 140.871665, 38.285926 ] } },
{ "type": "Feature", "properties": { "ID": 450400150311, "正式名称": "向陽台薬局", "機関区分": 5, "都道府県コード": 4, "市区町村コード": 105, "所在地": "宮城県仙台市泉区向陽台３－３－１１", "緯度": 33.003503, "経度": 130.428023, "url": "https://www.iryou.teikyouseido.mhlw.go.jp/znk-web/juminkanja/S2430/initialize?prefCd=04&kikanCd=0400150311&kikanKbn=5", "url2": null, "内容": "向陽台薬局【5:薬局】宮城県仙台市泉区向陽台３－３－１１" }, "geometry": { "type": "Point", "coordinates": [ 130.428023, 33.003503 ] } },
{ "type": "Feature", "properties": { "ID": 450400150312, "正式名称": "アイン薬局仙台幸町店", "機関区分": 5, "都道府県コード": 4, "市区町村コード": 102, "所在地": "宮城県仙台市宮城野区幸町１丁目１９－２３", "緯度": 38.278305, "経度": 140.895697, "url": "https://www.iryou.teikyouseido.mhlw.go.jp/znk-web/juminkanja/S2430/initialize?prefCd=04&kikanCd=0400150312&kikanKbn=5", "url2": "www.ainj.co.jp", "内容": "アイン薬局仙台幸町店【5:薬局】宮城県仙台市宮城野区幸町１丁目１９－２３" }, "geometry": { "type": "Point", "coordinates": [ 140.895697, 38.278305 ] } },
{ "type": "Feature", "properties": { "ID": 450400150313, "正式名称": "ホープ薬局　岩切店", "機関区分": 5, "都道府県コード": 4, "市区町村コード": 102, "所在地": "宮城県仙台市宮城野区岩切分台３丁目１－５", "緯度": 38.3069094, "経度": 140.9553402, "url": "https://www.iryou.teikyouseido.mhlw.go.jp/znk-web/juminkanja/S2430/initialize?prefCd=04&kikanCd=0400150313&kikanKbn=5", "url2": "altacks-hope.jp", "内容": "ホープ薬局　岩切店【5:薬局】宮城県仙台市宮城野区岩切分台３丁目１－５" }, "geometry": { "type": "Point", "coordinates": [ 140.9553402, 38.3069094 ] } },
{ "type": "Feature", "properties": { "ID": 450400150314, "正式名称": "アイカ薬局", "機関区分": 5, "都道府県コード": 4, "市区町村コード": 101, "所在地": "宮城県仙台市青葉区五橋２丁目１番１７号　Ｃｕｂｅ　Ａｚｕｒｅ　２階", "緯度": 38.251915, "経度": 140.880728, "url": "https://www.iryou.teikyouseido.mhlw.go.jp/znk-web/juminkanja/S2430/initialize?prefCd=04&kikanCd=0400150314&kikanKbn=5", "url2": "aikayakkyoku.cpm", "内容": "アイカ薬局【5:薬局】宮城県仙台市青葉区五橋２丁目１番１７号　Ｃｕｂｅ　Ａｚｕｒｅ　２階" }, "geometry": { "type": "Point", "coordinates": [ 140.880728, 38.251915 ] } },
{ "type": "Feature", "properties": { "ID": 450400150315, "正式名称": "在宅支援センターやくしどう調剤薬局", "機関区分": 5, "都道府県コード": 4, "市区町村コード": 103, "所在地": "宮城県仙台市若林区白萩町９番２０号　芳賀コーポ１０３号室", "緯度": 38.249602, "経度": 140.907269, "url": "https://www.iryou.teikyouseido.mhlw.go.jp/znk-web/juminkanja/S2430/initialize?prefCd=04&kikanCd=0400150315&kikanKbn=5", "url2": "https://linthen.com", "内容": "在宅支援センターやくしどう調剤薬局【5:薬局】宮城県仙台市若林区白萩町９番２０号　芳賀コーポ１０３号室" }, "geometry": { "type": "Point", "coordinates": [ 140.907269, 38.249602 ] } },
{ "type": "Feature", "properties": { "ID": 450400150316, "正式名称": "リアン調剤薬局", "機関区分": 5, "都道府県コード": 4, "市区町村コード": 105, "所在地": "宮城県仙台市泉区八乙女中央２丁目４番２６号", "緯度": 38.316588, "経度": 140.881188, "url": "https://www.iryou.teikyouseido.mhlw.go.jp/znk-web/juminkanja/S2430/initialize?prefCd=04&kikanCd=0400150316&kikanKbn=5", "url2": "https://www.senpoku-yakuhin.jp/", "内容": "リアン調剤薬局【5:薬局】宮城県仙台市泉区八乙女中央２丁目４番２６号" }, "geometry": { "type": "Point", "coordinates": [ 140.881188, 38.316588 ] } },
{ "type": "Feature", "properties": { "ID": 450400150317, "正式名称": "調剤薬局ツルハドラッグ二十人町店", "機関区分": 5, "都道府県コード": 4, "市区町村コード": 102, "所在地": "宮城県仙台市宮城野区二十人町３０９番８", "緯度": 38.26249, "経度": 140.88954, "url": "https://www.iryou.teikyouseido.mhlw.go.jp/znk-web/juminkanja/S2430/initialize?prefCd=04&kikanCd=0400150317&kikanKbn=5", "url2": "http://www.tsuruha.co.jp/", "内容": "調剤薬局ツルハドラッグ二十人町店【5:薬局】宮城県仙台市宮城野区二十人町３０９番８" }, "geometry": { "type": "Point", "coordinates": [ 140.88954, 38.26249 ] } },
{ "type": "Feature", "properties": { "ID": 450400150318, "正式名称": "保険調剤そらまち薬局", "機関区分": 5, "都道府県コード": 4, "市区町村コード": 105, "所在地": "宮城県仙台市泉区泉中央南５－６", "緯度": 38.32022, "経度": 140.871488, "url": "https://www.iryou.teikyouseido.mhlw.go.jp/znk-web/juminkanja/S2430/initialize?prefCd=04&kikanCd=0400150318&kikanKbn=5", "url2": null, "内容": "保険調剤そらまち薬局【5:薬局】宮城県仙台市泉区泉中央南５－６" }, "geometry": { "type": "Point", "coordinates": [ 140.871488, 38.32022 ] } },
{ "type": "Feature", "properties": { "ID": 450400150321, "正式名称": "カワチ薬局　長命ケ丘店", "機関区分": 5, "都道府県コード": 4, "市区町村コード": 105, "所在地": "宮城県仙台市泉区長命ケ丘５－２３－３", "緯度": 38.311965, "経度": 140.832722, "url": "https://www.iryou.teikyouseido.mhlw.go.jp/znk-web/juminkanja/S2430/initialize?prefCd=04&kikanCd=0400150321&kikanKbn=5", "url2": "http://www.cawachi.co.jp", "内容": "カワチ薬局　長命ケ丘店【5:薬局】宮城県仙台市泉区長命ケ丘５－２３－３" }, "geometry": { "type": "Point", "coordinates": [ 140.832722, 38.311965 ] } },
{ "type": "Feature", "properties": { "ID": 450400150323, "正式名称": "調剤薬局ツルハドラッグ南光台４丁目店", "機関区分": 5, "都道府県コード": 4, "市区町村コード": 105, "所在地": "宮城県仙台市泉区南光台四丁目１番２８号", "緯度": 38.297189, "経度": 140.891788, "url": "https://www.iryou.teikyouseido.mhlw.go.jp/znk-web/juminkanja/S2430/initialize?prefCd=04&kikanCd=0400150323&kikanKbn=5", "url2": "http://www.tsuruha.co.jp", "内容": "調剤薬局ツルハドラッグ南光台４丁目店【5:薬局】宮城県仙台市泉区南光台四丁目１番２８号" }, "geometry": { "type": "Point", "coordinates": [ 140.891788, 38.297189 ] } },
{ "type": "Feature", "properties": { "ID": 450400150324, "正式名称": "鹿野調剤薬局", "機関区分": 5, "都道府県コード": 4, "市区町村コード": 104, "所在地": "宮城県仙台市太白区鹿野本町６－３２", "緯度": 38.231642, "経度": 140.872841, "url": "https://www.iryou.teikyouseido.mhlw.go.jp/znk-web/juminkanja/S2430/initialize?prefCd=04&kikanCd=0400150324&kikanKbn=5", "url2": null, "内容": "鹿野調剤薬局【5:薬局】宮城県仙台市太白区鹿野本町６－３２" }, "geometry": { "type": "Point", "coordinates": [ 140.872841, 38.231642 ] } },
{ "type": "Feature", "properties": { "ID": 450400150325, "正式名称": "カメイ調剤薬局　あおば通店", "機関区分": 5, "都道府県コード": 4, "市区町村コード": 101, "所在地": "宮城県仙台市青葉区中央２丁目２－５　１階", "緯度": 38.2608519, "経度": 140.8772557, "url": "https://www.iryou.teikyouseido.mhlw.go.jp/znk-web/juminkanja/S2430/initialize?prefCd=04&kikanCd=0400150325&kikanKbn=5", "url2": "http://www.kamei.co.jp/pharmacy/index.html", "内容": "カメイ調剤薬局　あおば通店【5:薬局】宮城県仙台市青葉区中央２丁目２－５　１階" }, "geometry": { "type": "Point", "coordinates": [ 140.8772557, 38.2608519 ] } },
{ "type": "Feature", "properties": { "ID": 450400150326, "正式名称": "泉パークタウン調剤薬局", "機関区分": 5, "都道府県コード": 4, "市区町村コード": 105, "所在地": "宮城県仙台市泉区寺岡１丁２５－１７　１階", "緯度": 38.33529, "経度": 140.839431, "url": "https://www.iryou.teikyouseido.mhlw.go.jp/znk-web/juminkanja/S2430/initialize?prefCd=04&kikanCd=0400150326&kikanKbn=5", "url2": null, "内容": "泉パークタウン調剤薬局【5:薬局】宮城県仙台市泉区寺岡１丁２５－１７　１階" }, "geometry": { "type": "Point", "coordinates": [ 140.839431, 38.33529 ] } },
{ "type": "Feature", "properties": { "ID": 450400150327, "正式名称": "ウエルシア薬局　仙台中山店", "機関区分": 5, "都道府県コード": 4, "市区町村コード": 101, "所在地": "宮城県仙台市青葉区中山５‐２‐３", "緯度": 33.341007, "経度": 129.98628, "url": "https://www.iryou.teikyouseido.mhlw.go.jp/znk-web/juminkanja/S2430/initialize?prefCd=04&kikanCd=0400150327&kikanKbn=5", "url2": "https://www.welcia-yakkyoku.co.jp/", "内容": "ウエルシア薬局　仙台中山店【5:薬局】宮城県仙台市青葉区中山５‐２‐３" }, "geometry": { "type": "Point", "coordinates": [ 129.98628, 33.341007 ] } },
{ "type": "Feature", "properties": { "ID": 450400150329, "正式名称": "日本調剤　紫山薬局", "機関区分": 5, "都道府県コード": 4, "市区町村コード": 105, "所在地": "宮城県仙台市泉区紫山１丁目１番４号", "緯度": 38.345105, "経度": 140.835889, "url": "https://www.iryou.teikyouseido.mhlw.go.jp/znk-web/juminkanja/S2430/initialize?prefCd=04&kikanCd=0400150329&kikanKbn=5", "url2": "https://www.nicho.co.jp/tenpo/murasakiyama/", "内容": "日本調剤　紫山薬局【5:薬局】宮城県仙台市泉区紫山１丁目１番４号" }, "geometry": { "type": "Point", "coordinates": [ 140.835889, 38.345105 ] } },
{ "type": "Feature", "properties": { "ID": 450400150331, "正式名称": "調剤薬局ツルハドラッグ長町南店", "機関区分": 5, "都道府県コード": 4, "市区町村コード": 104, "所在地": "宮城県仙台市太白区長町南４丁目１３－２", "緯度": 38.2210912, "経度": 140.8722015, "url": "https://www.iryou.teikyouseido.mhlw.go.jp/znk-web/juminkanja/S2430/initialize?prefCd=04&kikanCd=0400150331&kikanKbn=5", "url2": "http://www.tsuruha.co.jp", "内容": "調剤薬局ツルハドラッグ長町南店【5:薬局】宮城県仙台市太白区長町南４丁目１３－２" }, "geometry": { "type": "Point", "coordinates": [ 140.872201499999989, 38.2210912 ] } },
{ "type": "Feature", "properties": { "ID": 450400150334, "正式名称": "ウエルシア薬局仙台八木山南店", "機関区分": 5, "都道府県コード": 4, "市区町村コード": 104, "所在地": "宮城県仙台市太白区八木山南２－１－２９　１階", "緯度": 38.235714, "経度": 140.838044, "url": "https://www.iryou.teikyouseido.mhlw.go.jp/znk-web/juminkanja/S2430/initialize?prefCd=04&kikanCd=0400150334&kikanKbn=5", "url2": "https://www.welcia-yakkyoku.co.jp/", "内容": "ウエルシア薬局仙台八木山南店【5:薬局】宮城県仙台市太白区八木山南２－１－２９　１階" }, "geometry": { "type": "Point", "coordinates": [ 140.838044, 38.235714 ] } },
{ "type": "Feature", "properties": { "ID": 450400150335, "正式名称": "プラス調剤薬局　愛子店", "機関区分": 5, "都道府県コード": 4, "市区町村コード": 101, "所在地": "宮城県仙台市青葉区愛子中央六丁目２－１７", "緯度": 38.272469, "経度": 140.761121, "url": "https://www.iryou.teikyouseido.mhlw.go.jp/znk-web/juminkanja/S2430/initialize?prefCd=04&kikanCd=0400150335&kikanKbn=5", "url2": "https://www.aipharmacy.net/", "内容": "プラス調剤薬局　愛子店【5:薬局】宮城県仙台市青葉区愛子中央六丁目２－１７" }, "geometry": { "type": "Point", "coordinates": [ 140.761121, 38.272469 ] } },
{ "type": "Feature", "properties": { "ID": 450400150337, "正式名称": "カミツレ薬局", "機関区分": 5, "都道府県コード": 4, "市区町村コード": 101, "所在地": "宮城県仙台市青葉区木町通２丁目３番２２号　内海ビル１階", "緯度": 38.271564, "経度": 140.86293, "url": "https://www.iryou.teikyouseido.mhlw.go.jp/znk-web/juminkanja/S2430/initialize?prefCd=04&kikanCd=0400150337&kikanKbn=5", "url2": "https://kamitsure-pharmacy.com/", "内容": "カミツレ薬局【5:薬局】宮城県仙台市青葉区木町通２丁目３番２２号　内海ビル１階" }, "geometry": { "type": "Point", "coordinates": [ 140.86293, 38.271564 ] } },
{ "type": "Feature", "properties": { "ID": 450400150338, "正式名称": "薬局マツモトキヨシ泉中央店", "機関区分": 5, "都道府県コード": 4, "市区町村コード": 105, "所在地": "宮城県仙台市泉区泉中央一丁目１５－２", "緯度": 38.323585, "経度": 140.880104, "url": "https://www.iryou.teikyouseido.mhlw.go.jp/znk-web/juminkanja/S2430/initialize?prefCd=04&kikanCd=0400150338&kikanKbn=5", "url2": "https://www.matsukiyococokara-online.com/map?kid=15106869", "内容": "薬局マツモトキヨシ泉中央店【5:薬局】宮城県仙台市泉区泉中央一丁目１５－２" }, "geometry": { "type": "Point", "coordinates": [ 140.880104, 38.323585 ] } },
{ "type": "Feature", "properties": { "ID": 450400150339, "正式名称": "アイカ薬局　宮町店", "機関区分": 5, "都道府県コード": 4, "市区町村コード": 101, "所在地": "宮城県仙台市青葉区宮町５丁目８－２", "緯度": 32.453991, "経度": 130.181127, "url": "https://www.iryou.teikyouseido.mhlw.go.jp/znk-web/juminkanja/S2430/initialize?prefCd=04&kikanCd=0400150339&kikanKbn=5", "url2": null, "内容": "アイカ薬局　宮町店【5:薬局】宮城県仙台市青葉区宮町５丁目８－２" }, "geometry": { "type": "Point", "coordinates": [ 130.181127, 32.453991 ] } },
{ "type": "Feature", "properties": { "ID": 450400150340, "正式名称": "調剤薬局ツルハドラッグ仙台通町店", "機関区分": 5, "都道府県コード": 4, "市区町村コード": 101, "所在地": "宮城県仙台市青葉区通町１丁目４番３４号", "緯度": 38.2778011, "経度": 140.8654819, "url": "https://www.iryou.teikyouseido.mhlw.go.jp/znk-web/juminkanja/S2430/initialize?prefCd=04&kikanCd=0400150340&kikanKbn=5", "url2": "https://www.tsuruha.co.jp/", "内容": "調剤薬局ツルハドラッグ仙台通町店【5:薬局】宮城県仙台市青葉区通町１丁目４番３４号" }, "geometry": { "type": "Point", "coordinates": [ 140.8654819, 38.2778011 ] } },
{ "type": "Feature", "properties": { "ID": 450400150341, "正式名称": "イオン薬局仙台幸町店", "機関区分": 5, "都道府県コード": 4, "市区町村コード": 102, "所在地": "宮城県仙台市宮城野区幸町五丁目１０－１　１階", "緯度": 38.2734356, "経度": 140.902383, "url": "https://www.iryou.teikyouseido.mhlw.go.jp/znk-web/juminkanja/S2430/initialize?prefCd=04&kikanCd=0400150341&kikanKbn=5", "url2": null, "内容": "イオン薬局仙台幸町店【5:薬局】宮城県仙台市宮城野区幸町五丁目１０－１　１階" }, "geometry": { "type": "Point", "coordinates": [ 140.902383, 38.2734356 ] } },
{ "type": "Feature", "properties": { "ID": 450400150342, "正式名称": "イオン薬局仙台中山店", "機関区分": 5, "都道府県コード": 4, "市区町村コード": 105, "所在地": "宮城県仙台市泉区南中山１丁目３５－４０　１階", "緯度": 38.297895, "経度": 140.82718, "url": "https://www.iryou.teikyouseido.mhlw.go.jp/znk-web/juminkanja/S2430/initialize?prefCd=04&kikanCd=0400150342&kikanKbn=5", "url2": null, "内容": "イオン薬局仙台中山店【5:薬局】宮城県仙台市泉区南中山１丁目３５－４０　１階" }, "geometry": { "type": "Point", "coordinates": [ 140.82718, 38.297895 ] } },
{ "type": "Feature", "properties": { "ID": 450400150343, "正式名称": "イオン薬局イオンスタイル仙台卸町", "機関区分": 5, "都道府県コード": 4, "市区町村コード": 103, "所在地": "宮城県仙台市若林区卸町一丁目１－１　２階", "緯度": 38.2522193, "経度": 140.918863, "url": "https://www.iryou.teikyouseido.mhlw.go.jp/znk-web/juminkanja/S2430/initialize?prefCd=04&kikanCd=0400150343&kikanKbn=5", "url2": null, "内容": "イオン薬局イオンスタイル仙台卸町【5:薬局】宮城県仙台市若林区卸町一丁目１－１　２階" }, "geometry": { "type": "Point", "coordinates": [ 140.918863, 38.2522193 ] } },
{ "type": "Feature", "properties": { "ID": 450400150345, "正式名称": "おりーぶ薬局　富沢西店", "機関区分": 5, "都道府県コード": 4, "市区町村コード": 104, "所在地": "宮城県仙台市太白区富沢西４丁目１１－１１", "緯度": 38.210332, "経度": 140.861594, "url": "https://www.iryou.teikyouseido.mhlw.go.jp/znk-web/juminkanja/S2430/initialize?prefCd=04&kikanCd=0400150345&kikanKbn=5", "url2": "https://olivepharmacy.net/shop/tomizawanishi", "内容": "おりーぶ薬局　富沢西店【5:薬局】宮城県仙台市太白区富沢西４丁目１１－１１" }, "geometry": { "type": "Point", "coordinates": [ 140.861594, 38.210332 ] } },
{ "type": "Feature", "properties": { "ID": 450400150346, "正式名称": "すず薬局　荒井店", "機関区分": 5, "都道府県コード": 4, "市区町村コード": 103, "所在地": "宮城県仙台市若林区荒井７丁目４－２", "緯度": 38.238877, "経度": 140.945196, "url": "https://www.iryou.teikyouseido.mhlw.go.jp/znk-web/juminkanja/S2430/initialize?prefCd=04&kikanCd=0400150346&kikanKbn=5", "url2": "https://pharmacy-suzu.com/", "内容": "すず薬局　荒井店【5:薬局】宮城県仙台市若林区荒井７丁目４－２" }, "geometry": { "type": "Point", "coordinates": [ 140.945196, 38.238877 ] } },
{ "type": "Feature", "properties": { "ID": 450400150347, "正式名称": "仙台クローバ薬局", "機関区分": 5, "都道府県コード": 4, "市区町村コード": 104, "所在地": "宮城県仙台市太白区八木山南２－１－２８－２", "緯度": 38.2360101, "経度": 140.8383682, "url": "https://www.iryou.teikyouseido.mhlw.go.jp/znk-web/juminkanja/S2430/initialize?prefCd=04&kikanCd=0400150347&kikanKbn=5", "url2": "https://scgroup.jp", "内容": "仙台クローバ薬局【5:薬局】宮城県仙台市太白区八木山南２－１－２８－２" }, "geometry": { "type": "Point", "coordinates": [ 140.8383682, 38.2360101 ] } },
{ "type": "Feature", "properties": { "ID": 450400150348, "正式名称": "まんまる薬局みやぎのベース", "機関区分": 5, "都道府県コード": 4, "市区町村コード": 102, "所在地": "宮城県仙台市宮城野区高砂２－７－６", "緯度": 38.2684377, "経度": 140.9690257, "url": "https://www.iryou.teikyouseido.mhlw.go.jp/znk-web/juminkanja/S2430/initialize?prefCd=04&kikanCd=0400150348&kikanKbn=5", "url2": "https://medicalcomfort.jp/man-maru/", "内容": "まんまる薬局みやぎのベース【5:薬局】宮城県仙台市宮城野区高砂２－７－６" }, "geometry": { "type": "Point", "coordinates": [ 140.9690257, 38.2684377 ] } },
{ "type": "Feature", "properties": { "ID": 450400150349, "正式名称": "たいしどう薬局", "機関区分": 5, "都道府県コード": 4, "市区町村コード": 104, "所在地": "宮城県仙台市太白区長町６－４－５１　ＳＹ長町ビル１階", "緯度": 38.223478, "経度": 140.883685, "url": "https://www.iryou.teikyouseido.mhlw.go.jp/znk-web/juminkanja/S2430/initialize?prefCd=04&kikanCd=0400150349&kikanKbn=5", "url2": "https://medikamente.co.jp", "内容": "たいしどう薬局【5:薬局】宮城県仙台市太白区長町６－４－５１　ＳＹ長町ビル１階" }, "geometry": { "type": "Point", "coordinates": [ 140.883685, 38.223478 ] } },
{ "type": "Feature", "properties": { "ID": 450400150350, "正式名称": "アイン薬局　若林河原町店", "機関区分": 5, "都道府県コード": 4, "市区町村コード": 103, "所在地": "宮城県仙台市若林区舟丁３－１", "緯度": 38.2413, "経度": 140.887478, "url": "https://www.iryou.teikyouseido.mhlw.go.jp/znk-web/juminkanja/S2430/initialize?prefCd=04&kikanCd=0400150350&kikanKbn=5", "url2": "http://www.ainj.co.jp", "内容": "アイン薬局　若林河原町店【5:薬局】宮城県仙台市若林区舟丁３－１" }, "geometry": { "type": "Point", "coordinates": [ 140.887478, 38.2413 ] } },
{ "type": "Feature", "properties": { "ID": 450400150351, "正式名称": "なみき道薬局", "機関区分": 5, "都道府県コード": 4, "市区町村コード": 105, "所在地": "宮城県仙台市泉区八乙女二丁目８－１１", "緯度": 38.309323, "経度": 140.891007, "url": "https://www.iryou.teikyouseido.mhlw.go.jp/znk-web/juminkanja/S2430/initialize?prefCd=04&kikanCd=0400150351&kikanKbn=5", "url2": "https://roadunder.com/", "内容": "なみき道薬局【5:薬局】宮城県仙台市泉区八乙女二丁目８－１１" }, "geometry": { "type": "Point", "coordinates": [ 140.891007, 38.309323 ] } },
{ "type": "Feature", "properties": { "ID": 450400150353, "正式名称": "ふくむろ調剤薬局", "機関区分": 5, "都道府県コード": 4, "市区町村コード": 102, "所在地": "宮城県仙台市宮城野区福室５－２０－５", "緯度": 38.280735, "経度": 140.973292, "url": "https://www.iryou.teikyouseido.mhlw.go.jp/znk-web/juminkanja/S2430/initialize?prefCd=04&kikanCd=0400150353&kikanKbn=5", "url2": null, "内容": "ふくむろ調剤薬局【5:薬局】宮城県仙台市宮城野区福室５－２０－５" }, "geometry": { "type": "Point", "coordinates": [ 140.973292, 38.280735 ] } },
{ "type": "Feature", "properties": { "ID": 450400150355, "正式名称": "日本調剤　桜井薬局", "機関区分": 5, "都道府県コード": 4, "市区町村コード": 101, "所在地": "宮城県仙台市青葉区中央二丁目５－１０号－１階", "緯度": 38.261447, "経度": 140.876166, "url": "https://www.iryou.teikyouseido.mhlw.go.jp/znk-web/juminkanja/S2430/initialize?prefCd=04&kikanCd=0400150355&kikanKbn=5", "url2": "https://www.nicho.co.jp/tenpo/sakurai/", "内容": "日本調剤　桜井薬局【5:薬局】宮城県仙台市青葉区中央二丁目５－１０号－１階" }, "geometry": { "type": "Point", "coordinates": [ 140.876166, 38.261447 ] } },
{ "type": "Feature", "properties": { "ID": 450400150357, "正式名称": "エムツー調剤薬局本町店", "機関区分": 5, "都道府県コード": 4, "市区町村コード": 101, "所在地": "宮城県仙台市青葉区本町２丁目１６－１　小西ビル１Ｆ", "緯度": 38.2648553, "経度": 140.8728929, "url": "https://www.iryou.teikyouseido.mhlw.go.jp/znk-web/juminkanja/S2430/initialize?prefCd=04&kikanCd=0400150357&kikanKbn=5", "url2": "http://www.m2-pharmacy.jp", "内容": "エムツー調剤薬局本町店【5:薬局】宮城県仙台市青葉区本町２丁目１６－１　小西ビル１Ｆ" }, "geometry": { "type": "Point", "coordinates": [ 140.872892900000011, 38.2648553 ] } },
{ "type": "Feature", "properties": { "ID": 450400150358, "正式名称": "リフレ薬局　水の森店", "機関区分": 5, "都道府県コード": 4, "市区町村コード": 101, "所在地": "宮城県仙台市青葉区水の森三丁目４１－１５　フローラル共済ビル２０２号", "緯度": 38.296598, "経度": 140.855176, "url": "https://www.iryou.teikyouseido.mhlw.go.jp/znk-web/juminkanja/S2430/initialize?prefCd=04&kikanCd=0400150358&kikanKbn=5", "url2": "http://www.refre-net.com", "内容": "リフレ薬局　水の森店【5:薬局】宮城県仙台市青葉区水の森三丁目４１－１５　フローラル共済ビル２０２号" }, "geometry": { "type": "Point", "coordinates": [ 140.855176, 38.296598 ] } },
{ "type": "Feature", "properties": { "ID": 450400150359, "正式名称": "イオン薬局仙台晩翠通店", "機関区分": 5, "都道府県コード": 4, "市区町村コード": 101, "所在地": "宮城県仙台市青葉区二日町９番２３－１号　２階", "緯度": 38.270087, "経度": 140.865766, "url": "https://www.iryou.teikyouseido.mhlw.go.jp/znk-web/juminkanja/S2430/initialize?prefCd=04&kikanCd=0400150359&kikanKbn=5", "url2": null, "内容": "イオン薬局仙台晩翠通店【5:薬局】宮城県仙台市青葉区二日町９番２３－１号　２階" }, "geometry": { "type": "Point", "coordinates": [ 140.865766, 38.270087 ] } },
{ "type": "Feature", "properties": { "ID": 450400150360, "正式名称": "つくし薬局北仙台店", "機関区分": 5, "都道府県コード": 4, "市区町村コード": 101, "所在地": "宮城県仙台市青葉区昭和町３番２４号１階", "緯度": 38.279925, "経度": 140.870122, "url": "https://www.iryou.teikyouseido.mhlw.go.jp/znk-web/juminkanja/S2430/initialize?prefCd=04&kikanCd=0400150360&kikanKbn=5", "url2": "http://www.294ph.com/", "内容": "つくし薬局北仙台店【5:薬局】宮城県仙台市青葉区昭和町３番２４号１階" }, "geometry": { "type": "Point", "coordinates": [ 140.870122, 38.279925 ] } },
{ "type": "Feature", "properties": { "ID": 450400150363, "正式名称": "ホープ薬局　花京院店", "機関区分": 5, "都道府県コード": 4, "市区町村コード": 101, "所在地": "宮城県仙台市青葉区花京院２丁目２－８", "緯度": 38.2664983, "経度": 140.8812053, "url": "https://www.iryou.teikyouseido.mhlw.go.jp/znk-web/juminkanja/S2430/initialize?prefCd=04&kikanCd=0400150363&kikanKbn=5", "url2": "https://altacks-hope.jp/", "内容": "ホープ薬局　花京院店【5:薬局】宮城県仙台市青葉区花京院２丁目２－８" }, "geometry": { "type": "Point", "coordinates": [ 140.8812053, 38.2664983 ] } },
{ "type": "Feature", "properties": { "ID": 450400150364, "正式名称": "みなみ調剤薬局長町店", "機関区分": 5, "都道府県コード": 4, "市区町村コード": 104, "所在地": "宮城県仙台市太白区長町７丁目２－６", "緯度": 38.227994, "経度": 140.881405, "url": "https://www.iryou.teikyouseido.mhlw.go.jp/znk-web/juminkanja/S2430/initialize?prefCd=04&kikanCd=0400150364&kikanKbn=5", "url2": "http://www.apocreat.co.jp/", "内容": "みなみ調剤薬局長町店【5:薬局】宮城県仙台市太白区長町７丁目２－６" }, "geometry": { "type": "Point", "coordinates": [ 140.881405, 38.227994 ] } },
{ "type": "Feature", "properties": { "ID": 450400150365, "正式名称": "いずみ西調剤薬局", "機関区分": 5, "都道府県コード": 4, "市区町村コード": 105, "所在地": "宮城県仙台市泉区泉中央２丁目１５－１５", "緯度": 38.329599, "経度": 140.878103, "url": "https://www.iryou.teikyouseido.mhlw.go.jp/znk-web/juminkanja/S2430/initialize?prefCd=04&kikanCd=0400150365&kikanKbn=5", "url2": "http://www.apocreat.co.jp/", "内容": "いずみ西調剤薬局【5:薬局】宮城県仙台市泉区泉中央２丁目１５－１５" }, "geometry": { "type": "Point", "coordinates": [ 140.878103, 38.329599 ] } },
{ "type": "Feature", "properties": { "ID": 450400150366, "正式名称": "かぎとり調剤薬局", "機関区分": 5, "都道府県コード": 4, "市区町村コード": 104, "所在地": "宮城県仙台市太白区鈎取本町１－２１－３", "緯度": 33.455412, "経度": 129.961652, "url": "https://www.iryou.teikyouseido.mhlw.go.jp/znk-web/juminkanja/S2430/initialize?prefCd=04&kikanCd=0400150366&kikanKbn=5", "url2": "http://www.apocreat.co.jp/", "内容": "かぎとり調剤薬局【5:薬局】宮城県仙台市太白区鈎取本町１－２１－３" }, "geometry": { "type": "Point", "coordinates": [ 129.961652, 33.455412 ] } },
{ "type": "Feature", "properties": { "ID": 450400150367, "正式名称": "アイランド薬局仙台南店", "機関区分": 5, "都道府県コード": 4, "市区町村コード": 104, "所在地": "宮城県仙台市太白区鈎取本町１－２１－１イオンスーパーセンター鈎取店２階", "緯度": 38.2196742, "経度": 140.8378052, "url": "https://www.iryou.teikyouseido.mhlw.go.jp/znk-web/juminkanja/S2430/initialize?prefCd=04&kikanCd=0400150367&kikanKbn=5", "url2": "http://www.apocreat.co.jp/", "内容": "アイランド薬局仙台南店【5:薬局】宮城県仙台市太白区鈎取本町１－２１－１イオンスーパーセンター鈎取店２階" }, "geometry": { "type": "Point", "coordinates": [ 140.8378052, 38.2196742 ] } },
{ "type": "Feature", "properties": { "ID": 450400150368, "正式名称": "やまとまち調剤薬局", "機関区分": 5, "都道府県コード": 4, "市区町村コード": 103, "所在地": "宮城県仙台市若林区大和町１丁目４－１３", "緯度": 38.248901, "経度": 140.909954, "url": "https://www.iryou.teikyouseido.mhlw.go.jp/znk-web/juminkanja/S2430/initialize?prefCd=04&kikanCd=0400150368&kikanKbn=5", "url2": "http://www.apocreat.co.jp", "内容": "やまとまち調剤薬局【5:薬局】宮城県仙台市若林区大和町１丁目４－１３" }, "geometry": { "type": "Point", "coordinates": [ 140.909954, 38.248901 ] } },
{ "type": "Feature", "properties": { "ID": 450400150370, "正式名称": "みなみ調剤薬局", "機関区分": 5, "都道府県コード": 4, "市区町村コード": 104, "所在地": "宮城県仙台市太白区東中田４丁目１８－１８", "緯度": 32.982302, "経度": 130.452243, "url": "https://www.iryou.teikyouseido.mhlw.go.jp/znk-web/juminkanja/S2430/initialize?prefCd=04&kikanCd=0400150370&kikanKbn=5", "url2": "http://www.apocreat.co.jp/", "内容": "みなみ調剤薬局【5:薬局】宮城県仙台市太白区東中田４丁目１８－１８" }, "geometry": { "type": "Point", "coordinates": [ 130.452243, 32.982302 ] } },
{ "type": "Feature", "properties": { "ID": 450400150371, "正式名称": "調剤薬局ツルハドラッグ北仙台駅前店", "機関区分": 5, "都道府県コード": 4, "市区町村コード": 101, "所在地": "宮城県仙台市青葉区昭和町６番１０号", "緯度": 38.282209, "経度": 140.867975, "url": "https://www.iryou.teikyouseido.mhlw.go.jp/znk-web/juminkanja/S2430/initialize?prefCd=04&kikanCd=0400150371&kikanKbn=5", "url2": "https://shop.tsuruha-g.com/1781", "内容": "調剤薬局ツルハドラッグ北仙台駅前店【5:薬局】宮城県仙台市青葉区昭和町６番１０号" }, "geometry": { "type": "Point", "coordinates": [ 140.867975, 38.282209 ] } },
{ "type": "Feature", "properties": { "ID": 450400150372, "正式名称": "つかもと調剤薬局　三条町店", "機関区分": 5, "都道府県コード": 4, "市区町村コード": 101, "所在地": "宮城県仙台市青葉区三条町１１－２７　１階", "緯度": 38.281785, "経度": 140.852593, "url": "https://www.iryou.teikyouseido.mhlw.go.jp/znk-web/juminkanja/S2430/initialize?prefCd=04&kikanCd=0400150372&kikanKbn=5", "url2": null, "内容": "つかもと調剤薬局　三条町店【5:薬局】宮城県仙台市青葉区三条町１１－２７　１階" }, "geometry": { "type": "Point", "coordinates": [ 140.852593, 38.281785 ] } },
{ "type": "Feature", "properties": { "ID": 450400150373, "正式名称": "エムツー調剤薬局宮町店", "機関区分": 5, "都道府県コード": 4, "市区町村コード": 101, "所在地": "宮城県仙台市青葉区宮町４丁目５－３４　ｎｏｉｅ　ｓｅｎｄａｉ　１０２", "緯度": 38.2747108, "経度": 140.8842143, "url": "https://www.iryou.teikyouseido.mhlw.go.jp/znk-web/juminkanja/S2430/initialize?prefCd=04&kikanCd=0400150373&kikanKbn=5", "url2": "https://www.m2-pharmacy.jp/", "内容": "エムツー調剤薬局宮町店【5:薬局】宮城県仙台市青葉区宮町４丁目５－３４　ｎｏｉｅ　ｓｅｎｄａｉ　１０２" }, "geometry": { "type": "Point", "coordinates": [ 140.8842143, 38.2747108 ] } },
{ "type": "Feature", "properties": { "ID": 450400150374, "正式名称": "かえで薬局　榴岡公園前店", "機関区分": 5, "都道府県コード": 4, "市区町村コード": 102, "所在地": "宮城県仙台市宮城野区宮城野１丁目２－４５", "緯度": 38.258826, "経度": 140.896786, "url": "https://www.iryou.teikyouseido.mhlw.go.jp/znk-web/juminkanja/S2430/initialize?prefCd=04&kikanCd=0400150374&kikanKbn=5", "url2": "https://tsubakimedical.co.jp/", "内容": "かえで薬局　榴岡公園前店【5:薬局】宮城県仙台市宮城野区宮城野１丁目２－４５" }, "geometry": { "type": "Point", "coordinates": [ 140.896786, 38.258826 ] } },
{ "type": "Feature", "properties": { "ID": 450400150375, "正式名称": "かえで薬局野村店", "機関区分": 5, "都道府県コード": 4, "市区町村コード": 105, "所在地": "宮城県仙台市泉区野村字桂島東１－６", "緯度": 38.3280449, "経度": 140.8675138, "url": "https://www.iryou.teikyouseido.mhlw.go.jp/znk-web/juminkanja/S2430/initialize?prefCd=04&kikanCd=0400150375&kikanKbn=5", "url2": null, "内容": "かえで薬局野村店【5:薬局】宮城県仙台市泉区野村字桂島東１－６" }, "geometry": { "type": "Point", "coordinates": [ 140.867513800000012, 38.3280449 ] } },
{ "type": "Feature", "properties": { "ID": 450400150376, "正式名称": "調剤薬局ふぁるまブリエ", "機関区分": 5, "都道府県コード": 4, "市区町村コード": 102, "所在地": "宮城県仙台市宮城野区小田原弓ノ町１００－２　１階", "緯度": 38.264735, "経度": 140.888794, "url": "https://www.iryou.teikyouseido.mhlw.go.jp/znk-web/juminkanja/S2430/initialize?prefCd=04&kikanCd=0400150376&kikanKbn=5", "url2": "https://www.medical-briller.co.jp/", "内容": "調剤薬局ふぁるまブリエ【5:薬局】宮城県仙台市宮城野区小田原弓ノ町１００－２　１階" }, "geometry": { "type": "Point", "coordinates": [ 140.888794, 38.264735 ] } },
{ "type": "Feature", "properties": { "ID": 450400150377, "正式名称": "調剤薬局ツルハドラッグ仙台台原店", "機関区分": 5, "都道府県コード": 4, "市区町村コード": 101, "所在地": "宮城県仙台市青葉区台原５丁目１３番１０号１階", "緯度": 38.284927, "経度": 140.880772, "url": "https://www.iryou.teikyouseido.mhlw.go.jp/znk-web/juminkanja/S2430/initialize?prefCd=04&kikanCd=0400150377&kikanKbn=5", "url2": "https://www.tsuruha.co.jp/", "内容": "調剤薬局ツルハドラッグ仙台台原店【5:薬局】宮城県仙台市青葉区台原５丁目１３番１０号１階" }, "geometry": { "type": "Point", "coordinates": [ 140.880772, 38.284927 ] } },
{ "type": "Feature", "properties": { "ID": 450400150378, "正式名称": "サンドラッグ仙台一番町薬局", "機関区分": 5, "都道府県コード": 4, "市区町村コード": 101, "所在地": "宮城県仙台市青葉区一番町３丁目１０－２３　ベルモーズビル１階", "緯度": 38.2618458, "経度": 140.8711666, "url": "https://www.iryou.teikyouseido.mhlw.go.jp/znk-web/juminkanja/S2430/initialize?prefCd=04&kikanCd=0400150378&kikanKbn=5", "url2": "https://sundrug-online.com/blogs/search-store/6906", "内容": "サンドラッグ仙台一番町薬局【5:薬局】宮城県仙台市青葉区一番町３丁目１０－２３　ベルモーズビル１階" }, "geometry": { "type": "Point", "coordinates": [ 140.8711666, 38.2618458 ] } },
{ "type": "Feature", "properties": { "ID": 450400150379, "正式名称": "ドラッグセイムス仙台榴岡薬局", "機関区分": 5, "都道府県コード": 4, "市区町村コード": 102, "所在地": "宮城県仙台市宮城野区榴岡４－１－８　パルシティ仙台１階", "緯度": 38.259363, "経度": 140.887337, "url": "https://www.iryou.teikyouseido.mhlw.go.jp/znk-web/juminkanja/S2430/initialize?prefCd=04&kikanCd=0400150379&kikanKbn=5", "url2": "https://www.moriki-group.info/", "内容": "ドラッグセイムス仙台榴岡薬局【5:薬局】宮城県仙台市宮城野区榴岡４－１－８　パルシティ仙台１階" }, "geometry": { "type": "Point", "coordinates": [ 140.887337, 38.259363 ] } },
{ "type": "Feature", "properties": { "ID": 450400150380, "正式名称": "薬局マツモトキヨシ新田東二丁目店", "機関区分": 5, "都道府県コード": 4, "市区町村コード": 102, "所在地": "宮城県仙台市宮城野区新田東２−１ー７", "緯度": 38.276334, "経度": 140.935553, "url": "https://www.iryou.teikyouseido.mhlw.go.jp/znk-web/juminkanja/S2430/initialize?prefCd=04&kikanCd=0400150380&kikanKbn=5", "url2": null, "内容": "薬局マツモトキヨシ新田東二丁目店【5:薬局】宮城県仙台市宮城野区新田東２−１ー７" }, "geometry": { "type": "Point", "coordinates": [ 140.935553, 38.276334 ] } },
{ "type": "Feature", "properties": { "ID": 450400150381, "正式名称": "はらのまち調剤薬局", "機関区分": 5, "都道府県コード": 4, "市区町村コード": 102, "所在地": "宮城県仙台市宮城野区原町１丁３－２７　１階", "緯度": 38.2642923, "経度": 140.901041, "url": "https://www.iryou.teikyouseido.mhlw.go.jp/znk-web/juminkanja/S2430/initialize?prefCd=04&kikanCd=0400150381&kikanKbn=5", "url2": "contribute-medicalcare.net", "内容": "はらのまち調剤薬局【5:薬局】宮城県仙台市宮城野区原町１丁３－２７　１階" }, "geometry": { "type": "Point", "coordinates": [ 140.901041, 38.2642923 ] } },
{ "type": "Feature", "properties": { "ID": 450400150382, "正式名称": "根白石薬局", "機関区分": 5, "都道府県コード": 4, "市区町村コード": 105, "所在地": "宮城県仙台市泉区根白石字町西上２４", "緯度": 38.344091, "経度": 140.79671, "url": "https://www.iryou.teikyouseido.mhlw.go.jp/znk-web/juminkanja/S2430/initialize?prefCd=04&kikanCd=0400150382&kikanKbn=5", "url2": null, "内容": "根白石薬局【5:薬局】宮城県仙台市泉区根白石字町西上２４" }, "geometry": { "type": "Point", "coordinates": [ 140.79671, 38.344091 ] } },
{ "type": "Feature", "properties": { "ID": 450400150383, "正式名称": "三番町薬局", "機関区分": 5, "都道府県コード": 4, "市区町村コード": 101, "所在地": "宮城県仙台市青葉区本町二丁目１９－９　クリスタルパレスビル１階", "緯度": 38.2655195, "経度": 140.8738692, "url": "https://www.iryou.teikyouseido.mhlw.go.jp/znk-web/juminkanja/S2430/initialize?prefCd=04&kikanCd=0400150383&kikanKbn=5", "url2": null, "内容": "三番町薬局【5:薬局】宮城県仙台市青葉区本町二丁目１９－９　クリスタルパレスビル１階" }, "geometry": { "type": "Point", "coordinates": [ 140.8738692, 38.2655195 ] } },
{ "type": "Feature", "properties": { "ID": 450400150384, "正式名称": "ほっと薬局国見店", "機関区分": 5, "都道府県コード": 4, "市区町村コード": 101, "所在地": "宮城県仙台市青葉区国見２－１５－３５", "緯度": 38.277066, "経度": 140.835983, "url": "https://www.iryou.teikyouseido.mhlw.go.jp/znk-web/juminkanja/S2430/initialize?prefCd=04&kikanCd=0400150384&kikanKbn=5", "url2": "https://medicacollabo.com/", "内容": "ほっと薬局国見店【5:薬局】宮城県仙台市青葉区国見２－１５－３５" }, "geometry": { "type": "Point", "coordinates": [ 140.835983, 38.277066 ] } },
{ "type": "Feature", "properties": { "ID": 450400150386, "正式名称": "ヤマザワ調剤薬局荒井店", "機関区分": 5, "都道府県コード": 4, "市区町村コード": 103, "所在地": "宮城県仙台市若林区荒井３丁目２９の３", "緯度": 38.239556, "経度": 140.941769, "url": "https://www.iryou.teikyouseido.mhlw.go.jp/znk-web/juminkanja/S2430/initialize?prefCd=04&kikanCd=0400150386&kikanKbn=5", "url2": "https://www.yamazawa-drg.co.jp/", "内容": "ヤマザワ調剤薬局荒井店【5:薬局】宮城県仙台市若林区荒井３丁目２９の３" }, "geometry": { "type": "Point", "coordinates": [ 140.941769, 38.239556 ] } },
{ "type": "Feature", "properties": { "ID": 450400150387, "正式名称": "さくら薬局南光台店", "機関区分": 5, "都道府県コード": 4, "市区町村コード": 105, "所在地": "宮城県仙台市泉区南光台南二丁目４－１８　１階", "緯度": 38.295894, "経度": 140.903826, "url": "https://www.iryou.teikyouseido.mhlw.go.jp/znk-web/juminkanja/S2430/initialize?prefCd=04&kikanCd=0400150387&kikanKbn=5", "url2": "http://www.sakura-usagino.com", "内容": "さくら薬局南光台店【5:薬局】宮城県仙台市泉区南光台南二丁目４－１８　１階" }, "geometry": { "type": "Point", "coordinates": [ 140.903826, 38.295894 ] } },
{ "type": "Feature", "properties": { "ID": 450400150388, "正式名称": "アイン薬局　仙台泉中央店", "機関区分": 5, "都道府県コード": 4, "市区町村コード": 105, "所在地": "宮城県仙台市泉区泉中央１丁目１３－２増子ビル１Ｆ３号", "緯度": 38.322795, "経度": 140.879277, "url": "https://www.iryou.teikyouseido.mhlw.go.jp/znk-web/juminkanja/S2430/initialize?prefCd=04&kikanCd=0400150388&kikanKbn=5", "url2": "https://www.ainj.co.jp/", "内容": "アイン薬局　仙台泉中央店【5:薬局】宮城県仙台市泉区泉中央１丁目１３－２増子ビル１Ｆ３号" }, "geometry": { "type": "Point", "coordinates": [ 140.879277, 38.322795 ] } },
{ "type": "Feature", "properties": { "ID": 450400150389, "正式名称": "アイン薬局　仙台泉松森店", "機関区分": 5, "都道府県コード": 4, "市区町村コード": 105, "所在地": "宮城県仙台市泉区松森字館６０番", "緯度": 38.312333, "経度": 140.911228, "url": "https://www.iryou.teikyouseido.mhlw.go.jp/znk-web/juminkanja/S2430/initialize?prefCd=04&kikanCd=0400150389&kikanKbn=5", "url2": "http://www.ainj.co.jp", "内容": "アイン薬局　仙台泉松森店【5:薬局】宮城県仙台市泉区松森字館６０番" }, "geometry": { "type": "Point", "coordinates": [ 140.911228, 38.312333 ] } },
{ "type": "Feature", "properties": { "ID": 450400150390, "正式名称": "アイン薬局　愛子店", "機関区分": 5, "都道府県コード": 4, "市区町村コード": 101, "所在地": "宮城県仙台市青葉区下愛子字観音堂１－１", "緯度": 38.26859, "経度": 140.76163, "url": "https://www.iryou.teikyouseido.mhlw.go.jp/znk-web/juminkanja/S2430/initialize?prefCd=04&kikanCd=0400150390&kikanKbn=5", "url2": "https://www.ainj.co.jp/", "内容": "アイン薬局　愛子店【5:薬局】宮城県仙台市青葉区下愛子字観音堂１－１" }, "geometry": { "type": "Point", "coordinates": [ 140.76163, 38.26859 ] } },
{ "type": "Feature", "properties": { "ID": 450400150391, "正式名称": "アイン薬局　人来田店", "機関区分": 5, "都道府県コード": 4, "市区町村コード": 104, "所在地": "宮城県仙台市太白区旗立２丁目４－１２", "緯度": 38.224141, "経度": 140.811949, "url": "https://www.iryou.teikyouseido.mhlw.go.jp/znk-web/juminkanja/S2430/initialize?prefCd=04&kikanCd=0400150391&kikanKbn=5", "url2": null, "内容": "アイン薬局　人来田店【5:薬局】宮城県仙台市太白区旗立２丁目４－１２" }, "geometry": { "type": "Point", "coordinates": [ 140.811949, 38.224141 ] } },
{ "type": "Feature", "properties": { "ID": 450400150393, "正式名称": "トミザワ薬局　栗生店", "機関区分": 5, "都道府県コード": 4, "市区町村コード": 101, "所在地": "宮城県仙台市青葉区栗生５丁目８番地１０ロワールＴＮ１Ｆ", "緯度": 38.2661563, "経度": 140.7903927, "url": "https://www.iryou.teikyouseido.mhlw.go.jp/znk-web/juminkanja/S2430/initialize?prefCd=04&kikanCd=0400150393&kikanKbn=5", "url2": "https://www.ainj.co.jp/", "内容": "トミザワ薬局　栗生店【5:薬局】宮城県仙台市青葉区栗生５丁目８番地１０ロワールＴＮ１Ｆ" }, "geometry": { "type": "Point", "coordinates": [ 140.790392700000012, 38.2661563 ] } },
{ "type": "Feature", "properties": { "ID": 450400150395, "正式名称": "アイン薬局　富沢泉崎店", "機関区分": 5, "都道府県コード": 4, "市区町村コード": 104, "所在地": "宮城県仙台市太白区泉崎１丁目３２－１５", "緯度": 38.219277, "経度": 140.866632, "url": "https://www.iryou.teikyouseido.mhlw.go.jp/znk-web/juminkanja/S2430/initialize?prefCd=04&kikanCd=0400150395&kikanKbn=5", "url2": "http://www.ainj.co.jp", "内容": "アイン薬局　富沢泉崎店【5:薬局】宮城県仙台市太白区泉崎１丁目３２－１５" }, "geometry": { "type": "Point", "coordinates": [ 140.866632, 38.219277 ] } },
{ "type": "Feature", "properties": { "ID": 450400150396, "正式名称": "アイン薬局　茂庭台店", "機関区分": 5, "都道府県コード": 4, "市区町村コード": 104, "所在地": "宮城県仙台市太白区茂庭台３丁目３０－２８", "緯度": 38.239696, "経度": 140.789649, "url": "https://www.iryou.teikyouseido.mhlw.go.jp/znk-web/juminkanja/S2430/initialize?prefCd=04&kikanCd=0400150396&kikanKbn=5", "url2": "http://www.ainj.co.jp", "内容": "アイン薬局　茂庭台店【5:薬局】宮城県仙台市太白区茂庭台３丁目３０－２８" }, "geometry": { "type": "Point", "coordinates": [ 140.789649, 38.239696 ] } },
{ "type": "Feature", "properties": { "ID": 450400150397, "正式名称": "アイン薬局　長町二丁目店", "機関区分": 5, "都道府県コード": 4, "市区町村コード": 104, "所在地": "宮城県仙台市太白区長町２丁目９－２８", "緯度": 38.234794, "経度": 140.881621, "url": "https://www.iryou.teikyouseido.mhlw.go.jp/znk-web/juminkanja/S2430/initialize?prefCd=04&kikanCd=0400150397&kikanKbn=5", "url2": "https://www.ainj.co.jp/", "内容": "アイン薬局　長町二丁目店【5:薬局】宮城県仙台市太白区長町２丁目９－２８" }, "geometry": { "type": "Point", "coordinates": [ 140.881621, 38.234794 ] } },
{ "type": "Feature", "properties": { "ID": 450400150398, "正式名称": "カワチ薬局　若林店", "機関区分": 5, "都道府県コード": 4, "市区町村コード": 103, "所在地": "宮城県仙台市若林区若林２－７－３０", "緯度": 38.230123, "経度": 140.897878, "url": "https://www.iryou.teikyouseido.mhlw.go.jp/znk-web/juminkanja/S2430/initialize?prefCd=04&kikanCd=0400150398&kikanKbn=5", "url2": "https://www.cawachi.co.jp/", "内容": "カワチ薬局　若林店【5:薬局】宮城県仙台市若林区若林２－７－３０" }, "geometry": { "type": "Point", "coordinates": [ 140.897878, 38.230123 ] } },
{ "type": "Feature", "properties": { "ID": 450400150399, "正式名称": "アイン薬局小鶴新田店", "機関区分": 5, "都道府県コード": 4, "市区町村コード": 102, "所在地": "宮城県仙台市宮城野区新田東２－１０－５ＳＨビル１階", "緯度": 38.2741172, "経度": 140.9345726, "url": "https://www.iryou.teikyouseido.mhlw.go.jp/znk-web/juminkanja/S2430/initialize?prefCd=04&kikanCd=0400150399&kikanKbn=5", "url2": "https://www.ainj.co.jp/", "内容": "アイン薬局小鶴新田店【5:薬局】宮城県仙台市宮城野区新田東２－１０－５ＳＨビル１階" }, "geometry": { "type": "Point", "coordinates": [ 140.9345726, 38.2741172 ] } },
{ "type": "Feature", "properties": { "ID": 450400150400, "正式名称": "アイン薬局太白中田店", "機関区分": 5, "都道府県コード": 4, "市区町村コード": 104, "所在地": "宮城県仙台市太白区中田５丁目７－１７", "緯度": 38.196813, "経度": 140.887066, "url": "https://www.iryou.teikyouseido.mhlw.go.jp/znk-web/juminkanja/S2430/initialize?prefCd=04&kikanCd=0400150400&kikanKbn=5", "url2": "https://www.ainj.co.jp/", "内容": "アイン薬局太白中田店【5:薬局】宮城県仙台市太白区中田５丁目７－１７" }, "geometry": { "type": "Point", "coordinates": [ 140.887066, 38.196813 ] } },
{ "type": "Feature", "properties": { "ID": 450400150401, "正式名称": "トミザワ薬局泉店", "機関区分": 5, "都道府県コード": 4, "市区町村コード": 105, "所在地": "宮城県仙台市泉区泉中央１丁目３８ー１８", "緯度": 38.3241182, "経度": 140.8756794, "url": "https://www.iryou.teikyouseido.mhlw.go.jp/znk-web/juminkanja/S2430/initialize?prefCd=04&kikanCd=0400150401&kikanKbn=5", "url2": "http://www.ainj.co.jp", "内容": "トミザワ薬局泉店【5:薬局】宮城県仙台市泉区泉中央１丁目３８ー１８" }, "geometry": { "type": "Point", "coordinates": [ 140.8756794, 38.3241182 ] } },
{ "type": "Feature", "properties": { "ID": 450400150402, "正式名称": "卸町駅前薬局", "機関区分": 5, "都道府県コード": 4, "市区町村コード": 103, "所在地": "宮城県仙台市若林区大和町４－１９－２２　２階", "緯度": 38.250511, "経度": 140.919599, "url": "https://www.iryou.teikyouseido.mhlw.go.jp/znk-web/juminkanja/S2430/initialize?prefCd=04&kikanCd=0400150402&kikanKbn=5", "url2": "https://medikamente.co.jp/", "内容": "卸町駅前薬局【5:薬局】宮城県仙台市若林区大和町４－１９－２２　２階" }, "geometry": { "type": "Point", "coordinates": [ 140.919599, 38.250511 ] } },
{ "type": "Feature", "properties": { "ID": 450400150403, "正式名称": "アイン薬局　青葉店", "機関区分": 5, "都道府県コード": 4, "市区町村コード": 101, "所在地": "宮城県仙台市青葉区国分町２－３－１１　１階", "緯度": 38.262775, "経度": 140.868177, "url": "https://www.iryou.teikyouseido.mhlw.go.jp/znk-web/juminkanja/S2430/initialize?prefCd=04&kikanCd=0400150403&kikanKbn=5", "url2": "http:www.ainj.co.jp", "内容": "アイン薬局　青葉店【5:薬局】宮城県仙台市青葉区国分町２－３－１１　１階" }, "geometry": { "type": "Point", "coordinates": [ 140.868177, 38.262775 ] } },
{ "type": "Feature", "properties": { "ID": 450400150404, "正式名称": "調剤薬局ツルハドラッグ仙台大和町店", "機関区分": 5, "都道府県コード": 4, "市区町村コード": 103, "所在地": "宮城県仙台市若林区大和町１丁目２６８－５", "緯度": 38.247712, "経度": 140.909774, "url": "https://www.iryou.teikyouseido.mhlw.go.jp/znk-web/juminkanja/S2430/initialize?prefCd=04&kikanCd=0400150404&kikanKbn=5", "url2": "https://www.tsuruha.co.jp/", "内容": "調剤薬局ツルハドラッグ仙台大和町店【5:薬局】宮城県仙台市若林区大和町１丁目２６８－５" }, "geometry": { "type": "Point", "coordinates": [ 140.909774, 38.247712 ] } },
{ "type": "Feature", "properties": { "ID": 450400150405, "正式名称": "クスリのアオキ錦ケ丘薬局", "機関区分": 5, "都道府県コード": 4, "市区町村コード": 101, "所在地": "宮城県仙台市青葉区錦ケ丘一丁目２番地の８１", "緯度": 38.258575, "経度": 140.764245, "url": "https://www.iryou.teikyouseido.mhlw.go.jp/znk-web/juminkanja/S2430/initialize?prefCd=04&kikanCd=0400150405&kikanKbn=5", "url2": "https://www.kusuri-aoki.co.jp/", "内容": "クスリのアオキ錦ケ丘薬局【5:薬局】宮城県仙台市青葉区錦ケ丘一丁目２番地の８１" }, "geometry": { "type": "Point", "coordinates": [ 140.764245, 38.258575 ] } },
{ "type": "Feature", "properties": { "ID": 450400150406, "正式名称": "ホープ薬局　愛子中央店", "機関区分": 5, "都道府県コード": 4, "市区町村コード": 101, "所在地": "宮城県仙台市青葉区愛子中央６丁目７－１５　ベルハウス愛子中央３　１階", "緯度": 38.2716565, "経度": 140.7600212, "url": "https://www.iryou.teikyouseido.mhlw.go.jp/znk-web/juminkanja/S2430/initialize?prefCd=04&kikanCd=0400150406&kikanKbn=5", "url2": "https//altacks-hope.jp/", "内容": "ホープ薬局　愛子中央店【5:薬局】宮城県仙台市青葉区愛子中央６丁目７－１５　ベルハウス愛子中央３　１階" }, "geometry": { "type": "Point", "coordinates": [ 140.760021200000011, 38.2716565 ] } },
{ "type": "Feature", "properties": { "ID": 450400150407, "正式名称": "調剤薬局ツルハドラッグ泉古内店", "機関区分": 5, "都道府県コード": 4, "市区町村コード": 105, "所在地": "宮城県仙台市泉区古内字新坂の上３０－５", "緯度": 38.320161, "経度": 140.8436544, "url": "https://www.iryou.teikyouseido.mhlw.go.jp/znk-web/juminkanja/S2430/initialize?prefCd=04&kikanCd=0400150407&kikanKbn=5", "url2": "https://shop.tsuruha-g.com/0298c", "内容": "調剤薬局ツルハドラッグ泉古内店【5:薬局】宮城県仙台市泉区古内字新坂の上３０－５" }, "geometry": { "type": "Point", "coordinates": [ 140.8436544, 38.320161 ] } },
{ "type": "Feature", "properties": { "ID": 450400150408, "正式名称": "調剤薬局ツルハドラッグ大和町４丁目店", "機関区分": 5, "都道府県コード": 4, "市区町村コード": 103, "所在地": "宮城県仙台市若林区大和町４丁目６－４０", "緯度": 38.249204, "経度": 140.915311, "url": "https://www.iryou.teikyouseido.mhlw.go.jp/znk-web/juminkanja/S2430/initialize?prefCd=04&kikanCd=0400150408&kikanKbn=5", "url2": "https://shop.tsuruha-g.com/1092c", "内容": "調剤薬局ツルハドラッグ大和町４丁目店【5:薬局】宮城県仙台市若林区大和町４丁目６－４０" }, "geometry": { "type": "Point", "coordinates": [ 140.915311, 38.249204 ] } },
{ "type": "Feature", "properties": { "ID": 450400150409, "正式名称": "つるがや北薬局", "機関区分": 5, "都道府県コード": 4, "市区町村コード": 102, "所在地": "宮城県仙台市宮城野区鶴ケ谷北１ー１３ー２１", "緯度": 38.295923, "経度": 140.915323, "url": "https://www.iryou.teikyouseido.mhlw.go.jp/znk-web/juminkanja/S2430/initialize?prefCd=04&kikanCd=0400150409&kikanKbn=5", "url2": "https://70mkj.crayonsite.com/", "内容": "つるがや北薬局【5:薬局】宮城県仙台市宮城野区鶴ケ谷北１ー１３ー２１" }, "geometry": { "type": "Point", "coordinates": [ 140.915323, 38.295923 ] } },
{ "type": "Feature", "properties": { "ID": 450400150410, "正式名称": "アイン薬局仙台高砂店", "機関区分": 5, "都道府県コード": 4, "市区町村コード": 102, "所在地": "宮城県仙台市宮城野区高砂二丁目６－１７", "緯度": 38.268758, "経度": 140.968002, "url": "https://www.iryou.teikyouseido.mhlw.go.jp/znk-web/juminkanja/S2430/initialize?prefCd=04&kikanCd=0400150410&kikanKbn=5", "url2": "https://www.ainj.co.jp/", "内容": "アイン薬局仙台高砂店【5:薬局】宮城県仙台市宮城野区高砂二丁目６－１７" }, "geometry": { "type": "Point", "coordinates": [ 140.968002, 38.268758 ] } },
{ "type": "Feature", "properties": { "ID": 450400150411, "正式名称": "上杉調剤薬局", "機関区分": 5, "都道府県コード": 4, "市区町村コード": 101, "所在地": "宮城県仙台市青葉区上杉１丁目６－１０　１階", "緯度": 38.270466, "経度": 140.870063, "url": "https://www.iryou.teikyouseido.mhlw.go.jp/znk-web/juminkanja/S2430/initialize?prefCd=04&kikanCd=0400150411&kikanKbn=5", "url2": null, "内容": "上杉調剤薬局【5:薬局】宮城県仙台市青葉区上杉１丁目６－１０　１階" }, "geometry": { "type": "Point", "coordinates": [ 140.870063, 38.270466 ] } },
{ "type": "Feature", "properties": { "ID": 450400150412, "正式名称": "リズム調剤薬局　西中田店", "機関区分": 5, "都道府県コード": 4, "市区町村コード": 104, "所在地": "宮城県仙台市太白区西中田３－６－５０", "緯度": 38.201427, "経度": 140.876712, "url": "https://www.iryou.teikyouseido.mhlw.go.jp/znk-web/juminkanja/S2430/initialize?prefCd=04&kikanCd=0400150412&kikanKbn=5", "url2": null, "内容": "リズム調剤薬局　西中田店【5:薬局】宮城県仙台市太白区西中田３－６－５０" }, "geometry": { "type": "Point", "coordinates": [ 140.876712, 38.201427 ] } },
{ "type": "Feature", "properties": { "ID": 450400150414, "正式名称": "仙台駅前名掛丁東オレンジ薬局", "機関区分": 5, "都道府県コード": 4, "市区町村コード": 102, "所在地": "宮城県仙台市宮城野区名掛丁２０１－２　２階", "緯度": 38.262701, "経度": 140.88282, "url": "https://www.iryou.teikyouseido.mhlw.go.jp/znk-web/juminkanja/S2430/initialize?prefCd=04&kikanCd=0400150414&kikanKbn=5", "url2": "http://www.imai-medicalsupport.jp/", "内容": "仙台駅前名掛丁東オレンジ薬局【5:薬局】宮城県仙台市宮城野区名掛丁２０１－２　２階" }, "geometry": { "type": "Point", "coordinates": [ 140.88282, 38.262701 ] } },
{ "type": "Feature", "properties": { "ID": 450400150415, "正式名称": "台原ヘルスマート薬局", "機関区分": 5, "都道府県コード": 4, "市区町村コード": 101, "所在地": "宮城県仙台市青葉区台原４－３－１", "緯度": 38.283871, "経度": 140.876024, "url": "https://www.iryou.teikyouseido.mhlw.go.jp/znk-web/juminkanja/S2430/initialize?prefCd=04&kikanCd=0400150415&kikanKbn=5", "url2": null, "内容": "台原ヘルスマート薬局【5:薬局】宮城県仙台市青葉区台原４－３－１" }, "geometry": { "type": "Point", "coordinates": [ 140.876024, 38.283871 ] } },
{ "type": "Feature", "properties": { "ID": 450400150416, "正式名称": "調剤薬局ツルハドラッグ仙台新田東店", "機関区分": 5, "都道府県コード": 4, "市区町村コード": 102, "所在地": "宮城県仙台市宮城野区新田東５－１３－１９", "緯度": 38.2808401, "経度": 140.9336926, "url": "https://www.iryou.teikyouseido.mhlw.go.jp/znk-web/juminkanja/S2430/initialize?prefCd=04&kikanCd=0400150416&kikanKbn=5", "url2": "https://www.tsuruha.co.jp/", "内容": "調剤薬局ツルハドラッグ仙台新田東店【5:薬局】宮城県仙台市宮城野区新田東５－１３－１９" }, "geometry": { "type": "Point", "coordinates": [ 140.9336926, 38.2808401 ] } },
{ "type": "Feature", "properties": { "ID": 450400150417, "正式名称": "明日可薬局花壇", "機関区分": 5, "都道府県コード": 4, "市区町村コード": 101, "所在地": "宮城県仙台市青葉区花壇５－２", "緯度": 38.256277, "経度": 140.863498, "url": "https://www.iryou.teikyouseido.mhlw.go.jp/znk-web/juminkanja/S2430/initialize?prefCd=04&kikanCd=0400150417&kikanKbn=5", "url2": "https://littlebird-asukapharmacy.com/", "内容": "明日可薬局花壇【5:薬局】宮城県仙台市青葉区花壇５－２" }, "geometry": { "type": "Point", "coordinates": [ 140.863498, 38.256277 ] } },
{ "type": "Feature", "properties": { "ID": 450400150418, "正式名称": "調剤薬局ツルハドラッグなないろの里店", "機関区分": 5, "都道府県コード": 4, "市区町村コード": 103, "所在地": "宮城県仙台市若林区なないろの里３－４－１１", "緯度": 38.2375907, "経度": 140.9321286, "url": "https://www.iryou.teikyouseido.mhlw.go.jp/znk-web/juminkanja/S2430/initialize?prefCd=04&kikanCd=0400150418&kikanKbn=5", "url2": null, "内容": "調剤薬局ツルハドラッグなないろの里店【5:薬局】宮城県仙台市若林区なないろの里３－４－１１" }, "geometry": { "type": "Point", "coordinates": [ 140.9321286, 38.2375907 ] } },
{ "type": "Feature", "properties": { "ID": 450400150420, "正式名称": "上谷刈薬局", "機関区分": 5, "都道府県コード": 4, "市区町村コード": 105, "所在地": "宮城県仙台市泉区上谷刈４丁目・８－２５", "緯度": 38.31099, "経度": 140.86722, "url": "https://www.iryou.teikyouseido.mhlw.go.jp/znk-web/juminkanja/S2430/initialize?prefCd=04&kikanCd=0400150420&kikanKbn=5", "url2": "https://mk2pharmacy.jp", "内容": "上谷刈薬局【5:薬局】宮城県仙台市泉区上谷刈４丁目・８－２５" }, "geometry": { "type": "Point", "coordinates": [ 140.86722, 38.31099 ] } },
{ "type": "Feature", "properties": { "ID": 450400150421, "正式名称": "中山薬局", "機関区分": 5, "都道府県コード": 4, "市区町村コード": 101, "所在地": "宮城県仙台市青葉区中山１－１－１０", "緯度": 38.288992, "経度": 140.846917, "url": "https://www.iryou.teikyouseido.mhlw.go.jp/znk-web/juminkanja/S2430/initialize?prefCd=04&kikanCd=0400150421&kikanKbn=5", "url2": null, "内容": "中山薬局【5:薬局】宮城県仙台市青葉区中山１－１－１０" }, "geometry": { "type": "Point", "coordinates": [ 140.846917, 38.288992 ] } },
{ "type": "Feature", "properties": { "ID": 450400150422, "正式名称": "マミー薬局", "機関区分": 5, "都道府県コード": 4, "市区町村コード": 105, "所在地": "宮城県仙台市泉区南光台３－１８－１９", "緯度": 38.296579, "経度": 140.892755, "url": "https://www.iryou.teikyouseido.mhlw.go.jp/znk-web/juminkanja/S2430/initialize?prefCd=04&kikanCd=0400150422&kikanKbn=5", "url2": "https://www.medical-briller.co.jp/", "内容": "マミー薬局【5:薬局】宮城県仙台市泉区南光台３－１８－１９" }, "geometry": { "type": "Point", "coordinates": [ 140.892755, 38.296579 ] } },
{ "type": "Feature", "properties": { "ID": 450400150423, "正式名称": "調剤薬局ツルハドラッグ仙台柳生店", "機関区分": 5, "都道府県コード": 4, "市区町村コード": 104, "所在地": "宮城県仙台市太白区柳生１ー１０ー８", "緯度": 38.197722, "経度": 140.871594, "url": "https://www.iryou.teikyouseido.mhlw.go.jp/znk-web/juminkanja/S2430/initialize?prefCd=04&kikanCd=0400150423&kikanKbn=5", "url2": null, "内容": "調剤薬局ツルハドラッグ仙台柳生店【5:薬局】宮城県仙台市太白区柳生１ー１０ー８" }, "geometry": { "type": "Point", "coordinates": [ 140.871594, 38.197722 ] } },
{ "type": "Feature", "properties": { "ID": 450400150424, "正式名称": "かみ薬局", "機関区分": 5, "都道府県コード": 4, "市区町村コード": 103, "所在地": "宮城県仙台市若林区東八番丁２１番地", "緯度": 38.251479, "経度": 140.884534, "url": "https://www.iryou.teikyouseido.mhlw.go.jp/znk-web/juminkanja/S2430/initialize?prefCd=04&kikanCd=0400150424&kikanKbn=5", "url2": null, "内容": "かみ薬局【5:薬局】宮城県仙台市若林区東八番丁２１番地" }, "geometry": { "type": "Point", "coordinates": [ 140.884534, 38.251479 ] } },
{ "type": "Feature", "properties": { "ID": 450400150425, "正式名称": "アイベル薬局　荒井店", "機関区分": 5, "都道府県コード": 4, "市区町村コード": 103, "所在地": "宮城県仙台市若林区長喜城字山神４５番１２", "緯度": 38.239049, "経度": 140.940284, "url": "https://www.iryou.teikyouseido.mhlw.go.jp/znk-web/juminkanja/S2430/initialize?prefCd=04&kikanCd=0400150425&kikanKbn=5", "url2": "https://suzumedi.com/", "内容": "アイベル薬局　荒井店【5:薬局】宮城県仙台市若林区長喜城字山神４５番１２" }, "geometry": { "type": "Point", "coordinates": [ 140.940284, 38.239049 ] } },
{ "type": "Feature", "properties": { "ID": 450400150426, "正式名称": "ウエルシア薬局仙台長命ケ丘店", "機関区分": 5, "都道府県コード": 4, "市区町村コード": 105, "所在地": "宮城県仙台市泉区長命ケ丘４－１－１", "緯度": 38.315346, "経度": 140.838992, "url": "https://www.iryou.teikyouseido.mhlw.go.jp/znk-web/juminkanja/S2430/initialize?prefCd=04&kikanCd=0400150426&kikanKbn=5", "url2": "https://store.welcia.co.jp/welcia/spot/detail?code=1380D", "内容": "ウエルシア薬局仙台長命ケ丘店【5:薬局】宮城県仙台市泉区長命ケ丘４－１－１" }, "geometry": { "type": "Point", "coordinates": [ 140.838992, 38.315346 ] } },
{ "type": "Feature", "properties": { "ID": 450400150427, "正式名称": "まつざわ薬局　八幡店", "機関区分": 5, "都道府県コード": 4, "市区町村コード": 101, "所在地": "宮城県仙台市青葉区八幡３－１－５０　２Ｆ", "緯度": 38.2691964, "経度": 140.849573, "url": "https://www.iryou.teikyouseido.mhlw.go.jp/znk-web/juminkanja/S2430/initialize?prefCd=04&kikanCd=0400150427&kikanKbn=5", "url2": "http://www.matsuzawa-medical.co.jp", "内容": "まつざわ薬局　八幡店【5:薬局】宮城県仙台市青葉区八幡３－１－５０　２Ｆ" }, "geometry": { "type": "Point", "coordinates": [ 140.849573, 38.2691964 ] } },
{ "type": "Feature", "properties": { "ID": 450400150429, "正式名称": "アムール薬局", "機関区分": 5, "都道府県コード": 4, "市区町村コード": 103, "所在地": "宮城県仙台市若林区荒井５－８－２３", "緯度": 38.245791, "経度": 140.945267, "url": "https://www.iryou.teikyouseido.mhlw.go.jp/znk-web/juminkanja/S2430/initialize?prefCd=04&kikanCd=0400150429&kikanKbn=5", "url2": null, "内容": "アムール薬局【5:薬局】宮城県仙台市若林区荒井５－８－２３" }, "geometry": { "type": "Point", "coordinates": [ 140.945267, 38.245791 ] } },
{ "type": "Feature", "properties": { "ID": 450400150430, "正式名称": "Ｎ９薬局", "機関区分": 5, "都道府県コード": 4, "市区町村コード": 101, "所在地": "宮城県仙台市青葉区木町通１−６−２４", "緯度": 38.270137, "経度": 140.865044, "url": "https://www.iryou.teikyouseido.mhlw.go.jp/znk-web/juminkanja/S2430/initialize?prefCd=04&kikanCd=0400150430&kikanKbn=5", "url2": "https://pc-medicine.com", "内容": "Ｎ９薬局【5:薬局】宮城県仙台市青葉区木町通１−６−２４" }, "geometry": { "type": "Point", "coordinates": [ 140.865044, 38.270137 ] } },
{ "type": "Feature", "properties": { "ID": 450400150431, "正式名称": "ひかり薬局支倉", "機関区分": 5, "都道府県コード": 4, "市区町村コード": 101, "所在地": "宮城県仙台市青葉区支倉町４－３５", "緯度": 38.270742, "経度": 140.861578, "url": "https://www.iryou.teikyouseido.mhlw.go.jp/znk-web/juminkanja/S2430/initialize?prefCd=04&kikanCd=0400150431&kikanKbn=5", "url2": "https://www.hikari-pharmacy.co.jp/", "内容": "ひかり薬局支倉【5:薬局】宮城県仙台市青葉区支倉町４－３５" }, "geometry": { "type": "Point", "coordinates": [ 140.861578, 38.270742 ] } },
{ "type": "Feature", "properties": { "ID": 450400150432, "正式名称": "調剤薬局ツルハドラッグ仙台沖野店", "機関区分": 5, "都道府県コード": 4, "市区町村コード": 103, "所在地": "宮城県仙台市若林区若林６丁目１１番５２号", "緯度": 38.226731, "経度": 140.907844, "url": "https://www.iryou.teikyouseido.mhlw.go.jp/znk-web/juminkanja/S2430/initialize?prefCd=04&kikanCd=0400150432&kikanKbn=5", "url2": "https://shop.tsuruha-g.com/1140c", "内容": "調剤薬局ツルハドラッグ仙台沖野店【5:薬局】宮城県仙台市若林区若林６丁目１１番５２号" }, "geometry": { "type": "Point", "coordinates": [ 140.907844, 38.226731 ] } },
{ "type": "Feature", "properties": { "ID": 450400150433, "正式名称": "東口駅前調剤薬局", "機関区分": 5, "都道府県コード": 4, "市区町村コード": 102, "所在地": "宮城県仙台市宮城野区榴岡２－１－１２ＫＩビル２階", "緯度": 38.260852, "経度": 140.884527, "url": "https://www.iryou.teikyouseido.mhlw.go.jp/znk-web/juminkanja/S2430/initialize?prefCd=04&kikanCd=0400150433&kikanKbn=5", "url2": "https://future-pharmacy.jp/", "内容": "東口駅前調剤薬局【5:薬局】宮城県仙台市宮城野区榴岡２－１－１２ＫＩビル２階" }, "geometry": { "type": "Point", "coordinates": [ 140.884527, 38.260852 ] } },
{ "type": "Feature", "properties": { "ID": 450400150434, "正式名称": "薬局マツモトキヨシ仙台中田店", "機関区分": 5, "都道府県コード": 4, "市区町村コード": 104, "所在地": "宮城県仙台市太白区中田町二軒橋１１ー１", "緯度": 38.19261, "経度": 140.8964, "url": "https://www.iryou.teikyouseido.mhlw.go.jp/znk-web/juminkanja/S2430/initialize?prefCd=04&kikanCd=0400150434&kikanKbn=5", "url2": "https://www.matsukiyococokara-online.com/store/", "内容": "薬局マツモトキヨシ仙台中田店【5:薬局】宮城県仙台市太白区中田町二軒橋１１ー１" }, "geometry": { "type": "Point", "coordinates": [ 140.8964, 38.19261 ] } },
{ "type": "Feature", "properties": { "ID": 450400150435, "正式名称": "たかさご調剤薬局", "機関区分": 5, "都道府県コード": 4, "市区町村コード": 102, "所在地": "宮城県仙台市宮城野区高砂一丁目２９－４フロンティア高砂１０３", "緯度": 38.268735, "経度": 140.971892, "url": "https://www.iryou.teikyouseido.mhlw.go.jp/znk-web/juminkanja/S2430/initialize?prefCd=04&kikanCd=0400150435&kikanKbn=5", "url2": "https://medikamente.co.jp/", "内容": "たかさご調剤薬局【5:薬局】宮城県仙台市宮城野区高砂一丁目２９－４フロンティア高砂１０３" }, "geometry": { "type": "Point", "coordinates": [ 140.971892, 38.268735 ] } },
{ "type": "Feature", "properties": { "ID": 450400150436, "正式名称": "懐仁堂漢方薬局", "機関区分": 5, "都道府県コード": 4, "市区町村コード": 101, "所在地": "宮城県仙台市青葉区上杉６丁目２－１　１階", "緯度": 38.276051, "経度": 140.876983, "url": "https://www.iryou.teikyouseido.mhlw.go.jp/znk-web/juminkanja/S2430/initialize?prefCd=04&kikanCd=0400150436&kikanKbn=5", "url2": "http://www.kaijindou.com/", "内容": "懐仁堂漢方薬局【5:薬局】宮城県仙台市青葉区上杉６丁目２－１　１階" }, "geometry": { "type": "Point", "coordinates": [ 140.876983, 38.276051 ] } },
{ "type": "Feature", "properties": { "ID": 450400150437, "正式名称": "ホープ薬局　袋原店", "機関区分": 5, "都道府県コード": 4, "市区町村コード": 104, "所在地": "宮城県仙台市太白区袋原台３１ー１", "緯度": 38.196816, "経度": 140.90756, "url": "https://www.iryou.teikyouseido.mhlw.go.jp/znk-web/juminkanja/S2430/initialize?prefCd=04&kikanCd=0400150437&kikanKbn=5", "url2": "https://altacks-hope.jp/", "内容": "ホープ薬局　袋原店【5:薬局】宮城県仙台市太白区袋原台３１ー１" }, "geometry": { "type": "Point", "coordinates": [ 140.90756, 38.196816 ] } },
{ "type": "Feature", "properties": { "ID": 450400150438, "正式名称": "日本調剤　萩野町薬局", "機関区分": 5, "都道府県コード": 4, "市区町村コード": 102, "所在地": "宮城県仙台市宮城野区萩野町３丁目４番地１０　１階", "緯度": 38.2557351, "経度": 140.9160624, "url": "https://www.iryou.teikyouseido.mhlw.go.jp/znk-web/juminkanja/S2430/initialize?prefCd=04&kikanCd=0400150438&kikanKbn=5", "url2": "https://www.nicho.co.jp/tenpo/haginomachi/", "内容": "日本調剤　萩野町薬局【5:薬局】宮城県仙台市宮城野区萩野町３丁目４番地１０　１階" }, "geometry": { "type": "Point", "coordinates": [ 140.916062399999987, 38.2557351 ] } },
{ "type": "Feature", "properties": { "ID": 450400150439, "正式名称": "調剤薬局ツルハドラッグ仙台南小泉店", "機関区分": 5, "都道府県コード": 4, "市区町村コード": 103, "所在地": "宮城県仙台市若林区遠見塚三丁目１番１１号", "緯度": 38.242494, "経度": 140.915259, "url": "https://www.iryou.teikyouseido.mhlw.go.jp/znk-web/juminkanja/S2430/initialize?prefCd=04&kikanCd=0400150439&kikanKbn=5", "url2": "https://shop.tsuruha-g.com/1487c", "内容": "調剤薬局ツルハドラッグ仙台南小泉店【5:薬局】宮城県仙台市若林区遠見塚三丁目１番１１号" }, "geometry": { "type": "Point", "coordinates": [ 140.915259, 38.242494 ] } },
{ "type": "Feature", "properties": { "ID": 450400150440, "正式名称": "やまとまち四丁目薬局", "機関区分": 5, "都道府県コード": 4, "市区町村コード": 103, "所在地": "宮城県仙台市若林区大和町四丁目２３－２２", "緯度": 38.248826, "経度": 140.919677, "url": "https://www.iryou.teikyouseido.mhlw.go.jp/znk-web/juminkanja/S2430/initialize?prefCd=04&kikanCd=0400150440&kikanKbn=5", "url2": "https://medikamente.co.jp/", "内容": "やまとまち四丁目薬局【5:薬局】宮城県仙台市若林区大和町四丁目２３－２２" }, "geometry": { "type": "Point", "coordinates": [ 140.919677, 38.248826 ] } },
{ "type": "Feature", "properties": { "ID": 450400150441, "正式名称": "薬局ネロリ", "機関区分": 5, "都道府県コード": 4, "市区町村コード": 101, "所在地": "宮城県仙台市青葉区一番町４丁目１０－１９ａｓｓｅｓｓ仙台一番町ビル３０２", "緯度": 38.26558, "経度": 140.870109, "url": "https://www.iryou.teikyouseido.mhlw.go.jp/znk-web/juminkanja/S2430/initialize?prefCd=04&kikanCd=0400150441&kikanKbn=5", "url2": "www.neroli-aodamo.com", "内容": "薬局ネロリ【5:薬局】宮城県仙台市青葉区一番町４丁目１０－１９ａｓｓｅｓｓ仙台一番町ビル３０２" }, "geometry": { "type": "Point", "coordinates": [ 140.870109, 38.26558 ] } },
{ "type": "Feature", "properties": { "ID": 450400150442, "正式名称": "ホープ薬局支倉店", "機関区分": 5, "都道府県コード": 4, "市区町村コード": 101, "所在地": "宮城県仙台市青葉区支倉町１－３１　支倉メディカルビル１階", "緯度": 38.266318, "経度": 140.862657, "url": "https://www.iryou.teikyouseido.mhlw.go.jp/znk-web/juminkanja/S2430/initialize?prefCd=04&kikanCd=0400150442&kikanKbn=5", "url2": "https://altacks-hope.jp/", "内容": "ホープ薬局支倉店【5:薬局】宮城県仙台市青葉区支倉町１－３１　支倉メディカルビル１階" }, "geometry": { "type": "Point", "coordinates": [ 140.862657, 38.266318 ] } },
{ "type": "Feature", "properties": { "ID": 450400150443, "正式名称": "仙台調剤薬局　郷六店", "機関区分": 5, "都道府県コード": 4, "市区町村コード": 101, "所在地": "宮城県仙台市青葉区郷六字舘６７－２", "緯度": 38.26649, "経度": 140.815148, "url": "https://www.iryou.teikyouseido.mhlw.go.jp/znk-web/juminkanja/S2430/initialize?prefCd=04&kikanCd=0400150443&kikanKbn=5", "url2": "http://www.shpe.co.jp", "内容": "仙台調剤薬局　郷六店【5:薬局】宮城県仙台市青葉区郷六字舘６７－２" }, "geometry": { "type": "Point", "coordinates": [ 140.815148, 38.26649 ] } },
{ "type": "Feature", "properties": { "ID": 450400150444, "正式名称": "調剤薬局ツルハドラッグ仙台二日町店", "機関区分": 5, "都道府県コード": 4, "市区町村コード": 101, "所在地": "宮城県仙台市青葉区二日町１８番２０", "緯度": 38.2716454, "経度": 140.8676208, "url": "https://www.iryou.teikyouseido.mhlw.go.jp/znk-web/juminkanja/S2430/initialize?prefCd=04&kikanCd=0400150444&kikanKbn=5", "url2": "https://shop.tsuruha-g.com/1908c", "内容": "調剤薬局ツルハドラッグ仙台二日町店【5:薬局】宮城県仙台市青葉区二日町１８番２０" }, "geometry": { "type": "Point", "coordinates": [ 140.8676208, 38.2716454 ] } },
{ "type": "Feature", "properties": { "ID": 450400150445, "正式名称": "くろまつ薬局", "機関区分": 5, "都道府県コード": 4, "市区町村コード": 105, "所在地": "宮城県仙台市泉区黒松１－３２－１３", "緯度": 38.3042294, "経度": 140.8854962, "url": "https://www.iryou.teikyouseido.mhlw.go.jp/znk-web/juminkanja/S2430/initialize?prefCd=04&kikanCd=0400150445&kikanKbn=5", "url2": null, "内容": "くろまつ薬局【5:薬局】宮城県仙台市泉区黒松１－３２－１３" }, "geometry": { "type": "Point", "coordinates": [ 140.8854962, 38.3042294 ] } },
{ "type": "Feature", "properties": { "ID": 450400150446, "正式名称": "調剤薬局ツルハドラッグ仙台東中田店", "機関区分": 5, "都道府県コード": 4, "市区町村コード": 104, "所在地": "宮城県仙台市太白区東中田２丁目３９ー２７", "緯度": 38.2027682, "経度": 140.9011965, "url": "https://www.iryou.teikyouseido.mhlw.go.jp/znk-web/juminkanja/S2430/initialize?prefCd=04&kikanCd=0400150446&kikanKbn=5", "url2": "https://shop.tsuruha-g.com/3395", "内容": "調剤薬局ツルハドラッグ仙台東中田店【5:薬局】宮城県仙台市太白区東中田２丁目３９ー２７" }, "geometry": { "type": "Point", "coordinates": [ 140.9011965, 38.2027682 ] } },
{ "type": "Feature", "properties": { "ID": 450400150447, "正式名称": "調剤薬局ツルハドラッグ仙台中山店", "機関区分": 5, "都道府県コード": 4, "市区町村コード": 101, "所在地": "宮城県仙台市青葉区中山７丁目２番３０号", "緯度": 33.448027, "経度": 129.965877, "url": "https://www.iryou.teikyouseido.mhlw.go.jp/znk-web/juminkanja/S2430/initialize?prefCd=04&kikanCd=0400150447&kikanKbn=5", "url2": "https://shop.tsuruha-g.com/1187", "内容": "調剤薬局ツルハドラッグ仙台中山店【5:薬局】宮城県仙台市青葉区中山７丁目２番３０号" }, "geometry": { "type": "Point", "coordinates": [ 129.965877, 33.448027 ] } },
{ "type": "Feature", "properties": { "ID": 450400150448, "正式名称": "富沢西調剤薬局", "機関区分": 5, "都道府県コード": 4, "市区町村コード": 104, "所在地": "宮城県仙台市太白区富沢西４－１－２０", "緯度": 38.212436, "経度": 140.862529, "url": "https://www.iryou.teikyouseido.mhlw.go.jp/znk-web/juminkanja/S2430/initialize?prefCd=04&kikanCd=0400150448&kikanKbn=5", "url2": null, "内容": "富沢西調剤薬局【5:薬局】宮城県仙台市太白区富沢西４－１－２０" }, "geometry": { "type": "Point", "coordinates": [ 140.862529, 38.212436 ] } },
{ "type": "Feature", "properties": { "ID": 450400150449, "正式名称": "日本調剤　広瀬通薬局", "機関区分": 5, "都道府県コード": 4, "市区町村コード": 101, "所在地": "宮城県仙台市青葉区中央２丁目１０－２０シエロ広瀬通ビル１Ｆ", "緯度": 38.2626693, "経度": 140.8757405, "url": "https://www.iryou.teikyouseido.mhlw.go.jp/znk-web/juminkanja/S2430/initialize?prefCd=04&kikanCd=0400150449&kikanKbn=5", "url2": "https://www.nicho.co.jp/tenpo/hirosedori/", "内容": "日本調剤　広瀬通薬局【5:薬局】宮城県仙台市青葉区中央２丁目１０－２０シエロ広瀬通ビル１Ｆ" }, "geometry": { "type": "Point", "coordinates": [ 140.8757405, 38.2626693 ] } },
{ "type": "Feature", "properties": { "ID": 450400150450, "正式名称": "あかね薬局定禅寺通り店", "機関区分": 5, "都道府県コード": 4, "市区町村コード": 101, "所在地": "宮城県仙台市青葉区国分町２－１３－２１－５Ｆ", "緯度": 38.2651077, "経度": 140.8675359, "url": "https://www.iryou.teikyouseido.mhlw.go.jp/znk-web/juminkanja/S2430/initialize?prefCd=04&kikanCd=0400150450&kikanKbn=5", "url2": "https://www.kusurinomadoguchi.com/miyagi/s1000052205", "内容": "あかね薬局定禅寺通り店【5:薬局】宮城県仙台市青葉区国分町２－１３－２１－５Ｆ" }, "geometry": { "type": "Point", "coordinates": [ 140.8675359, 38.2651077 ] } },
{ "type": "Feature", "properties": { "ID": 450400150451, "正式名称": "きずな薬局　中山吉成", "機関区分": 5, "都道府県コード": 4, "市区町村コード": 101, "所在地": "宮城県仙台市青葉区中山吉成１－４－５", "緯度": 33.188047, "経度": 129.905833, "url": "https://www.iryou.teikyouseido.mhlw.go.jp/znk-web/juminkanja/S2430/initialize?prefCd=04&kikanCd=0400150451&kikanKbn=5", "url2": "https://magokoro-kizuna.com/stores/#nakayama", "内容": "きずな薬局　中山吉成【5:薬局】宮城県仙台市青葉区中山吉成１－４－５" }, "geometry": { "type": "Point", "coordinates": [ 129.905833, 33.188047 ] } },
{ "type": "Feature", "properties": { "ID": 450400150453, "正式名称": "リフレ薬局　小田原店", "機関区分": 5, "都道府県コード": 4, "市区町村コード": 102, "所在地": "宮城県仙台市宮城野区小田原１丁目６－３３", "緯度": 38.266595, "経度": 140.891289, "url": "https://www.iryou.teikyouseido.mhlw.go.jp/znk-web/juminkanja/S2430/initialize?prefCd=04&kikanCd=0400150453&kikanKbn=5", "url2": "http://www.refre-net.com", "内容": "リフレ薬局　小田原店【5:薬局】宮城県仙台市宮城野区小田原１丁目６－３３" }, "geometry": { "type": "Point", "coordinates": [ 140.891289, 38.266595 ] } },
{ "type": "Feature", "properties": { "ID": 450400150454, "正式名称": "南吉成調剤薬局", "機関区分": 5, "都道府県コード": 4, "市区町村コード": 101, "所在地": "宮城県仙台市青葉区南吉成３－９－８", "緯度": 38.288869, "経度": 140.816698, "url": "https://www.iryou.teikyouseido.mhlw.go.jp/znk-web/juminkanja/S2430/initialize?prefCd=04&kikanCd=0400150454&kikanKbn=5", "url2": null, "内容": "南吉成調剤薬局【5:薬局】宮城県仙台市青葉区南吉成３－９－８" }, "geometry": { "type": "Point", "coordinates": [ 140.816698, 38.288869 ] } },
{ "type": "Feature", "properties": { "ID": 450400150455, "正式名称": "通町薬局", "機関区分": 5, "都道府県コード": 4, "市区町村コード": 101, "所在地": "宮城県仙台市青葉区通町２－１２－２", "緯度": 38.279638, "経度": 140.863923, "url": "https://www.iryou.teikyouseido.mhlw.go.jp/znk-web/juminkanja/S2430/initialize?prefCd=04&kikanCd=0400150455&kikanKbn=5", "url2": "https://mk2pharmacy.jp/", "内容": "通町薬局【5:薬局】宮城県仙台市青葉区通町２－１２－２" }, "geometry": { "type": "Point", "coordinates": [ 140.863923, 38.279638 ] } },
{ "type": "Feature", "properties": { "ID": 450400150456, "正式名称": "ウエルシア薬局仙台八乙女中央店", "機関区分": 5, "都道府県コード": 4, "市区町村コード": 105, "所在地": "宮城県仙台市泉区八乙女中央５－１３－１１", "緯度": 38.310788, "経度": 140.887044, "url": "https://www.iryou.teikyouseido.mhlw.go.jp/znk-web/juminkanja/S2430/initialize?prefCd=04&kikanCd=0400150456&kikanKbn=5", "url2": "https://store.welcia.co.jp/welcia/spot/detail?code=1417D", "内容": "ウエルシア薬局仙台八乙女中央店【5:薬局】宮城県仙台市泉区八乙女中央５－１３－１１" }, "geometry": { "type": "Point", "coordinates": [ 140.887044, 38.310788 ] } },
{ "type": "Feature", "properties": { "ID": 450400150457, "正式名称": "さくら調剤薬局中央店", "機関区分": 5, "都道府県コード": 4, "市区町村コード": 101, "所在地": "宮城県仙台市青葉区中央３丁目１－２２エキニア青葉通り１Ｆ", "緯度": 38.2602968, "経度": 140.878743, "url": "https://www.iryou.teikyouseido.mhlw.go.jp/znk-web/juminkanja/S2430/initialize?prefCd=04&kikanCd=0400150457&kikanKbn=5", "url2": "https://sakurapharmacy.co.jp/", "内容": "さくら調剤薬局中央店【5:薬局】宮城県仙台市青葉区中央３丁目１－２２エキニア青葉通り１Ｆ" }, "geometry": { "type": "Point", "coordinates": [ 140.878743, 38.2602968 ] } },
{ "type": "Feature", "properties": { "ID": 450400150458, "正式名称": "三条町薬局", "機関区分": 5, "都道府県コード": 4, "市区町村コード": 101, "所在地": "宮城県仙台市青葉区三条町１２－７河東田ＢＬＤ１０１", "緯度": 38.281362, "経度": 140.852434, "url": "https://www.iryou.teikyouseido.mhlw.go.jp/znk-web/juminkanja/S2430/initialize?prefCd=04&kikanCd=0400150458&kikanKbn=5", "url2": "https://sanjoumati.crayonsite.net/", "内容": "三条町薬局【5:薬局】宮城県仙台市青葉区三条町１２－７河東田ＢＬＤ１０１" }, "geometry": { "type": "Point", "coordinates": [ 140.852434, 38.281362 ] } },
{ "type": "Feature", "properties": { "ID": 450400150459, "正式名称": "調剤薬局ツルハドラッグ仙台宮千代店", "機関区分": 5, "都道府県コード": 4, "市区町村コード": 102, "所在地": "宮城県仙台市宮城野区宮千代３丁目６－６", "緯度": 38.2549909, "経度": 140.9160275, "url": "https://www.iryou.teikyouseido.mhlw.go.jp/znk-web/juminkanja/S2430/initialize?prefCd=04&kikanCd=0400150459&kikanKbn=5", "url2": "https://shop.tsuruha-g.com/0730", "内容": "調剤薬局ツルハドラッグ仙台宮千代店【5:薬局】宮城県仙台市宮城野区宮千代３丁目６－６" }, "geometry": { "type": "Point", "coordinates": [ 140.916027500000013, 38.2549909 ] } },
{ "type": "Feature", "properties": { "ID": 450400150460, "正式名称": "調剤薬局ツルハドラッグ荒巻本沢店", "機関区分": 5, "都道府県コード": 4, "市区町村コード": 101, "所在地": "宮城県仙台市青葉区荒巻本沢１丁目１７番５号", "緯度": 38.289363, "経度": 140.850391, "url": "https://www.iryou.teikyouseido.mhlw.go.jp/znk-web/juminkanja/S2430/initialize?prefCd=04&kikanCd=0400150460&kikanKbn=5", "url2": "https://shop.tsuruha-g.com/0474", "内容": "調剤薬局ツルハドラッグ荒巻本沢店【5:薬局】宮城県仙台市青葉区荒巻本沢１丁目１７番５号" }, "geometry": { "type": "Point", "coordinates": [ 140.850391, 38.289363 ] } },
{ "type": "Feature", "properties": { "ID": 450400150461, "正式名称": "コスモヘルスケア薬局東照宮店", "機関区分": 5, "都道府県コード": 4, "市区町村コード": 101, "所在地": "宮城県仙台市青葉区高松一丁目１８番１号", "緯度": 38.278999, "経度": 140.891957, "url": "https://www.iryou.teikyouseido.mhlw.go.jp/znk-web/juminkanja/S2430/initialize?prefCd=04&kikanCd=0400150461&kikanKbn=5", "url2": "https://www.cosmo-ph.co.jp/pharmacy/shop/detail/1169.html", "内容": "コスモヘルスケア薬局東照宮店【5:薬局】宮城県仙台市青葉区高松一丁目１８番１号" }, "geometry": { "type": "Point", "coordinates": [ 140.891957, 38.278999 ] } },
{ "type": "Feature", "properties": { "ID": 450400150462, "正式名称": "青葉通り薬局", "機関区分": 5, "都道府県コード": 4, "市区町村コード": 101, "所在地": "宮城県仙台市青葉区中央二丁目２－１０仙都会館ビル　２階", "緯度": 38.2608606, "経度": 140.8766391, "url": "https://www.iryou.teikyouseido.mhlw.go.jp/znk-web/juminkanja/S2430/initialize?prefCd=04&kikanCd=0400150462&kikanKbn=5", "url2": null, "内容": "青葉通り薬局【5:薬局】宮城県仙台市青葉区中央二丁目２－１０仙都会館ビル　２階" }, "geometry": { "type": "Point", "coordinates": [ 140.8766391, 38.2608606 ] } },
{ "type": "Feature", "properties": { "ID": 450400150463, "正式名称": "ドラッグセイムス仙台西中田薬局", "機関区分": 5, "都道府県コード": 4, "市区町村コード": 104, "所在地": "宮城県仙台市太白区西中田５－１７－７５", "緯度": 38.195045, "経度": 140.874407, "url": "https://www.iryou.teikyouseido.mhlw.go.jp/znk-web/juminkanja/S2430/initialize?prefCd=04&kikanCd=0400150463&kikanKbn=5", "url2": "https://www.moriki-group.info/", "内容": "ドラッグセイムス仙台西中田薬局【5:薬局】宮城県仙台市太白区西中田５－１７－７５" }, "geometry": { "type": "Point", "coordinates": [ 140.874407, 38.195045 ] } },
{ "type": "Feature", "properties": { "ID": 450400150464, "正式名称": "仙台調剤薬局　八乙女店", "機関区分": 5, "都道府県コード": 4, "市区町村コード": 105, "所在地": "宮城県仙台市泉区八乙女中央一丁目６番４５号　産電八乙女中央ビル１階", "緯度": 38.313035, "経度": 140.88335, "url": "https://www.iryou.teikyouseido.mhlw.go.jp/znk-web/juminkanja/S2430/initialize?prefCd=04&kikanCd=0400150464&kikanKbn=5", "url2": "https://ship-ph.co.jp/", "内容": "仙台調剤薬局　八乙女店【5:薬局】宮城県仙台市泉区八乙女中央一丁目６番４５号　産電八乙女中央ビル１階" }, "geometry": { "type": "Point", "coordinates": [ 140.88335, 38.313035 ] } },
{ "type": "Feature", "properties": { "ID": 450400150465, "正式名称": "調剤薬局ツルハドラッグ仙台新田店", "機関区分": 5, "都道府県コード": 4, "市区町村コード": 102, "所在地": "宮城県仙台市宮城野区新田２丁目１７－５０", "緯度": 38.276223, "経度": 140.922149, "url": "https://www.iryou.teikyouseido.mhlw.go.jp/znk-web/juminkanja/S2430/initialize?prefCd=04&kikanCd=0400150465&kikanKbn=5", "url2": "https://shop.tsuruha-g.com/1005", "内容": "調剤薬局ツルハドラッグ仙台新田店【5:薬局】宮城県仙台市宮城野区新田２丁目１７－５０" }, "geometry": { "type": "Point", "coordinates": [ 140.922149, 38.276223 ] } },
{ "type": "Feature", "properties": { "ID": 450400150466, "正式名称": "ベリー調剤薬局", "機関区分": 5, "都道府県コード": 4, "市区町村コード": 101, "所在地": "宮城県仙台市青葉区中山５－３－８", "緯度": 33.341007, "経度": 129.98628, "url": "https://www.iryou.teikyouseido.mhlw.go.jp/znk-web/juminkanja/S2430/initialize?prefCd=04&kikanCd=0400150466&kikanKbn=5", "url2": null, "内容": "ベリー調剤薬局【5:薬局】宮城県仙台市青葉区中山５－３－８" }, "geometry": { "type": "Point", "coordinates": [ 129.98628, 33.341007 ] } },
{ "type": "Feature", "properties": { "ID": 450400150467, "正式名称": "エスシー調剤薬局", "機関区分": 5, "都道府県コード": 4, "市区町村コード": 101, "所在地": "宮城県仙台市青葉区中央１－１－１仙台駅２階", "緯度": 38.260284, "経度": 140.88232, "url": "https://www.iryou.teikyouseido.mhlw.go.jp/znk-web/juminkanja/S2430/initialize?prefCd=04&kikanCd=0400150467&kikanKbn=5", "url2": "https://scgroup.jp/", "内容": "エスシー調剤薬局【5:薬局】宮城県仙台市青葉区中央１－１－１仙台駅２階" }, "geometry": { "type": "Point", "coordinates": [ 140.88232, 38.260284 ] } },
{ "type": "Feature", "properties": { "ID": 450400150468, "正式名称": "仙台えきまえ薬局", "機関区分": 5, "都道府県コード": 4, "市区町村コード": 101, "所在地": "宮城県仙台市青葉区中央３－１－２１ＵＳビル２階", "緯度": 38.260399, "経度": 140.878912, "url": "https://www.iryou.teikyouseido.mhlw.go.jp/znk-web/juminkanja/S2430/initialize?prefCd=04&kikanCd=0400150468&kikanKbn=5", "url2": "https://www.medikamente.co.jp/", "内容": "仙台えきまえ薬局【5:薬局】宮城県仙台市青葉区中央３－１－２１ＵＳビル２階" }, "geometry": { "type": "Point", "coordinates": [ 140.878912, 38.260399 ] } },
{ "type": "Feature", "properties": { "ID": 450400150469, "正式名称": "あすと長町オレンジ薬局", "機関区分": 5, "都道府県コード": 4, "市区町村コード": 104, "所在地": "宮城県仙台市太白区あすと長町１－５－５　ｔｅｋｕｔｅながまち２　２Ｆ", "緯度": 38.227969, "経度": 140.886301, "url": "https://www.iryou.teikyouseido.mhlw.go.jp/znk-web/juminkanja/S2430/initialize?prefCd=04&kikanCd=0400150469&kikanKbn=5", "url2": "https://www.imai-medicalsupport.jp/information/", "内容": "あすと長町オレンジ薬局【5:薬局】宮城県仙台市太白区あすと長町１－５－５　ｔｅｋｕｔｅながまち２　２Ｆ" }, "geometry": { "type": "Point", "coordinates": [ 140.886301, 38.227969 ] } },
{ "type": "Feature", "properties": { "ID": 450400150470, "正式名称": "リン調剤薬局", "機関区分": 5, "都道府県コード": 4, "市区町村コード": 105, "所在地": "宮城県仙台市泉区八乙女中央５－１８－１５－１Ｆ", "緯度": 38.311951, "経度": 140.885397, "url": "https://www.iryou.teikyouseido.mhlw.go.jp/znk-web/juminkanja/S2430/initialize?prefCd=04&kikanCd=0400150470&kikanKbn=5", "url2": null, "内容": "リン調剤薬局【5:薬局】宮城県仙台市泉区八乙女中央５－１８－１５－１Ｆ" }, "geometry": { "type": "Point", "coordinates": [ 140.885397, 38.311951 ] } },
{ "type": "Feature", "properties": { "ID": 450400150471, "正式名称": "カメイ調剤薬局上杉店在宅医療支援センター", "機関区分": 5, "都道府県コード": 4, "市区町村コード": 101, "所在地": "宮城県仙台市青葉区上杉４丁目４－１２", "緯度": 33.428197, "経度": 129.984792, "url": "https://www.iryou.teikyouseido.mhlw.go.jp/znk-web/juminkanja/S2430/initialize?prefCd=04&kikanCd=0400150471&kikanKbn=5", "url2": null, "内容": "カメイ調剤薬局上杉店在宅医療支援センター【5:薬局】宮城県仙台市青葉区上杉４丁目４－１２" }, "geometry": { "type": "Point", "coordinates": [ 129.984792, 33.428197 ] } },
{ "type": "Feature", "properties": { "ID": 450400150472, "正式名称": "薬局マツモトキヨシ仙台クリスロード店", "機関区分": 5, "都道府県コード": 4, "市区町村コード": 101, "所在地": "宮城県仙台市青葉区中央２ー２ー２４", "緯度": 38.261157, "経度": 140.876756, "url": "https://www.iryou.teikyouseido.mhlw.go.jp/znk-web/juminkanja/S2430/initialize?prefCd=04&kikanCd=0400150472&kikanKbn=5", "url2": null, "内容": "薬局マツモトキヨシ仙台クリスロード店【5:薬局】宮城県仙台市青葉区中央２ー２ー２４" }, "geometry": { "type": "Point", "coordinates": [ 140.876756, 38.261157 ] } },
{ "type": "Feature", "properties": { "ID": 450400150473, "正式名称": "エイブル調剤薬局", "機関区分": 5, "都道府県コード": 4, "市区町村コード": 101, "所在地": "宮城県仙台市青葉区中央１－３－１アエル１０階", "緯度": 38.262508, "経度": 140.88153, "url": "https://www.iryou.teikyouseido.mhlw.go.jp/znk-web/juminkanja/S2430/initialize?prefCd=04&kikanCd=0400150473&kikanKbn=5", "url2": "http://www.sunlifecommunity.co.jp/", "内容": "エイブル調剤薬局【5:薬局】宮城県仙台市青葉区中央１－３－１アエル１０階" }, "geometry": { "type": "Point", "coordinates": [ 140.88153, 38.262508 ] } },
{ "type": "Feature", "properties": { "ID": 450400150474, "正式名称": "八乙女薬局", "機関区分": 5, "都道府県コード": 4, "市区町村コード": 105, "所在地": "宮城県仙台市泉区八乙女４－４－１", "緯度": 32.213493, "経度": 130.404361, "url": "https://www.iryou.teikyouseido.mhlw.go.jp/znk-web/juminkanja/S2430/initialize?prefCd=04&kikanCd=0400150474&kikanKbn=5", "url2": "https://e-bond.info/withs/", "内容": "八乙女薬局【5:薬局】宮城県仙台市泉区八乙女４－４－１" }, "geometry": { "type": "Point", "coordinates": [ 130.404361, 32.213493 ] } },
{ "type": "Feature", "properties": { "ID": 450400150475, "正式名称": "市名坂薬局", "機関区分": 5, "都道府県コード": 4, "市区町村コード": 105, "所在地": "宮城県仙台市泉区泉中央１－６－３　セルバテラス２階", "緯度": 38.324378, "経度": 140.881346, "url": "https://www.iryou.teikyouseido.mhlw.go.jp/znk-web/juminkanja/S2430/initialize?prefCd=04&kikanCd=0400150475&kikanKbn=5", "url2": "https://e-bond.info/withs/", "内容": "市名坂薬局【5:薬局】宮城県仙台市泉区泉中央１－６－３　セルバテラス２階" }, "geometry": { "type": "Point", "coordinates": [ 140.881346, 38.324378 ] } },
{ "type": "Feature", "properties": { "ID": 450400150476, "正式名称": "ふたば調剤薬局", "機関区分": 5, "都道府県コード": 4, "市区町村コード": 101, "所在地": "宮城県仙台市青葉区八幡２丁目３－６　グラシアスはちまん１階", "緯度": 38.270118, "経度": 140.852693, "url": "https://www.iryou.teikyouseido.mhlw.go.jp/znk-web/juminkanja/S2430/initialize?prefCd=04&kikanCd=0400150476&kikanKbn=5", "url2": "https://futaba-ph.jp/", "内容": "ふたば調剤薬局【5:薬局】宮城県仙台市青葉区八幡２丁目３－６　グラシアスはちまん１階" }, "geometry": { "type": "Point", "coordinates": [ 140.852693, 38.270118 ] } },
{ "type": "Feature", "properties": { "ID": 450400150477, "正式名称": "なの花薬局仙台駅東口店", "機関区分": 5, "都道府県コード": 4, "市区町村コード": 102, "所在地": "宮城県仙台市宮城野区榴岡１丁目２番１３号ヨドバシ仙台第２ビル４階", "緯度": 38.259123, "経度": 140.885279, "url": "https://www.iryou.teikyouseido.mhlw.go.jp/znk-web/juminkanja/S2430/initialize?prefCd=04&kikanCd=0400150477&kikanKbn=5", "url2": "https://www.nanohana-ph.jp/shop/touhoku/miyagi/sendai/sendaiekihigashiguchi.php", "内容": "なの花薬局仙台駅東口店【5:薬局】宮城県仙台市宮城野区榴岡１丁目２番１３号ヨドバシ仙台第２ビル４階" }, "geometry": { "type": "Point", "coordinates": [ 140.885279, 38.259123 ] } },
{ "type": "Feature", "properties": { "ID": 450400150478, "正式名称": "ステラ薬局上杉店", "機関区分": 5, "都道府県コード": 4, "市区町村コード": 101, "所在地": "宮城県仙台市青葉区上杉６丁目２－３８　リッチモンドスクエア上杉１Ｆ－Ａ", "緯度": 38.275902, "経度": 140.873613, "url": "https://www.iryou.teikyouseido.mhlw.go.jp/znk-web/juminkanja/S2430/initialize?prefCd=04&kikanCd=0400150478&kikanKbn=5", "url2": null, "内容": "ステラ薬局上杉店【5:薬局】宮城県仙台市青葉区上杉６丁目２－３８　リッチモンドスクエア上杉１Ｆ－Ａ" }, "geometry": { "type": "Point", "coordinates": [ 140.873613, 38.275902 ] } },
{ "type": "Feature", "properties": { "ID": 450400150480, "正式名称": "三井薬局", "機関区分": 5, "都道府県コード": 4, "市区町村コード": 101, "所在地": "宮城県仙台市青葉区栗生５－１８－８　パルネット西館１階", "緯度": 38.266928, "経度": 140.790335, "url": "https://www.iryou.teikyouseido.mhlw.go.jp/znk-web/juminkanja/S2430/initialize?prefCd=04&kikanCd=0400150480&kikanKbn=5", "url2": "https://www.mitsui-pharmacy.com/", "内容": "三井薬局【5:薬局】宮城県仙台市青葉区栗生５－１８－８　パルネット西館１階" }, "geometry": { "type": "Point", "coordinates": [ 140.790335, 38.266928 ] } },
{ "type": "Feature", "properties": { "ID": 450400150482, "正式名称": "アズ薬局　岩切店", "機関区分": 5, "都道府県コード": 4, "市区町村コード": 102, "所在地": "宮城県仙台市宮城野区岩切字若宮前８２－４", "緯度": 38.305861, "経度": 140.950381, "url": "https://www.iryou.teikyouseido.mhlw.go.jp/znk-web/juminkanja/S2430/initialize?prefCd=04&kikanCd=0400150482&kikanKbn=5", "url2": null, "内容": "アズ薬局　岩切店【5:薬局】宮城県仙台市宮城野区岩切字若宮前８２－４" }, "geometry": { "type": "Point", "coordinates": [ 140.950381, 38.305861 ] } },
{ "type": "Feature", "properties": { "ID": 450400150483, "正式名称": "クルー薬局　長町店", "機関区分": 5, "都道府県コード": 4, "市区町村コード": 104, "所在地": "宮城県仙台市太白区鹿野１‐１‐１３", "緯度": 38.233062, "経度": 140.877177, "url": "https://www.iryou.teikyouseido.mhlw.go.jp/znk-web/juminkanja/S2430/initialize?prefCd=04&kikanCd=0400150483&kikanKbn=5", "url2": null, "内容": "クルー薬局　長町店【5:薬局】宮城県仙台市太白区鹿野１‐１‐１３" }, "geometry": { "type": "Point", "coordinates": [ 140.877177, 38.233062 ] } },
{ "type": "Feature", "properties": { "ID": 450400150484, "正式名称": "いざい薬局", "機関区分": 5, "都道府県コード": 4, "市区町村コード": 103, "所在地": "宮城県仙台市若林区伊在３－５－５", "緯度": 38.248108, "経度": 140.942686, "url": "https://www.iryou.teikyouseido.mhlw.go.jp/znk-web/juminkanja/S2430/initialize?prefCd=04&kikanCd=0400150484&kikanKbn=5", "url2": null, "内容": "いざい薬局【5:薬局】宮城県仙台市若林区伊在３－５－５" }, "geometry": { "type": "Point", "coordinates": [ 140.942686, 38.248108 ] } },
{ "type": "Feature", "properties": { "ID": 450400150485, "正式名称": "調剤薬局ツルハドラッグ仙台落合店", "機関区分": 5, "都道府県コード": 4, "市区町村コード": 101, "所在地": "宮城県仙台市青葉区落合１丁目２番４６", "緯度": 38.2706316, "経度": 140.7979222, "url": "https://www.iryou.teikyouseido.mhlw.go.jp/znk-web/juminkanja/S2430/initialize?prefCd=04&kikanCd=0400150485&kikanKbn=5", "url2": "https://shop.tsuruha-g.com/3463", "内容": "調剤薬局ツルハドラッグ仙台落合店【5:薬局】宮城県仙台市青葉区落合１丁目２番４６" }, "geometry": { "type": "Point", "coordinates": [ 140.797922199999988, 38.2706316 ] } },
{ "type": "Feature", "properties": { "ID": 450400150487, "正式名称": "アイベル薬局　国見ケ丘店", "機関区分": 5, "都道府県コード": 4, "市区町村コード": 101, "所在地": "宮城県仙台市青葉区国見ケ丘２－１－１９", "緯度": 38.294916, "経度": 140.826108, "url": "https://www.iryou.teikyouseido.mhlw.go.jp/znk-web/juminkanja/S2430/initialize?prefCd=04&kikanCd=0400150487&kikanKbn=5", "url2": "https://suzumedi.com", "内容": "アイベル薬局　国見ケ丘店【5:薬局】宮城県仙台市青葉区国見ケ丘２－１－１９" }, "geometry": { "type": "Point", "coordinates": [ 140.826108, 38.294916 ] } },
{ "type": "Feature", "properties": { "ID": 450400150488, "正式名称": "アリス薬局泉中央店", "機関区分": 5, "都道府県コード": 4, "市区町村コード": 105, "所在地": "宮城県仙台市泉区泉中央１丁目２６－１０", "緯度": 38.321662, "経度": 140.878517, "url": "https://www.iryou.teikyouseido.mhlw.go.jp/znk-web/juminkanja/S2430/initialize?prefCd=04&kikanCd=0400150488&kikanKbn=5", "url2": "https://wakabayashi21.wixsite.com/my-site", "内容": "アリス薬局泉中央店【5:薬局】宮城県仙台市泉区泉中央１丁目２６－１０" }, "geometry": { "type": "Point", "coordinates": [ 140.878517, 38.321662 ] } },
{ "type": "Feature", "properties": { "ID": 450400150489, "正式名称": "ひので薬局", "機関区分": 5, "都道府県コード": 4, "市区町村コード": 101, "所在地": "宮城県仙台市青葉区台原１－７－２１", "緯度": 38.281334, "経度": 140.872935, "url": "https://www.iryou.teikyouseido.mhlw.go.jp/znk-web/juminkanja/S2430/initialize?prefCd=04&kikanCd=0400150489&kikanKbn=5", "url2": null, "内容": "ひので薬局【5:薬局】宮城県仙台市青葉区台原１－７－２１" }, "geometry": { "type": "Point", "coordinates": [ 140.872935, 38.281334 ] } },
{ "type": "Feature", "properties": { "ID": 450400150490, "正式名称": "ウエルシア薬局仙台泉中央一丁目店", "機関区分": 5, "都道府県コード": 4, "市区町村コード": 105, "所在地": "宮城県仙台市泉区泉中央１－２０－１", "緯度": 38.324123, "経度": 140.878078, "url": "https://www.iryou.teikyouseido.mhlw.go.jp/znk-web/juminkanja/S2430/initialize?prefCd=04&kikanCd=0400150490&kikanKbn=5", "url2": "https://store.welcia.co.jp/welcia/spot/detail?code=1433D&category=01.02.06.12.18.20", "内容": "ウエルシア薬局仙台泉中央一丁目店【5:薬局】宮城県仙台市泉区泉中央１－２０－１" }, "geometry": { "type": "Point", "coordinates": [ 140.878078, 38.324123 ] } },
{ "type": "Feature", "properties": { "ID": 450400150491, "正式名称": "ウエルシア薬局仙台沖野店", "機関区分": 5, "都道府県コード": 4, "市区町村コード": 103, "所在地": "宮城県仙台市若林区沖野二丁目１６番２０号", "緯度": 38.228926, "経度": 140.91304, "url": "https://www.iryou.teikyouseido.mhlw.go.jp/znk-web/juminkanja/S2430/initialize?prefCd=04&kikanCd=0400150491&kikanKbn=5", "url2": "https://www.welcia-yakkyoku.co.jp/", "内容": "ウエルシア薬局仙台沖野店【5:薬局】宮城県仙台市若林区沖野二丁目１６番２０号" }, "geometry": { "type": "Point", "coordinates": [ 140.91304, 38.228926 ] } },
{ "type": "Feature", "properties": { "ID": 450400150492, "正式名称": "エコ調剤薬局", "機関区分": 5, "都道府県コード": 4, "市区町村コード": 105, "所在地": "宮城県仙台市泉区南中山１丁目４３－７", "緯度": 38.2971377, "経度": 140.8269331, "url": "https://www.iryou.teikyouseido.mhlw.go.jp/znk-web/juminkanja/S2430/initialize?prefCd=04&kikanCd=0400150492&kikanKbn=5", "url2": null, "内容": "エコ調剤薬局【5:薬局】宮城県仙台市泉区南中山１丁目４３－７" }, "geometry": { "type": "Point", "coordinates": [ 140.8269331, 38.2971377 ] } },
{ "type": "Feature", "properties": { "ID": 450400150493, "正式名称": "調剤薬局ツルハドラッグ仙台大和町５丁目店", "機関区分": 5, "都道府県コード": 4, "市区町村コード": 103, "所在地": "宮城県仙台市若林区大和町５丁目１－１２", "緯度": 38.251098, "経度": 140.921178, "url": "https://www.iryou.teikyouseido.mhlw.go.jp/znk-web/juminkanja/S2430/initialize?prefCd=04&kikanCd=0400150493&kikanKbn=5", "url2": "https://shop.tsuruha-g.com/3496", "内容": "調剤薬局ツルハドラッグ仙台大和町５丁目店【5:薬局】宮城県仙台市若林区大和町５丁目１－１２" }, "geometry": { "type": "Point", "coordinates": [ 140.921178, 38.251098 ] } },
{ "type": "Feature", "properties": { "ID": 450400150494, "正式名称": "調剤薬局らくだ", "機関区分": 5, "都道府県コード": 4, "市区町村コード": 104, "所在地": "宮城県仙台市太白区富沢西５－２－１８", "緯度": 38.208481, "経度": 140.857961, "url": "https://www.iryou.teikyouseido.mhlw.go.jp/znk-web/juminkanja/S2430/initialize?prefCd=04&kikanCd=0400150494&kikanKbn=5", "url2": null, "内容": "調剤薬局らくだ【5:薬局】宮城県仙台市太白区富沢西５－２－１８" }, "geometry": { "type": "Point", "coordinates": [ 140.857961, 38.208481 ] } },
{ "type": "Feature", "properties": { "ID": 450400150495, "正式名称": "マリーン調剤薬局　メル店", "機関区分": 5, "都道府県コード": 4, "市区町村コード": 101, "所在地": "宮城県仙台市青葉区一番町３丁目８ー１１", "緯度": 38.261176, "経度": 140.872006, "url": "https://www.iryou.teikyouseido.mhlw.go.jp/znk-web/juminkanja/S2430/initialize?prefCd=04&kikanCd=0400150495&kikanKbn=5", "url2": "https://aquamarine-net.co.jp/", "内容": "マリーン調剤薬局　メル店【5:薬局】宮城県仙台市青葉区一番町３丁目８ー１１" }, "geometry": { "type": "Point", "coordinates": [ 140.872006, 38.261176 ] } },
{ "type": "Feature", "properties": { "ID": 450400150496, "正式名称": "八乙女駅前オレンジ薬局", "機関区分": 5, "都道府県コード": 4, "市区町村コード": 105, "所在地": "宮城県仙台市泉区八乙女中央１－５－２７レーベン八乙女駅前　ＴＨＥ　ＰＲＥＭＩＥＲ　１階　Ｂ号室", "緯度": 38.3129231, "経度": 140.8849111, "url": "https://www.iryou.teikyouseido.mhlw.go.jp/znk-web/juminkanja/S2430/initialize?prefCd=04&kikanCd=0400150496&kikanKbn=5", "url2": "https://www.imai-medicalsupport.jp/yaotomeekimae/", "内容": "八乙女駅前オレンジ薬局【5:薬局】宮城県仙台市泉区八乙女中央１－５－２７レーベン八乙女駅前　ＴＨＥ　ＰＲＥＭＩＥＲ　１階　Ｂ号室" }, "geometry": { "type": "Point", "coordinates": [ 140.884911100000011, 38.3129231 ] } },
{ "type": "Feature", "properties": { "ID": 450400150497, "正式名称": "リフレ薬局　薬師堂駅前店", "機関区分": 5, "都道府県コード": 4, "市区町村コード": 103, "所在地": "宮城県仙台市若林区木ノ下３丁目１６－２１－１０２", "緯度": 38.250103, "経度": 140.9045944, "url": "https://www.iryou.teikyouseido.mhlw.go.jp/znk-web/juminkanja/S2430/initialize?prefCd=04&kikanCd=0400150497&kikanKbn=5", "url2": "http://www.refre-net.com/", "内容": "リフレ薬局　薬師堂駅前店【5:薬局】宮城県仙台市若林区木ノ下３丁目１６－２１－１０２" }, "geometry": { "type": "Point", "coordinates": [ 140.9045944, 38.250103 ] } },
{ "type": "Feature", "properties": { "ID": 450400150498, "正式名称": "調剤薬局ツルハドラッグ仙台中田店", "機関区分": 5, "都道府県コード": 4, "市区町村コード": 104, "所在地": "宮城県仙台市太白区中田町字法地北２１－１", "緯度": 38.197171, "経度": 140.902173, "url": "https://www.iryou.teikyouseido.mhlw.go.jp/znk-web/juminkanja/S2430/initialize?prefCd=04&kikanCd=0400150498&kikanKbn=5", "url2": "https://shop.tsuruha-g.com/0326c", "内容": "調剤薬局ツルハドラッグ仙台中田店【5:薬局】宮城県仙台市太白区中田町字法地北２１－１" }, "geometry": { "type": "Point", "coordinates": [ 140.902173, 38.197171 ] } },
{ "type": "Feature", "properties": { "ID": 450400150499, "正式名称": "うさぎ森薬局　蒲生店", "機関区分": 5, "都道府県コード": 4, "市区町村コード": 102, "所在地": "宮城県仙台市宮城野区中野５丁目１－２", "緯度": 38.264804, "経度": 140.983591, "url": "https://www.iryou.teikyouseido.mhlw.go.jp/znk-web/juminkanja/S2430/initialize?prefCd=04&kikanCd=0400150499&kikanKbn=5", "url2": "http://www.forest-pharmacy.com", "内容": "うさぎ森薬局　蒲生店【5:薬局】宮城県仙台市宮城野区中野５丁目１－２" }, "geometry": { "type": "Point", "coordinates": [ 140.983591, 38.264804 ] } },
{ "type": "Feature", "properties": { "ID": 450400150500, "正式名称": "青葉の杜薬局　東北大病院前店", "機関区分": 5, "都道府県コード": 4, "市区町村コード": 101, "所在地": "宮城県仙台市青葉区支倉町４－３５", "緯度": 38.270751, "経度": 140.861549, "url": "https://www.iryou.teikyouseido.mhlw.go.jp/znk-web/juminkanja/S2430/initialize?prefCd=04&kikanCd=0400150500&kikanKbn=5", "url2": "https://www.furu-cho.co.jp/", "内容": "青葉の杜薬局　東北大病院前店【5:薬局】宮城県仙台市青葉区支倉町４－３５" }, "geometry": { "type": "Point", "coordinates": [ 140.861549, 38.270751 ] } },
{ "type": "Feature", "properties": { "ID": 450400150501, "正式名称": "青葉の杜薬局北仙台店", "機関区分": 5, "都道府県コード": 4, "市区町村コード": 101, "所在地": "宮城県仙台市青葉区昭和町２－２６", "緯度": 38.279328, "経度": 140.868952, "url": "https://www.iryou.teikyouseido.mhlw.go.jp/znk-web/juminkanja/S2430/initialize?prefCd=04&kikanCd=0400150501&kikanKbn=5", "url2": "https://www.furu-cho.co.jp/", "内容": "青葉の杜薬局北仙台店【5:薬局】宮城県仙台市青葉区昭和町２－２６" }, "geometry": { "type": "Point", "coordinates": [ 140.868952, 38.279328 ] } },
{ "type": "Feature", "properties": { "ID": 450400150502, "正式名称": "調剤薬局ツルハドラッグ　仙台上杉店", "機関区分": 5, "都道府県コード": 4, "市区町村コード": 101, "所在地": "宮城県仙台市青葉区上杉６丁目１番１０号", "緯度": 38.276456, "経度": 140.878076, "url": "https://www.iryou.teikyouseido.mhlw.go.jp/znk-web/juminkanja/S2430/initialize?prefCd=04&kikanCd=0400150502&kikanKbn=5", "url2": "https://shop.tsuruha-g.com/0863", "内容": "調剤薬局ツルハドラッグ　仙台上杉店【5:薬局】宮城県仙台市青葉区上杉６丁目１番１０号" }, "geometry": { "type": "Point", "coordinates": [ 140.878076, 38.276456 ] } },
{ "type": "Feature", "properties": { "ID": 450400150503, "正式名称": "アイベル薬局　落合店", "機関区分": 5, "都道府県コード": 4, "市区町村コード": 101, "所在地": "宮城県仙台市青葉区落合六丁目２－２", "緯度": 38.2689836, "経度": 140.7852021, "url": "https://www.iryou.teikyouseido.mhlw.go.jp/znk-web/juminkanja/S2430/initialize?prefCd=04&kikanCd=0400150503&kikanKbn=5", "url2": "https://suzumedi.com", "内容": "アイベル薬局　落合店【5:薬局】宮城県仙台市青葉区落合六丁目２－２" }, "geometry": { "type": "Point", "coordinates": [ 140.7852021, 38.2689836 ] } },
{ "type": "Feature", "properties": { "ID": 450400150504, "正式名称": "えがお薬局泉中央店", "機関区分": 5, "都道府県コード": 4, "市区町村コード": 105, "所在地": "宮城県仙台市泉区泉中央一丁目１４番地５", "緯度": 38.323758, "経度": 140.879441, "url": "https://www.iryou.teikyouseido.mhlw.go.jp/znk-web/juminkanja/S2430/initialize?prefCd=04&kikanCd=0400150504&kikanKbn=5", "url2": null, "内容": "えがお薬局泉中央店【5:薬局】宮城県仙台市泉区泉中央一丁目１４番地５" }, "geometry": { "type": "Point", "coordinates": [ 140.879441, 38.323758 ] } },
{ "type": "Feature", "properties": { "ID": 450400150505, "正式名称": "ＪＲ仙台病院前オレンジ薬局", "機関区分": 5, "都道府県コード": 4, "市区町村コード": 101, "所在地": "宮城県仙台市青葉区五橋１－１‐１０第二河北ビル１Ｆ", "緯度": 38.255393, "経度": 140.881481, "url": "https://www.iryou.teikyouseido.mhlw.go.jp/znk-web/juminkanja/S2430/initialize?prefCd=04&kikanCd=0400150505&kikanKbn=5", "url2": "https://www.imai-medicalsupport.jp/", "内容": "ＪＲ仙台病院前オレンジ薬局【5:薬局】宮城県仙台市青葉区五橋１－１‐１０第二河北ビル１Ｆ" }, "geometry": { "type": "Point", "coordinates": [ 140.881481, 38.255393 ] } },
{ "type": "Feature", "properties": { "ID": 450400150507, "正式名称": "ホープ薬局向山店", "機関区分": 5, "都道府県コード": 4, "市区町村コード": 104, "所在地": "宮城県仙台市太白区向山２丁目１８－９－２", "緯度": 38.245808, "経度": 140.869895, "url": "https://www.iryou.teikyouseido.mhlw.go.jp/znk-web/juminkanja/S2430/initialize?prefCd=04&kikanCd=0400150507&kikanKbn=5", "url2": "https://altacks-hope.jp/mukaiyama", "内容": "ホープ薬局向山店【5:薬局】宮城県仙台市太白区向山２丁目１８－９－２" }, "geometry": { "type": "Point", "coordinates": [ 140.869895, 38.245808 ] } },
{ "type": "Feature", "properties": { "ID": 450400150508, "正式名称": "日本調剤　長町センター薬局", "機関区分": 5, "都道府県コード": 4, "市区町村コード": 104, "所在地": "宮城県仙台市太白区長町一丁目１２－１０", "緯度": 38.232939, "経度": 140.885704, "url": "https://www.iryou.teikyouseido.mhlw.go.jp/znk-web/juminkanja/S2430/initialize?prefCd=04&kikanCd=0400150508&kikanKbn=5", "url2": "https://www.nicho.co.jp/tenpo/nagamachicenter/", "内容": "日本調剤　長町センター薬局【5:薬局】宮城県仙台市太白区長町一丁目１２－１０" }, "geometry": { "type": "Point", "coordinates": [ 140.885704, 38.232939 ] } },
{ "type": "Feature", "properties": { "ID": 450400150509, "正式名称": "すばる調剤薬局晩翠店", "機関区分": 5, "都道府県コード": 4, "市区町村コード": 101, "所在地": "宮城県仙台市青葉区国分町３丁目４－１０－４Ｆヒルトップ晩翠", "緯度": 38.266023, "経度": 140.866907, "url": "https://www.iryou.teikyouseido.mhlw.go.jp/znk-web/juminkanja/S2430/initialize?prefCd=04&kikanCd=0400150509&kikanKbn=5", "url2": null, "内容": "すばる調剤薬局晩翠店【5:薬局】宮城県仙台市青葉区国分町３丁目４－１０－４Ｆヒルトップ晩翠" }, "geometry": { "type": "Point", "coordinates": [ 140.866907, 38.266023 ] } },
{ "type": "Feature", "properties": { "ID": 450400150510, "正式名称": "明日可薬局荒巻", "機関区分": 5, "都道府県コード": 4, "市区町村コード": 101, "所在地": "宮城県仙台市青葉区荒巻神明町１９－１２－１０１", "緯度": 38.288369, "経度": 140.858829, "url": "https://www.iryou.teikyouseido.mhlw.go.jp/znk-web/juminkanja/S2430/initialize?prefCd=04&kikanCd=0400150510&kikanKbn=5", "url2": "https://littlebird-asukapharmacy.com/", "内容": "明日可薬局荒巻【5:薬局】宮城県仙台市青葉区荒巻神明町１９－１２－１０１" }, "geometry": { "type": "Point", "coordinates": [ 140.858829, 38.288369 ] } },
{ "type": "Feature", "properties": { "ID": 450400150511, "正式名称": "マロン薬局", "機関区分": 5, "都道府県コード": 4, "市区町村コード": 101, "所在地": "宮城県仙台市青葉区栗生４－１２－１", "緯度": 38.266939, "経度": 140.790904, "url": "https://www.iryou.teikyouseido.mhlw.go.jp/znk-web/juminkanja/S2430/initialize?prefCd=04&kikanCd=0400150511&kikanKbn=5", "url2": null, "内容": "マロン薬局【5:薬局】宮城県仙台市青葉区栗生４－１２－１" }, "geometry": { "type": "Point", "coordinates": [ 140.790904, 38.266939 ] } },
{ "type": "Feature", "properties": { "ID": 450400150512, "正式名称": "クスリのアオキ六丁の目薬局", "機関区分": 5, "都道府県コード": 4, "市区町村コード": 103, "所在地": "宮城県仙台市若林区伊在一丁目９番地の５", "緯度": 38.248165, "経度": 140.934699, "url": "https://www.iryou.teikyouseido.mhlw.go.jp/znk-web/juminkanja/S2430/initialize?prefCd=04&kikanCd=0400150512&kikanKbn=5", "url2": "https://www.kusuri-aoki.co.jp/", "内容": "クスリのアオキ六丁の目薬局【5:薬局】宮城県仙台市若林区伊在一丁目９番地の５" }, "geometry": { "type": "Point", "coordinates": [ 140.934699, 38.248165 ] } },
{ "type": "Feature", "properties": { "ID": 450400150513, "正式名称": "クスリのアオキ落合薬局", "機関区分": 5, "都道府県コード": 4, "市区町村コード": 101, "所在地": "宮城県仙台市青葉区落合二丁目６番７号", "緯度": 38.27452, "経度": 140.792506, "url": "https://www.iryou.teikyouseido.mhlw.go.jp/znk-web/juminkanja/S2430/initialize?prefCd=04&kikanCd=0400150513&kikanKbn=5", "url2": "https://www.kusuri-aoki.co.jp/", "内容": "クスリのアオキ落合薬局【5:薬局】宮城県仙台市青葉区落合二丁目６番７号" }, "geometry": { "type": "Point", "coordinates": [ 140.792506, 38.27452 ] } },
{ "type": "Feature", "properties": { "ID": 450400150514, "正式名称": "イオン薬局　仙台上杉店", "機関区分": 5, "都道府県コード": 4, "市区町村コード": 101, "所在地": "宮城県仙台市青葉区堤通雨宮町１－１　２階", "緯度": 38.276017, "経度": 140.871984, "url": "https://www.iryou.teikyouseido.mhlw.go.jp/znk-web/juminkanja/S2430/initialize?prefCd=04&kikanCd=0400150514&kikanKbn=5", "url2": null, "内容": "イオン薬局　仙台上杉店【5:薬局】宮城県仙台市青葉区堤通雨宮町１－１　２階" }, "geometry": { "type": "Point", "coordinates": [ 140.871984, 38.276017 ] } },
{ "type": "Feature", "properties": { "ID": 450400150515, "正式名称": "調剤薬局ツルハドラッグ東北大学病院前店", "機関区分": 5, "都道府県コード": 4, "市区町村コード": 101, "所在地": "宮城県仙台市青葉区支倉町４－４０", "緯度": 38.2704, "経度": 140.861545, "url": "https://www.iryou.teikyouseido.mhlw.go.jp/znk-web/juminkanja/S2430/initialize?prefCd=04&kikanCd=0400150515&kikanKbn=5", "url2": "https://shop.tsuruha-g.com/5058", "内容": "調剤薬局ツルハドラッグ東北大学病院前店【5:薬局】宮城県仙台市青葉区支倉町４－４０" }, "geometry": { "type": "Point", "coordinates": [ 140.861545, 38.2704 ] } },
{ "type": "Feature", "properties": { "ID": 450400150516, "正式名称": "こあら薬局上飯田店", "機関区分": 5, "都道府県コード": 4, "市区町村コード": 103, "所在地": "宮城県仙台市若林区上飯田１丁目２１－１４", "緯度": 38.221015, "経度": 140.920566, "url": "https://www.iryou.teikyouseido.mhlw.go.jp/znk-web/juminkanja/S2430/initialize?prefCd=04&kikanCd=0400150516&kikanKbn=5", "url2": null, "内容": "こあら薬局上飯田店【5:薬局】宮城県仙台市若林区上飯田１丁目２１－１４" }, "geometry": { "type": "Point", "coordinates": [ 140.920566, 38.221015 ] } },
{ "type": "Feature", "properties": { "ID": 450400150517, "正式名称": "おりーぶ薬局　荒町店", "機関区分": 5, "都道府県コード": 4, "市区町村コード": 103, "所在地": "宮城県仙台市若林区荒町１６２－３", "緯度": 38.248766, "経度": 140.885614, "url": "https://www.iryou.teikyouseido.mhlw.go.jp/znk-web/juminkanja/S2430/initialize?prefCd=04&kikanCd=0400150517&kikanKbn=5", "url2": "https://olivepharmacy.net/shop/aramachi", "内容": "おりーぶ薬局　荒町店【5:薬局】宮城県仙台市若林区荒町１６２－３" }, "geometry": { "type": "Point", "coordinates": [ 140.885614, 38.248766 ] } },
{ "type": "Feature", "properties": { "ID": 450400150518, "正式名称": "陸前原ノ町薬局", "機関区分": 5, "都道府県コード": 4, "市区町村コード": 102, "所在地": "宮城県仙台市宮城野区五輪２－１３－１８三洋ビル１階", "緯度": 38.267066, "経度": 140.912035, "url": "https://www.iryou.teikyouseido.mhlw.go.jp/znk-web/juminkanja/S2430/initialize?prefCd=04&kikanCd=0400150518&kikanKbn=5", "url2": "https://protea-ph.co.jp", "内容": "陸前原ノ町薬局【5:薬局】宮城県仙台市宮城野区五輪２－１３－１８三洋ビル１階" }, "geometry": { "type": "Point", "coordinates": [ 140.912035, 38.267066 ] } },
{ "type": "Feature", "properties": { "ID": 450400150519, "正式名称": "フラン薬局", "機関区分": 5, "都道府県コード": 4, "市区町村コード": 101, "所在地": "宮城県仙台市青葉区小田原６丁目３－１５　ＮＳコーポ１０１", "緯度": 38.2715045, "経度": 140.8864457, "url": "https://www.iryou.teikyouseido.mhlw.go.jp/znk-web/juminkanja/S2430/initialize?prefCd=04&kikanCd=0400150519&kikanKbn=5", "url2": null, "内容": "フラン薬局【5:薬局】宮城県仙台市青葉区小田原６丁目３－１５　ＮＳコーポ１０１" }, "geometry": { "type": "Point", "coordinates": [ 140.8864457, 38.2715045 ] } },
{ "type": "Feature", "properties": { "ID": 450400150520, "正式名称": "カメイ調剤薬局寺岡店", "機関区分": 5, "都道府県コード": 4, "市区町村コード": 105, "所在地": "宮城県仙台市泉区寺岡１丁目２－１", "緯度": 38.3355616, "経度": 140.8353689, "url": "https://www.iryou.teikyouseido.mhlw.go.jp/znk-web/juminkanja/S2430/initialize?prefCd=04&kikanCd=0400150520&kikanKbn=5", "url2": "https://www.kamei.co.jp/pharmacy/shop/teraoka/", "内容": "カメイ調剤薬局寺岡店【5:薬局】宮城県仙台市泉区寺岡１丁目２－１" }, "geometry": { "type": "Point", "coordinates": [ 140.8353689, 38.3355616 ] } },
{ "type": "Feature", "properties": { "ID": 450400150521, "正式名称": "ウエルシア薬局仙台落合２丁目店", "機関区分": 5, "都道府県コード": 4, "市区町村コード": 101, "所在地": "宮城県仙台市青葉区落合二丁目１６番１号", "緯度": 38.273091, "経度": 140.786983, "url": "https://www.iryou.teikyouseido.mhlw.go.jp/znk-web/juminkanja/S2430/initialize?prefCd=04&kikanCd=0400150521&kikanKbn=5", "url2": "https://www.welcia-yakkyoku.co.jp/", "内容": "ウエルシア薬局仙台落合２丁目店【5:薬局】宮城県仙台市青葉区落合二丁目１６番１号" }, "geometry": { "type": "Point", "coordinates": [ 140.786983, 38.273091 ] } },
{ "type": "Feature", "properties": { "ID": 450400150522, "正式名称": "あらまちオレンジ薬局", "機関区分": 5, "都道府県コード": 4, "市区町村コード": 103, "所在地": "宮城県仙台市若林区荒町１０６－１　１階", "緯度": 38.249764, "経度": 140.881066, "url": "https://www.iryou.teikyouseido.mhlw.go.jp/znk-web/juminkanja/S2430/initialize?prefCd=04&kikanCd=0400150522&kikanKbn=5", "url2": "https://www.imai-medicalsupport.jp/", "内容": "あらまちオレンジ薬局【5:薬局】宮城県仙台市若林区荒町１０６－１　１階" }, "geometry": { "type": "Point", "coordinates": [ 140.881066, 38.249764 ] } },
{ "type": "Feature", "properties": { "ID": 450400150524, "正式名称": "サンドラッグ中山台薬局", "機関区分": 5, "都道府県コード": 4, "市区町村コード": 101, "所在地": "宮城県仙台市青葉区中山台二丁目６０－１", "緯度": 38.303379, "経度": 140.815019, "url": "https://www.iryou.teikyouseido.mhlw.go.jp/znk-web/juminkanja/S2430/initialize?prefCd=04&kikanCd=0400150524&kikanKbn=5", "url2": "https://sundrug-online.com/blogs/search-store/6909", "内容": "サンドラッグ中山台薬局【5:薬局】宮城県仙台市青葉区中山台二丁目６０－１" }, "geometry": { "type": "Point", "coordinates": [ 140.815019, 38.303379 ] } },
{ "type": "Feature", "properties": { "ID": 450400150525, "正式名称": "フレンド薬局松森", "機関区分": 5, "都道府県コード": 4, "市区町村コード": 105, "所在地": "宮城県仙台市泉区松森字下町８－３", "緯度": 38.316544, "経度": 140.914627, "url": "https://www.iryou.teikyouseido.mhlw.go.jp/znk-web/juminkanja/S2430/initialize?prefCd=04&kikanCd=0400150525&kikanKbn=5", "url2": null, "内容": "フレンド薬局松森【5:薬局】宮城県仙台市泉区松森字下町８－３" }, "geometry": { "type": "Point", "coordinates": [ 140.914627, 38.316544 ] } },
{ "type": "Feature", "properties": { "ID": 450400150529, "正式名称": "クオール薬局こづる店", "機関区分": 5, "都道府県コード": 4, "市区町村コード": 102, "所在地": "宮城県仙台市宮城野区燕沢１－２３－１０　メゾン・Ｋ１階００１号室", "緯度": 38.282907, "経度": 140.924545, "url": "https://www.iryou.teikyouseido.mhlw.go.jp/znk-web/juminkanja/S2430/initialize?prefCd=04&kikanCd=0400150529&kikanKbn=5", "url2": "https://store.qol-net.co.jp/detail/13/", "内容": "クオール薬局こづる店【5:薬局】宮城県仙台市宮城野区燕沢１－２３－１０　メゾン・Ｋ１階００１号室" }, "geometry": { "type": "Point", "coordinates": [ 140.924545, 38.282907 ] } },
{ "type": "Feature", "properties": { "ID": 450400150530, "正式名称": "東北薬局長町南", "機関区分": 5, "都道府県コード": 4, "市区町村コード": 104, "所在地": "宮城県仙台市太白区長町南３丁目３７－１", "緯度": 38.22005, "経度": 140.8763, "url": "https://www.iryou.teikyouseido.mhlw.go.jp/znk-web/juminkanja/S2430/initialize?prefCd=04&kikanCd=0400150530&kikanKbn=5", "url2": "https://meron-net.shop/ds/tohokuyakkyoku-nagamachiminami", "内容": "東北薬局長町南【5:薬局】宮城県仙台市太白区長町南３丁目３７－１" }, "geometry": { "type": "Point", "coordinates": [ 140.8763, 38.22005 ] } },
{ "type": "Feature", "properties": { "ID": 450400200015, "正式名称": "株式会社銀座薬局", "機関区分": 5, "都道府県コード": 4, "市区町村コード": 323, "所在地": "宮城県柴田郡柴田町船岡中央２－１２－２２", "緯度": 38.056821, "経度": 140.768674, "url": "https://www.iryou.teikyouseido.mhlw.go.jp/znk-web/juminkanja/S2430/initialize?prefCd=04&kikanCd=0400200015&kikanKbn=5", "url2": "https://meron-net.shop/ds/ginza", "内容": "株式会社銀座薬局【5:薬局】宮城県柴田郡柴田町船岡中央２－１２－２２" }, "geometry": { "type": "Point", "coordinates": [ 140.768674, 38.056821 ] } },
{ "type": "Feature", "properties": { "ID": 450400200022, "正式名称": "村上薬局", "機関区分": 5, "都道府県コード": 4, "市区町村コード": 321, "所在地": "宮城県柴田郡大河原町字町７６－３", "緯度": 38.051817, "経度": 140.735922, "url": "https://www.iryou.teikyouseido.mhlw.go.jp/znk-web/juminkanja/S2430/initialize?prefCd=04&kikanCd=0400200022&kikanKbn=5", "url2": null, "内容": "村上薬局【5:薬局】宮城県柴田郡大河原町字町７６－３" }, "geometry": { "type": "Point", "coordinates": [ 140.735922, 38.051817 ] } },
{ "type": "Feature", "properties": { "ID": 450400200038, "正式名称": "二幸　薬局", "機関区分": 5, "都道府県コード": 4, "市区町村コード": 206, "所在地": "宮城県白石市沢目８", "緯度": 38.003657, "経度": 140.625212, "url": "https://www.iryou.teikyouseido.mhlw.go.jp/znk-web/juminkanja/S2430/initialize?prefCd=04&kikanCd=0400200038&kikanKbn=5", "url2": null, "内容": "二幸　薬局【5:薬局】宮城県白石市沢目８" }, "geometry": { "type": "Point", "coordinates": [ 140.625212, 38.003657 ] } },
{ "type": "Feature", "properties": { "ID": 450400200076, "正式名称": "有限会社ハタノ司生堂薬局", "機関区分": 5, "都道府県コード": 4, "市区町村コード": 206, "所在地": "宮城県白石市中町４６", "緯度": 38.00438, "経度": 140.62238, "url": "https://www.iryou.teikyouseido.mhlw.go.jp/znk-web/juminkanja/S2430/initialize?prefCd=04&kikanCd=0400200076&kikanKbn=5", "url2": null, "内容": "有限会社ハタノ司生堂薬局【5:薬局】宮城県白石市中町４６" }, "geometry": { "type": "Point", "coordinates": [ 140.62238, 38.00438 ] } },
{ "type": "Feature", "properties": { "ID": 450400200091, "正式名称": "サンコウ調剤薬局", "機関区分": 5, "都道府県コード": 4, "市区町村コード": 206, "所在地": "宮城県白石市本町１１", "緯度": 38.002528, "経度": 140.621236, "url": "https://www.iryou.teikyouseido.mhlw.go.jp/znk-web/juminkanja/S2430/initialize?prefCd=04&kikanCd=0400200091&kikanKbn=5", "url2": null, "内容": "サンコウ調剤薬局【5:薬局】宮城県白石市本町１１" }, "geometry": { "type": "Point", "coordinates": [ 140.621236, 38.002528 ] } },
{ "type": "Feature", "properties": { "ID": 450400200095, "正式名称": "北町薬局", "機関区分": 5, "都道府県コード": 4, "市区町村コード": 208, "所在地": "宮城県角田市角田字牛舘６４", "緯度": 37.9729569, "経度": 140.7780563, "url": "https://www.iryou.teikyouseido.mhlw.go.jp/znk-web/juminkanja/S2430/initialize?prefCd=04&kikanCd=0400200095&kikanKbn=5", "url2": "http://www.mediphal.com", "内容": "北町薬局【5:薬局】宮城県角田市角田字牛舘６４" }, "geometry": { "type": "Point", "coordinates": [ 140.7780563, 37.9729569 ] } },
{ "type": "Feature", "properties": { "ID": 450400200097, "正式名称": "阿部薬局", "機関区分": 5, "都道府県コード": 4, "市区町村コード": 324, "所在地": "宮城県柴田郡川崎町大字前川字本町１番地", "緯度": 38.176556, "経度": 140.64409, "url": "https://www.iryou.teikyouseido.mhlw.go.jp/znk-web/juminkanja/S2430/initialize?prefCd=04&kikanCd=0400200097&kikanKbn=5", "url2": null, "内容": "阿部薬局【5:薬局】宮城県柴田郡川崎町大字前川字本町１番地" }, "geometry": { "type": "Point", "coordinates": [ 140.64409, 38.176556 ] } },
{ "type": "Feature", "properties": { "ID": 450400200106, "正式名称": "コスモ薬局", "機関区分": 5, "都道府県コード": 4, "市区町村コード": 208, "所在地": "宮城県角田市角田字町２４６", "緯度": 37.97084, "経度": 140.784567, "url": "https://www.iryou.teikyouseido.mhlw.go.jp/znk-web/juminkanja/S2430/initialize?prefCd=04&kikanCd=0400200106&kikanKbn=5", "url2": "http://www.mediphal.com", "内容": "コスモ薬局【5:薬局】宮城県角田市角田字町２４６" }, "geometry": { "type": "Point", "coordinates": [ 140.784567, 37.97084 ] } },
{ "type": "Feature", "properties": { "ID": 450400200114, "正式名称": "毛利薬局", "機関区分": 5, "都道府県コード": 4, "市区町村コード": 208, "所在地": "宮城県角田市角田字牛舘１５－１", "緯度": 37.971478, "経度": 140.783485, "url": "https://www.iryou.teikyouseido.mhlw.go.jp/znk-web/juminkanja/S2430/initialize?prefCd=04&kikanCd=0400200114&kikanKbn=5", "url2": null, "内容": "毛利薬局【5:薬局】宮城県角田市角田字牛舘１５－１" }, "geometry": { "type": "Point", "coordinates": [ 140.783485, 37.971478 ] } },
{ "type": "Feature", "properties": { "ID": 450400200116, "正式名称": "もみの木薬局", "機関区分": 5, "都道府県コード": 4, "市区町村コード": 323, "所在地": "宮城県柴田郡柴田町船岡中央２丁目９－２１", "緯度": 38.055543, "経度": 140.771408, "url": "https://www.iryou.teikyouseido.mhlw.go.jp/znk-web/juminkanja/S2430/initialize?prefCd=04&kikanCd=0400200116&kikanKbn=5", "url2": null, "内容": "もみの木薬局【5:薬局】宮城県柴田郡柴田町船岡中央２丁目９－２１" }, "geometry": { "type": "Point", "coordinates": [ 140.771408, 38.055543 ] } },
{ "type": "Feature", "properties": { "ID": 450400200118, "正式名称": "ヨツメヤ薬局", "機関区分": 5, "都道府県コード": 4, "市区町村コード": 301, "所在地": "宮城県刈田郡蔵王町宮字町３４", "緯度": 38.046696, "経度": 140.65257, "url": "https://www.iryou.teikyouseido.mhlw.go.jp/znk-web/juminkanja/S2430/initialize?prefCd=04&kikanCd=0400200118&kikanKbn=5", "url2": null, "内容": "ヨツメヤ薬局【5:薬局】宮城県刈田郡蔵王町宮字町３４" }, "geometry": { "type": "Point", "coordinates": [ 140.65257, 38.046696 ] } },
{ "type": "Feature", "properties": { "ID": 450400200120, "正式名称": "えんめい薬局", "機関区分": 5, "都道府県コード": 4, "市区町村コード": 206, "所在地": "宮城県白石市延命寺北１０ー１０", "緯度": 38.008689, "経度": 140.623656, "url": "https://www.iryou.teikyouseido.mhlw.go.jp/znk-web/juminkanja/S2430/initialize?prefCd=04&kikanCd=0400200120&kikanKbn=5", "url2": "https://www.mediphal.com", "内容": "えんめい薬局【5:薬局】宮城県白石市延命寺北１０ー１０" }, "geometry": { "type": "Point", "coordinates": [ 140.623656, 38.008689 ] } },
{ "type": "Feature", "properties": { "ID": 450400200130, "正式名称": "すずらん薬局", "機関区分": 5, "都道府県コード": 4, "市区町村コード": 323, "所在地": "宮城県柴田郡柴田町船岡中央２丁目５－１５", "緯度": 38.055919, "経度": 140.76842, "url": "https://www.iryou.teikyouseido.mhlw.go.jp/znk-web/juminkanja/S2430/initialize?prefCd=04&kikanCd=0400200130&kikanKbn=5", "url2": "https://meron-net.shop/ds/suzuran", "内容": "すずらん薬局【5:薬局】宮城県柴田郡柴田町船岡中央２丁目５－１５" }, "geometry": { "type": "Point", "coordinates": [ 140.76842, 38.055919 ] } },
{ "type": "Feature", "properties": { "ID": 450400200133, "正式名称": "フレンド薬局白石", "機関区分": 5, "都道府県コード": 4, "市区町村コード": 206, "所在地": "宮城県白石市長町５５－１", "緯度": 38.0058, "経度": 140.62228, "url": "https://www.iryou.teikyouseido.mhlw.go.jp/znk-web/juminkanja/S2430/initialize?prefCd=04&kikanCd=0400200133&kikanKbn=5", "url2": null, "内容": "フレンド薬局白石【5:薬局】宮城県白石市長町５５－１" }, "geometry": { "type": "Point", "coordinates": [ 140.62228, 38.0058 ] } },
{ "type": "Feature", "properties": { "ID": 450400200137, "正式名称": "にしうら薬局", "機関区分": 5, "都道府県コード": 4, "市区町村コード": 301, "所在地": "宮城県刈田郡蔵王町宮字西裏９", "緯度": 38.04633, "経度": 140.651304, "url": "https://www.iryou.teikyouseido.mhlw.go.jp/znk-web/juminkanja/S2430/initialize?prefCd=04&kikanCd=0400200137&kikanKbn=5", "url2": null, "内容": "にしうら薬局【5:薬局】宮城県刈田郡蔵王町宮字西裏９" }, "geometry": { "type": "Point", "coordinates": [ 140.651304, 38.04633 ] } },
{ "type": "Feature", "properties": { "ID": 450400200151, "正式名称": "有限会社大槻薬局東新町店", "機関区分": 5, "都道府県コード": 4, "市区町村コード": 321, "所在地": "宮城県柴田郡大河原町字東新町１０－１１", "緯度": 38.043706, "経度": 140.715843, "url": "https://www.iryou.teikyouseido.mhlw.go.jp/znk-web/juminkanja/S2430/initialize?prefCd=04&kikanCd=0400200151&kikanKbn=5", "url2": "otsuki-pharmacy.com", "内容": "有限会社大槻薬局東新町店【5:薬局】宮城県柴田郡大河原町字東新町１０－１１" }, "geometry": { "type": "Point", "coordinates": [ 140.715843, 38.043706 ] } },
{ "type": "Feature", "properties": { "ID": 450400200153, "正式名称": "大河原調剤薬局", "機関区分": 5, "都道府県コード": 4, "市区町村コード": 321, "所在地": "宮城県柴田郡大河原町新南２８－１１", "緯度": 38.04994, "経度": 140.73058, "url": "https://www.iryou.teikyouseido.mhlw.go.jp/znk-web/juminkanja/S2430/initialize?prefCd=04&kikanCd=0400200153&kikanKbn=5", "url2": null, "内容": "大河原調剤薬局【5:薬局】宮城県柴田郡大河原町新南２８－１１" }, "geometry": { "type": "Point", "coordinates": [ 140.73058, 38.04994 ] } },
{ "type": "Feature", "properties": { "ID": 450400200156, "正式名称": "エルム調剤薬局白石店", "機関区分": 5, "都道府県コード": 4, "市区町村コード": 206, "所在地": "宮城県白石市城北町４－３２－２", "緯度": 38.005978, "経度": 140.619273, "url": "https://www.iryou.teikyouseido.mhlw.go.jp/znk-web/juminkanja/S2430/initialize?prefCd=04&kikanCd=0400200156&kikanKbn=5", "url2": "https://www.palm-s.com", "内容": "エルム調剤薬局白石店【5:薬局】宮城県白石市城北町４－３２－２" }, "geometry": { "type": "Point", "coordinates": [ 140.619273, 38.005978 ] } },
{ "type": "Feature", "properties": { "ID": 450400200157, "正式名称": "関谷　薬局", "機関区分": 5, "都道府県コード": 4, "市区町村コード": 321, "所在地": "宮城県柴田郡大河原町大谷字町向１１６－１８", "緯度": 38.047747, "経度": 140.739612, "url": "https://www.iryou.teikyouseido.mhlw.go.jp/znk-web/juminkanja/S2430/initialize?prefCd=04&kikanCd=0400200157&kikanKbn=5", "url2": null, "内容": "関谷　薬局【5:薬局】宮城県柴田郡大河原町大谷字町向１１６－１８" }, "geometry": { "type": "Point", "coordinates": [ 140.739612, 38.047747 ] } },
{ "type": "Feature", "properties": { "ID": 450400200163, "正式名称": "仙台調剤大河原店", "機関区分": 5, "都道府県コード": 4, "市区町村コード": 321, "所在地": "宮城県柴田郡大河原町住吉町９－７", "緯度": 38.044044, "経度": 140.741992, "url": "https://www.iryou.teikyouseido.mhlw.go.jp/znk-web/juminkanja/S2430/initialize?prefCd=04&kikanCd=0400200163&kikanKbn=5", "url2": "https://ship-ph.co.jp/", "内容": "仙台調剤大河原店【5:薬局】宮城県柴田郡大河原町住吉町９－７" }, "geometry": { "type": "Point", "coordinates": [ 140.741992, 38.044044 ] } },
{ "type": "Feature", "properties": { "ID": 450400200169, "正式名称": "あさひ薬局", "機関区分": 5, "都道府県コード": 4, "市区町村コード": 206, "所在地": "宮城県白石市旭町３－２－１", "緯度": 37.992372, "経度": 140.632935, "url": "https://www.iryou.teikyouseido.mhlw.go.jp/znk-web/juminkanja/S2430/initialize?prefCd=04&kikanCd=0400200169&kikanKbn=5", "url2": null, "内容": "あさひ薬局【5:薬局】宮城県白石市旭町３－２－１" }, "geometry": { "type": "Point", "coordinates": [ 140.632935, 37.992372 ] } },
{ "type": "Feature", "properties": { "ID": 450400200172, "正式名称": "仙台調剤白石店", "機関区分": 5, "都道府県コード": 4, "市区町村コード": 206, "所在地": "宮城県白石市福岡蔵本字秋野沢２２－５", "緯度": 38.01045, "経度": 140.608864, "url": "https://www.iryou.teikyouseido.mhlw.go.jp/znk-web/juminkanja/S2430/initialize?prefCd=04&kikanCd=0400200172&kikanKbn=5", "url2": "http://www.shpe.co.jp/", "内容": "仙台調剤白石店【5:薬局】宮城県白石市福岡蔵本字秋野沢２２－５" }, "geometry": { "type": "Point", "coordinates": [ 140.608864, 38.01045 ] } },
{ "type": "Feature", "properties": { "ID": 450400200174, "正式名称": "みどり薬局刈田病院前店", "機関区分": 5, "都道府県コード": 4, "市区町村コード": 206, "所在地": "宮城県白石市福岡蔵本秋野沢２６－１", "緯度": 38.0101175, "経度": 140.6104239, "url": "https://www.iryou.teikyouseido.mhlw.go.jp/znk-web/juminkanja/S2430/initialize?prefCd=04&kikanCd=0400200174&kikanKbn=5", "url2": null, "内容": "みどり薬局刈田病院前店【5:薬局】宮城県白石市福岡蔵本秋野沢２６－１" }, "geometry": { "type": "Point", "coordinates": [ 140.6104239, 38.0101175 ] } },
{ "type": "Feature", "properties": { "ID": 450400200177, "正式名称": "かみまち薬局", "機関区分": 5, "都道府県コード": 4, "市区町村コード": 323, "所在地": "宮城県柴田郡柴田町槻木上町３丁目６－２６", "緯度": 38.0765504, "経度": 140.8121054, "url": "https://www.iryou.teikyouseido.mhlw.go.jp/znk-web/juminkanja/S2430/initialize?prefCd=04&kikanCd=0400200177&kikanKbn=5", "url2": "http://e-turumi.jp/index.html", "内容": "かみまち薬局【5:薬局】宮城県柴田郡柴田町槻木上町３丁目６－２６" }, "geometry": { "type": "Point", "coordinates": [ 140.8121054, 38.0765504 ] } },
{ "type": "Feature", "properties": { "ID": 450400200178, "正式名称": "サイカ調剤薬局丸森病院前店", "機関区分": 5, "都道府県コード": 4, "市区町村コード": 341, "所在地": "宮城県伊具郡丸森町鳥屋８７－３", "緯度": 37.912068, "経度": 140.765266, "url": "https://www.iryou.teikyouseido.mhlw.go.jp/znk-web/juminkanja/S2430/initialize?prefCd=04&kikanCd=0400200178&kikanKbn=5", "url2": "http//saika_byouinnmae_ph.meron-net.jp/", "内容": "サイカ調剤薬局丸森病院前店【5:薬局】宮城県伊具郡丸森町鳥屋８７－３" }, "geometry": { "type": "Point", "coordinates": [ 140.765266, 37.912068 ] } },
{ "type": "Feature", "properties": { "ID": 450400200179, "正式名称": "丸森調剤薬局病院前店", "機関区分": 5, "都道府県コード": 4, "市区町村コード": 341, "所在地": "宮城県伊具郡丸森町鳥屋８５―１", "緯度": 37.912073, "経度": 140.764959, "url": "https://www.iryou.teikyouseido.mhlw.go.jp/znk-web/juminkanja/S2430/initialize?prefCd=04&kikanCd=0400200179&kikanKbn=5", "url2": "https://medicalito.jp/", "内容": "丸森調剤薬局病院前店【5:薬局】宮城県伊具郡丸森町鳥屋８５―１" }, "geometry": { "type": "Point", "coordinates": [ 140.764959, 37.912073 ] } },
{ "type": "Feature", "properties": { "ID": 450400200180, "正式名称": "みどり薬局城北店", "機関区分": 5, "都道府県コード": 4, "市区町村コード": 206, "所在地": "宮城県白石市城北町４－１４", "緯度": 38.006825, "経度": 140.618907, "url": "https://www.iryou.teikyouseido.mhlw.go.jp/znk-web/juminkanja/S2430/initialize?prefCd=04&kikanCd=0400200180&kikanKbn=5", "url2": "https://meron-net.shop/ds/midori-phamacy-Jonan", "内容": "みどり薬局城北店【5:薬局】宮城県白石市城北町４－１４" }, "geometry": { "type": "Point", "coordinates": [ 140.618907, 38.006825 ] } },
{ "type": "Feature", "properties": { "ID": 450400200181, "正式名称": "アイランド薬局大河原店", "機関区分": 5, "都道府県コード": 4, "市区町村コード": 321, "所在地": "宮城県柴田郡大河原町字新東９２－１１", "緯度": 38.061466, "経度": 140.735828, "url": "https://www.iryou.teikyouseido.mhlw.go.jp/znk-web/juminkanja/S2430/initialize?prefCd=04&kikanCd=0400200181&kikanKbn=5", "url2": "https://www.apocreat.co.jp/", "内容": "アイランド薬局大河原店【5:薬局】宮城県柴田郡大河原町字新東９２－１１" }, "geometry": { "type": "Point", "coordinates": [ 140.735828, 38.061466 ] } },
{ "type": "Feature", "properties": { "ID": 450400200182, "正式名称": "仙台調剤薬局　大河原西店", "機関区分": 5, "都道府県コード": 4, "市区町村コード": 321, "所在地": "宮城県柴田郡大河原町字新東９２ー１", "緯度": 38.060353, "経度": 140.734908, "url": "https://www.iryou.teikyouseido.mhlw.go.jp/znk-web/juminkanja/S2430/initialize?prefCd=04&kikanCd=0400200182&kikanKbn=5", "url2": "http://www.shpe.co.jp/", "内容": "仙台調剤薬局　大河原西店【5:薬局】宮城県柴田郡大河原町字新東９２ー１" }, "geometry": { "type": "Point", "coordinates": [ 140.734908, 38.060353 ] } },
{ "type": "Feature", "properties": { "ID": 450400200183, "正式名称": "カメイ調剤薬局　大河原店", "機関区分": 5, "都道府県コード": 4, "市区町村コード": 321, "所在地": "宮城県柴田郡大河原町字新東９３番６号", "緯度": 38.059692, "経度": 140.73569, "url": "https://www.iryou.teikyouseido.mhlw.go.jp/znk-web/juminkanja/S2430/initialize?prefCd=04&kikanCd=0400200183&kikanKbn=5", "url2": "http://www.kamei.co.jp/pharmacy/index.html", "内容": "カメイ調剤薬局　大河原店【5:薬局】宮城県柴田郡大河原町字新東９３番６号" }, "geometry": { "type": "Point", "coordinates": [ 140.73569, 38.059692 ] } },
{ "type": "Feature", "properties": { "ID": 450400200187, "正式名称": "フレンド薬局清水小路", "機関区分": 5, "都道府県コード": 4, "市区町村コード": 206, "所在地": "宮城県白石市清水小路５－１", "緯度": 38.0073828, "経度": 140.6235314, "url": "https://www.iryou.teikyouseido.mhlw.go.jp/znk-web/juminkanja/S2430/initialize?prefCd=04&kikanCd=0400200187&kikanKbn=5", "url2": null, "内容": "フレンド薬局清水小路【5:薬局】宮城県白石市清水小路５－１" }, "geometry": { "type": "Point", "coordinates": [ 140.6235314, 38.0073828 ] } },
{ "type": "Feature", "properties": { "ID": 450400200188, "正式名称": "川崎薬局", "機関区分": 5, "都道府県コード": 4, "市区町村コード": 324, "所在地": "宮城県柴田郡川崎町大字前川字北原２３－１", "緯度": 38.182263, "経度": 140.630039, "url": "https://www.iryou.teikyouseido.mhlw.go.jp/znk-web/juminkanja/S2430/initialize?prefCd=04&kikanCd=0400200188&kikanKbn=5", "url2": null, "内容": "川崎薬局【5:薬局】宮城県柴田郡川崎町大字前川字北原２３－１" }, "geometry": { "type": "Point", "coordinates": [ 140.630039, 38.182263 ] } },
{ "type": "Feature", "properties": { "ID": 450400200189, "正式名称": "マリーン調剤薬局　角田店", "機関区分": 5, "都道府県コード": 4, "市区町村コード": 208, "所在地": "宮城県角田市角田字田町１２８－２", "緯度": 37.975937, "経度": 140.77827, "url": "https://www.iryou.teikyouseido.mhlw.go.jp/znk-web/juminkanja/S2430/initialize?prefCd=04&kikanCd=0400200189&kikanKbn=5", "url2": "http//www.auamarine-net.co.jp", "内容": "マリーン調剤薬局　角田店【5:薬局】宮城県角田市角田字田町１２８－２" }, "geometry": { "type": "Point", "coordinates": [ 140.77827, 37.975937 ] } },
{ "type": "Feature", "properties": { "ID": 450400200190, "正式名称": "あおば薬局", "機関区分": 5, "都道府県コード": 4, "市区町村コード": 323, "所在地": "宮城県柴田郡柴田町北船岡１－３９－１", "緯度": 38.062915, "経度": 140.76881, "url": "https://www.iryou.teikyouseido.mhlw.go.jp/znk-web/juminkanja/S2430/initialize?prefCd=04&kikanCd=0400200190&kikanKbn=5", "url2": null, "内容": "あおば薬局【5:薬局】宮城県柴田郡柴田町北船岡１－３９－１" }, "geometry": { "type": "Point", "coordinates": [ 140.76881, 38.062915 ] } },
{ "type": "Feature", "properties": { "ID": 450400200193, "正式名称": "フジ薬局白石店", "機関区分": 5, "都道府県コード": 4, "市区町村コード": 206, "所在地": "宮城県白石市字銚子ケ森１０−４３", "緯度": 38.000665, "経度": 140.628017, "url": "https://www.iryou.teikyouseido.mhlw.go.jp/znk-web/juminkanja/S2430/initialize?prefCd=04&kikanCd=0400200193&kikanKbn=5", "url2": "https://www.fujimedicalpharma.com", "内容": "フジ薬局白石店【5:薬局】宮城県白石市字銚子ケ森１０−４３" }, "geometry": { "type": "Point", "coordinates": [ 140.628017, 38.000665 ] } },
{ "type": "Feature", "properties": { "ID": 450400200194, "正式名称": "カメイ調剤薬局　川崎店", "機関区分": 5, "都道府県コード": 4, "市区町村コード": 324, "所在地": "宮城県柴田郡川崎町大字前川字北原２４－２", "緯度": 38.180922, "経度": 140.629022, "url": "https://www.iryou.teikyouseido.mhlw.go.jp/znk-web/juminkanja/S2430/initialize?prefCd=04&kikanCd=0400200194&kikanKbn=5", "url2": "http://www.kamei.co.jp/pharmacy/index.html", "内容": "カメイ調剤薬局　川崎店【5:薬局】宮城県柴田郡川崎町大字前川字北原２４－２" }, "geometry": { "type": "Point", "coordinates": [ 140.629022, 38.180922 ] } },
{ "type": "Feature", "properties": { "ID": 450400200198, "正式名称": "宮調剤薬局", "機関区分": 5, "都道府県コード": 4, "市区町村コード": 206, "所在地": "宮城県白石市福岡深谷字一本松１６", "緯度": 38.038505, "経度": 140.643905, "url": "https://www.iryou.teikyouseido.mhlw.go.jp/znk-web/juminkanja/S2430/initialize?prefCd=04&kikanCd=0400200198&kikanKbn=5", "url2": "https://medicalito.jp/", "内容": "宮調剤薬局【5:薬局】宮城県白石市福岡深谷字一本松１６" }, "geometry": { "type": "Point", "coordinates": [ 140.643905, 38.038505 ] } },
{ "type": "Feature", "properties": { "ID": 450400200199, "正式名称": "甲子調剤薬局", "機関区分": 5, "都道府県コード": 4, "市区町村コード": 321, "所在地": "宮城県柴田郡大河原町字甲子町３－１", "緯度": 38.045135, "経度": 140.736867, "url": "https://www.iryou.teikyouseido.mhlw.go.jp/znk-web/juminkanja/S2430/initialize?prefCd=04&kikanCd=0400200199&kikanKbn=5", "url2": "https://medicalito.jp/", "内容": "甲子調剤薬局【5:薬局】宮城県柴田郡大河原町字甲子町３－１" }, "geometry": { "type": "Point", "coordinates": [ 140.736867, 38.045135 ] } },
{ "type": "Feature", "properties": { "ID": 450400200201, "正式名称": "ヨツメヤ薬局鳥井先店", "機関区分": 5, "都道府県コード": 4, "市区町村コード": 301, "所在地": "宮城県刈田郡蔵王町宮字鳥井先７－２", "緯度": 38.0477668, "経度": 140.6524969, "url": "https://www.iryou.teikyouseido.mhlw.go.jp/znk-web/juminkanja/S2430/initialize?prefCd=04&kikanCd=0400200201&kikanKbn=5", "url2": null, "内容": "ヨツメヤ薬局鳥井先店【5:薬局】宮城県刈田郡蔵王町宮字鳥井先７－２" }, "geometry": { "type": "Point", "coordinates": [ 140.652496899999988, 38.0477668 ] } },
{ "type": "Feature", "properties": { "ID": 450400200202, "正式名称": "うさぎ薬局", "機関区分": 5, "都道府県コード": 4, "市区町村コード": 206, "所在地": "宮城県白石市兎作４０－２", "緯度": 38.001581, "経度": 140.625182, "url": "https://www.iryou.teikyouseido.mhlw.go.jp/znk-web/juminkanja/S2430/initialize?prefCd=04&kikanCd=0400200202&kikanKbn=5", "url2": "https://usagipha.wixsite.com", "内容": "うさぎ薬局【5:薬局】宮城県白石市兎作４０－２" }, "geometry": { "type": "Point", "coordinates": [ 140.625182, 38.001581 ] } },
{ "type": "Feature", "properties": { "ID": 450400200203, "正式名称": "調剤薬局ツルハドラッグ宮城白石店", "機関区分": 5, "都道府県コード": 4, "市区町村コード": 206, "所在地": "宮城県白石市大手町１－８", "緯度": 38.001655, "経度": 140.619889, "url": "https://www.iryou.teikyouseido.mhlw.go.jp/znk-web/juminkanja/S2430/initialize?prefCd=04&kikanCd=0400200203&kikanKbn=5", "url2": "http://www.tsuruha.co.jp/", "内容": "調剤薬局ツルハドラッグ宮城白石店【5:薬局】宮城県白石市大手町１－８" }, "geometry": { "type": "Point", "coordinates": [ 140.619889, 38.001655 ] } },
{ "type": "Feature", "properties": { "ID": 450400200207, "正式名称": "ひまわり薬局", "機関区分": 5, "都道府県コード": 4, "市区町村コード": 323, "所在地": "宮城県柴田郡柴田町船岡東二丁目７－１５", "緯度": 38.056813, "経度": 140.773729, "url": "https://www.iryou.teikyouseido.mhlw.go.jp/znk-web/juminkanja/S2430/initialize?prefCd=04&kikanCd=0400200207&kikanKbn=5", "url2": "https://meron-net.shop/ds/himawarifunaoka", "内容": "ひまわり薬局【5:薬局】宮城県柴田郡柴田町船岡東二丁目７－１５" }, "geometry": { "type": "Point", "coordinates": [ 140.773729, 38.056813 ] } },
{ "type": "Feature", "properties": { "ID": 450400200210, "正式名称": "槻木中央薬局", "機関区分": 5, "都道府県コード": 4, "市区町村コード": 323, "所在地": "宮城県柴田郡柴田町槻木上町１－１－５５", "緯度": 38.0780043, "経度": 140.8123104, "url": "https://www.iryou.teikyouseido.mhlw.go.jp/znk-web/juminkanja/S2430/initialize?prefCd=04&kikanCd=0400200210&kikanKbn=5", "url2": null, "内容": "槻木中央薬局【5:薬局】宮城県柴田郡柴田町槻木上町１－１－５５" }, "geometry": { "type": "Point", "coordinates": [ 140.8123104, 38.0780043 ] } },
{ "type": "Feature", "properties": { "ID": 450400200211, "正式名称": "柴田オレンジ薬局", "機関区分": 5, "都道府県コード": 4, "市区町村コード": 323, "所在地": "宮城県柴田郡柴田町槻木下町２－８－１", "緯度": 33.17409, "経度": 129.882677, "url": "https://www.iryou.teikyouseido.mhlw.go.jp/znk-web/juminkanja/S2430/initialize?prefCd=04&kikanCd=0400200211&kikanKbn=5", "url2": "http://www.imai-medicalg.co.jp", "内容": "柴田オレンジ薬局【5:薬局】宮城県柴田郡柴田町槻木下町２－８－１" }, "geometry": { "type": "Point", "coordinates": [ 129.882677, 33.17409 ] } },
{ "type": "Feature", "properties": { "ID": 450400200218, "正式名称": "３１０（さとう）調剤薬局", "機関区分": 5, "都道府県コード": 4, "市区町村コード": 321, "所在地": "宮城県柴田郡大河原町大谷字戸ノ内前３１－１０", "緯度": 38.03795, "経度": 140.73477, "url": "https://www.iryou.teikyouseido.mhlw.go.jp/znk-web/juminkanja/S2430/initialize?prefCd=04&kikanCd=0400200218&kikanKbn=5", "url2": null, "内容": "３１０（さとう）調剤薬局【5:薬局】宮城県柴田郡大河原町大谷字戸ノ内前３１－１０" }, "geometry": { "type": "Point", "coordinates": [ 140.73477, 38.03795 ] } },
{ "type": "Feature", "properties": { "ID": 450400200220, "正式名称": "サイカ調剤薬局大舘店", "機関区分": 5, "都道府県コード": 4, "市区町村コード": 341, "所在地": "宮城県伊具郡丸森町字大舘３丁目１０９", "緯度": 37.923156, "経度": 140.76361, "url": "https://www.iryou.teikyouseido.mhlw.go.jp/znk-web/juminkanja/S2430/initialize?prefCd=04&kikanCd=0400200220&kikanKbn=5", "url2": "http//saika-odate.meron-net.jp/", "内容": "サイカ調剤薬局大舘店【5:薬局】宮城県伊具郡丸森町字大舘３丁目１０９" }, "geometry": { "type": "Point", "coordinates": [ 140.76361, 37.923156 ] } },
{ "type": "Feature", "properties": { "ID": 450400200221, "正式名称": "南町薬局", "機関区分": 5, "都道府県コード": 4, "市区町村コード": 208, "所在地": "宮城県角田市角田字南６０－５", "緯度": 37.96852, "経度": 140.781129, "url": "https://www.iryou.teikyouseido.mhlw.go.jp/znk-web/juminkanja/S2430/initialize?prefCd=04&kikanCd=0400200221&kikanKbn=5", "url2": "medicalwest.jp", "内容": "南町薬局【5:薬局】宮城県角田市角田字南６０－５" }, "geometry": { "type": "Point", "coordinates": [ 140.781129, 37.96852 ] } },
{ "type": "Feature", "properties": { "ID": 450400200226, "正式名称": "さくら薬局", "機関区分": 5, "都道府県コード": 4, "市区町村コード": 208, "所在地": "宮城県角田市佐倉字畑田南２‐６", "緯度": 37.995462, "経度": 140.790341, "url": "https://www.iryou.teikyouseido.mhlw.go.jp/znk-web/juminkanja/S2430/initialize?prefCd=04&kikanCd=0400200226&kikanKbn=5", "url2": "https://medicalito.jp/", "内容": "さくら薬局【5:薬局】宮城県角田市佐倉字畑田南２‐６" }, "geometry": { "type": "Point", "coordinates": [ 140.790341, 37.995462 ] } },
{ "type": "Feature", "properties": { "ID": 450400200227, "正式名称": "大河原桜町薬局", "機関区分": 5, "都道府県コード": 4, "市区町村コード": 321, "所在地": "宮城県柴田郡大河原町字南桜町４－４", "緯度": 38.05759, "経度": 140.741946, "url": "https://www.iryou.teikyouseido.mhlw.go.jp/znk-web/juminkanja/S2430/initialize?prefCd=04&kikanCd=0400200227&kikanKbn=5", "url2": "https://www.minamisakura-care.com", "内容": "大河原桜町薬局【5:薬局】宮城県柴田郡大河原町字南桜町４－４" }, "geometry": { "type": "Point", "coordinates": [ 140.741946, 38.05759 ] } },
{ "type": "Feature", "properties": { "ID": 450400200228, "正式名称": "中央薬局", "機関区分": 5, "都道府県コード": 4, "市区町村コード": 208, "所在地": "宮城県角田市角田字扇町１１ー１４", "緯度": 37.978408, "経度": 140.788351, "url": "https://www.iryou.teikyouseido.mhlw.go.jp/znk-web/juminkanja/S2430/initialize?prefCd=04&kikanCd=0400200228&kikanKbn=5", "url2": null, "内容": "中央薬局【5:薬局】宮城県角田市角田字扇町１１ー１４" }, "geometry": { "type": "Point", "coordinates": [ 140.788351, 37.978408 ] } },
{ "type": "Feature", "properties": { "ID": 450400200232, "正式名称": "こひつじ薬局", "機関区分": 5, "都道府県コード": 4, "市区町村コード": 323, "所在地": "宮城県柴田郡柴田町槻木上町１－８１－１", "緯度": 38.078194, "経度": 140.812972, "url": "https://www.iryou.teikyouseido.mhlw.go.jp/znk-web/juminkanja/S2430/initialize?prefCd=04&kikanCd=0400200232&kikanKbn=5", "url2": "https://medicalito.jp/", "内容": "こひつじ薬局【5:薬局】宮城県柴田郡柴田町槻木上町１－８１－１" }, "geometry": { "type": "Point", "coordinates": [ 140.812972, 38.078194 ] } },
{ "type": "Feature", "properties": { "ID": 450400200235, "正式名称": "船迫調剤薬局", "機関区分": 5, "都道府県コード": 4, "市区町村コード": 323, "所在地": "宮城県柴田郡柴田町西船迫２－２－１３", "緯度": 38.062843, "経度": 140.76108, "url": "https://www.iryou.teikyouseido.mhlw.go.jp/znk-web/juminkanja/S2430/initialize?prefCd=04&kikanCd=0400200235&kikanKbn=5", "url2": "https://medicalito.jp/", "内容": "船迫調剤薬局【5:薬局】宮城県柴田郡柴田町西船迫２－２－１３" }, "geometry": { "type": "Point", "coordinates": [ 140.76108, 38.062843 ] } },
{ "type": "Feature", "properties": { "ID": 450400200237, "正式名称": "船岡調剤薬局", "機関区分": 5, "都道府県コード": 4, "市区町村コード": 323, "所在地": "宮城県柴田郡柴田町船岡中央３－３－３９", "緯度": 38.0542342, "経度": 140.7665711, "url": "https://www.iryou.teikyouseido.mhlw.go.jp/znk-web/juminkanja/S2430/initialize?prefCd=04&kikanCd=0400200237&kikanKbn=5", "url2": "https://medicalito.jp/", "内容": "船岡調剤薬局【5:薬局】宮城県柴田郡柴田町船岡中央３－３－３９" }, "geometry": { "type": "Point", "coordinates": [ 140.7665711, 38.0542342 ] } },
{ "type": "Feature", "properties": { "ID": 450400200239, "正式名称": "こうめ薬局", "機関区分": 5, "都道府県コード": 4, "市区町村コード": 323, "所在地": "宮城県柴田郡柴田町西船迫　２－６－３", "緯度": 38.061556, "経度": 140.757693, "url": "https://www.iryou.teikyouseido.mhlw.go.jp/znk-web/juminkanja/S2430/initialize?prefCd=04&kikanCd=0400200239&kikanKbn=5", "url2": null, "内容": "こうめ薬局【5:薬局】宮城県柴田郡柴田町西船迫　２－６－３" }, "geometry": { "type": "Point", "coordinates": [ 140.757693, 38.061556 ] } },
{ "type": "Feature", "properties": { "ID": 450400200240, "正式名称": "アイン薬局　蔵王店", "機関区分": 5, "都道府県コード": 4, "市区町村コード": 301, "所在地": "宮城県刈田郡蔵王町大字円田字和田１３８－３", "緯度": 38.102293, "経度": 140.678553, "url": "https://www.iryou.teikyouseido.mhlw.go.jp/znk-web/juminkanja/S2430/initialize?prefCd=04&kikanCd=0400200240&kikanKbn=5", "url2": "http://www.ainj.co.jp/", "内容": "アイン薬局　蔵王店【5:薬局】宮城県刈田郡蔵王町大字円田字和田１３８－３" }, "geometry": { "type": "Point", "coordinates": [ 140.678553, 38.102293 ] } },
{ "type": "Feature", "properties": { "ID": 450400200242, "正式名称": "調剤薬局ツルハドラッグ角田中央店", "機関区分": 5, "都道府県コード": 4, "市区町村コード": 208, "所在地": "宮城県角田市角田角田字町２２２－２", "緯度": 37.975937, "経度": 140.77827, "url": "https://www.iryou.teikyouseido.mhlw.go.jp/znk-web/juminkanja/S2430/initialize?prefCd=04&kikanCd=0400200242&kikanKbn=5", "url2": "http://www.tsuruha.co.jp", "内容": "調剤薬局ツルハドラッグ角田中央店【5:薬局】宮城県角田市角田角田字町２２２－２" }, "geometry": { "type": "Point", "coordinates": [ 140.77827, 37.975937 ] } },
{ "type": "Feature", "properties": { "ID": 450400200244, "正式名称": "けやき薬局白石店", "機関区分": 5, "都道府県コード": 4, "市区町村コード": 206, "所在地": "宮城県白石市城南二丁目２－１３", "緯度": 37.997334, "経度": 140.614266, "url": "https://www.iryou.teikyouseido.mhlw.go.jp/znk-web/juminkanja/S2430/initialize?prefCd=04&kikanCd=0400200244&kikanKbn=5", "url2": "https://keyaki.ivalue.info/", "内容": "けやき薬局白石店【5:薬局】宮城県白石市城南二丁目２－１３" }, "geometry": { "type": "Point", "coordinates": [ 140.614266, 37.997334 ] } },
{ "type": "Feature", "properties": { "ID": 450400200246, "正式名称": "細川薬局", "機関区分": 5, "都道府県コード": 4, "市区町村コード": 208, "所在地": "宮城県角田市角田字町２２", "緯度": 37.971472, "経度": 140.784761, "url": "https://www.iryou.teikyouseido.mhlw.go.jp/znk-web/juminkanja/S2430/initialize?prefCd=04&kikanCd=0400200246&kikanKbn=5", "url2": null, "内容": "細川薬局【5:薬局】宮城県角田市角田字町２２" }, "geometry": { "type": "Point", "coordinates": [ 140.784761, 37.971472 ] } },
{ "type": "Feature", "properties": { "ID": 450400200249, "正式名称": "株式会社調剤薬局アウル", "機関区分": 5, "都道府県コード": 4, "市区町村コード": 321, "所在地": "宮城県柴田郡大河原町新東９３－９", "緯度": 38.061616, "経度": 140.736481, "url": "https://www.iryou.teikyouseido.mhlw.go.jp/znk-web/juminkanja/S2430/initialize?prefCd=04&kikanCd=0400200249&kikanKbn=5", "url2": null, "内容": "株式会社調剤薬局アウル【5:薬局】宮城県柴田郡大河原町新東９３－９" }, "geometry": { "type": "Point", "coordinates": [ 140.736481, 38.061616 ] } },
{ "type": "Feature", "properties": { "ID": 450400200250, "正式名称": "アイベル薬局　大河原店", "機関区分": 5, "都道府県コード": 4, "市区町村コード": 321, "所在地": "宮城県柴田郡大河原町大谷末広６１－１", "緯度": 38.03795, "経度": 140.73477, "url": "https://www.iryou.teikyouseido.mhlw.go.jp/znk-web/juminkanja/S2430/initialize?prefCd=04&kikanCd=0400200250&kikanKbn=5", "url2": "https://suzumedi.com/", "内容": "アイベル薬局　大河原店【5:薬局】宮城県柴田郡大河原町大谷末広６１－１" }, "geometry": { "type": "Point", "coordinates": [ 140.73477, 38.03795 ] } },
{ "type": "Feature", "properties": { "ID": 450400200251, "正式名称": "つばさ薬局船岡店", "機関区分": 5, "都道府県コード": 4, "市区町村コード": 323, "所在地": "宮城県柴田郡柴田町船岡新栄四丁目３－１５", "緯度": 38.04893, "経度": 140.78198, "url": "https://www.iryou.teikyouseido.mhlw.go.jp/znk-web/juminkanja/S2430/initialize?prefCd=04&kikanCd=0400200251&kikanKbn=5", "url2": "https://www.tsubasa-ph.co.jp/", "内容": "つばさ薬局船岡店【5:薬局】宮城県柴田郡柴田町船岡新栄四丁目３－１５" }, "geometry": { "type": "Point", "coordinates": [ 140.78198, 38.04893 ] } },
{ "type": "Feature", "properties": { "ID": 450400200253, "正式名称": "さんた薬局", "機関区分": 5, "都道府県コード": 4, "市区町村コード": 206, "所在地": "宮城県白石市鷹巣東１丁目５－２９", "緯度": 37.997963, "経度": 140.636132, "url": "https://www.iryou.teikyouseido.mhlw.go.jp/znk-web/juminkanja/S2430/initialize?prefCd=04&kikanCd=0400200253&kikanKbn=5", "url2": null, "内容": "さんた薬局【5:薬局】宮城県白石市鷹巣東１丁目５－２９" }, "geometry": { "type": "Point", "coordinates": [ 140.636132, 37.997963 ] } },
{ "type": "Feature", "properties": { "ID": 450400200254, "正式名称": "リーフ調剤薬局", "機関区分": 5, "都道府県コード": 4, "市区町村コード": 321, "所在地": "宮城県柴田郡大河原町小島２６－１２", "緯度": 38.064132, "経度": 140.735906, "url": "https://www.iryou.teikyouseido.mhlw.go.jp/znk-web/juminkanja/S2430/initialize?prefCd=04&kikanCd=0400200254&kikanKbn=5", "url2": "https://meron-net.shop/ds/abic-leaf/", "内容": "リーフ調剤薬局【5:薬局】宮城県柴田郡大河原町小島２６－１２" }, "geometry": { "type": "Point", "coordinates": [ 140.735906, 38.064132 ] } },
{ "type": "Feature", "properties": { "ID": 450400200256, "正式名称": "しろいし薬局", "機関区分": 5, "都道府県コード": 4, "市区町村コード": 206, "所在地": "宮城県白石市沢端町２－３９", "緯度": 38.00509, "経度": 140.619718, "url": "https://www.iryou.teikyouseido.mhlw.go.jp/znk-web/juminkanja/S2430/initialize?prefCd=04&kikanCd=0400200256&kikanKbn=5", "url2": null, "内容": "しろいし薬局【5:薬局】宮城県白石市沢端町２－３９" }, "geometry": { "type": "Point", "coordinates": [ 140.619718, 38.00509 ] } },
{ "type": "Feature", "properties": { "ID": 450400200257, "正式名称": "蔵王ヘルスマート薬局", "機関区分": 5, "都道府県コード": 4, "市区町村コード": 301, "所在地": "宮城県刈田郡蔵王町宮字町３７－３", "緯度": 38.055734, "経度": 140.652866, "url": "https://www.iryou.teikyouseido.mhlw.go.jp/znk-web/juminkanja/S2430/initialize?prefCd=04&kikanCd=0400200257&kikanKbn=5", "url2": "https://www.good-np.com/", "内容": "蔵王ヘルスマート薬局【5:薬局】宮城県刈田郡蔵王町宮字町３７－３" }, "geometry": { "type": "Point", "coordinates": [ 140.652866, 38.055734 ] } },
{ "type": "Feature", "properties": { "ID": 450400200258, "正式名称": "ウエルシア薬局船岡中央店", "機関区分": 5, "都道府県コード": 4, "市区町村コード": 323, "所在地": "宮城県柴田郡柴田町船岡中央３－１８－１０", "緯度": 38.053777, "経度": 140.771116, "url": "https://www.iryou.teikyouseido.mhlw.go.jp/znk-web/juminkanja/S2430/initialize?prefCd=04&kikanCd=0400200258&kikanKbn=5", "url2": "https://stores.welcia.co.jp/1346D", "内容": "ウエルシア薬局船岡中央店【5:薬局】宮城県柴田郡柴田町船岡中央３－１８－１０" }, "geometry": { "type": "Point", "coordinates": [ 140.771116, 38.053777 ] } },
{ "type": "Feature", "properties": { "ID": 450400200259, "正式名称": "リズム調剤薬局　白石蔵王店", "機関区分": 5, "都道府県コード": 4, "市区町村コード": 206, "所在地": "宮城県白石市鷹巣東三丁目８－３５", "緯度": 37.997304, "経度": 140.639016, "url": "https://www.iryou.teikyouseido.mhlw.go.jp/znk-web/juminkanja/S2430/initialize?prefCd=04&kikanCd=0400200259&kikanKbn=5", "url2": null, "内容": "リズム調剤薬局　白石蔵王店【5:薬局】宮城県白石市鷹巣東三丁目８－３５" }, "geometry": { "type": "Point", "coordinates": [ 140.639016, 37.997304 ] } },
{ "type": "Feature", "properties": { "ID": 450400200260, "正式名称": "カメイ調剤薬局　村田店", "機関区分": 5, "都道府県コード": 4, "市区町村コード": 322, "所在地": "宮城県柴田郡村田町大字村田字西４２", "緯度": 38.117039, "経度": 140.722893, "url": "https://www.iryou.teikyouseido.mhlw.go.jp/znk-web/juminkanja/S2430/initialize?prefCd=04&kikanCd=0400200260&kikanKbn=5", "url2": "http://www.kamei.co.jp/pharmacy/index.html", "内容": "カメイ調剤薬局　村田店【5:薬局】宮城県柴田郡村田町大字村田字西４２" }, "geometry": { "type": "Point", "coordinates": [ 140.722893, 38.117039 ] } },
{ "type": "Feature", "properties": { "ID": 450400200261, "正式名称": "やすらぎ調剤薬局", "機関区分": 5, "都道府県コード": 4, "市区町村コード": 322, "所在地": "宮城県柴田郡村田町小泉字西浦８８－１", "緯度": 38.104362, "経度": 140.72719, "url": "https://www.iryou.teikyouseido.mhlw.go.jp/znk-web/juminkanja/S2430/initialize?prefCd=04&kikanCd=0400200261&kikanKbn=5", "url2": "https://www.marinegroup.jp/", "内容": "やすらぎ調剤薬局【5:薬局】宮城県柴田郡村田町小泉字西浦８８－１" }, "geometry": { "type": "Point", "coordinates": [ 140.72719, 38.104362 ] } },
{ "type": "Feature", "properties": { "ID": 450400200262, "正式名称": "くるみ薬局", "機関区分": 5, "都道府県コード": 4, "市区町村コード": 208, "所在地": "宮城県角田市角田字田町１２３番地の６", "緯度": 37.974313, "経度": 140.785181, "url": "https://www.iryou.teikyouseido.mhlw.go.jp/znk-web/juminkanja/S2430/initialize?prefCd=04&kikanCd=0400200262&kikanKbn=5", "url2": null, "内容": "くるみ薬局【5:薬局】宮城県角田市角田字田町１２３番地の６" }, "geometry": { "type": "Point", "coordinates": [ 140.785181, 37.974313 ] } },
{ "type": "Feature", "properties": { "ID": 450400200263, "正式名称": "あるふぁ薬局仙南病院前店", "機関区分": 5, "都道府県コード": 4, "市区町村コード": 208, "所在地": "宮城県角田市角田字牛舘２０番地", "緯度": 37.971196, "経度": 140.782642, "url": "https://www.iryou.teikyouseido.mhlw.go.jp/znk-web/juminkanja/S2430/initialize?prefCd=04&kikanCd=0400200263&kikanKbn=5", "url2": "https://www.alfapharm1.com", "内容": "あるふぁ薬局仙南病院前店【5:薬局】宮城県角田市角田字牛舘２０番地" }, "geometry": { "type": "Point", "coordinates": [ 140.782642, 37.971196 ] } },
{ "type": "Feature", "properties": { "ID": 450400200264, "正式名称": "つきのき駅西薬局", "機関区分": 5, "都道府県コード": 4, "市区町村コード": 323, "所在地": "宮城県柴田郡柴田町槻木駅西一丁目４－１１", "緯度": 38.0784048, "経度": 140.8083577, "url": "https://www.iryou.teikyouseido.mhlw.go.jp/znk-web/juminkanja/S2430/initialize?prefCd=04&kikanCd=0400200264&kikanKbn=5", "url2": "http://www.apocreat.co.jp/", "内容": "つきのき駅西薬局【5:薬局】宮城県柴田郡柴田町槻木駅西一丁目４－１１" }, "geometry": { "type": "Point", "coordinates": [ 140.808357699999988, 38.0784048 ] } },
{ "type": "Feature", "properties": { "ID": 450400200265, "正式名称": "つきのき駅南薬局", "機関区分": 5, "都道府県コード": 4, "市区町村コード": 323, "所在地": "宮城県柴田郡柴田町槻木上町２丁目６番２号", "緯度": 38.07618, "経度": 140.809147, "url": "https://www.iryou.teikyouseido.mhlw.go.jp/znk-web/juminkanja/S2430/initialize?prefCd=04&kikanCd=0400200265&kikanKbn=5", "url2": "http://www.apocreat.co.jp/", "内容": "つきのき駅南薬局【5:薬局】宮城県柴田郡柴田町槻木上町２丁目６番２号" }, "geometry": { "type": "Point", "coordinates": [ 140.809147, 38.07618 ] } },
{ "type": "Feature", "properties": { "ID": 450400200266, "正式名称": "カメイ調剤薬局　船岡店", "機関区分": 5, "都道府県コード": 4, "市区町村コード": 323, "所在地": "宮城県柴田郡柴田町船岡新栄３丁目４３－９", "緯度": 38.053024, "経度": 140.782862, "url": "https://www.iryou.teikyouseido.mhlw.go.jp/znk-web/juminkanja/S2430/initialize?prefCd=04&kikanCd=0400200266&kikanKbn=5", "url2": "http://www.kamei.co.jp/pharmacy/index.html", "内容": "カメイ調剤薬局　船岡店【5:薬局】宮城県柴田郡柴田町船岡新栄３丁目４３－９" }, "geometry": { "type": "Point", "coordinates": [ 140.782862, 38.053024 ] } },
{ "type": "Feature", "properties": { "ID": 450400200268, "正式名称": "クスリのアオキ大河原薬局", "機関区分": 5, "都道府県コード": 4, "市区町村コード": 321, "所在地": "宮城県柴田郡大河原町大谷字西原前５３番地２", "緯度": 38.05347, "経度": 140.748031, "url": "https://www.iryou.teikyouseido.mhlw.go.jp/znk-web/juminkanja/S2430/initialize?prefCd=04&kikanCd=0400200268&kikanKbn=5", "url2": "https://www.kusuri-aoki.co.jp/", "内容": "クスリのアオキ大河原薬局【5:薬局】宮城県柴田郡大河原町大谷字西原前５３番地２" }, "geometry": { "type": "Point", "coordinates": [ 140.748031, 38.05347 ] } },
{ "type": "Feature", "properties": { "ID": 450400200269, "正式名称": "カワチ薬局　大河原店", "機関区分": 5, "都道府県コード": 4, "市区町村コード": 321, "所在地": "宮城県柴田郡大河原町字広表３９－１８", "緯度": 38.046753, "経度": 140.71637, "url": "https://www.iryou.teikyouseido.mhlw.go.jp/znk-web/juminkanja/S2430/initialize?prefCd=04&kikanCd=0400200269&kikanKbn=5", "url2": "https://www.cawachi.co.jp", "内容": "カワチ薬局　大河原店【5:薬局】宮城県柴田郡大河原町字広表３９－１８" }, "geometry": { "type": "Point", "coordinates": [ 140.71637, 38.046753 ] } },
{ "type": "Feature", "properties": { "ID": 450400200270, "正式名称": "ひがし薬局七ヶ宿", "機関区分": 5, "都道府県コード": 4, "市区町村コード": 302, "所在地": "宮城県刈田郡七ヶ宿町関１８４の１", "緯度": 37.995373, "経度": 140.439926, "url": "https://www.iryou.teikyouseido.mhlw.go.jp/znk-web/juminkanja/S2430/initialize?prefCd=04&kikanCd=0400200270&kikanKbn=5", "url2": null, "内容": "ひがし薬局七ヶ宿【5:薬局】宮城県刈田郡七ヶ宿町関１８４の１" }, "geometry": { "type": "Point", "coordinates": [ 140.439926, 37.995373 ] } },
{ "type": "Feature", "properties": { "ID": 450400200271, "正式名称": "奥羽調剤薬局　大河原店", "機関区分": 5, "都道府県コード": 4, "市区町村コード": 321, "所在地": "宮城県柴田郡大河原町字新東２２－６", "緯度": 38.05664, "経度": 140.734532, "url": "https://www.iryou.teikyouseido.mhlw.go.jp/znk-web/juminkanja/S2430/initialize?prefCd=04&kikanCd=0400200271&kikanKbn=5", "url2": null, "内容": "奥羽調剤薬局　大河原店【5:薬局】宮城県柴田郡大河原町字新東２２－６" }, "geometry": { "type": "Point", "coordinates": [ 140.734532, 38.05664 ] } },
{ "type": "Feature", "properties": { "ID": 450400200272, "正式名称": "クスリのアオキ船迫薬局", "機関区分": 5, "都道府県コード": 4, "市区町村コード": 323, "所在地": "宮城県柴田郡柴田町西船迫二丁目８番地７", "緯度": 38.062265, "経度": 140.760964, "url": "https://www.iryou.teikyouseido.mhlw.go.jp/znk-web/juminkanja/S2430/initialize?prefCd=04&kikanCd=0400200272&kikanKbn=5", "url2": "https://www.kusuri-aoki.co.jp/", "内容": "クスリのアオキ船迫薬局【5:薬局】宮城県柴田郡柴田町西船迫二丁目８番地７" }, "geometry": { "type": "Point", "coordinates": [ 140.760964, 38.062265 ] } },
{ "type": "Feature", "properties": { "ID": 450400200273, "正式名称": "アイン薬局村田店", "機関区分": 5, "都道府県コード": 4, "市区町村コード": 322, "所在地": "宮城県柴田郡村田町村田字反町８２番１", "緯度": 38.119663, "経度": 140.72299, "url": "https://www.iryou.teikyouseido.mhlw.go.jp/znk-web/juminkanja/S2430/initialize?prefCd=04&kikanCd=0400200273&kikanKbn=5", "url2": "http:www.ainj.co.jp", "内容": "アイン薬局村田店【5:薬局】宮城県柴田郡村田町村田字反町８２番１" }, "geometry": { "type": "Point", "coordinates": [ 140.72299, 38.119663 ] } },
{ "type": "Feature", "properties": { "ID": 450400200274, "正式名称": "かえで薬局　角田店", "機関区分": 5, "都道府県コード": 4, "市区町村コード": 208, "所在地": "宮城県角田市角田字牛館５３", "緯度": 37.971596, "経度": 140.780066, "url": "https://www.iryou.teikyouseido.mhlw.go.jp/znk-web/juminkanja/S2430/initialize?prefCd=04&kikanCd=0400200274&kikanKbn=5", "url2": "https://www.kaedeph.jp/home", "内容": "かえで薬局　角田店【5:薬局】宮城県角田市角田字牛館５３" }, "geometry": { "type": "Point", "coordinates": [ 140.780066, 37.971596 ] } },
{ "type": "Feature", "properties": { "ID": 450400200275, "正式名称": "セイナ調剤薬局", "機関区分": 5, "都道府県コード": 4, "市区町村コード": 321, "所在地": "宮城県柴田郡大河原町字町７０番地４", "緯度": 38.05208, "経度": 140.73633, "url": "https://www.iryou.teikyouseido.mhlw.go.jp/znk-web/juminkanja/S2430/initialize?prefCd=04&kikanCd=0400200275&kikanKbn=5", "url2": null, "内容": "セイナ調剤薬局【5:薬局】宮城県柴田郡大河原町字町７０番地４" }, "geometry": { "type": "Point", "coordinates": [ 140.73633, 38.05208 ] } },
{ "type": "Feature", "properties": { "ID": 450400200276, "正式名称": "ペガサス薬局　大河原店", "機関区分": 5, "都道府県コード": 4, "市区町村コード": 321, "所在地": "宮城県柴田郡大河原町字広表３４番地９", "緯度": 38.04797, "経度": 140.717336, "url": "https://www.iryou.teikyouseido.mhlw.go.jp/znk-web/juminkanja/S2430/initialize?prefCd=04&kikanCd=0400200276&kikanKbn=5", "url2": "https://www.furu-cho.co.jp", "内容": "ペガサス薬局　大河原店【5:薬局】宮城県柴田郡大河原町字広表３４番地９" }, "geometry": { "type": "Point", "coordinates": [ 140.717336, 38.04797 ] } },
{ "type": "Feature", "properties": { "ID": 450400200277, "正式名称": "クスリのアオキアムザ白石薬局", "機関区分": 5, "都道府県コード": 4, "市区町村コード": 206, "所在地": "宮城県白石市大平森合字森合沖１２１番地", "緯度": 37.995599, "経度": 140.610989, "url": "https://www.iryou.teikyouseido.mhlw.go.jp/znk-web/juminkanja/S2430/initialize?prefCd=04&kikanCd=0400200277&kikanKbn=5", "url2": "https://www.kusuri-aoki.co.jp/", "内容": "クスリのアオキアムザ白石薬局【5:薬局】宮城県白石市大平森合字森合沖１２１番地" }, "geometry": { "type": "Point", "coordinates": [ 140.610989, 37.995599 ] } },
{ "type": "Feature", "properties": { "ID": 450400300001, "正式名称": "合資会社せきや薬局", "機関区分": 5, "都道府県コード": 4, "市区町村コード": 211, "所在地": "宮城県岩沼市中央１－２－１５", "緯度": 38.105093, "経度": 140.866073, "url": "https://www.iryou.teikyouseido.mhlw.go.jp/znk-web/juminkanja/S2430/initialize?prefCd=04&kikanCd=0400300001&kikanKbn=5", "url2": "https://meron-net.shop/ds/kusuri_sekiya", "内容": "合資会社せきや薬局【5:薬局】宮城県岩沼市中央１－２－１５" }, "geometry": { "type": "Point", "coordinates": [ 140.866073, 38.105093 ] } },
{ "type": "Feature", "properties": { "ID": 450400300048, "正式名称": "もみのき薬局", "機関区分": 5, "都道府県コード": 4, "市区町村コード": 361, "所在地": "宮城県亘理郡亘理町逢隈中泉字中１２３－１", "緯度": 38.0791692, "経度": 140.8746458, "url": "https://www.iryou.teikyouseido.mhlw.go.jp/znk-web/juminkanja/S2430/initialize?prefCd=04&kikanCd=0400300048&kikanKbn=5", "url2": null, "内容": "もみのき薬局【5:薬局】宮城県亘理郡亘理町逢隈中泉字中１２３－１" }, "geometry": { "type": "Point", "coordinates": [ 140.8746458, 38.0791692 ] } },
{ "type": "Feature", "properties": { "ID": 450400300051, "正式名称": "末広調剤薬局", "機関区分": 5, "都道府県コード": 4, "市区町村コード": 211, "所在地": "宮城県岩沼市末広二丁目２ー７", "緯度": 38.111204, "経度": 140.876333, "url": "https://www.iryou.teikyouseido.mhlw.go.jp/znk-web/juminkanja/S2430/initialize?prefCd=04&kikanCd=0400300051&kikanKbn=5", "url2": "https://medicalito.jp/", "内容": "末広調剤薬局【5:薬局】宮城県岩沼市末広二丁目２ー７" }, "geometry": { "type": "Point", "coordinates": [ 140.876333, 38.111204 ] } },
{ "type": "Feature", "properties": { "ID": 450400300058, "正式名称": "有限会社サン薬局", "機関区分": 5, "都道府県コード": 4, "市区町村コード": 211, "所在地": "宮城県岩沼市中央１丁目４ー１１", "緯度": 38.105955, "経度": 140.866805, "url": "https://www.iryou.teikyouseido.mhlw.go.jp/znk-web/juminkanja/S2430/initialize?prefCd=04&kikanCd=0400300058&kikanKbn=5", "url2": "https://38kyoku.com/", "内容": "有限会社サン薬局【5:薬局】宮城県岩沼市中央１丁目４ー１１" }, "geometry": { "type": "Point", "coordinates": [ 140.866805, 38.105955 ] } },
{ "type": "Feature", "properties": { "ID": 450400300066, "正式名称": "有限会社なとり薬局", "機関区分": 5, "都道府県コード": 4, "市区町村コード": 207, "所在地": "宮城県名取市大手町６丁目２番地の４", "緯度": 38.170384, "経度": 140.8787, "url": "https://www.iryou.teikyouseido.mhlw.go.jp/znk-web/juminkanja/S2430/initialize?prefCd=04&kikanCd=0400300066&kikanKbn=5", "url2": "kannpounatoriph.meron-net.jp", "内容": "有限会社なとり薬局【5:薬局】宮城県名取市大手町６丁目２番地の４" }, "geometry": { "type": "Point", "coordinates": [ 140.8787, 38.170384 ] } },
{ "type": "Feature", "properties": { "ID": 450400300073, "正式名称": "さくら薬局", "機関区分": 5, "都道府県コード": 4, "市区町村コード": 211, "所在地": "宮城県岩沼市桜４－５－９", "緯度": 38.111551, "経度": 140.870312, "url": "https://www.iryou.teikyouseido.mhlw.go.jp/znk-web/juminkanja/S2430/initialize?prefCd=04&kikanCd=0400300073&kikanKbn=5", "url2": null, "内容": "さくら薬局【5:薬局】宮城県岩沼市桜４－５－９" }, "geometry": { "type": "Point", "coordinates": [ 140.870312, 38.111551 ] } },
{ "type": "Feature", "properties": { "ID": 450400300082, "正式名称": "調剤薬局エーゲ海", "機関区分": 5, "都道府県コード": 4, "市区町村コード": 362, "所在地": "宮城県亘理郡山元町山寺字石田２０－１", "緯度": 37.970551, "経度": 140.875116, "url": "https://www.iryou.teikyouseido.mhlw.go.jp/znk-web/juminkanja/S2430/initialize?prefCd=04&kikanCd=0400300082&kikanKbn=5", "url2": null, "内容": "調剤薬局エーゲ海【5:薬局】宮城県亘理郡山元町山寺字石田２０－１" }, "geometry": { "type": "Point", "coordinates": [ 140.875116, 37.970551 ] } },
{ "type": "Feature", "properties": { "ID": 450400300084, "正式名称": "うえまつ調剤薬局", "機関区分": 5, "都道府県コード": 4, "市区町村コード": 207, "所在地": "宮城県名取市植松１－１－２１", "緯度": 38.153122, "経度": 140.882784, "url": "https://www.iryou.teikyouseido.mhlw.go.jp/znk-web/juminkanja/S2430/initialize?prefCd=04&kikanCd=0400300084&kikanKbn=5", "url2": null, "内容": "うえまつ調剤薬局【5:薬局】宮城県名取市植松１－１－２１" }, "geometry": { "type": "Point", "coordinates": [ 140.882784, 38.153122 ] } },
{ "type": "Feature", "properties": { "ID": 450400300090, "正式名称": "城南薬局", "機関区分": 5, "都道府県コード": 4, "市区町村コード": 361, "所在地": "宮城県亘理郡亘理町舘南８５－１７", "緯度": 38.031923, "経度": 140.852807, "url": "https://www.iryou.teikyouseido.mhlw.go.jp/znk-web/juminkanja/S2430/initialize?prefCd=04&kikanCd=0400300090&kikanKbn=5", "url2": null, "内容": "城南薬局【5:薬局】宮城県亘理郡亘理町舘南８５－１７" }, "geometry": { "type": "Point", "coordinates": [ 140.852807, 38.031923 ] } },
{ "type": "Feature", "properties": { "ID": 450400300092, "正式名称": "仙台調剤　名取店", "機関区分": 5, "都道府県コード": 4, "市区町村コード": 207, "所在地": "宮城県名取市愛島塩手字下田１１９－４", "緯度": 38.168788, "経度": 140.868079, "url": "https://www.iryou.teikyouseido.mhlw.go.jp/znk-web/juminkanja/S2430/initialize?prefCd=04&kikanCd=0400300092&kikanKbn=5", "url2": "http://www.shpe.co.jp/", "内容": "仙台調剤　名取店【5:薬局】宮城県名取市愛島塩手字下田１１９－４" }, "geometry": { "type": "Point", "coordinates": [ 140.868079, 38.168788 ] } },
{ "type": "Feature", "properties": { "ID": 450400300098, "正式名称": "すばる調剤薬局名取店", "機関区分": 5, "都道府県コード": 4, "市区町村コード": 207, "所在地": "宮城県名取市杉ケ袋字前沖２３８", "緯度": 38.154621, "経度": 140.916464, "url": "https://www.iryou.teikyouseido.mhlw.go.jp/znk-web/juminkanja/S2430/initialize?prefCd=04&kikanCd=0400300098&kikanKbn=5", "url2": null, "内容": "すばる調剤薬局名取店【5:薬局】宮城県名取市杉ケ袋字前沖２３８" }, "geometry": { "type": "Point", "coordinates": [ 140.916464, 38.154621 ] } },
{ "type": "Feature", "properties": { "ID": 450400300099, "正式名称": "あすか調剤薬局", "機関区分": 5, "都道府県コード": 4, "市区町村コード": 207, "所在地": "宮城県名取市手倉田字八幡３３８ー９", "緯度": 38.171785, "経度": 140.881712, "url": "https://www.iryou.teikyouseido.mhlw.go.jp/znk-web/juminkanja/S2430/initialize?prefCd=04&kikanCd=0400300099&kikanKbn=5", "url2": null, "内容": "あすか調剤薬局【5:薬局】宮城県名取市手倉田字八幡３３８ー９" }, "geometry": { "type": "Point", "coordinates": [ 140.881712, 38.171785 ] } },
{ "type": "Feature", "properties": { "ID": 450400300100, "正式名称": "武隈調剤薬局", "機関区分": 5, "都道府県コード": 4, "市区町村コード": 211, "所在地": "宮城県岩沼市たけくま二丁目４番９号", "緯度": 38.108145, "経度": 140.855683, "url": "https://www.iryou.teikyouseido.mhlw.go.jp/znk-web/juminkanja/S2430/initialize?prefCd=04&kikanCd=0400300100&kikanKbn=5", "url2": null, "内容": "武隈調剤薬局【5:薬局】宮城県岩沼市たけくま二丁目４番９号" }, "geometry": { "type": "Point", "coordinates": [ 140.855683, 38.108145 ] } },
{ "type": "Feature", "properties": { "ID": 450400300102, "正式名称": "フレンド薬局　吉田", "機関区分": 5, "都道府県コード": 4, "市区町村コード": 361, "所在地": "宮城県亘理郡亘理町吉田字松崎６７", "緯度": 38.00366, "経度": 140.85825, "url": "https://www.iryou.teikyouseido.mhlw.go.jp/znk-web/juminkanja/S2430/initialize?prefCd=04&kikanCd=0400300102&kikanKbn=5", "url2": "https://www.Kusurinomadoguchi.com/miyagi/s1000051987", "内容": "フレンド薬局　吉田【5:薬局】宮城県亘理郡亘理町吉田字松崎６７" }, "geometry": { "type": "Point", "coordinates": [ 140.85825, 38.00366 ] } },
{ "type": "Feature", "properties": { "ID": 450400300104, "正式名称": "森薬局", "機関区分": 5, "都道府県コード": 4, "市区町村コード": 362, "所在地": "宮城県亘理郡山元町坂元字町５６", "緯度": 37.921243, "経度": 140.896389, "url": "https://www.iryou.teikyouseido.mhlw.go.jp/znk-web/juminkanja/S2430/initialize?prefCd=04&kikanCd=0400300104&kikanKbn=5", "url2": null, "内容": "森薬局【5:薬局】宮城県亘理郡山元町坂元字町５６" }, "geometry": { "type": "Point", "coordinates": [ 140.896389, 37.921243 ] } },
{ "type": "Feature", "properties": { "ID": 450400300114, "正式名称": "ひかり薬局名取", "機関区分": 5, "都道府県コード": 4, "市区町村コード": 207, "所在地": "宮城県名取市手倉田字箱塚屋敷９ー５", "緯度": 38.162792, "経度": 140.874082, "url": "https://www.iryou.teikyouseido.mhlw.go.jp/znk-web/juminkanja/S2430/initialize?prefCd=04&kikanCd=0400300114&kikanKbn=5", "url2": "http://www.hikari-pharmacy.co.jp", "内容": "ひかり薬局名取【5:薬局】宮城県名取市手倉田字箱塚屋敷９ー５" }, "geometry": { "type": "Point", "coordinates": [ 140.874082, 38.162792 ] } },
{ "type": "Feature", "properties": { "ID": 450400300115, "正式名称": "いとう薬局亘理店", "機関区分": 5, "都道府県コード": 4, "市区町村コード": 361, "所在地": "宮城県亘理郡亘理町字狐塚１－１", "緯度": 38.0395941, "経度": 140.867646, "url": "https://www.iryou.teikyouseido.mhlw.go.jp/znk-web/juminkanja/S2430/initialize?prefCd=04&kikanCd=0400300115&kikanKbn=5", "url2": "https://medicalito.jp/", "内容": "いとう薬局亘理店【5:薬局】宮城県亘理郡亘理町字狐塚１－１" }, "geometry": { "type": "Point", "coordinates": [ 140.867646, 38.0395941 ] } },
{ "type": "Feature", "properties": { "ID": 450400300118, "正式名称": "おおぞら薬局　名取店", "機関区分": 5, "都道府県コード": 4, "市区町村コード": 207, "所在地": "宮城県名取市上余田字市ノ坪２７５－２", "緯度": 38.184795, "経度": 140.89098, "url": "https://www.iryou.teikyouseido.mhlw.go.jp/znk-web/juminkanja/S2430/initialize?prefCd=04&kikanCd=0400300118&kikanKbn=5", "url2": "https://magokoro-kizuna.com/store/natori/", "内容": "おおぞら薬局　名取店【5:薬局】宮城県名取市上余田字市ノ坪２７５－２" }, "geometry": { "type": "Point", "coordinates": [ 140.89098, 38.184795 ] } },
{ "type": "Feature", "properties": { "ID": 450400300121, "正式名称": "つくし薬局名取増田店", "機関区分": 5, "都道府県コード": 4, "市区町村コード": 207, "所在地": "宮城県名取市増田７丁目３番３号", "緯度": 38.178882, "経度": 140.885988, "url": "https://www.iryou.teikyouseido.mhlw.go.jp/znk-web/juminkanja/S2430/initialize?prefCd=04&kikanCd=0400300121&kikanKbn=5", "url2": "http://www.294ph.com/", "内容": "つくし薬局名取増田店【5:薬局】宮城県名取市増田７丁目３番３号" }, "geometry": { "type": "Point", "coordinates": [ 140.885988, 38.178882 ] } },
{ "type": "Feature", "properties": { "ID": 450400300127, "正式名称": "いわぬま中央薬局", "機関区分": 5, "都道府県コード": 4, "市区町村コード": 211, "所在地": "宮城県岩沼市中央三丁目４－２０", "緯度": 38.112817, "経度": 140.86831, "url": "https://www.iryou.teikyouseido.mhlw.go.jp/znk-web/juminkanja/S2430/initialize?prefCd=04&kikanCd=0400300127&kikanKbn=5", "url2": "http://www.e-classa.net/iwanumachuo/", "内容": "いわぬま中央薬局【5:薬局】宮城県岩沼市中央三丁目４－２０" }, "geometry": { "type": "Point", "coordinates": [ 140.86831, 38.112817 ] } },
{ "type": "Feature", "properties": { "ID": 450400300129, "正式名称": "おやま薬局", "機関区分": 5, "都道府県コード": 4, "市区町村コード": 211, "所在地": "宮城県岩沼市桜１丁目２－２６", "緯度": 38.105024, "経度": 140.869342, "url": "https://www.iryou.teikyouseido.mhlw.go.jp/znk-web/juminkanja/S2430/initialize?prefCd=04&kikanCd=0400300129&kikanKbn=5", "url2": null, "内容": "おやま薬局【5:薬局】宮城県岩沼市桜１丁目２－２６" }, "geometry": { "type": "Point", "coordinates": [ 140.869342, 38.105024 ] } },
{ "type": "Feature", "properties": { "ID": 450400300136, "正式名称": "フクロウ調剤薬局", "機関区分": 5, "都道府県コード": 4, "市区町村コード": 207, "所在地": "宮城県名取市杜せきのした１ー８ー２３", "緯度": 38.166768, "経度": 140.897583, "url": "https://www.iryou.teikyouseido.mhlw.go.jp/znk-web/juminkanja/S2430/initialize?prefCd=04&kikanCd=0400300136&kikanKbn=5", "url2": null, "内容": "フクロウ調剤薬局【5:薬局】宮城県名取市杜せきのした１ー８ー２３" }, "geometry": { "type": "Point", "coordinates": [ 140.897583, 38.166768 ] } },
{ "type": "Feature", "properties": { "ID": 450400300147, "正式名称": "ひかる薬局", "機関区分": 5, "都道府県コード": 4, "市区町村コード": 211, "所在地": "宮城県岩沼市桑原４－１１－１８", "緯度": 38.100459, "経度": 140.860025, "url": "https://www.iryou.teikyouseido.mhlw.go.jp/znk-web/juminkanja/S2430/initialize?prefCd=04&kikanCd=0400300147&kikanKbn=5", "url2": null, "内容": "ひかる薬局【5:薬局】宮城県岩沼市桑原４－１１－１８" }, "geometry": { "type": "Point", "coordinates": [ 140.860025, 38.100459 ] } },
{ "type": "Feature", "properties": { "ID": 450400300148, "正式名称": "仙台調剤薬局　せきのした店", "機関区分": 5, "都道府県コード": 4, "市区町村コード": 207, "所在地": "宮城県名取市杜せきのした２丁目６－８", "緯度": 38.165046, "経度": 140.898179, "url": "https://www.iryou.teikyouseido.mhlw.go.jp/znk-web/juminkanja/S2430/initialize?prefCd=04&kikanCd=0400300148&kikanKbn=5", "url2": "https://ship-ph.co.jp/", "内容": "仙台調剤薬局　せきのした店【5:薬局】宮城県名取市杜せきのした２丁目６－８" }, "geometry": { "type": "Point", "coordinates": [ 140.898179, 38.165046 ] } },
{ "type": "Feature", "properties": { "ID": 450400300149, "正式名称": "アイル薬局　名取店", "機関区分": 5, "都道府県コード": 4, "市区町村コード": 207, "所在地": "宮城県名取市みどり台２丁目４番５号", "緯度": 38.199571, "経度": 140.833956, "url": "https://www.iryou.teikyouseido.mhlw.go.jp/znk-web/juminkanja/S2430/initialize?prefCd=04&kikanCd=0400300149&kikanKbn=5", "url2": "http://www.bg-g.sakura.ne.jp/home/", "内容": "アイル薬局　名取店【5:薬局】宮城県名取市みどり台２丁目４番５号" }, "geometry": { "type": "Point", "coordinates": [ 140.833956, 38.199571 ] } },
{ "type": "Feature", "properties": { "ID": 450400300151, "正式名称": "さくら薬局　名取店", "機関区分": 5, "都道府県コード": 4, "市区町村コード": 207, "所在地": "宮城県名取市杜せきのした５丁目３番地の１（２２１５１）", "緯度": 38.1638275, "経度": 140.8958343, "url": "https://www.iryou.teikyouseido.mhlw.go.jp/znk-web/juminkanja/S2430/initialize?prefCd=04&kikanCd=0400300151&kikanKbn=5", "url2": "https://www.kraft-net.co.jp/sakura/store/3420/", "内容": "さくら薬局　名取店【5:薬局】宮城県名取市杜せきのした５丁目３番地の１（２２１５１）" }, "geometry": { "type": "Point", "coordinates": [ 140.8958343, 38.1638275 ] } },
{ "type": "Feature", "properties": { "ID": 450400300154, "正式名称": "有限会社さざんか薬局", "機関区分": 5, "都道府県コード": 4, "市区町村コード": 361, "所在地": "宮城県亘理郡亘理町字中町東１６８－３", "緯度": 38.034107, "経度": 140.857277, "url": "https://www.iryou.teikyouseido.mhlw.go.jp/znk-web/juminkanja/S2430/initialize?prefCd=04&kikanCd=0400300154&kikanKbn=5", "url2": "https://meron-net.shop/ds/sazanka-p", "内容": "有限会社さざんか薬局【5:薬局】宮城県亘理郡亘理町字中町東１６８－３" }, "geometry": { "type": "Point", "coordinates": [ 140.857277, 38.034107 ] } },
{ "type": "Feature", "properties": { "ID": 450400300156, "正式名称": "たんぽぽ調剤薬局", "機関区分": 5, "都道府県コード": 4, "市区町村コード": 211, "所在地": "宮城県岩沼市恵み野", "緯度": 38.109068, "経度": 140.904304, "url": "https://www.iryou.teikyouseido.mhlw.go.jp/znk-web/juminkanja/S2430/initialize?prefCd=04&kikanCd=0400300156&kikanKbn=5", "url2": null, "内容": "たんぽぽ調剤薬局【5:薬局】宮城県岩沼市恵み野" }, "geometry": { "type": "Point", "coordinates": [ 140.904304, 38.109068 ] } },
{ "type": "Feature", "properties": { "ID": 450400300158, "正式名称": "フレンド薬局名取", "機関区分": 5, "都道府県コード": 4, "市区町村コード": 207, "所在地": "宮城県名取市手倉田字諏訪６１０－１", "緯度": 38.167187, "経度": 140.875773, "url": "https://www.iryou.teikyouseido.mhlw.go.jp/znk-web/juminkanja/S2430/initialize?prefCd=04&kikanCd=0400300158&kikanKbn=5", "url2": null, "内容": "フレンド薬局名取【5:薬局】宮城県名取市手倉田字諏訪６１０－１" }, "geometry": { "type": "Point", "coordinates": [ 140.875773, 38.167187 ] } },
{ "type": "Feature", "properties": { "ID": 450400300160, "正式名称": "サミー薬局　りんくう店", "機関区分": 5, "都道府県コード": 4, "市区町村コード": 207, "所在地": "宮城県名取市杜せきのした五丁目６ー９", "緯度": 38.16537, "経度": 140.89522, "url": "https://www.iryou.teikyouseido.mhlw.go.jp/znk-web/juminkanja/S2430/initialize?prefCd=04&kikanCd=0400300160&kikanKbn=5", "url2": null, "内容": "サミー薬局　りんくう店【5:薬局】宮城県名取市杜せきのした五丁目６ー９" }, "geometry": { "type": "Point", "coordinates": [ 140.89522, 38.16537 ] } },
{ "type": "Feature", "properties": { "ID": 450400300162, "正式名称": "ルミル薬局　名取店", "機関区分": 5, "都道府県コード": 4, "市区町村コード": 207, "所在地": "宮城県　名取市　愛の杜　２丁目１－５", "緯度": 38.154846, "経度": 140.865129, "url": "https://www.iryou.teikyouseido.mhlw.go.jp/znk-web/juminkanja/S2430/initialize?prefCd=04&kikanCd=0400300162&kikanKbn=5", "url2": "https://power-p.co.jp/home/our-company", "内容": "ルミル薬局　名取店【5:薬局】宮城県　名取市　愛の杜　２丁目１－５" }, "geometry": { "type": "Point", "coordinates": [ 140.865129, 38.154846 ] } },
{ "type": "Feature", "properties": { "ID": 450400300163, "正式名称": "共創未来　玉浦薬局", "機関区分": 5, "都道府県コード": 4, "市区町村コード": 211, "所在地": "宮城県岩沼市恵み野２丁目５－１", "緯度": 38.1077964, "経度": 140.9045329, "url": "https://www.iryou.teikyouseido.mhlw.go.jp/znk-web/juminkanja/S2430/initialize?prefCd=04&kikanCd=0400300163&kikanKbn=5", "url2": "https://www.phmirai.co.jp/", "内容": "共創未来　玉浦薬局【5:薬局】宮城県岩沼市恵み野２丁目５－１" }, "geometry": { "type": "Point", "coordinates": [ 140.9045329, 38.1077964 ] } },
{ "type": "Feature", "properties": { "ID": 450400300164, "正式名称": "クラウド調剤薬局　亘理店", "機関区分": 5, "都道府県コード": 4, "市区町村コード": 361, "所在地": "宮城県亘理郡亘理町五日町", "緯度": 38.043682, "経度": 140.86871, "url": "https://www.iryou.teikyouseido.mhlw.go.jp/znk-web/juminkanja/S2430/initialize?prefCd=04&kikanCd=0400300164&kikanKbn=5", "url2": null, "内容": "クラウド調剤薬局　亘理店【5:薬局】宮城県亘理郡亘理町五日町" }, "geometry": { "type": "Point", "coordinates": [ 140.86871, 38.043682 ] } },
{ "type": "Feature", "properties": { "ID": 450400300166, "正式名称": "センター薬局", "機関区分": 5, "都道府県コード": 4, "市区町村コード": 207, "所在地": "宮城県名取市小山２－２－４３", "緯度": 38.165091, "経度": 140.880668, "url": "https://www.iryou.teikyouseido.mhlw.go.jp/znk-web/juminkanja/S2430/initialize?prefCd=04&kikanCd=0400300166&kikanKbn=5", "url2": "https://www.e-classa.net/senta-yakkyoku/company.html", "内容": "センター薬局【5:薬局】宮城県名取市小山２－２－４３" }, "geometry": { "type": "Point", "coordinates": [ 140.880668, 38.165091 ] } },
{ "type": "Feature", "properties": { "ID": 450400300167, "正式名称": "カワチ薬局　岩沼店", "機関区分": 5, "都道府県コード": 4, "市区町村コード": 211, "所在地": "宮城県岩沼市たけくま２－３－５７", "緯度": 38.107693, "経度": 140.854127, "url": "https://www.iryou.teikyouseido.mhlw.go.jp/znk-web/juminkanja/S2430/initialize?prefCd=04&kikanCd=0400300167&kikanKbn=5", "url2": "https://www.cawachi.co.jp", "内容": "カワチ薬局　岩沼店【5:薬局】宮城県岩沼市たけくま２－３－５７" }, "geometry": { "type": "Point", "coordinates": [ 140.854127, 38.107693 ] } },
{ "type": "Feature", "properties": { "ID": 450400300168, "正式名称": "あいあい薬局", "機関区分": 5, "都道府県コード": 4, "市区町村コード": 211, "所在地": "宮城県岩沼市中央２丁目４－３", "緯度": 38.11, "経度": 140.867739, "url": "https://www.iryou.teikyouseido.mhlw.go.jp/znk-web/juminkanja/S2430/initialize?prefCd=04&kikanCd=0400300168&kikanKbn=5", "url2": null, "内容": "あいあい薬局【5:薬局】宮城県岩沼市中央２丁目４－３" }, "geometry": { "type": "Point", "coordinates": [ 140.867739, 38.11 ] } },
{ "type": "Feature", "properties": { "ID": 450400300169, "正式名称": "おおぞら薬局　桜店", "機関区分": 5, "都道府県コード": 4, "市区町村コード": 211, "所在地": "宮城県岩沼市桜１ー１ー１０", "緯度": 38.105167, "経度": 140.868066, "url": "https://www.iryou.teikyouseido.mhlw.go.jp/znk-web/juminkanja/S2430/initialize?prefCd=04&kikanCd=0400300169&kikanKbn=5", "url2": "https://magokoro-kizuna.com/", "内容": "おおぞら薬局　桜店【5:薬局】宮城県岩沼市桜１ー１ー１０" }, "geometry": { "type": "Point", "coordinates": [ 140.868066, 38.105167 ] } },
{ "type": "Feature", "properties": { "ID": 450400300170, "正式名称": "はこづか調剤薬局", "機関区分": 5, "都道府県コード": 4, "市区町村コード": 207, "所在地": "宮城県名取市箱塚２－３－７", "緯度": 38.158632, "経度": 140.872127, "url": "https://www.iryou.teikyouseido.mhlw.go.jp/znk-web/juminkanja/S2430/initialize?prefCd=04&kikanCd=0400300170&kikanKbn=5", "url2": null, "内容": "はこづか調剤薬局【5:薬局】宮城県名取市箱塚２－３－７" }, "geometry": { "type": "Point", "coordinates": [ 140.872127, 38.158632 ] } },
{ "type": "Feature", "properties": { "ID": 450400300171, "正式名称": "なとり一中前薬局", "機関区分": 5, "都道府県コード": 4, "市区町村コード": 207, "所在地": "宮城県名取市小山２丁目１－３", "緯度": 38.165094, "経度": 140.881289, "url": "https://www.iryou.teikyouseido.mhlw.go.jp/znk-web/juminkanja/S2430/initialize?prefCd=04&kikanCd=0400300171&kikanKbn=5", "url2": null, "内容": "なとり一中前薬局【5:薬局】宮城県名取市小山２丁目１－３" }, "geometry": { "type": "Point", "coordinates": [ 140.881289, 38.165094 ] } },
{ "type": "Feature", "properties": { "ID": 450400300172, "正式名称": "おやま調剤薬局", "機関区分": 5, "都道府県コード": 4, "市区町村コード": 207, "所在地": "宮城県名取市小山二丁目３番２６－１号", "緯度": 38.165203, "経度": 140.879574, "url": "https://www.iryou.teikyouseido.mhlw.go.jp/znk-web/juminkanja/S2430/initialize?prefCd=04&kikanCd=0400300172&kikanKbn=5", "url2": "http://www.e-classa.net/oyama/", "内容": "おやま調剤薬局【5:薬局】宮城県名取市小山二丁目３番２６－１号" }, "geometry": { "type": "Point", "coordinates": [ 140.879574, 38.165203 ] } },
{ "type": "Feature", "properties": { "ID": 450400300173, "正式名称": "アイン薬局　岩沼店", "機関区分": 5, "都道府県コード": 4, "市区町村コード": 211, "所在地": "宮城県岩沼市中央１丁目３－１０", "緯度": 38.1042603, "経度": 140.866271, "url": "https://www.iryou.teikyouseido.mhlw.go.jp/znk-web/juminkanja/S2430/initialize?prefCd=04&kikanCd=0400300173&kikanKbn=5", "url2": "https://www.ainj.co.jp/network/detail.html?pdid=1045", "内容": "アイン薬局　岩沼店【5:薬局】宮城県岩沼市中央１丁目３－１０" }, "geometry": { "type": "Point", "coordinates": [ 140.866271, 38.1042603 ] } },
{ "type": "Feature", "properties": { "ID": 450400300174, "正式名称": "ベスト薬局", "機関区分": 5, "都道府県コード": 4, "市区町村コード": 207, "所在地": "宮城県名取市下余田字鹿島１０番地", "緯度": 38.17935, "経度": 140.90404, "url": "https://www.iryou.teikyouseido.mhlw.go.jp/znk-web/juminkanja/S2430/initialize?prefCd=04&kikanCd=0400300174&kikanKbn=5", "url2": null, "内容": "ベスト薬局【5:薬局】宮城県名取市下余田字鹿島１０番地" }, "geometry": { "type": "Point", "coordinates": [ 140.90404, 38.17935 ] } },
{ "type": "Feature", "properties": { "ID": 450400300176, "正式名称": "めでしまの郷オレンジ薬局", "機関区分": 5, "都道府県コード": 4, "市区町村コード": 207, "所在地": "宮城県名取市愛島郷一丁目１６－２５", "緯度": 38.160885, "経度": 140.855513, "url": "https://www.iryou.teikyouseido.mhlw.go.jp/znk-web/juminkanja/S2430/initialize?prefCd=04&kikanCd=0400300176&kikanKbn=5", "url2": "http://www.imai-medicalsupport.jp/", "内容": "めでしまの郷オレンジ薬局【5:薬局】宮城県名取市愛島郷一丁目１６－２５" }, "geometry": { "type": "Point", "coordinates": [ 140.855513, 38.160885 ] } },
{ "type": "Feature", "properties": { "ID": 450400300178, "正式名称": "マリーン調剤薬局　館腰店", "機関区分": 5, "都道府県コード": 4, "市区町村コード": 207, "所在地": "宮城県名取市植松４丁目１７－１７", "緯度": 38.144051, "経度": 140.87979, "url": "https://www.iryou.teikyouseido.mhlw.go.jp/znk-web/juminkanja/S2430/initialize?prefCd=04&kikanCd=0400300178&kikanKbn=5", "url2": "https://www.aquamarine-net.co.jp", "内容": "マリーン調剤薬局　館腰店【5:薬局】宮城県名取市植松４丁目１７－１７" }, "geometry": { "type": "Point", "coordinates": [ 140.87979, 38.144051 ] } },
{ "type": "Feature", "properties": { "ID": 450400300179, "正式名称": "つばめ薬局", "機関区分": 5, "都道府県コード": 4, "市区町村コード": 362, "所在地": "宮城県亘理郡山元町浅生原字田中２４－１", "緯度": 37.959863, "経度": 140.882, "url": "https://www.iryou.teikyouseido.mhlw.go.jp/znk-web/juminkanja/S2430/initialize?prefCd=04&kikanCd=0400300179&kikanKbn=5", "url2": null, "内容": "つばめ薬局【5:薬局】宮城県亘理郡山元町浅生原字田中２４－１" }, "geometry": { "type": "Point", "coordinates": [ 140.882, 37.959863 ] } },
{ "type": "Feature", "properties": { "ID": 450400300180, "正式名称": "うさぎ森薬局岩沼店", "機関区分": 5, "都道府県コード": 4, "市区町村コード": 211, "所在地": "宮城県岩沼市館下１丁目２－１２－１０１", "緯度": 38.110013, "経度": 140.864449, "url": "https://www.iryou.teikyouseido.mhlw.go.jp/znk-web/juminkanja/S2430/initialize?prefCd=04&kikanCd=0400300180&kikanKbn=5", "url2": "forest-pharmacy.com", "内容": "うさぎ森薬局岩沼店【5:薬局】宮城県岩沼市館下１丁目２－１２－１０１" }, "geometry": { "type": "Point", "coordinates": [ 140.864449, 38.110013 ] } },
{ "type": "Feature", "properties": { "ID": 450400300181, "正式名称": "クオール薬局名取店", "機関区分": 5, "都道府県コード": 4, "市区町村コード": 207, "所在地": "宮城県名取市上余田字吉原７", "緯度": 38.189901, "経度": 140.895773, "url": "https://www.iryou.teikyouseido.mhlw.go.jp/znk-web/juminkanja/S2430/initialize?prefCd=04&kikanCd=0400300181&kikanKbn=5", "url2": "www.qol-net.co.jp/", "内容": "クオール薬局名取店【5:薬局】宮城県名取市上余田字吉原７" }, "geometry": { "type": "Point", "coordinates": [ 140.895773, 38.189901 ] } },
{ "type": "Feature", "properties": { "ID": 450400300182, "正式名称": "クオール薬局岩沼西店", "機関区分": 5, "都道府県コード": 4, "市区町村コード": 211, "所在地": "宮城県岩沼市土ケ崎３丁目５－１０", "緯度": 38.112516, "経度": 140.857919, "url": "https://www.iryou.teikyouseido.mhlw.go.jp/znk-web/juminkanja/S2430/initialize?prefCd=04&kikanCd=0400300182&kikanKbn=5", "url2": "https://store.qol-net.co.jp/detail/241/", "内容": "クオール薬局岩沼西店【5:薬局】宮城県岩沼市土ケ崎３丁目５－１０" }, "geometry": { "type": "Point", "coordinates": [ 140.857919, 38.112516 ] } },
{ "type": "Feature", "properties": { "ID": 450400300184, "正式名称": "クオール薬局岩沼あさひ野店", "機関区分": 5, "都道府県コード": 4, "市区町村コード": 211, "所在地": "宮城県岩沼市あさひ野１－８－２０", "緯度": 38.1181631, "経度": 140.8599863, "url": "https://www.iryou.teikyouseido.mhlw.go.jp/znk-web/juminkanja/S2430/initialize?prefCd=04&kikanCd=0400300184&kikanKbn=5", "url2": "http://www.qol-net.co.jp/", "内容": "クオール薬局岩沼あさひ野店【5:薬局】宮城県岩沼市あさひ野１－８－２０" }, "geometry": { "type": "Point", "coordinates": [ 140.8599863, 38.1181631 ] } },
{ "type": "Feature", "properties": { "ID": 450400300185, "正式名称": "クオール薬局岩沼東店", "機関区分": 5, "都道府県コード": 4, "市区町村コード": 211, "所在地": "宮城県岩沼市里の杜１ー２番２号", "緯度": 38.108616, "経度": 140.8783, "url": "https://www.iryou.teikyouseido.mhlw.go.jp/znk-web/juminkanja/S2430/initialize?prefCd=04&kikanCd=0400300185&kikanKbn=5", "url2": "https://www.qol-net.co.jp/", "内容": "クオール薬局岩沼東店【5:薬局】宮城県岩沼市里の杜１ー２番２号" }, "geometry": { "type": "Point", "coordinates": [ 140.8783, 38.108616 ] } },
{ "type": "Feature", "properties": { "ID": 450400300186, "正式名称": "宮城調剤薬局　亘理店", "機関区分": 5, "都道府県コード": 4, "市区町村コード": 361, "所在地": "宮城県亘理郡亘理町旧舘３０－１", "緯度": 38.034268, "経度": 140.851452, "url": "https://www.iryou.teikyouseido.mhlw.go.jp/znk-web/juminkanja/S2430/initialize?prefCd=04&kikanCd=0400300186&kikanKbn=5", "url2": "http://miyachou-ph.co.jp/", "内容": "宮城調剤薬局　亘理店【5:薬局】宮城県亘理郡亘理町旧舘３０－１" }, "geometry": { "type": "Point", "coordinates": [ 140.851452, 38.034268 ] } },
{ "type": "Feature", "properties": { "ID": 450400300187, "正式名称": "愛の杜めぐみ薬局", "機関区分": 5, "都道府県コード": 4, "市区町村コード": 207, "所在地": "宮城県名取市愛の杜１ー２ー７", "緯度": 38.156544, "経度": 140.86661, "url": "https://www.iryou.teikyouseido.mhlw.go.jp/znk-web/juminkanja/S2430/initialize?prefCd=04&kikanCd=0400300187&kikanKbn=5", "url2": "vive.miyagi.jp/index.html", "内容": "愛の杜めぐみ薬局【5:薬局】宮城県名取市愛の杜１ー２ー７" }, "geometry": { "type": "Point", "coordinates": [ 140.86661, 38.156544 ] } },
{ "type": "Feature", "properties": { "ID": 450400300188, "正式名称": "ひまわり薬局", "機関区分": 5, "都道府県コード": 4, "市区町村コード": 362, "所在地": "宮城県亘理郡山元町坂元字道合６８－４", "緯度": 37.925632, "経度": 140.897666, "url": "https://www.iryou.teikyouseido.mhlw.go.jp/znk-web/juminkanja/S2430/initialize?prefCd=04&kikanCd=0400300188&kikanKbn=5", "url2": "cc-ph.com", "内容": "ひまわり薬局【5:薬局】宮城県亘理郡山元町坂元字道合６８－４" }, "geometry": { "type": "Point", "coordinates": [ 140.897666, 37.925632 ] } },
{ "type": "Feature", "properties": { "ID": 450400300189, "正式名称": "アイン薬局　名取増田店", "機関区分": 5, "都道府県コード": 4, "市区町村コード": 207, "所在地": "宮城県名取市増田字柳田２１０－１", "緯度": 38.170364, "経度": 140.892754, "url": "https://www.iryou.teikyouseido.mhlw.go.jp/znk-web/juminkanja/S2430/initialize?prefCd=04&kikanCd=0400300189&kikanKbn=5", "url2": null, "内容": "アイン薬局　名取増田店【5:薬局】宮城県名取市増田字柳田２１０－１" }, "geometry": { "type": "Point", "coordinates": [ 140.892754, 38.170364 ] } },
{ "type": "Feature", "properties": { "ID": 450400300191, "正式名称": "アイン薬局　亘理店", "機関区分": 5, "都道府県コード": 4, "市区町村コード": 361, "所在地": "宮城県亘理郡亘理町字上茨田４－９", "緯度": 38.0369841, "経度": 140.8598907, "url": "https://www.iryou.teikyouseido.mhlw.go.jp/znk-web/juminkanja/S2430/initialize?prefCd=04&kikanCd=0400300191&kikanKbn=5", "url2": null, "内容": "アイン薬局　亘理店【5:薬局】宮城県亘理郡亘理町字上茨田４－９" }, "geometry": { "type": "Point", "coordinates": [ 140.8598907, 38.0369841 ] } },
{ "type": "Feature", "properties": { "ID": 450400300192, "正式名称": "アイン薬局　亘理山元店", "機関区分": 5, "都道府県コード": 4, "市区町村コード": 362, "所在地": "宮城県亘理郡山元町高瀬字合戦原１１１－２", "緯度": 37.940985, "経度": 140.894491, "url": "https://www.iryou.teikyouseido.mhlw.go.jp/znk-web/juminkanja/S2430/initialize?prefCd=04&kikanCd=0400300192&kikanKbn=5", "url2": null, "内容": "アイン薬局　亘理山元店【5:薬局】宮城県亘理郡山元町高瀬字合戦原１１１－２" }, "geometry": { "type": "Point", "coordinates": [ 140.894491, 37.940985 ] } },
{ "type": "Feature", "properties": { "ID": 450400300194, "正式名称": "おやま薬局２号店", "機関区分": 5, "都道府県コード": 4, "市区町村コード": 211, "所在地": "宮城県岩沼市桜二丁目四番地１－１", "緯度": 38.1056753, "経度": 140.8696524, "url": "https://www.iryou.teikyouseido.mhlw.go.jp/znk-web/juminkanja/S2430/initialize?prefCd=04&kikanCd=0400300194&kikanKbn=5", "url2": null, "内容": "おやま薬局２号店【5:薬局】宮城県岩沼市桜二丁目四番地１－１" }, "geometry": { "type": "Point", "coordinates": [ 140.8696524, 38.1056753 ] } },
{ "type": "Feature", "properties": { "ID": 450400300195, "正式名称": "増田調剤薬局", "機関区分": 5, "都道府県コード": 4, "市区町村コード": 207, "所在地": "宮城県名取市増田２－６－１５", "緯度": 38.170923, "経度": 140.884871, "url": "https://www.iryou.teikyouseido.mhlw.go.jp/znk-web/juminkanja/S2430/initialize?prefCd=04&kikanCd=0400300195&kikanKbn=5", "url2": "https:/www.good-np.com/", "内容": "増田調剤薬局【5:薬局】宮城県名取市増田２－６－１５" }, "geometry": { "type": "Point", "coordinates": [ 140.884871, 38.170923 ] } },
{ "type": "Feature", "properties": { "ID": 450400300196, "正式名称": "クスリのアオキ　二木薬局", "機関区分": 5, "都道府県コード": 4, "市区町村コード": 211, "所在地": "宮城県岩沼市二木二丁目１番１号", "緯度": 38.1058, "経度": 140.86144, "url": "https://www.iryou.teikyouseido.mhlw.go.jp/znk-web/juminkanja/S2430/initialize?prefCd=04&kikanCd=0400300196&kikanKbn=5", "url2": "https://www.kusuri-aoki.co.jp/", "内容": "クスリのアオキ　二木薬局【5:薬局】宮城県岩沼市二木二丁目１番１号" }, "geometry": { "type": "Point", "coordinates": [ 140.86144, 38.1058 ] } },
{ "type": "Feature", "properties": { "ID": 450400300197, "正式名称": "ウエルシア薬局岩沼中央店", "機関区分": 5, "都道府県コード": 4, "市区町村コード": 211, "所在地": "宮城県岩沼市中央４ー１１－１３", "緯度": 38.120251, "経度": 140.871477, "url": "https://www.iryou.teikyouseido.mhlw.go.jp/znk-web/juminkanja/S2430/initialize?prefCd=04&kikanCd=0400300197&kikanKbn=5", "url2": "https://www.welcia-yakkyoku.co.jp/", "内容": "ウエルシア薬局岩沼中央店【5:薬局】宮城県岩沼市中央４ー１１－１３" }, "geometry": { "type": "Point", "coordinates": [ 140.871477, 38.120251 ] } },
{ "type": "Feature", "properties": { "ID": 450400300200, "正式名称": "すわん薬局", "機関区分": 5, "都道府県コード": 4, "市区町村コード": 207, "所在地": "宮城県名取市手倉田字諏訪３５６－１", "緯度": 38.168697, "経度": 140.874474, "url": "https://www.iryou.teikyouseido.mhlw.go.jp/znk-web/juminkanja/S2430/initialize?prefCd=04&kikanCd=0400300200&kikanKbn=5", "url2": "https://cygne-pha.co.jp/", "内容": "すわん薬局【5:薬局】宮城県名取市手倉田字諏訪３５６－１" }, "geometry": { "type": "Point", "coordinates": [ 140.874474, 38.168697 ] } },
{ "type": "Feature", "properties": { "ID": 450400300201, "正式名称": "クスリのアオキ　美田園薬局", "機関区分": 5, "都道府県コード": 4, "市区町村コード": 207, "所在地": "宮城県名取市美田園七丁目１番地の１", "緯度": 38.161411, "経度": 140.908445, "url": "https://www.iryou.teikyouseido.mhlw.go.jp/znk-web/juminkanja/S2430/initialize?prefCd=04&kikanCd=0400300201&kikanKbn=5", "url2": "https://www.kusuri-aoki.co.jp/", "内容": "クスリのアオキ　美田園薬局【5:薬局】宮城県名取市美田園七丁目１番地の１" }, "geometry": { "type": "Point", "coordinates": [ 140.908445, 38.161411 ] } },
{ "type": "Feature", "properties": { "ID": 450400300202, "正式名称": "仙台調剤薬局　美田園店", "機関区分": 5, "都道府県コード": 4, "市区町村コード": 207, "所在地": "宮城県名取市美田園８丁目１－８", "緯度": 38.161731, "経度": 140.907673, "url": "https://www.iryou.teikyouseido.mhlw.go.jp/znk-web/juminkanja/S2430/initialize?prefCd=04&kikanCd=0400300202&kikanKbn=5", "url2": "http://www.shpe.co.jp/", "内容": "仙台調剤薬局　美田園店【5:薬局】宮城県名取市美田園８丁目１－８" }, "geometry": { "type": "Point", "coordinates": [ 140.907673, 38.161731 ] } },
{ "type": "Feature", "properties": { "ID": 450400300203, "正式名称": "ウエルシア薬局名取大手町店", "機関区分": 5, "都道府県コード": 4, "市区町村コード": 207, "所在地": "宮城県名取市大手町５－３－２", "緯度": 38.168724, "経度": 140.88045, "url": "https://www.iryou.teikyouseido.mhlw.go.jp/znk-web/juminkanja/S2430/initialize?prefCd=04&kikanCd=0400300203&kikanKbn=5", "url2": null, "内容": "ウエルシア薬局名取大手町店【5:薬局】宮城県名取市大手町５－３－２" }, "geometry": { "type": "Point", "coordinates": [ 140.88045, 38.168724 ] } },
{ "type": "Feature", "properties": { "ID": 450400300204, "正式名称": "名取たこうオレンジ薬局", "機関区分": 5, "都道府県コード": 4, "市区町村コード": 207, "所在地": "宮城県名取市田高字原５９７", "緯度": 38.178536, "経度": 140.878978, "url": "https://www.iryou.teikyouseido.mhlw.go.jp/znk-web/juminkanja/S2430/initialize?prefCd=04&kikanCd=0400300204&kikanKbn=5", "url2": "http://www.imai-medicalsupport.jp", "内容": "名取たこうオレンジ薬局【5:薬局】宮城県名取市田高字原５９７" }, "geometry": { "type": "Point", "coordinates": [ 140.878978, 38.178536 ] } },
{ "type": "Feature", "properties": { "ID": 450400300205, "正式名称": "名取調剤薬局", "機関区分": 5, "都道府県コード": 4, "市区町村コード": 207, "所在地": "宮城県名取市高舘吉田字前沖２１１－３", "緯度": 38.17653, "経度": 140.874589, "url": "https://www.iryou.teikyouseido.mhlw.go.jp/znk-web/juminkanja/S2430/initialize?prefCd=04&kikanCd=0400300205&kikanKbn=5", "url2": "http://www.mediluck.com", "内容": "名取調剤薬局【5:薬局】宮城県名取市高舘吉田字前沖２１１－３" }, "geometry": { "type": "Point", "coordinates": [ 140.874589, 38.17653 ] } },
{ "type": "Feature", "properties": { "ID": 450400300206, "正式名称": "イオン薬局　名取店", "機関区分": 5, "都道府県コード": 4, "市区町村コード": 207, "所在地": "宮城県　名取市　杜せきのした　５丁目３番地１", "緯度": 38.162119, "経度": 140.898445, "url": "https://www.iryou.teikyouseido.mhlw.go.jp/znk-web/juminkanja/S2430/initialize?prefCd=04&kikanCd=0400300206&kikanKbn=5", "url2": null, "内容": "イオン薬局　名取店【5:薬局】宮城県　名取市　杜せきのした　５丁目３番地１" }, "geometry": { "type": "Point", "coordinates": [ 140.898445, 38.162119 ] } },
{ "type": "Feature", "properties": { "ID": 450400300207, "正式名称": "アイン薬局　名取店", "機関区分": 5, "都道府県コード": 4, "市区町村コード": 207, "所在地": "宮城県名取市増田字柳田８番地の３", "緯度": 38.1726187, "経度": 140.8937012, "url": "https://www.iryou.teikyouseido.mhlw.go.jp/znk-web/juminkanja/S2430/initialize?prefCd=04&kikanCd=0400300207&kikanKbn=5", "url2": "https://www.ainj.co.jp", "内容": "アイン薬局　名取店【5:薬局】宮城県名取市増田字柳田８番地の３" }, "geometry": { "type": "Point", "coordinates": [ 140.89370120000001, 38.1726187 ] } },
{ "type": "Feature", "properties": { "ID": 450400300208, "正式名称": "いわぬま西調剤薬局", "機関区分": 5, "都道府県コード": 4, "市区町村コード": 211, "所在地": "宮城県岩沼市たけくま２丁目４ー３", "緯度": 38.10624, "経度": 140.86491, "url": "https://www.iryou.teikyouseido.mhlw.go.jp/znk-web/juminkanja/S2430/initialize?prefCd=04&kikanCd=0400300208&kikanKbn=5", "url2": "http://www.apocreat.co.jp/", "内容": "いわぬま西調剤薬局【5:薬局】宮城県岩沼市たけくま２丁目４ー３" }, "geometry": { "type": "Point", "coordinates": [ 140.86491, 38.10624 ] } },
{ "type": "Feature", "properties": { "ID": 450400300210, "正式名称": "クスリのアオキ藤浪薬局", "機関区分": 5, "都道府県コード": 4, "市区町村コード": 211, "所在地": "宮城県岩沼市藤浪一丁目４番１０号", "緯度": 38.102558, "経度": 140.870353, "url": "https://www.iryou.teikyouseido.mhlw.go.jp/znk-web/juminkanja/S2430/initialize?prefCd=04&kikanCd=0400300210&kikanKbn=5", "url2": "https://www.kusuri-aoki.co.jp/", "内容": "クスリのアオキ藤浪薬局【5:薬局】宮城県岩沼市藤浪一丁目４番１０号" }, "geometry": { "type": "Point", "coordinates": [ 140.870353, 38.102558 ] } },
{ "type": "Feature", "properties": { "ID": 450400300211, "正式名称": "アイン薬局名取美田園店", "機関区分": 5, "都道府県コード": 4, "市区町村コード": 207, "所在地": "宮城県名取市美田園７－１８－２", "緯度": 38.159569, "経度": 140.910878, "url": "https://www.iryou.teikyouseido.mhlw.go.jp/znk-web/juminkanja/S2430/initialize?prefCd=04&kikanCd=0400300211&kikanKbn=5", "url2": "http;//www.ainj.co.jp", "内容": "アイン薬局名取美田園店【5:薬局】宮城県名取市美田園７－１８－２" }, "geometry": { "type": "Point", "coordinates": [ 140.910878, 38.159569 ] } },
{ "type": "Feature", "properties": { "ID": 450400300212, "正式名称": "わたり調剤薬局", "機関区分": 5, "都道府県コード": 4, "市区町村コード": 361, "所在地": "宮城県亘理郡亘理町字新町５３－４", "緯度": 38.037527, "経度": 140.858354, "url": "https://www.iryou.teikyouseido.mhlw.go.jp/znk-web/juminkanja/S2430/initialize?prefCd=04&kikanCd=0400300212&kikanKbn=5", "url2": "http://www.apocreat.co.jp/", "内容": "わたり調剤薬局【5:薬局】宮城県亘理郡亘理町字新町５３－４" }, "geometry": { "type": "Point", "coordinates": [ 140.858354, 38.037527 ] } },
{ "type": "Feature", "properties": { "ID": 450400300213, "正式名称": "中央薬局", "機関区分": 5, "都道府県コード": 4, "市区町村コード": 207, "所在地": "宮城県名取市増田１丁目１３番１２号", "緯度": 38.167534, "経度": 140.888047, "url": "https://www.iryou.teikyouseido.mhlw.go.jp/znk-web/juminkanja/S2430/initialize?prefCd=04&kikanCd=0400300213&kikanKbn=5", "url2": "https://meron-net.shop/ds/natori-tyuuouyakkyoku", "内容": "中央薬局【5:薬局】宮城県名取市増田１丁目１３番１２号" }, "geometry": { "type": "Point", "coordinates": [ 140.888047, 38.167534 ] } },
{ "type": "Feature", "properties": { "ID": 450400300214, "正式名称": "調剤薬局ツルハドラッグ名取増田店", "機関区分": 5, "都道府県コード": 4, "市区町村コード": 207, "所在地": "宮城県名取市増田字北谷２６４－１", "緯度": 38.170475, "経度": 140.89003, "url": "https://www.iryou.teikyouseido.mhlw.go.jp/znk-web/juminkanja/S2430/initialize?prefCd=04&kikanCd=0400300214&kikanKbn=5", "url2": "https://www.tsuruha.co.jp/shop/chouzai/?id=1056", "内容": "調剤薬局ツルハドラッグ名取増田店【5:薬局】宮城県名取市増田字北谷２６４－１" }, "geometry": { "type": "Point", "coordinates": [ 140.89003, 38.170475 ] } },
{ "type": "Feature", "properties": { "ID": 450400300215, "正式名称": "すず薬局　名取店", "機関区分": 5, "都道府県コード": 4, "市区町村コード": 207, "所在地": "宮城県名取市大手町６丁目１３－７　ガリシアビル１階１０１", "緯度": 38.171454, "経度": 140.876271, "url": "https://www.iryou.teikyouseido.mhlw.go.jp/znk-web/juminkanja/S2430/initialize?prefCd=04&kikanCd=0400300215&kikanKbn=5", "url2": "https://pharmacy-suzu.com/", "内容": "すず薬局　名取店【5:薬局】宮城県名取市大手町６丁目１３－７　ガリシアビル１階１０１" }, "geometry": { "type": "Point", "coordinates": [ 140.876271, 38.171454 ] } },
{ "type": "Feature", "properties": { "ID": 450400300216, "正式名称": "ウエルシア薬局名取増田店", "機関区分": 5, "都道府県コード": 4, "市区町村コード": 207, "所在地": "宮城県名取市増田字柳田５‐１", "緯度": 38.172199, "経度": 140.893134, "url": "https://www.iryou.teikyouseido.mhlw.go.jp/znk-web/juminkanja/S2430/initialize?prefCd=04&kikanCd=0400300216&kikanKbn=5", "url2": "https://www.welcia-yakkyoku.co.jp/", "内容": "ウエルシア薬局名取増田店【5:薬局】宮城県名取市増田字柳田５‐１" }, "geometry": { "type": "Point", "coordinates": [ 140.893134, 38.172199 ] } },
{ "type": "Feature", "properties": { "ID": 450400300217, "正式名称": "カメイ調剤薬局岩沼店", "機関区分": 5, "都道府県コード": 4, "市区町村コード": 211, "所在地": "宮城県岩沼市土ケ崎２丁目３－８", "緯度": 38.1120611, "経度": 140.8620854, "url": "https://www.iryou.teikyouseido.mhlw.go.jp/znk-web/juminkanja/S2430/initialize?prefCd=04&kikanCd=0400300217&kikanKbn=5", "url2": "http://www.kamei.co.jp/pharmacy/index.html", "内容": "カメイ調剤薬局岩沼店【5:薬局】宮城県岩沼市土ケ崎２丁目３－８" }, "geometry": { "type": "Point", "coordinates": [ 140.862085400000012, 38.1120611 ] } },
{ "type": "Feature", "properties": { "ID": 450400300218, "正式名称": "くまの薬局", "機関区分": 5, "都道府県コード": 4, "市区町村コード": 207, "所在地": "宮城県名取市高舘熊野堂字岩口下４５番７号", "緯度": 38.199119, "経度": 140.848945, "url": "https://www.iryou.teikyouseido.mhlw.go.jp/znk-web/juminkanja/S2430/initialize?prefCd=04&kikanCd=0400300218&kikanKbn=5", "url2": "https://www.kumanoyakkyoku.com", "内容": "くまの薬局【5:薬局】宮城県名取市高舘熊野堂字岩口下４５番７号" }, "geometry": { "type": "Point", "coordinates": [ 140.848945, 38.199119 ] } },
{ "type": "Feature", "properties": { "ID": 450400300219, "正式名称": "調剤薬局ツルハドラッグ岩沼中央店", "機関区分": 5, "都道府県コード": 4, "市区町村コード": 211, "所在地": "宮城県岩沼市中央２丁目５－２２", "緯度": 38.109075, "経度": 140.868352, "url": "https://www.iryou.teikyouseido.mhlw.go.jp/znk-web/juminkanja/S2430/initialize?prefCd=04&kikanCd=0400300219&kikanKbn=5", "url2": "https://www.tsuruha.co.jp/", "内容": "調剤薬局ツルハドラッグ岩沼中央店【5:薬局】宮城県岩沼市中央２丁目５－２２" }, "geometry": { "type": "Point", "coordinates": [ 140.868352, 38.109075 ] } },
{ "type": "Feature", "properties": { "ID": 450400300220, "正式名称": "ひかり薬局岩沼", "機関区分": 5, "都道府県コード": 4, "市区町村コード": 211, "所在地": "宮城県岩沼市桜二丁目２‐１４", "緯度": 38.106992, "経度": 140.868693, "url": "https://www.iryou.teikyouseido.mhlw.go.jp/znk-web/juminkanja/S2430/initialize?prefCd=04&kikanCd=0400300220&kikanKbn=5", "url2": null, "内容": "ひかり薬局岩沼【5:薬局】宮城県岩沼市桜二丁目２‐１４" }, "geometry": { "type": "Point", "coordinates": [ 140.868693, 38.106992 ] } },
{ "type": "Feature", "properties": { "ID": 450400300223, "正式名称": "さくら調剤薬局名取店", "機関区分": 5, "都道府県コード": 4, "市区町村コード": 207, "所在地": "宮城県名取市下余田字鹿島１０番地", "緯度": 38.173216, "経度": 140.898367, "url": "https://www.iryou.teikyouseido.mhlw.go.jp/znk-web/juminkanja/S2430/initialize?prefCd=04&kikanCd=0400300223&kikanKbn=5", "url2": "https://sakurapharmacy.co.jp/", "内容": "さくら調剤薬局名取店【5:薬局】宮城県名取市下余田字鹿島１０番地" }, "geometry": { "type": "Point", "coordinates": [ 140.898367, 38.173216 ] } },
{ "type": "Feature", "properties": { "ID": 450400300224, "正式名称": "マリーン調剤薬局岩沼店", "機関区分": 5, "都道府県コード": 4, "市区町村コード": 211, "所在地": "宮城県岩沼市梶橋１番３０号", "緯度": 38.123021, "経度": 140.871885, "url": "https://www.iryou.teikyouseido.mhlw.go.jp/znk-web/juminkanja/S2430/initialize?prefCd=04&kikanCd=0400300224&kikanKbn=5", "url2": "https://aquamarine-net.co.jp/", "内容": "マリーン調剤薬局岩沼店【5:薬局】宮城県岩沼市梶橋１番３０号" }, "geometry": { "type": "Point", "coordinates": [ 140.871885, 38.123021 ] } },
{ "type": "Feature", "properties": { "ID": 450400300225, "正式名称": "調剤薬局いわぬま", "機関区分": 5, "都道府県コード": 4, "市区町村コード": 211, "所在地": "宮城県岩沼市大手町６ー２８", "緯度": 38.10752, "経度": 140.865274, "url": "https://www.iryou.teikyouseido.mhlw.go.jp/znk-web/juminkanja/S2430/initialize?prefCd=04&kikanCd=0400300225&kikanKbn=5", "url2": null, "内容": "調剤薬局いわぬま【5:薬局】宮城県岩沼市大手町６ー２８" }, "geometry": { "type": "Point", "coordinates": [ 140.865274, 38.10752 ] } },
{ "type": "Feature", "properties": { "ID": 450400300226, "正式名称": "めでしま薬局", "機関区分": 5, "都道府県コード": 4, "市区町村コード": 207, "所在地": "宮城県名取市愛島郷２－２７－１０４", "緯度": 38.159416, "経度": 140.859354, "url": "https://www.iryou.teikyouseido.mhlw.go.jp/znk-web/juminkanja/S2430/initialize?prefCd=04&kikanCd=0400300226&kikanKbn=5", "url2": null, "内容": "めでしま薬局【5:薬局】宮城県名取市愛島郷２－２７－１０４" }, "geometry": { "type": "Point", "coordinates": [ 140.859354, 38.159416 ] } },
{ "type": "Feature", "properties": { "ID": 450400300227, "正式名称": "宮城調剤薬局　亘理店", "機関区分": 5, "都道府県コード": 4, "市区町村コード": 361, "所在地": "宮城県亘理郡亘理町旧舘１７－７", "緯度": 38.034257, "経度": 140.852999, "url": "https://www.iryou.teikyouseido.mhlw.go.jp/znk-web/juminkanja/S2430/initialize?prefCd=04&kikanCd=0400300227&kikanKbn=5", "url2": "http://miyachou-ph.co.jp/", "内容": "宮城調剤薬局　亘理店【5:薬局】宮城県亘理郡亘理町旧舘１７－７" }, "geometry": { "type": "Point", "coordinates": [ 140.852999, 38.034257 ] } },
{ "type": "Feature", "properties": { "ID": 450400400001, "正式名称": "株式会社早川薬局", "機関区分": 5, "都道府県コード": 4, "市区町村コード": 203, "所在地": "宮城県塩竈市玉川", "緯度": 38.308943, "経度": 141.007893, "url": "https://www.iryou.teikyouseido.mhlw.go.jp/znk-web/juminkanja/S2430/initialize?prefCd=04&kikanCd=0400400001&kikanKbn=5", "url2": null, "内容": "株式会社早川薬局【5:薬局】宮城県塩竈市玉川" }, "geometry": { "type": "Point", "coordinates": [ 141.007893, 38.308943 ] } },
{ "type": "Feature", "properties": { "ID": 450400400005, "正式名称": "ソフィア薬局", "機関区分": 5, "都道府県コード": 4, "市区町村コード": 203, "所在地": "宮城県塩竈市旭町１７－３１", "緯度": 38.3135757, "経度": 141.0227428, "url": "https://www.iryou.teikyouseido.mhlw.go.jp/znk-web/juminkanja/S2430/initialize?prefCd=04&kikanCd=0400400005&kikanKbn=5", "url2": null, "内容": "ソフィア薬局【5:薬局】宮城県塩竈市旭町１７－３１" }, "geometry": { "type": "Point", "coordinates": [ 141.0227428, 38.3135757 ] } },
{ "type": "Feature", "properties": { "ID": 450400400023, "正式名称": "あやめ調剤薬局", "機関区分": 5, "都道府県コード": 4, "市区町村コード": 209, "所在地": "宮城県多賀城市鶴ケ谷２丁目１９－２０", "緯度": 38.296982, "経度": 141.018309, "url": "https://www.iryou.teikyouseido.mhlw.go.jp/znk-web/juminkanja/S2430/initialize?prefCd=04&kikanCd=0400400023&kikanKbn=5", "url2": null, "内容": "あやめ調剤薬局【5:薬局】宮城県多賀城市鶴ケ谷２丁目１９－２０" }, "geometry": { "type": "Point", "coordinates": [ 141.018309, 38.296982 ] } },
{ "type": "Feature", "properties": { "ID": 450400400031, "正式名称": "三浦薬局", "機関区分": 5, "都道府県コード": 4, "市区町村コード": 209, "所在地": "宮城県多賀城市下馬", "緯度": 38.304701, "経度": 141.016368, "url": "https://www.iryou.teikyouseido.mhlw.go.jp/znk-web/juminkanja/S2430/initialize?prefCd=04&kikanCd=0400400031&kikanKbn=5", "url2": "https://mph.from.tv/m/", "内容": "三浦薬局【5:薬局】宮城県多賀城市下馬" }, "geometry": { "type": "Point", "coordinates": [ 141.016368, 38.304701 ] } },
{ "type": "Feature", "properties": { "ID": 450400400050, "正式名称": "エム薬局", "機関区分": 5, "都道府県コード": 4, "市区町村コード": 406, "所在地": "宮城県宮城郡利府町中央２－８－１", "緯度": 38.3292, "経度": 140.981305, "url": "https://www.iryou.teikyouseido.mhlw.go.jp/znk-web/juminkanja/S2430/initialize?prefCd=04&kikanCd=0400400050&kikanKbn=5", "url2": null, "内容": "エム薬局【5:薬局】宮城県宮城郡利府町中央２－８－１" }, "geometry": { "type": "Point", "coordinates": [ 140.981305, 38.3292 ] } },
{ "type": "Feature", "properties": { "ID": 450400400076, "正式名称": "有限会社塗薬局", "機関区分": 5, "都道府県コード": 4, "市区町村コード": 203, "所在地": "宮城県塩竈市北浜２－７－４", "緯度": 38.320801, "経度": 141.021344, "url": "https://www.iryou.teikyouseido.mhlw.go.jp/znk-web/juminkanja/S2430/initialize?prefCd=04&kikanCd=0400400076&kikanKbn=5", "url2": "https://meron-net.shop/ds/nuri", "内容": "有限会社塗薬局【5:薬局】宮城県塩竈市北浜２－７－４" }, "geometry": { "type": "Point", "coordinates": [ 141.021344, 38.320801 ] } },
{ "type": "Feature", "properties": { "ID": 450400400081, "正式名称": "有限会社　塩釜芍薬堂薬局", "機関区分": 5, "都道府県コード": 4, "市区町村コード": 203, "所在地": "宮城県塩竈市南町５番５号　エクレール西塩釜１階", "緯度": 38.3133689, "経度": 141.0181872, "url": "https://www.iryou.teikyouseido.mhlw.go.jp/znk-web/juminkanja/S2430/initialize?prefCd=04&kikanCd=0400400081&kikanKbn=5", "url2": "https://www.siogamasyakuyakudou.com", "内容": "有限会社　塩釜芍薬堂薬局【5:薬局】宮城県塩竈市南町５番５号　エクレール西塩釜１階" }, "geometry": { "type": "Point", "coordinates": [ 141.0181872, 38.3133689 ] } },
{ "type": "Feature", "properties": { "ID": 450400400087, "正式名称": "とよしま薬局", "機関区分": 5, "都道府県コード": 4, "市区町村コード": 203, "所在地": "宮城県塩竈市錦町１４ー８", "緯度": 38.31104, "経度": 141.01947, "url": "https://www.iryou.teikyouseido.mhlw.go.jp/znk-web/juminkanja/S2430/initialize?prefCd=04&kikanCd=0400400087&kikanKbn=5", "url2": "https://act-medical2012.co.jp/", "内容": "とよしま薬局【5:薬局】宮城県塩竈市錦町１４ー８" }, "geometry": { "type": "Point", "coordinates": [ 141.01947, 38.31104 ] } },
{ "type": "Feature", "properties": { "ID": 450400400088, "正式名称": "（有）利府グリーン薬局", "機関区分": 5, "都道府県コード": 4, "市区町村コード": 406, "所在地": "宮城県宮城郡利府町神谷沢字塚本３６－６", "緯度": 38.315615, "経度": 140.9570089, "url": "https://www.iryou.teikyouseido.mhlw.go.jp/znk-web/juminkanja/S2430/initialize?prefCd=04&kikanCd=0400400088&kikanKbn=5", "url2": null, "内容": "（有）利府グリーン薬局【5:薬局】宮城県宮城郡利府町神谷沢字塚本３６－６" }, "geometry": { "type": "Point", "coordinates": [ 140.9570089, 38.315615 ] } },
{ "type": "Feature", "properties": { "ID": 450400400089, "正式名称": "ひまわり薬局", "機関区分": 5, "都道府県コード": 4, "市区町村コード": 209, "所在地": "宮城県多賀城市大代", "緯度": 38.292428, "経度": 141.037428, "url": "https://www.iryou.teikyouseido.mhlw.go.jp/znk-web/juminkanja/S2430/initialize?prefCd=04&kikanCd=0400400089&kikanKbn=5", "url2": null, "内容": "ひまわり薬局【5:薬局】宮城県多賀城市大代" }, "geometry": { "type": "Point", "coordinates": [ 141.037428, 38.292428 ] } },
{ "type": "Feature", "properties": { "ID": 450400400096, "正式名称": "なのはな薬局", "機関区分": 5, "都道府県コード": 4, "市区町村コード": 209, "所在地": "宮城県多賀城市八幡", "緯度": 38.28673, "経度": 140.996771, "url": "https://www.iryou.teikyouseido.mhlw.go.jp/znk-web/juminkanja/S2430/initialize?prefCd=04&kikanCd=0400400096&kikanKbn=5", "url2": "yakkyoku8130", "内容": "なのはな薬局【5:薬局】宮城県多賀城市八幡" }, "geometry": { "type": "Point", "coordinates": [ 140.996771, 38.28673 ] } },
{ "type": "Feature", "properties": { "ID": 450400400097, "正式名称": "タケダ薬局", "機関区分": 5, "都道府県コード": 4, "市区町村コード": 203, "所在地": "宮城県塩竈市東玉川町", "緯度": 38.309326, "経度": 141.01116, "url": "https://www.iryou.teikyouseido.mhlw.go.jp/znk-web/juminkanja/S2430/initialize?prefCd=04&kikanCd=0400400097&kikanKbn=5", "url2": null, "内容": "タケダ薬局【5:薬局】宮城県塩竈市東玉川町" }, "geometry": { "type": "Point", "coordinates": [ 141.01116, 38.309326 ] } },
{ "type": "Feature", "properties": { "ID": 450400400098, "正式名称": "ヤマザワ調剤薬局利府店", "機関区分": 5, "都道府県コード": 4, "市区町村コード": 406, "所在地": "宮城県宮城郡利府町花園１－２１８－４", "緯度": 38.3338199, "経度": 140.9723794, "url": "https://www.iryou.teikyouseido.mhlw.go.jp/znk-web/juminkanja/S2430/initialize?prefCd=04&kikanCd=0400400098&kikanKbn=5", "url2": null, "内容": "ヤマザワ調剤薬局利府店【5:薬局】宮城県宮城郡利府町花園１－２１８－４" }, "geometry": { "type": "Point", "coordinates": [ 140.9723794, 38.3338199 ] } },
{ "type": "Feature", "properties": { "ID": 450400400108, "正式名称": "タマガワ薬局　香津店", "機関区分": 5, "都道府県コード": 4, "市区町村コード": 203, "所在地": "宮城県塩竈市佐浦町１６－８", "緯度": 38.310038, "経度": 141.013962, "url": "https://www.iryou.teikyouseido.mhlw.go.jp/znk-web/juminkanja/S2430/initialize?prefCd=04&kikanCd=0400400108&kikanKbn=5", "url2": null, "内容": "タマガワ薬局　香津店【5:薬局】宮城県塩竈市佐浦町１６－８" }, "geometry": { "type": "Point", "coordinates": [ 141.013962, 38.310038 ] } },
{ "type": "Feature", "properties": { "ID": 450400400109, "正式名称": "調剤薬局ツルハドラッグ多賀城店", "機関区分": 5, "都道府県コード": 4, "市区町村コード": 209, "所在地": "宮城県多賀城市高橋４丁目４－１", "緯度": 38.290159, "経度": 140.982676, "url": "https://www.iryou.teikyouseido.mhlw.go.jp/znk-web/juminkanja/S2430/initialize?prefCd=04&kikanCd=0400400109&kikanKbn=5", "url2": "https://www.tsuruha.co.jp", "内容": "調剤薬局ツルハドラッグ多賀城店【5:薬局】宮城県多賀城市高橋４丁目４－１" }, "geometry": { "type": "Point", "coordinates": [ 140.982676, 38.290159 ] } },
{ "type": "Feature", "properties": { "ID": 450400400113, "正式名称": "ソルト薬局", "機関区分": 5, "都道府県コード": 4, "市区町村コード": 203, "所在地": "宮城県塩竈市宮町８－１８", "緯度": 38.317593, "経度": 141.01958, "url": "https://www.iryou.teikyouseido.mhlw.go.jp/znk-web/juminkanja/S2430/initialize?prefCd=04&kikanCd=0400400113&kikanKbn=5", "url2": null, "内容": "ソルト薬局【5:薬局】宮城県塩竈市宮町８－１８" }, "geometry": { "type": "Point", "coordinates": [ 141.01958, 38.317593 ] } },
{ "type": "Feature", "properties": { "ID": 450400400116, "正式名称": "きらら薬局", "機関区分": 5, "都道府県コード": 4, "市区町村コード": 203, "所在地": "宮城県塩竈市南錦町８番９号", "緯度": 38.304793, "経度": 141.012057, "url": "https://www.iryou.teikyouseido.mhlw.go.jp/znk-web/juminkanja/S2430/initialize?prefCd=04&kikanCd=0400400116&kikanKbn=5", "url2": "http://www.pharland.jp/", "内容": "きらら薬局【5:薬局】宮城県塩竈市南錦町８番９号" }, "geometry": { "type": "Point", "coordinates": [ 141.012057, 38.304793 ] } },
{ "type": "Feature", "properties": { "ID": 450400400118, "正式名称": "かいぶち調剤薬局", "機関区分": 5, "都道府県コード": 4, "市区町村コード": 209, "所在地": "宮城県多賀城市八幡三丁目六番十二号", "緯度": 38.290522, "経度": 141.008526, "url": "https://www.iryou.teikyouseido.mhlw.go.jp/znk-web/juminkanja/S2430/initialize?prefCd=04&kikanCd=0400400118&kikanKbn=5", "url2": null, "内容": "かいぶち調剤薬局【5:薬局】宮城県多賀城市八幡三丁目六番十二号" }, "geometry": { "type": "Point", "coordinates": [ 141.008526, 38.290522 ] } },
{ "type": "Feature", "properties": { "ID": 450400400123, "正式名称": "リフレ薬局多賀城店", "機関区分": 5, "都道府県コード": 4, "市区町村コード": 209, "所在地": "宮城県多賀城市中央１丁目１６－９", "緯度": 38.298671, "経度": 141.004441, "url": "https://www.iryou.teikyouseido.mhlw.go.jp/znk-web/juminkanja/S2430/initialize?prefCd=04&kikanCd=0400400123&kikanKbn=5", "url2": "http://www.refre-net.com", "内容": "リフレ薬局多賀城店【5:薬局】宮城県多賀城市中央１丁目１６－９" }, "geometry": { "type": "Point", "coordinates": [ 141.004441, 38.298671 ] } },
{ "type": "Feature", "properties": { "ID": 450400400124, "正式名称": "調剤薬局ツルハドラッグ塩釜店", "機関区分": 5, "都道府県コード": 4, "市区町村コード": 203, "所在地": "宮城県塩竈市藤倉二丁目１４番４２号", "緯度": 38.327115, "経度": 141.028344, "url": "https://www.iryou.teikyouseido.mhlw.go.jp/znk-web/juminkanja/S2430/initialize?prefCd=04&kikanCd=0400400124&kikanKbn=5", "url2": "https://www.tsuruha.co.jp/", "内容": "調剤薬局ツルハドラッグ塩釜店【5:薬局】宮城県塩竈市藤倉二丁目１４番４２号" }, "geometry": { "type": "Point", "coordinates": [ 141.028344, 38.327115 ] } },
{ "type": "Feature", "properties": { "ID": 450400400125, "正式名称": "まりも調剤薬局", "機関区分": 5, "都道府県コード": 4, "市区町村コード": 203, "所在地": "宮城県塩竈市玉川一丁目８－５９", "緯度": 38.309348, "経度": 141.004687, "url": "https://www.iryou.teikyouseido.mhlw.go.jp/znk-web/juminkanja/S2430/initialize?prefCd=04&kikanCd=0400400125&kikanKbn=5", "url2": "http://www.pharland.jp/", "内容": "まりも調剤薬局【5:薬局】宮城県塩竈市玉川一丁目８－５９" }, "geometry": { "type": "Point", "coordinates": [ 141.004687, 38.309348 ] } },
{ "type": "Feature", "properties": { "ID": 450400400128, "正式名称": "有限会社　たかぎ薬局", "機関区分": 5, "都道府県コード": 4, "市区町村コード": 401, "所在地": "宮城県宮城郡松島町高城字元釜家９－１", "緯度": 38.3822766, "経度": 141.0727494, "url": "https://www.iryou.teikyouseido.mhlw.go.jp/znk-web/juminkanja/S2430/initialize?prefCd=04&kikanCd=0400400128&kikanKbn=5", "url2": null, "内容": "有限会社　たかぎ薬局【5:薬局】宮城県宮城郡松島町高城字元釜家９－１" }, "geometry": { "type": "Point", "coordinates": [ 141.0727494, 38.3822766 ] } },
{ "type": "Feature", "properties": { "ID": 450400400129, "正式名称": "カメイ調剤薬局　松島店", "機関区分": 5, "都道府県コード": 4, "市区町村コード": 401, "所在地": "宮城県宮城郡松島町高城字浜１ー６８", "緯度": 38.38309, "経度": 141.06941, "url": "https://www.iryou.teikyouseido.mhlw.go.jp/znk-web/juminkanja/S2430/initialize?prefCd=04&kikanCd=0400400129&kikanKbn=5", "url2": "http://www.kamei.co.jp/pharmacy/index.html", "内容": "カメイ調剤薬局　松島店【5:薬局】宮城県宮城郡松島町高城字浜１ー６８" }, "geometry": { "type": "Point", "coordinates": [ 141.06941, 38.38309 ] } },
{ "type": "Feature", "properties": { "ID": 450400400132, "正式名称": "グリーン薬局", "機関区分": 5, "都道府県コード": 4, "市区町村コード": 203, "所在地": "宮城県塩竈市藤倉三丁目１７番６号", "緯度": 38.326842, "経度": 141.029617, "url": "https://www.iryou.teikyouseido.mhlw.go.jp/znk-web/juminkanja/S2430/initialize?prefCd=04&kikanCd=0400400132&kikanKbn=5", "url2": null, "内容": "グリーン薬局【5:薬局】宮城県塩竈市藤倉三丁目１７番６号" }, "geometry": { "type": "Point", "coordinates": [ 141.029617, 38.326842 ] } },
{ "type": "Feature", "properties": { "ID": 450400400134, "正式名称": "塩竈調剤薬局", "機関区分": 5, "都道府県コード": 4, "市区町村コード": 203, "所在地": "宮城県塩竈市玉川１丁目９番６３号", "緯度": 38.309799, "経度": 141.002498, "url": "https://www.iryou.teikyouseido.mhlw.go.jp/znk-web/juminkanja/S2430/initialize?prefCd=04&kikanCd=0400400134&kikanKbn=5", "url2": "http://www.furu-cho.co.jp/", "内容": "塩竈調剤薬局【5:薬局】宮城県塩竈市玉川１丁目９番６３号" }, "geometry": { "type": "Point", "coordinates": [ 141.002498, 38.309799 ] } },
{ "type": "Feature", "properties": { "ID": 450400400135, "正式名称": "もみじ山調剤薬局", "機関区分": 5, "都道府県コード": 4, "市区町村コード": 209, "所在地": "宮城県多賀城市伝上山", "緯度": 38.297637, "経度": 141.010064, "url": "https://www.iryou.teikyouseido.mhlw.go.jp/znk-web/juminkanja/S2430/initialize?prefCd=04&kikanCd=0400400135&kikanKbn=5", "url2": null, "内容": "もみじ山調剤薬局【5:薬局】宮城県多賀城市伝上山" }, "geometry": { "type": "Point", "coordinates": [ 141.010064, 38.297637 ] } },
{ "type": "Feature", "properties": { "ID": 450400400143, "正式名称": "調剤薬局ツルハドラッグ利府店", "機関区分": 5, "都道府県コード": 4, "市区町村コード": 406, "所在地": "宮城県宮城郡利府町利府利府字新大谷地５３番地１", "緯度": 38.3285019, "経度": 140.9740541, "url": "https://www.iryou.teikyouseido.mhlw.go.jp/znk-web/juminkanja/S2430/initialize?prefCd=04&kikanCd=0400400143&kikanKbn=5", "url2": "http://www.tsuruha.co.jp/", "内容": "調剤薬局ツルハドラッグ利府店【5:薬局】宮城県宮城郡利府町利府利府字新大谷地５３番地１" }, "geometry": { "type": "Point", "coordinates": [ 140.974054099999989, 38.3285019 ] } },
{ "type": "Feature", "properties": { "ID": 450400400148, "正式名称": "パンダ薬局", "機関区分": 5, "都道府県コード": 4, "市区町村コード": 203, "所在地": "宮城県塩竈市北浜１丁目６－１１", "緯度": 38.320012, "経度": 141.023036, "url": "https://www.iryou.teikyouseido.mhlw.go.jp/znk-web/juminkanja/S2430/initialize?prefCd=04&kikanCd=0400400148&kikanKbn=5", "url2": null, "内容": "パンダ薬局【5:薬局】宮城県塩竈市北浜１丁目６－１１" }, "geometry": { "type": "Point", "coordinates": [ 141.023036, 38.320012 ] } },
{ "type": "Feature", "properties": { "ID": 450400400151, "正式名称": "リフレ薬局塩釜店", "機関区分": 5, "都道府県コード": 4, "市区町村コード": 203, "所在地": "宮城県塩竈市白萩町９－２", "緯度": 38.311298, "経度": 141.012707, "url": "https://www.iryou.teikyouseido.mhlw.go.jp/znk-web/juminkanja/S2430/initialize?prefCd=04&kikanCd=0400400151&kikanKbn=5", "url2": "http://www.refre-net.com", "内容": "リフレ薬局塩釜店【5:薬局】宮城県塩竈市白萩町９－２" }, "geometry": { "type": "Point", "coordinates": [ 141.012707, 38.311298 ] } },
{ "type": "Feature", "properties": { "ID": 450400400156, "正式名称": "多賀城調剤薬局", "機関区分": 5, "都道府県コード": 4, "市区町村コード": 209, "所在地": "宮城県多賀城市中央３丁目１０－５　ｏｇｇｅビル１階", "緯度": 38.29252, "経度": 141.006836, "url": "https://www.iryou.teikyouseido.mhlw.go.jp/znk-web/juminkanja/S2430/initialize?prefCd=04&kikanCd=0400400156&kikanKbn=5", "url2": "http://www.furu-cho.co.jp", "内容": "多賀城調剤薬局【5:薬局】宮城県多賀城市中央３丁目１０－５　ｏｇｇｅビル１階" }, "geometry": { "type": "Point", "coordinates": [ 141.006836, 38.29252 ] } },
{ "type": "Feature", "properties": { "ID": 450400400157, "正式名称": "みうら薬局　八幡店", "機関区分": 5, "都道府県コード": 4, "市区町村コード": 209, "所在地": "宮城県多賀城市八幡３－１０－３４", "緯度": 38.2896941, "経度": 141.0048872, "url": "https://www.iryou.teikyouseido.mhlw.go.jp/znk-web/juminkanja/S2430/initialize?prefCd=04&kikanCd=0400400157&kikanKbn=5", "url2": "https://www.kosei-31.com/store", "内容": "みうら薬局　八幡店【5:薬局】宮城県多賀城市八幡３－１０－３４" }, "geometry": { "type": "Point", "coordinates": [ 141.004887200000013, 38.2896941 ] } },
{ "type": "Feature", "properties": { "ID": 450400400158, "正式名称": "汐見調剤薬局", "機関区分": 5, "都道府県コード": 4, "市区町村コード": 404, "所在地": "宮城県宮城郡七ヶ浜町汐見台南１－２－２", "緯度": 38.2953045, "経度": 141.0563938, "url": "https://www.iryou.teikyouseido.mhlw.go.jp/znk-web/juminkanja/S2430/initialize?prefCd=04&kikanCd=0400400158&kikanKbn=5", "url2": null, "内容": "汐見調剤薬局【5:薬局】宮城県宮城郡七ヶ浜町汐見台南１－２－２" }, "geometry": { "type": "Point", "coordinates": [ 141.0563938, 38.2953045 ] } },
{ "type": "Feature", "properties": { "ID": 450400400162, "正式名称": "株式会社早川薬局新浜店", "機関区分": 5, "都道府県コード": 4, "市区町村コード": 203, "所在地": "宮城県塩竈市新浜町", "緯度": 38.325786, "経度": 141.035785, "url": "https://www.iryou.teikyouseido.mhlw.go.jp/znk-web/juminkanja/S2430/initialize?prefCd=04&kikanCd=0400400162&kikanKbn=5", "url2": null, "内容": "株式会社早川薬局新浜店【5:薬局】宮城県塩竈市新浜町" }, "geometry": { "type": "Point", "coordinates": [ 141.035785, 38.325786 ] } },
{ "type": "Feature", "properties": { "ID": 450400400165, "正式名称": "アート調剤薬局", "機関区分": 5, "都道府県コード": 4, "市区町村コード": 203, "所在地": "宮城県塩竈市東玉川町２－１３", "緯度": 38.308577, "経度": 141.010815, "url": "https://www.iryou.teikyouseido.mhlw.go.jp/znk-web/juminkanja/S2430/initialize?prefCd=04&kikanCd=0400400165&kikanKbn=5", "url2": null, "内容": "アート調剤薬局【5:薬局】宮城県塩竈市東玉川町２－１３" }, "geometry": { "type": "Point", "coordinates": [ 141.010815, 38.308577 ] } },
{ "type": "Feature", "properties": { "ID": 450400400167, "正式名称": "日本調剤　塩釜薬局", "機関区分": 5, "都道府県コード": 4, "市区町村コード": 203, "所在地": "宮城県塩竈市佐浦町１４－２１", "緯度": 38.3110193, "経度": 141.0157122, "url": "https://www.iryou.teikyouseido.mhlw.go.jp/znk-web/juminkanja/S2430/initialize?prefCd=04&kikanCd=0400400167&kikanKbn=5", "url2": "https://www.nicho.co.jp/tenpo/siogama/", "内容": "日本調剤　塩釜薬局【5:薬局】宮城県塩竈市佐浦町１４－２１" }, "geometry": { "type": "Point", "coordinates": [ 141.0157122, 38.3110193 ] } },
{ "type": "Feature", "properties": { "ID": 450400400168, "正式名称": "ヤマザワ調剤薬局　仙塩利府病院前店", "機関区分": 5, "都道府県コード": 4, "市区町村コード": 406, "所在地": "宮城県宮城郡利府町青葉台二丁目２番１１０", "緯度": 38.339053, "経度": 140.965373, "url": "https://www.iryou.teikyouseido.mhlw.go.jp/znk-web/juminkanja/S2430/initialize?prefCd=04&kikanCd=0400400168&kikanKbn=5", "url2": "http://www.yamazawa-drg.co.jp", "内容": "ヤマザワ調剤薬局　仙塩利府病院前店【5:薬局】宮城県宮城郡利府町青葉台二丁目２番１１０" }, "geometry": { "type": "Point", "coordinates": [ 140.965373, 38.339053 ] } },
{ "type": "Feature", "properties": { "ID": 450400400172, "正式名称": "仙台調剤薬局　多賀城店", "機関区分": 5, "都道府県コード": 4, "市区町村コード": 209, "所在地": "宮城県多賀城市高橋四丁目２０番４号", "緯度": 38.289583, "経度": 140.980472, "url": "https://www.iryou.teikyouseido.mhlw.go.jp/znk-web/juminkanja/S2430/initialize?prefCd=04&kikanCd=0400400172&kikanKbn=5", "url2": "http://www.shpe.co.jp/", "内容": "仙台調剤薬局　多賀城店【5:薬局】宮城県多賀城市高橋四丁目２０番４号" }, "geometry": { "type": "Point", "coordinates": [ 140.980472, 38.289583 ] } },
{ "type": "Feature", "properties": { "ID": 450400400177, "正式名称": "マリーン調剤薬局仙塩利府病院前店", "機関区分": 5, "都道府県コード": 4, "市区町村コード": 406, "所在地": "宮城県宮城郡利府町青葉台３丁目１ー７０", "緯度": 38.33994, "経度": 140.963556, "url": "https://www.iryou.teikyouseido.mhlw.go.jp/znk-web/juminkanja/S2430/initialize?prefCd=04&kikanCd=0400400177&kikanKbn=5", "url2": "http://www.aquamarine-net.co.jp", "内容": "マリーン調剤薬局仙塩利府病院前店【5:薬局】宮城県宮城郡利府町青葉台３丁目１ー７０" }, "geometry": { "type": "Point", "coordinates": [ 140.963556, 38.33994 ] } },
{ "type": "Feature", "properties": { "ID": 450400400180, "正式名称": "しらかし台薬局", "機関区分": 5, "都道府県コード": 4, "市区町村コード": 406, "所在地": "宮城県宮城郡利府町しらかし台１丁目１－１４", "緯度": 38.346656, "経度": 140.961117, "url": "https://www.iryou.teikyouseido.mhlw.go.jp/znk-web/juminkanja/S2430/initialize?prefCd=04&kikanCd=0400400180&kikanKbn=5", "url2": "https://www.good-np.com", "内容": "しらかし台薬局【5:薬局】宮城県宮城郡利府町しらかし台１丁目１－１４" }, "geometry": { "type": "Point", "coordinates": [ 140.961117, 38.346656 ] } },
{ "type": "Feature", "properties": { "ID": 450400400181, "正式名称": "リフレ薬局城南店", "機関区分": 5, "都道府県コード": 4, "市区町村コード": 209, "所在地": "宮城県多賀城市城南１丁目１０－１９", "緯度": 38.298306, "経度": 140.988773, "url": "https://www.iryou.teikyouseido.mhlw.go.jp/znk-web/juminkanja/S2430/initialize?prefCd=04&kikanCd=0400400181&kikanKbn=5", "url2": "http://www.refre-net.com", "内容": "リフレ薬局城南店【5:薬局】宮城県多賀城市城南１丁目１０－１９" }, "geometry": { "type": "Point", "coordinates": [ 140.988773, 38.298306 ] } },
{ "type": "Feature", "properties": { "ID": 450400400184, "正式名称": "アイセイ薬局　多賀城山王店", "機関区分": 5, "都道府県コード": 4, "市区町村コード": 209, "所在地": "宮城県多賀城市山王１３－１", "緯度": 38.298473, "経度": 140.976375, "url": "https://www.iryou.teikyouseido.mhlw.go.jp/znk-web/juminkanja/S2430/initialize?prefCd=04&kikanCd=0400400184&kikanKbn=5", "url2": "http://www.aisei.co.jp", "内容": "アイセイ薬局　多賀城山王店【5:薬局】宮城県多賀城市山王１３－１" }, "geometry": { "type": "Point", "coordinates": [ 140.976375, 38.298473 ] } },
{ "type": "Feature", "properties": { "ID": 450400400185, "正式名称": "マリーン調剤薬局　本塩釜店", "機関区分": 5, "都道府県コード": 4, "市区町村コード": 203, "所在地": "宮城県塩竈市北浜一丁目７－６", "緯度": 38.320041, "経度": 141.023378, "url": "https://www.iryou.teikyouseido.mhlw.go.jp/znk-web/juminkanja/S2430/initialize?prefCd=04&kikanCd=0400400185&kikanKbn=5", "url2": "http://www.aquamarine-net.co.jp/", "内容": "マリーン調剤薬局　本塩釜店【5:薬局】宮城県塩竈市北浜一丁目７－６" }, "geometry": { "type": "Point", "coordinates": [ 141.023378, 38.320041 ] } },
{ "type": "Feature", "properties": { "ID": 450400400186, "正式名称": "宮町薬局", "機関区分": 5, "都道府県コード": 4, "市区町村コード": 203, "所在地": "宮城県塩竈市宮町", "緯度": 38.317427, "経度": 141.018232, "url": "https://www.iryou.teikyouseido.mhlw.go.jp/znk-web/juminkanja/S2430/initialize?prefCd=04&kikanCd=0400400186&kikanKbn=5", "url2": null, "内容": "宮町薬局【5:薬局】宮城県塩竈市宮町" }, "geometry": { "type": "Point", "coordinates": [ 141.018232, 38.317427 ] } },
{ "type": "Feature", "properties": { "ID": 450400400187, "正式名称": "アクト調剤薬局", "機関区分": 5, "都道府県コード": 4, "市区町村コード": 203, "所在地": "宮城県塩竈市松陽台１－１－２－１", "緯度": 38.329269, "経度": 141.028665, "url": "https://www.iryou.teikyouseido.mhlw.go.jp/znk-web/juminkanja/S2430/initialize?prefCd=04&kikanCd=0400400187&kikanKbn=5", "url2": "https://act-medical2012.co.jp/", "内容": "アクト調剤薬局【5:薬局】宮城県塩竈市松陽台１－１－２－１" }, "geometry": { "type": "Point", "coordinates": [ 141.028665, 38.329269 ] } },
{ "type": "Feature", "properties": { "ID": 450400400188, "正式名称": "銀河薬局　泉沢店", "機関区分": 5, "都道府県コード": 4, "市区町村コード": 203, "所在地": "宮城県塩竈市泉沢町２２番５号", "緯度": 38.3233, "経度": 141.004996, "url": "https://www.iryou.teikyouseido.mhlw.go.jp/znk-web/juminkanja/S2430/initialize?prefCd=04&kikanCd=0400400188&kikanKbn=5", "url2": "https://www.sano-ph.co.jp", "内容": "銀河薬局　泉沢店【5:薬局】宮城県塩竈市泉沢町２２番５号" }, "geometry": { "type": "Point", "coordinates": [ 141.004996, 38.3233 ] } },
{ "type": "Feature", "properties": { "ID": 450400400189, "正式名称": "ウエルシア薬局　本塩釜駅前店", "機関区分": 5, "都道府県コード": 4, "市区町村コード": 203, "所在地": "宮城県塩竈市海岸通１１番１号", "緯度": 38.319011, "経度": 141.023096, "url": "https://www.iryou.teikyouseido.mhlw.go.jp/znk-web/juminkanja/S2430/initialize?prefCd=04&kikanCd=0400400189&kikanKbn=5", "url2": "http://www.welcia-yakkyoku.co.jp", "内容": "ウエルシア薬局　本塩釜駅前店【5:薬局】宮城県塩竈市海岸通１１番１号" }, "geometry": { "type": "Point", "coordinates": [ 141.023096, 38.319011 ] } },
{ "type": "Feature", "properties": { "ID": 450400400190, "正式名称": "まごころ調剤薬局松島店", "機関区分": 5, "都道府県コード": 4, "市区町村コード": 401, "所在地": "宮城県宮城郡松島町高城字町６２番地３", "緯度": 38.384732, "経度": 141.069665, "url": "https://www.iryou.teikyouseido.mhlw.go.jp/znk-web/juminkanja/S2430/initialize?prefCd=04&kikanCd=0400400190&kikanKbn=5", "url2": "https://magokoro-kizuna.com/", "内容": "まごころ調剤薬局松島店【5:薬局】宮城県宮城郡松島町高城字町６２番地３" }, "geometry": { "type": "Point", "coordinates": [ 141.069665, 38.384732 ] } },
{ "type": "Feature", "properties": { "ID": 450400400191, "正式名称": "あかね薬局　塩釜店", "機関区分": 5, "都道府県コード": 4, "市区町村コード": 203, "所在地": "宮城県塩竈市字伊保石２１番１号", "緯度": 38.334784, "経度": 141.017086, "url": "https://www.iryou.teikyouseido.mhlw.go.jp/znk-web/juminkanja/S2430/initialize?prefCd=04&kikanCd=0400400191&kikanKbn=5", "url2": null, "内容": "あかね薬局　塩釜店【5:薬局】宮城県塩竈市字伊保石２１番１号" }, "geometry": { "type": "Point", "coordinates": [ 141.017086, 38.334784 ] } },
{ "type": "Feature", "properties": { "ID": 450400400192, "正式名称": "アムズ調剤薬局多賀城店", "機関区分": 5, "都道府県コード": 4, "市区町村コード": 209, "所在地": "宮城県多賀城市東田中２丁目４０番３２号Ｇ１０６", "緯度": 38.290597, "経度": 141.00085, "url": "https://www.iryou.teikyouseido.mhlw.go.jp/znk-web/juminkanja/S2430/initialize?prefCd=04&kikanCd=0400400192&kikanKbn=5", "url2": null, "内容": "アムズ調剤薬局多賀城店【5:薬局】宮城県多賀城市東田中２丁目４０番３２号Ｇ１０６" }, "geometry": { "type": "Point", "coordinates": [ 141.00085, 38.290597 ] } },
{ "type": "Feature", "properties": { "ID": 450400400193, "正式名称": "クローバー調剤薬局", "機関区分": 5, "都道府県コード": 4, "市区町村コード": 209, "所在地": "宮城県多賀城市笠神４丁目６－１７", "緯度": 38.3022698, "経度": 141.0331676, "url": "https://www.iryou.teikyouseido.mhlw.go.jp/znk-web/juminkanja/S2430/initialize?prefCd=04&kikanCd=0400400193&kikanKbn=5", "url2": "http://www.qol-net.co.jp/", "内容": "クローバー調剤薬局【5:薬局】宮城県多賀城市笠神４丁目６－１７" }, "geometry": { "type": "Point", "coordinates": [ 141.033167600000013, 38.3022698 ] } },
{ "type": "Feature", "properties": { "ID": 450400400194, "正式名称": "クオール薬局しおがま店", "機関区分": 5, "都道府県コード": 4, "市区町村コード": 203, "所在地": "宮城県塩竈市本町３－１９", "緯度": 38.3170297, "経度": 141.0183936, "url": "https://www.iryou.teikyouseido.mhlw.go.jp/znk-web/juminkanja/S2430/initialize?prefCd=04&kikanCd=0400400194&kikanKbn=5", "url2": "http://www.qol-net.co.jp/", "内容": "クオール薬局しおがま店【5:薬局】宮城県塩竈市本町３－１９" }, "geometry": { "type": "Point", "coordinates": [ 141.0183936, 38.3170297 ] } },
{ "type": "Feature", "properties": { "ID": 450400400195, "正式名称": "ひかり薬局東田中", "機関区分": 5, "都道府県コード": 4, "市区町村コード": 209, "所在地": "宮城県多賀城市東田中字志引８５番地の１", "緯度": 38.292552, "経度": 140.992699, "url": "https://www.iryou.teikyouseido.mhlw.go.jp/znk-web/juminkanja/S2430/initialize?prefCd=04&kikanCd=0400400195&kikanKbn=5", "url2": "http://www.hikari-pharmacy.co.jp", "内容": "ひかり薬局東田中【5:薬局】宮城県多賀城市東田中字志引８５番地の１" }, "geometry": { "type": "Point", "coordinates": [ 140.992699, 38.292552 ] } },
{ "type": "Feature", "properties": { "ID": 450400400196, "正式名称": "つばさ薬局", "機関区分": 5, "都道府県コード": 4, "市区町村コード": 209, "所在地": "宮城県多賀城市下馬２丁１３－１５", "緯度": 38.305799, "経度": 141.0153814, "url": "https://www.iryou.teikyouseido.mhlw.go.jp/znk-web/juminkanja/S2430/initialize?prefCd=04&kikanCd=0400400196&kikanKbn=5", "url2": "http://www.tsubasa-ph.co.jp/", "内容": "つばさ薬局【5:薬局】宮城県多賀城市下馬２丁１３－１５" }, "geometry": { "type": "Point", "coordinates": [ 141.0153814, 38.305799 ] } },
{ "type": "Feature", "properties": { "ID": 450400400197, "正式名称": "つばさ薬局松陽台店", "機関区分": 5, "都道府県コード": 4, "市区町村コード": 203, "所在地": "宮城県塩竈市松陽台２丁目１６－１", "緯度": 38.330153, "経度": 141.018334, "url": "https://www.iryou.teikyouseido.mhlw.go.jp/znk-web/juminkanja/S2430/initialize?prefCd=04&kikanCd=0400400197&kikanKbn=5", "url2": "https://www.tsubasa-ph.co.jp/", "内容": "つばさ薬局松陽台店【5:薬局】宮城県塩竈市松陽台２丁目１６－１" }, "geometry": { "type": "Point", "coordinates": [ 141.018334, 38.330153 ] } },
{ "type": "Feature", "properties": { "ID": 450400400198, "正式名称": "つばさ薬局松島店", "機関区分": 5, "都道府県コード": 4, "市区町村コード": 401, "所在地": "宮城県宮城郡松島町松島字普賢堂５－５", "緯度": 38.379204, "経度": 141.0681, "url": "https://www.iryou.teikyouseido.mhlw.go.jp/znk-web/juminkanja/S2430/initialize?prefCd=04&kikanCd=0400400198&kikanKbn=5", "url2": "http://www.tsubasa-ph.co.jp/", "内容": "つばさ薬局松島店【5:薬局】宮城県宮城郡松島町松島字普賢堂５－５" }, "geometry": { "type": "Point", "coordinates": [ 141.0681, 38.379204 ] } },
{ "type": "Feature", "properties": { "ID": 450400400199, "正式名称": "つばさ薬局　玉川店", "機関区分": 5, "都道府県コード": 4, "市区町村コード": 203, "所在地": "宮城県塩竈市玉川１丁目５－１６", "緯度": 38.307475, "経度": 141.00744, "url": "https://www.iryou.teikyouseido.mhlw.go.jp/znk-web/juminkanja/S2430/initialize?prefCd=04&kikanCd=0400400199&kikanKbn=5", "url2": "http://www.tsubasa-ph.co.jp/", "内容": "つばさ薬局　玉川店【5:薬局】宮城県塩竈市玉川１丁目５－１６" }, "geometry": { "type": "Point", "coordinates": [ 141.00744, 38.307475 ] } },
{ "type": "Feature", "properties": { "ID": 450400400200, "正式名称": "カワチ薬局　多賀城店", "機関区分": 5, "都道府県コード": 4, "市区町村コード": 209, "所在地": "宮城県多賀城市笠神４－８－１", "緯度": 38.303271, "経度": 141.034246, "url": "https://www.iryou.teikyouseido.mhlw.go.jp/znk-web/juminkanja/S2430/initialize?prefCd=04&kikanCd=0400400200&kikanKbn=5", "url2": "http://www.cawachi.co.jp", "内容": "カワチ薬局　多賀城店【5:薬局】宮城県多賀城市笠神４－８－１" }, "geometry": { "type": "Point", "coordinates": [ 141.034246, 38.303271 ] } },
{ "type": "Feature", "properties": { "ID": 450400400202, "正式名称": "ウエルシア薬局利府青山店", "機関区分": 5, "都道府県コード": 4, "市区町村コード": 406, "所在地": "宮城県宮城郡利府町青山２－１－９", "緯度": 38.338315, "経度": 140.966092, "url": "https://www.iryou.teikyouseido.mhlw.go.jp/znk-web/juminkanja/S2430/initialize?prefCd=04&kikanCd=0400400202&kikanKbn=5", "url2": "http://stores.welcia.co.jp/1316D", "内容": "ウエルシア薬局利府青山店【5:薬局】宮城県宮城郡利府町青山２－１－９" }, "geometry": { "type": "Point", "coordinates": [ 140.966092, 38.338315 ] } },
{ "type": "Feature", "properties": { "ID": 450400400203, "正式名称": "東塩釜調剤薬局", "機関区分": 5, "都道府県コード": 4, "市区町村コード": 203, "所在地": "宮城県塩竈市藤倉３丁目６－１", "緯度": 38.32598, "経度": 141.029772, "url": "https://www.iryou.teikyouseido.mhlw.go.jp/znk-web/juminkanja/S2430/initialize?prefCd=04&kikanCd=0400400203&kikanKbn=5", "url2": "https://meron-net.shop/ds/e-shiogama-pharm", "内容": "東塩釜調剤薬局【5:薬局】宮城県塩竈市藤倉３丁目６－１" }, "geometry": { "type": "Point", "coordinates": [ 141.029772, 38.32598 ] } },
{ "type": "Feature", "properties": { "ID": 450400400204, "正式名称": "わかば薬局", "機関区分": 5, "都道府県コード": 4, "市区町村コード": 203, "所在地": "宮城県塩竈市花立町２２－５３", "緯度": 38.3069556, "経度": 141.0179196, "url": "https://www.iryou.teikyouseido.mhlw.go.jp/znk-web/juminkanja/S2430/initialize?prefCd=04&kikanCd=0400400204&kikanKbn=5", "url2": "https://www.good-np.com/", "内容": "わかば薬局【5:薬局】宮城県塩竈市花立町２２－５３" }, "geometry": { "type": "Point", "coordinates": [ 141.0179196, 38.3069556 ] } },
{ "type": "Feature", "properties": { "ID": 450400400205, "正式名称": "プラス調剤薬局七ヶ浜店", "機関区分": 5, "都道府県コード": 4, "市区町村コード": 404, "所在地": "宮城県宮城郡七ヶ浜町境山１丁目１３―３０", "緯度": 38.300035, "経度": 141.0426965, "url": "https://www.iryou.teikyouseido.mhlw.go.jp/znk-web/juminkanja/S2430/initialize?prefCd=04&kikanCd=0400400205&kikanKbn=5", "url2": "http:/www.good-np.com", "内容": "プラス調剤薬局七ヶ浜店【5:薬局】宮城県宮城郡七ヶ浜町境山１丁目１３―３０" }, "geometry": { "type": "Point", "coordinates": [ 141.0426965, 38.300035 ] } },
{ "type": "Feature", "properties": { "ID": 450400400206, "正式名称": "桜木薬局", "機関区分": 5, "都道府県コード": 4, "市区町村コード": 209, "所在地": "宮城県多賀城市桜木２丁目１－５", "緯度": 38.291586, "経度": 141.014559, "url": "https://www.iryou.teikyouseido.mhlw.go.jp/znk-web/juminkanja/S2430/initialize?prefCd=04&kikanCd=0400400206&kikanKbn=5", "url2": "https://www.good-np.com", "内容": "桜木薬局【5:薬局】宮城県多賀城市桜木２丁目１－５" }, "geometry": { "type": "Point", "coordinates": [ 141.014559, 38.291586 ] } },
{ "type": "Feature", "properties": { "ID": 450400400210, "正式名称": "みうら調剤薬局　錦町店", "機関区分": 5, "都道府県コード": 4, "市区町村コード": 203, "所在地": "宮城県塩竈市花立町１３－１１", "緯度": 38.3104226, "経度": 141.0209133, "url": "https://www.iryou.teikyouseido.mhlw.go.jp/znk-web/juminkanja/S2430/initialize?prefCd=04&kikanCd=0400400210&kikanKbn=5", "url2": "https://www.kosei-31.com/home", "内容": "みうら調剤薬局　錦町店【5:薬局】宮城県塩竈市花立町１３－１１" }, "geometry": { "type": "Point", "coordinates": [ 141.020913299999989, 38.3104226 ] } },
{ "type": "Feature", "properties": { "ID": 450400400211, "正式名称": "ヤマザワ調剤薬局多賀城店", "機関区分": 5, "都道府県コード": 4, "市区町村コード": 209, "所在地": "宮城県多賀城市城南２－１４－７", "緯度": 38.297782, "経度": 140.991604, "url": "https://www.iryou.teikyouseido.mhlw.go.jp/znk-web/juminkanja/S2430/initialize?prefCd=04&kikanCd=0400400211&kikanKbn=5", "url2": "https://www.yamazawa-drg.co.jp", "内容": "ヤマザワ調剤薬局多賀城店【5:薬局】宮城県多賀城市城南２－１４－７" }, "geometry": { "type": "Point", "coordinates": [ 140.991604, 38.297782 ] } },
{ "type": "Feature", "properties": { "ID": 450400400212, "正式名称": "アイベル薬局　多賀城店", "機関区分": 5, "都道府県コード": 4, "市区町村コード": 209, "所在地": "宮城県多賀城市城南１丁目１１番４３号", "緯度": 38.298958, "経度": 140.989323, "url": "https://www.iryou.teikyouseido.mhlw.go.jp/znk-web/juminkanja/S2430/initialize?prefCd=04&kikanCd=0400400212&kikanKbn=5", "url2": "https://suzumedi.com", "内容": "アイベル薬局　多賀城店【5:薬局】宮城県多賀城市城南１丁目１１番４３号" }, "geometry": { "type": "Point", "coordinates": [ 140.989323, 38.298958 ] } },
{ "type": "Feature", "properties": { "ID": 450400400213, "正式名称": "ウエルシア薬局イオンモール新利府北館店", "機関区分": 5, "都道府県コード": 4, "市区町村コード": 406, "所在地": "宮城県宮城郡利府町利府字新屋田２２番地　イオンモール新利府北館１階", "緯度": 38.326849, "経度": 140.971978, "url": "https://www.iryou.teikyouseido.mhlw.go.jp/znk-web/juminkanja/S2430/initialize?prefCd=04&kikanCd=0400400213&kikanKbn=5", "url2": "http://stores.welcia.co.jp/1369D", "内容": "ウエルシア薬局イオンモール新利府北館店【5:薬局】宮城県宮城郡利府町利府字新屋田２２番地　イオンモール新利府北館１階" }, "geometry": { "type": "Point", "coordinates": [ 140.971978, 38.326849 ] } },
{ "type": "Feature", "properties": { "ID": 450400400214, "正式名称": "イオン薬局　イオンスタイル新利府", "機関区分": 5, "都道府県コード": 4, "市区町村コード": 406, "所在地": "宮城県宮城郡利府町新中道３丁目１－１", "緯度": 38.32211, "経度": 140.971589, "url": "https://www.iryou.teikyouseido.mhlw.go.jp/znk-web/juminkanja/S2430/initialize?prefCd=04&kikanCd=0400400214&kikanKbn=5", "url2": null, "内容": "イオン薬局　イオンスタイル新利府【5:薬局】宮城県宮城郡利府町新中道３丁目１－１" }, "geometry": { "type": "Point", "coordinates": [ 140.971589, 38.32211 ] } },
{ "type": "Feature", "properties": { "ID": 450400400215, "正式名称": "イオン薬局　多賀城店", "機関区分": 5, "都道府県コード": 4, "市区町村コード": 209, "所在地": "宮城県多賀城市町前４－１－１", "緯度": 38.282927, "経度": 140.998743, "url": "https://www.iryou.teikyouseido.mhlw.go.jp/znk-web/juminkanja/S2430/initialize?prefCd=04&kikanCd=0400400215&kikanKbn=5", "url2": null, "内容": "イオン薬局　多賀城店【5:薬局】宮城県多賀城市町前４－１－１" }, "geometry": { "type": "Point", "coordinates": [ 140.998743, 38.282927 ] } },
{ "type": "Feature", "properties": { "ID": 450400400216, "正式名称": "りふ調剤薬局", "機関区分": 5, "都道府県コード": 4, "市区町村コード": 406, "所在地": "宮城県宮城郡利府町新中道２－５－８", "緯度": 38.32487, "経度": 140.975689, "url": "https://www.iryou.teikyouseido.mhlw.go.jp/znk-web/juminkanja/S2430/initialize?prefCd=04&kikanCd=0400400216&kikanKbn=5", "url2": "https://medikamente.co.jp/", "内容": "りふ調剤薬局【5:薬局】宮城県宮城郡利府町新中道２－５－８" }, "geometry": { "type": "Point", "coordinates": [ 140.975689, 38.32487 ] } },
{ "type": "Feature", "properties": { "ID": 450400400217, "正式名称": "しんりふ調剤薬局", "機関区分": 5, "都道府県コード": 4, "市区町村コード": 406, "所在地": "宮城県宮城郡利府町利府字新屋田前２２", "緯度": 38.326745, "経度": 140.9713, "url": "https://www.iryou.teikyouseido.mhlw.go.jp/znk-web/juminkanja/S2430/initialize?prefCd=04&kikanCd=0400400217&kikanKbn=5", "url2": "https://izumi-ph.jp/store/sinrifu/", "内容": "しんりふ調剤薬局【5:薬局】宮城県宮城郡利府町利府字新屋田前２２" }, "geometry": { "type": "Point", "coordinates": [ 140.9713, 38.326745 ] } },
{ "type": "Feature", "properties": { "ID": 450400400219, "正式名称": "たかはし中央薬局", "機関区分": 5, "都道府県コード": 4, "市区町村コード": 209, "所在地": "宮城県多賀城市高橋５丁目１６ー２", "緯度": 38.287362, "経度": 140.98301, "url": "https://www.iryou.teikyouseido.mhlw.go.jp/znk-web/juminkanja/S2430/initialize?prefCd=04&kikanCd=0400400219&kikanKbn=5", "url2": "http://www.apocreat.co.jp/", "内容": "たかはし中央薬局【5:薬局】宮城県多賀城市高橋５丁目１６ー２" }, "geometry": { "type": "Point", "coordinates": [ 140.98301, 38.287362 ] } },
{ "type": "Feature", "properties": { "ID": 450400400220, "正式名称": "仙台調剤薬局　利府店", "機関区分": 5, "都道府県コード": 4, "市区町村コード": 406, "所在地": "宮城県宮城郡利府町中央２丁目７番地１２", "緯度": 38.329291, "経度": 140.982499, "url": "https://www.iryou.teikyouseido.mhlw.go.jp/znk-web/juminkanja/S2430/initialize?prefCd=04&kikanCd=0400400220&kikanKbn=5", "url2": "http://ship-ph.co.jp/", "内容": "仙台調剤薬局　利府店【5:薬局】宮城県宮城郡利府町中央２丁目７番地１２" }, "geometry": { "type": "Point", "coordinates": [ 140.982499, 38.329291 ] } },
{ "type": "Feature", "properties": { "ID": 450400400221, "正式名称": "ゆうやけ調剤薬局", "機関区分": 5, "都道府県コード": 4, "市区町村コード": 209, "所在地": "宮城県多賀城市高崎３丁目２７ー２６", "緯度": 38.293344, "経度": 140.998285, "url": "https://www.iryou.teikyouseido.mhlw.go.jp/znk-web/juminkanja/S2430/initialize?prefCd=04&kikanCd=0400400221&kikanKbn=5", "url2": "https://www.ainj.co.jp/", "内容": "ゆうやけ調剤薬局【5:薬局】宮城県多賀城市高崎３丁目２７ー２６" }, "geometry": { "type": "Point", "coordinates": [ 140.998285, 38.293344 ] } },
{ "type": "Feature", "properties": { "ID": 450400400222, "正式名称": "アイン薬局利府店", "機関区分": 5, "都道府県コード": 4, "市区町村コード": 406, "所在地": "宮城県宮城郡利府町沢乙東２－６", "緯度": 38.332102, "経度": 140.970675, "url": "https://www.iryou.teikyouseido.mhlw.go.jp/znk-web/juminkanja/S2430/initialize?prefCd=04&kikanCd=0400400222&kikanKbn=5", "url2": "https://www.ainj.co.jp", "内容": "アイン薬局利府店【5:薬局】宮城県宮城郡利府町沢乙東２－６" }, "geometry": { "type": "Point", "coordinates": [ 140.970675, 38.332102 ] } },
{ "type": "Feature", "properties": { "ID": 450400400223, "正式名称": "リフレ薬局笠神店", "機関区分": 5, "都道府県コード": 4, "市区町村コード": 209, "所在地": "宮城県多賀城市笠神４丁目６番９号", "緯度": 38.30227, "経度": 141.03251, "url": "https://www.iryou.teikyouseido.mhlw.go.jp/znk-web/juminkanja/S2430/initialize?prefCd=04&kikanCd=0400400223&kikanKbn=5", "url2": "http://www.refre-net.com", "内容": "リフレ薬局笠神店【5:薬局】宮城県多賀城市笠神４丁目６番９号" }, "geometry": { "type": "Point", "coordinates": [ 141.03251, 38.30227 ] } },
{ "type": "Feature", "properties": { "ID": 450400400224, "正式名称": "調剤薬局ツルハドラッグ多賀城中央店", "機関区分": 5, "都道府県コード": 4, "市区町村コード": 209, "所在地": "宮城県多賀城市中央３丁目６番１号", "緯度": 38.293669, "経度": 141.010446, "url": "https://www.iryou.teikyouseido.mhlw.go.jp/znk-web/juminkanja/S2430/initialize?prefCd=04&kikanCd=0400400224&kikanKbn=5", "url2": "https://shop.tsuruha-g.com/1930c", "内容": "調剤薬局ツルハドラッグ多賀城中央店【5:薬局】宮城県多賀城市中央３丁目６番１号" }, "geometry": { "type": "Point", "coordinates": [ 141.010446, 38.293669 ] } },
{ "type": "Feature", "properties": { "ID": 450400400225, "正式名称": "たかはし二丁目薬局", "機関区分": 5, "都道府県コード": 4, "市区町村コード": 209, "所在地": "宮城県多賀城市高橋２丁目１５－２７", "緯度": 38.285044, "経度": 140.973354, "url": "https://www.iryou.teikyouseido.mhlw.go.jp/znk-web/juminkanja/S2430/initialize?prefCd=04&kikanCd=0400400225&kikanKbn=5", "url2": "https://medikamente.co.jp", "内容": "たかはし二丁目薬局【5:薬局】宮城県多賀城市高橋２丁目１５－２７" }, "geometry": { "type": "Point", "coordinates": [ 140.973354, 38.285044 ] } },
{ "type": "Feature", "properties": { "ID": 450400400226, "正式名称": "薬局はまかぜ", "機関区分": 5, "都道府県コード": 4, "市区町村コード": 404, "所在地": "宮城県宮城郡七ヶ浜町湊浜字升形４２番地５", "緯度": 38.290103, "経度": 141.044371, "url": "https://www.iryou.teikyouseido.mhlw.go.jp/znk-web/juminkanja/S2430/initialize?prefCd=04&kikanCd=0400400226&kikanKbn=5", "url2": null, "内容": "薬局はまかぜ【5:薬局】宮城県宮城郡七ヶ浜町湊浜字升形４２番地５" }, "geometry": { "type": "Point", "coordinates": [ 141.044371, 38.290103 ] } },
{ "type": "Feature", "properties": { "ID": 450400400227, "正式名称": "アトラス調剤薬局", "機関区分": 5, "都道府県コード": 4, "市区町村コード": 209, "所在地": "宮城県多賀城市高橋１ー３－２５－１", "緯度": 38.287841, "経度": 140.97426, "url": "https://www.iryou.teikyouseido.mhlw.go.jp/znk-web/juminkanja/S2430/initialize?prefCd=04&kikanCd=0400400227&kikanKbn=5", "url2": null, "内容": "アトラス調剤薬局【5:薬局】宮城県多賀城市高橋１ー３－２５－１" }, "geometry": { "type": "Point", "coordinates": [ 140.97426, 38.287841 ] } },
{ "type": "Feature", "properties": { "ID": 450400400228, "正式名称": "ウジエ調剤薬局利府店", "機関区分": 5, "都道府県コード": 4, "市区町村コード": 406, "所在地": "宮城県宮城郡利府町利府字新舘２－１", "緯度": 38.3318363, "経度": 140.9766887, "url": "https://www.iryou.teikyouseido.mhlw.go.jp/znk-web/juminkanja/S2430/initialize?prefCd=04&kikanCd=0400400228&kikanKbn=5", "url2": "https://www.ujie-kusuri.jp/", "内容": "ウジエ調剤薬局利府店【5:薬局】宮城県宮城郡利府町利府字新舘２－１" }, "geometry": { "type": "Point", "coordinates": [ 140.976688700000011, 38.3318363 ] } },
{ "type": "Feature", "properties": { "ID": 450400400229, "正式名称": "すずらん調剤薬局", "機関区分": 5, "都道府県コード": 4, "市区町村コード": 209, "所在地": "宮城県多賀城市下馬", "緯度": 38.303624, "経度": 141.017273, "url": "https://www.iryou.teikyouseido.mhlw.go.jp/znk-web/juminkanja/S2430/initialize?prefCd=04&kikanCd=0400400229&kikanKbn=5", "url2": "http:/www.meron-net.jp/suzuran", "内容": "すずらん調剤薬局【5:薬局】宮城県多賀城市下馬" }, "geometry": { "type": "Point", "coordinates": [ 141.017273, 38.303624 ] } },
{ "type": "Feature", "properties": { "ID": 450400400230, "正式名称": "みうら調剤薬局　錦町店", "機関区分": 5, "都道府県コード": 4, "市区町村コード": 203, "所在地": "宮城県塩竈市花立町１３番１１号", "緯度": 38.310425, "経度": 141.020908, "url": "https://www.iryou.teikyouseido.mhlw.go.jp/znk-web/juminkanja/S2430/initialize?prefCd=04&kikanCd=0400400230&kikanKbn=5", "url2": "https://mediluck.com/", "内容": "みうら調剤薬局　錦町店【5:薬局】宮城県塩竈市花立町１３番１１号" }, "geometry": { "type": "Point", "coordinates": [ 141.020908, 38.310425 ] } },
{ "type": "Feature", "properties": { "ID": 450400400231, "正式名称": "ひかり薬局塩釜", "機関区分": 5, "都道府県コード": 4, "市区町村コード": 203, "所在地": "宮城県塩竈市旭町６－２", "緯度": 38.313103, "経度": 141.021573, "url": "https://www.iryou.teikyouseido.mhlw.go.jp/znk-web/juminkanja/S2430/initialize?prefCd=04&kikanCd=0400400231&kikanKbn=5", "url2": "https://www.hikari-pharmacy.co.jp/shop/miyagi/shiogama", "内容": "ひかり薬局塩釜【5:薬局】宮城県塩竈市旭町６－２" }, "geometry": { "type": "Point", "coordinates": [ 141.021573, 38.313103 ] } },
{ "type": "Feature", "properties": { "ID": 450400400232, "正式名称": "調剤薬局ツルハドラッグ多賀城町前店", "機関区分": 5, "都道府県コード": 4, "市区町村コード": 209, "所在地": "宮城県多賀城市町前２丁目６番５号", "緯度": 38.284372, "経度": 141.004115, "url": "https://www.iryou.teikyouseido.mhlw.go.jp/znk-web/juminkanja/S2430/initialize?prefCd=04&kikanCd=0400400232&kikanKbn=5", "url2": "https://shop.tsuruha-g.com/1035", "内容": "調剤薬局ツルハドラッグ多賀城町前店【5:薬局】宮城県多賀城市町前２丁目６番５号" }, "geometry": { "type": "Point", "coordinates": [ 141.004115, 38.284372 ] } },
{ "type": "Feature", "properties": { "ID": 450400400233, "正式名称": "きらら薬局", "機関区分": 5, "都道府県コード": 4, "市区町村コード": 203, "所在地": "宮城県塩竈市南錦町８番２０号", "緯度": 38.305065, "経度": 141.011674, "url": "https://www.iryou.teikyouseido.mhlw.go.jp/znk-web/juminkanja/S2430/initialize?prefCd=04&kikanCd=0400400233&kikanKbn=5", "url2": "http://www.pharland.jp/", "内容": "きらら薬局【5:薬局】宮城県塩竈市南錦町８番２０号" }, "geometry": { "type": "Point", "coordinates": [ 141.011674, 38.305065 ] } },
{ "type": "Feature", "properties": { "ID": 450400400235, "正式名称": "東塩釜調剤薬局", "機関区分": 5, "都道府県コード": 4, "市区町村コード": 203, "所在地": "宮城県塩竈市藤倉三丁目６ー１ー１", "緯度": 38.325963, "経度": 141.029606, "url": "https://www.iryou.teikyouseido.mhlw.go.jp/znk-web/juminkanja/S2430/initialize?prefCd=04&kikanCd=0400400235&kikanKbn=5", "url2": "https://meron-net.shop/ds/e-shiogama-pharm", "内容": "東塩釜調剤薬局【5:薬局】宮城県塩竈市藤倉三丁目６ー１ー１" }, "geometry": { "type": "Point", "coordinates": [ 141.029606, 38.325963 ] } },
{ "type": "Feature", "properties": { "ID": 450400400236, "正式名称": "ウエルシア薬局塩釜舟入店", "機関区分": 5, "都道府県コード": 4, "市区町村コード": 203, "所在地": "宮城県塩竈市舟入２－３－１", "緯度": 38.311098, "経度": 141.032826, "url": "https://www.iryou.teikyouseido.mhlw.go.jp/znk-web/juminkanja/S2430/initialize?prefCd=04&kikanCd=0400400236&kikanKbn=5", "url2": "https://www.welcia-yakkyoku.co.jp/", "内容": "ウエルシア薬局塩釜舟入店【5:薬局】宮城県塩竈市舟入２－３－１" }, "geometry": { "type": "Point", "coordinates": [ 141.032826, 38.311098 ] } },
{ "type": "Feature", "properties": { "ID": 450400400238, "正式名称": "アクト調剤薬局　藤倉店", "機関区分": 5, "都道府県コード": 4, "市区町村コード": 203, "所在地": "宮城県塩竈市藤倉２丁目４－２２", "緯度": 38.3262733, "経度": 141.0291914, "url": "https://www.iryou.teikyouseido.mhlw.go.jp/znk-web/juminkanja/S2430/initialize?prefCd=04&kikanCd=0400400238&kikanKbn=5", "url2": null, "内容": "アクト調剤薬局　藤倉店【5:薬局】宮城県塩竈市藤倉２丁目４－２２" }, "geometry": { "type": "Point", "coordinates": [ 141.0291914, 38.3262733 ] } },
{ "type": "Feature", "properties": { "ID": 450400500091, "正式名称": "土山薬局", "機関区分": 5, "都道府県コード": 4, "市区町村コード": 421, "所在地": "宮城県黒川郡大和町吉岡字上町３８", "緯度": 38.44601, "経度": 140.885196, "url": "https://www.iryou.teikyouseido.mhlw.go.jp/znk-web/juminkanja/S2430/initialize?prefCd=04&kikanCd=0400500091&kikanKbn=5", "url2": null, "内容": "土山薬局【5:薬局】宮城県黒川郡大和町吉岡字上町３８" }, "geometry": { "type": "Point", "coordinates": [ 140.885196, 38.44601 ] } },
{ "type": "Feature", "properties": { "ID": 450400500098, "正式名称": "こうの調剤薬局", "機関区分": 5, "都道府県コード": 4, "市区町村コード": 421, "所在地": "宮城県黒川郡大和町吉岡字上町７２の２", "緯度": 38.444873, "経度": 140.885733, "url": "https://www.iryou.teikyouseido.mhlw.go.jp/znk-web/juminkanja/S2430/initialize?prefCd=04&kikanCd=0400500098&kikanKbn=5", "url2": "http://www.e-classa.net/kouno", "内容": "こうの調剤薬局【5:薬局】宮城県黒川郡大和町吉岡字上町７２の２" }, "geometry": { "type": "Point", "coordinates": [ 140.885733, 38.444873 ] } },
{ "type": "Feature", "properties": { "ID": 450400500099, "正式名称": "東　薬局", "機関区分": 5, "都道府県コード": 4, "市区町村コード": 421, "所在地": "宮城県黒川郡大和町吉岡東二丁目９の９", "緯度": 38.43786, "経度": 140.895334, "url": "https://www.iryou.teikyouseido.mhlw.go.jp/znk-web/juminkanja/S2430/initialize?prefCd=04&kikanCd=0400500099&kikanKbn=5", "url2": null, "内容": "東　薬局【5:薬局】宮城県黒川郡大和町吉岡東二丁目９の９" }, "geometry": { "type": "Point", "coordinates": [ 140.895334, 38.43786 ] } },
{ "type": "Feature", "properties": { "ID": 450400500106, "正式名称": "もみじケ丘薬局", "機関区分": 5, "都道府県コード": 4, "市区町村コード": 421, "所在地": "宮城県黒川郡大和町もみじケ丘一丁目９－６", "緯度": 38.377456, "経度": 140.862429, "url": "https://www.iryou.teikyouseido.mhlw.go.jp/znk-web/juminkanja/S2430/initialize?prefCd=04&kikanCd=0400500106&kikanKbn=5", "url2": "http://www.meron-net.jp/mapleph/", "内容": "もみじケ丘薬局【5:薬局】宮城県黒川郡大和町もみじケ丘一丁目９－６" }, "geometry": { "type": "Point", "coordinates": [ 140.862429, 38.377456 ] } },
{ "type": "Feature", "properties": { "ID": 450400500112, "正式名称": "マリーン調剤薬局新富谷店", "機関区分": 5, "都道府県コード": 4, "市区町村コード": 216, "所在地": "宮城県富谷市成田４丁目１ー１０", "緯度": 38.363801, "経度": 140.896046, "url": "https://www.iryou.teikyouseido.mhlw.go.jp/znk-web/juminkanja/S2430/initialize?prefCd=04&kikanCd=0400500112&kikanKbn=5", "url2": "http://www.aquamarine-net.co.jp/", "内容": "マリーン調剤薬局新富谷店【5:薬局】宮城県富谷市成田４丁目１ー１０" }, "geometry": { "type": "Point", "coordinates": [ 140.896046, 38.363801 ] } },
{ "type": "Feature", "properties": { "ID": 450400500113, "正式名称": "リフレ薬局上桜木店", "機関区分": 5, "都道府県コード": 4, "市区町村コード": 216, "所在地": "宮城県富谷市上桜木２丁目３－１－２", "緯度": 38.3619611, "経度": 140.879922, "url": "https://www.iryou.teikyouseido.mhlw.go.jp/znk-web/juminkanja/S2430/initialize?prefCd=04&kikanCd=0400500113&kikanKbn=5", "url2": "http://www.refre-net.com", "内容": "リフレ薬局上桜木店【5:薬局】宮城県富谷市上桜木２丁目３－１－２" }, "geometry": { "type": "Point", "coordinates": [ 140.879922, 38.3619611 ] } },
{ "type": "Feature", "properties": { "ID": 450400500115, "正式名称": "ウィズ薬局", "機関区分": 5, "都道府県コード": 4, "市区町村コード": 421, "所在地": "宮城県黒川郡大和町吉岡字上道下４０－１", "緯度": 38.439004, "経度": 140.891841, "url": "https://www.iryou.teikyouseido.mhlw.go.jp/znk-web/juminkanja/S2430/initialize?prefCd=04&kikanCd=0400500115&kikanKbn=5", "url2": "http://www.seagull-p.com/tenpo/with.htm", "内容": "ウィズ薬局【5:薬局】宮城県黒川郡大和町吉岡字上道下４０－１" }, "geometry": { "type": "Point", "coordinates": [ 140.891841, 38.439004 ] } },
{ "type": "Feature", "properties": { "ID": 450400500116, "正式名称": "サンテ薬局　日吉台店", "機関区分": 5, "都道府県コード": 4, "市区町村コード": 216, "所在地": "宮城県富谷市日吉台１－２１－３", "緯度": 38.37, "経度": 140.864554, "url": "https://www.iryou.teikyouseido.mhlw.go.jp/znk-web/juminkanja/S2430/initialize?prefCd=04&kikanCd=0400500116&kikanKbn=5", "url2": null, "内容": "サンテ薬局　日吉台店【5:薬局】宮城県富谷市日吉台１－２１－３" }, "geometry": { "type": "Point", "coordinates": [ 140.864554, 38.37 ] } },
{ "type": "Feature", "properties": { "ID": 450400500117, "正式名称": "マリーン調剤薬局　上桜木店", "機関区分": 5, "都道府県コード": 4, "市区町村コード": 216, "所在地": "宮城県富谷市上桜木２丁目１－７", "緯度": 38.362164, "経度": 140.879228, "url": "https://www.iryou.teikyouseido.mhlw.go.jp/znk-web/juminkanja/S2430/initialize?prefCd=04&kikanCd=0400500117&kikanKbn=5", "url2": "http://www.aquamarine-net.co.jp/", "内容": "マリーン調剤薬局　上桜木店【5:薬局】宮城県富谷市上桜木２丁目１－７" }, "geometry": { "type": "Point", "coordinates": [ 140.879228, 38.362164 ] } },
{ "type": "Feature", "properties": { "ID": 450400500123, "正式名称": "おれんじ薬局", "機関区分": 5, "都道府県コード": 4, "市区町村コード": 216, "所在地": "宮城県富谷市成田４丁目１８ー９", "緯度": 38.361466, "経度": 140.896337, "url": "https://www.iryou.teikyouseido.mhlw.go.jp/znk-web/juminkanja/S2430/initialize?prefCd=04&kikanCd=0400500123&kikanKbn=5", "url2": null, "内容": "おれんじ薬局【5:薬局】宮城県富谷市成田４丁目１８ー９" }, "geometry": { "type": "Point", "coordinates": [ 140.896337, 38.361466 ] } },
{ "type": "Feature", "properties": { "ID": 450400500128, "正式名称": "調剤薬局　ココロエル", "機関区分": 5, "都道府県コード": 4, "市区町村コード": 216, "所在地": "宮城県富谷市上桜木二丁目３番６号", "緯度": 38.358627, "経度": 140.880314, "url": "https://www.iryou.teikyouseido.mhlw.go.jp/znk-web/juminkanja/S2430/initialize?prefCd=04&kikanCd=0400500128&kikanKbn=5", "url2": "http://www.good-np.com", "内容": "調剤薬局　ココロエル【5:薬局】宮城県富谷市上桜木二丁目３番６号" }, "geometry": { "type": "Point", "coordinates": [ 140.880314, 38.358627 ] } },
{ "type": "Feature", "properties": { "ID": 450400500129, "正式名称": "早坂薬局", "機関区分": 5, "都道府県コード": 4, "市区町村コード": 421, "所在地": "宮城県黒川郡大和町吉岡下町２", "緯度": 38.449165, "経度": 140.884703, "url": "https://www.iryou.teikyouseido.mhlw.go.jp/znk-web/juminkanja/S2430/initialize?prefCd=04&kikanCd=0400500129&kikanKbn=5", "url2": null, "内容": "早坂薬局【5:薬局】宮城県黒川郡大和町吉岡下町２" }, "geometry": { "type": "Point", "coordinates": [ 140.884703, 38.449165 ] } },
{ "type": "Feature", "properties": { "ID": 450400500131, "正式名称": "アイン薬局　吉岡店", "機関区分": 5, "都道府県コード": 4, "市区町村コード": 421, "所在地": "宮城県黒川郡大和町吉岡まほろば一丁目５番地の３", "緯度": 38.436849, "経度": 140.884529, "url": "https://www.iryou.teikyouseido.mhlw.go.jp/znk-web/juminkanja/S2430/initialize?prefCd=04&kikanCd=0400500131&kikanKbn=5", "url2": "http://www.ainj.co.jp", "内容": "アイン薬局　吉岡店【5:薬局】宮城県黒川郡大和町吉岡まほろば一丁目５番地の３" }, "geometry": { "type": "Point", "coordinates": [ 140.884529, 38.436849 ] } },
{ "type": "Feature", "properties": { "ID": 450400500132, "正式名称": "吉岡調剤薬局", "機関区分": 5, "都道府県コード": 4, "市区町村コード": 421, "所在地": "宮城県黒川郡大和町吉岡字館下４５－３", "緯度": 38.44558, "経度": 140.882831, "url": "https://www.iryou.teikyouseido.mhlw.go.jp/znk-web/juminkanja/S2430/initialize?prefCd=04&kikanCd=0400500132&kikanKbn=5", "url2": null, "内容": "吉岡調剤薬局【5:薬局】宮城県黒川郡大和町吉岡字館下４５－３" }, "geometry": { "type": "Point", "coordinates": [ 140.882831, 38.44558 ] } },
{ "type": "Feature", "properties": { "ID": 450400500133, "正式名称": "コストコホールセール富谷倉庫店薬局", "機関区分": 5, "都道府県コード": 4, "市区町村コード": 216, "所在地": "宮城県富谷市高屋敷２６番地", "緯度": 38.375732, "経度": 140.87381, "url": "https://www.iryou.teikyouseido.mhlw.go.jp/znk-web/juminkanja/S2430/initialize?prefCd=04&kikanCd=0400500133&kikanKbn=5", "url2": null, "内容": "コストコホールセール富谷倉庫店薬局【5:薬局】宮城県富谷市高屋敷２６番地" }, "geometry": { "type": "Point", "coordinates": [ 140.87381, 38.375732 ] } },
{ "type": "Feature", "properties": { "ID": 450400500134, "正式名称": "アイセイ薬局　明石台店", "機関区分": 5, "都道府県コード": 4, "市区町村コード": 216, "所在地": "宮城県富谷市明石台６丁目１－２０", "緯度": 32.2087, "経度": 130.398508, "url": "https://www.iryou.teikyouseido.mhlw.go.jp/znk-web/juminkanja/S2430/initialize?prefCd=04&kikanCd=0400500134&kikanKbn=5", "url2": "http://www.aisei.co.jp", "内容": "アイセイ薬局　明石台店【5:薬局】宮城県富谷市明石台６丁目１－２０" }, "geometry": { "type": "Point", "coordinates": [ 130.398508, 32.2087 ] } },
{ "type": "Feature", "properties": { "ID": 450400500136, "正式名称": "とみや調剤薬局", "機関区分": 5, "都道府県コード": 4, "市区町村コード": 216, "所在地": "宮城県富谷市富谷仏所９５－１", "緯度": 38.400108, "経度": 140.883943, "url": "https://www.iryou.teikyouseido.mhlw.go.jp/znk-web/juminkanja/S2430/initialize?prefCd=04&kikanCd=0400500136&kikanKbn=5", "url2": "https://www.senpoku-yakuhin.jp/", "内容": "とみや調剤薬局【5:薬局】宮城県富谷市富谷仏所９５－１" }, "geometry": { "type": "Point", "coordinates": [ 140.883943, 38.400108 ] } },
{ "type": "Feature", "properties": { "ID": 450400500137, "正式名称": "三ツ星薬局　ＡＫＡＩＳＨＩＤＡＩ", "機関区分": 5, "都道府県コード": 4, "市区町村コード": 216, "所在地": "宮城県富谷市明石台７丁目２３－１０１", "緯度": 38.345749, "経度": 140.901458, "url": "https://www.iryou.teikyouseido.mhlw.go.jp/znk-web/juminkanja/S2430/initialize?prefCd=04&kikanCd=0400500137&kikanKbn=5", "url2": "life-std.com", "内容": "三ツ星薬局　ＡＫＡＩＳＨＩＤＡＩ【5:薬局】宮城県富谷市明石台７丁目２３－１０１" }, "geometry": { "type": "Point", "coordinates": [ 140.901458, 38.345749 ] } },
{ "type": "Feature", "properties": { "ID": 450400500138, "正式名称": "きずな薬局　富ケ丘", "機関区分": 5, "都道府県コード": 4, "市区町村コード": 216, "所在地": "宮城県富谷市富ケ丘２丁目１１番４５号", "緯度": 38.364673, "経度": 140.867426, "url": "https://www.iryou.teikyouseido.mhlw.go.jp/znk-web/juminkanja/S2430/initialize?prefCd=04&kikanCd=0400500138&kikanKbn=5", "url2": "https://magokoro-kizuna.com", "内容": "きずな薬局　富ケ丘【5:薬局】宮城県富谷市富ケ丘２丁目１１番４５号" }, "geometry": { "type": "Point", "coordinates": [ 140.867426, 38.364673 ] } },
{ "type": "Feature", "properties": { "ID": 450400500139, "正式名称": "プロテア薬局たいとみ店", "機関区分": 5, "都道府県コード": 4, "市区町村コード": 216, "所在地": "宮城県富谷市日吉台２丁目３４－２－２", "緯度": 38.378329, "経度": 140.862848, "url": "https://www.iryou.teikyouseido.mhlw.go.jp/znk-web/juminkanja/S2430/initialize?prefCd=04&kikanCd=0400500139&kikanKbn=5", "url2": "https://www.kusurinomadoguchi.com/miyagi/s1000117010", "内容": "プロテア薬局たいとみ店【5:薬局】宮城県富谷市日吉台２丁目３４－２－２" }, "geometry": { "type": "Point", "coordinates": [ 140.862848, 38.378329 ] } },
{ "type": "Feature", "properties": { "ID": 450400500140, "正式名称": "たいわ調剤薬局", "機関区分": 5, "都道府県コード": 4, "市区町村コード": 421, "所在地": "宮城県黒川郡大和町吉岡まほろば一丁目７番地の８", "緯度": 38.436615, "経度": 140.881382, "url": "https://www.iryou.teikyouseido.mhlw.go.jp/znk-web/juminkanja/S2430/initialize?prefCd=04&kikanCd=0400500140&kikanKbn=5", "url2": "https://meron-net.shop/ds/taiwa-pharm", "内容": "たいわ調剤薬局【5:薬局】宮城県黒川郡大和町吉岡まほろば一丁目７番地の８" }, "geometry": { "type": "Point", "coordinates": [ 140.881382, 38.436615 ] } },
{ "type": "Feature", "properties": { "ID": 450400500141, "正式名称": "クスリのアオキ　大和吉岡薬局", "機関区分": 5, "都道府県コード": 4, "市区町村コード": 421, "所在地": "宮城県黒川郡大和町吉岡まほろば二丁目１番地の３", "緯度": 38.43773, "経度": 140.878936, "url": "https://www.iryou.teikyouseido.mhlw.go.jp/znk-web/juminkanja/S2430/initialize?prefCd=04&kikanCd=0400500141&kikanKbn=5", "url2": "https://www.kusuri-aoki.co.jp/", "内容": "クスリのアオキ　大和吉岡薬局【5:薬局】宮城県黒川郡大和町吉岡まほろば二丁目１番地の３" }, "geometry": { "type": "Point", "coordinates": [ 140.878936, 38.43773 ] } },
{ "type": "Feature", "properties": { "ID": 450400500142, "正式名称": "明石台薬局", "機関区分": 5, "都道府県コード": 4, "市区町村コード": 216, "所在地": "宮城県富谷市明石台５－１－３", "緯度": 38.348877, "経度": 140.890277, "url": "https://www.iryou.teikyouseido.mhlw.go.jp/znk-web/juminkanja/S2430/initialize?prefCd=04&kikanCd=0400500142&kikanKbn=5", "url2": "https://akaishidai-pharm.com/", "内容": "明石台薬局【5:薬局】宮城県富谷市明石台５－１－３" }, "geometry": { "type": "Point", "coordinates": [ 140.890277, 38.348877 ] } },
{ "type": "Feature", "properties": { "ID": 450400500143, "正式名称": "調剤薬局ツルハドラッグ大和吉岡店", "機関区分": 5, "都道府県コード": 4, "市区町村コード": 421, "所在地": "宮城県黒川郡大和町吉岡まほろば１－４－７", "緯度": 38.43629, "経度": 140.884159, "url": "https://www.iryou.teikyouseido.mhlw.go.jp/znk-web/juminkanja/S2430/initialize?prefCd=04&kikanCd=0400500143&kikanKbn=5", "url2": "tsuruha.co.jp", "内容": "調剤薬局ツルハドラッグ大和吉岡店【5:薬局】宮城県黒川郡大和町吉岡まほろば１－４－７" }, "geometry": { "type": "Point", "coordinates": [ 140.884159, 38.43629 ] } },
{ "type": "Feature", "properties": { "ID": 450400500144, "正式名称": "カワチ薬局　富谷店", "機関区分": 5, "都道府県コード": 4, "市区町村コード": 216, "所在地": "宮城県富谷市成田８－２－３", "緯度": 38.359992, "経度": 140.892745, "url": "https://www.iryou.teikyouseido.mhlw.go.jp/znk-web/juminkanja/S2430/initialize?prefCd=04&kikanCd=0400500144&kikanKbn=5", "url2": "http://www.cawachi.co.jp", "内容": "カワチ薬局　富谷店【5:薬局】宮城県富谷市成田８－２－３" }, "geometry": { "type": "Point", "coordinates": [ 140.892745, 38.359992 ] } },
{ "type": "Feature", "properties": { "ID": 450400500145, "正式名称": "イオン薬局　富谷店", "機関区分": 5, "都道府県コード": 4, "市区町村コード": 216, "所在地": "宮城県富谷市大清水一丁目３３－１", "緯度": 38.364877, "経度": 140.875231, "url": "https://www.iryou.teikyouseido.mhlw.go.jp/znk-web/juminkanja/S2430/initialize?prefCd=04&kikanCd=0400500145&kikanKbn=5", "url2": null, "内容": "イオン薬局　富谷店【5:薬局】宮城県富谷市大清水一丁目３３－１" }, "geometry": { "type": "Point", "coordinates": [ 140.875231, 38.364877 ] } },
{ "type": "Feature", "properties": { "ID": 450400500146, "正式名称": "ヤマザワ調剤薬局杜のまち店", "機関区分": 5, "都道府県コード": 4, "市区町村コード": 421, "所在地": "宮城県黒川郡大和町杜の丘１丁目１６番", "緯度": 38.3845342, "経度": 140.8652884, "url": "https://www.iryou.teikyouseido.mhlw.go.jp/znk-web/juminkanja/S2430/initialize?prefCd=04&kikanCd=0400500146&kikanKbn=5", "url2": "https://www.yamazawa-drg.co.jp/", "内容": "ヤマザワ調剤薬局杜のまち店【5:薬局】宮城県黒川郡大和町杜の丘１丁目１６番" }, "geometry": { "type": "Point", "coordinates": [ 140.8652884, 38.3845342 ] } },
{ "type": "Feature", "properties": { "ID": 450400500147, "正式名称": "ヤマザワ調剤薬局富谷成田店", "機関区分": 5, "都道府県コード": 4, "市区町村コード": 216, "所在地": "宮城県富谷市成田１－６－８", "緯度": 38.362022, "経度": 140.890408, "url": "https://www.iryou.teikyouseido.mhlw.go.jp/znk-web/juminkanja/S2430/initialize?prefCd=04&kikanCd=0400500147&kikanKbn=5", "url2": "https://www.yamazawa-drg.co.jp/", "内容": "ヤマザワ調剤薬局富谷成田店【5:薬局】宮城県富谷市成田１－６－８" }, "geometry": { "type": "Point", "coordinates": [ 140.890408, 38.362022 ] } },
{ "type": "Feature", "properties": { "ID": 450400500148, "正式名称": "アイベル薬局　しあわせの杜店", "機関区分": 5, "都道府県コード": 4, "市区町村コード": 421, "所在地": "宮城県黒川郡大和町しあわせの杜８－４", "緯度": 38.391545, "経度": 140.869779, "url": "https://www.iryou.teikyouseido.mhlw.go.jp/znk-web/juminkanja/S2430/initialize?prefCd=04&kikanCd=0400500148&kikanKbn=5", "url2": "https://suzumedi.com/", "内容": "アイベル薬局　しあわせの杜店【5:薬局】宮城県黒川郡大和町しあわせの杜８－４" }, "geometry": { "type": "Point", "coordinates": [ 140.869779, 38.391545 ] } },
{ "type": "Feature", "properties": { "ID": 450400500149, "正式名称": "アイベル薬局　吉岡店", "機関区分": 5, "都道府県コード": 4, "市区町村コード": 421, "所在地": "宮城県黒川郡大和町吉岡まほろば１丁目２－８", "緯度": 38.435866, "経度": 140.888587, "url": "https://www.iryou.teikyouseido.mhlw.go.jp/znk-web/juminkanja/S2430/initialize?prefCd=04&kikanCd=0400500149&kikanKbn=5", "url2": "https://suzumedi.com/", "内容": "アイベル薬局　吉岡店【5:薬局】宮城県黒川郡大和町吉岡まほろば１丁目２－８" }, "geometry": { "type": "Point", "coordinates": [ 140.888587, 38.435866 ] } },
{ "type": "Feature", "properties": { "ID": 450400500150, "正式名称": "アイン薬局　黒川大和店", "機関区分": 5, "都道府県コード": 4, "市区町村コード": 421, "所在地": "宮城県黒川郡大和町吉岡字西桧木６０－１", "緯度": 38.44522, "経度": 140.88478, "url": "https://www.iryou.teikyouseido.mhlw.go.jp/znk-web/juminkanja/S2430/initialize?prefCd=04&kikanCd=0400500150&kikanKbn=5", "url2": null, "内容": "アイン薬局　黒川大和店【5:薬局】宮城県黒川郡大和町吉岡字西桧木６０－１" }, "geometry": { "type": "Point", "coordinates": [ 140.88478, 38.44522 ] } },
{ "type": "Feature", "properties": { "ID": 450400600029, "正式名称": "有限会社　石川薬局", "機関区分": 5, "都道府県コード": 4, "市区町村コード": 445, "所在地": "宮城県加美郡加美町南町９４－１", "緯度": 38.56987, "経度": 140.85718, "url": "https://www.iryou.teikyouseido.mhlw.go.jp/znk-web/juminkanja/S2430/initialize?prefCd=04&kikanCd=0400600029&kikanKbn=5", "url2": null, "内容": "有限会社　石川薬局【5:薬局】宮城県加美郡加美町南町９４－１" }, "geometry": { "type": "Point", "coordinates": [ 140.85718, 38.56987 ] } },
{ "type": "Feature", "properties": { "ID": 450400600036, "正式名称": "有限会社イシン薬局", "機関区分": 5, "都道府県コード": 4, "市区町村コード": 215, "所在地": "宮城県大崎市岩出山下川原町７３", "緯度": 38.65587, "経度": 140.86958, "url": "https://www.iryou.teikyouseido.mhlw.go.jp/znk-web/juminkanja/S2430/initialize?prefCd=04&kikanCd=0400600036&kikanKbn=5", "url2": null, "内容": "有限会社イシン薬局【5:薬局】宮城県大崎市岩出山下川原町７３" }, "geometry": { "type": "Point", "coordinates": [ 140.86958, 38.65587 ] } },
{ "type": "Feature", "properties": { "ID": 450400600068, "正式名称": "有限会社タジリ薬局", "機関区分": 5, "都道府県コード": 4, "市区町村コード": 215, "所在地": "宮城県大崎市田尻沼部字塩加良３６－１", "緯度": 38.598002, "経度": 141.057809, "url": "https://www.iryou.teikyouseido.mhlw.go.jp/znk-web/juminkanja/S2430/initialize?prefCd=04&kikanCd=0400600068&kikanKbn=5", "url2": null, "内容": "有限会社タジリ薬局【5:薬局】宮城県大崎市田尻沼部字塩加良３６－１" }, "geometry": { "type": "Point", "coordinates": [ 141.057809, 38.598002 ] } },
{ "type": "Feature", "properties": { "ID": 450400600069, "正式名称": "大沼薬局", "機関区分": 5, "都道府県コード": 4, "市区町村コード": 215, "所在地": "宮城県大崎市鳴子温泉字湯元９８", "緯度": 38.74248, "経度": 140.716779, "url": "https://www.iryou.teikyouseido.mhlw.go.jp/znk-web/juminkanja/S2430/initialize?prefCd=04&kikanCd=0400600069&kikanKbn=5", "url2": null, "内容": "大沼薬局【5:薬局】宮城県大崎市鳴子温泉字湯元９８" }, "geometry": { "type": "Point", "coordinates": [ 140.716779, 38.74248 ] } },
{ "type": "Feature", "properties": { "ID": 450400600075, "正式名称": "有限会社漢方専門薬局亀甲堂", "機関区分": 5, "都道府県コード": 4, "市区町村コード": 505, "所在地": "宮城県遠田郡美里町勘堂１２７－１", "緯度": 38.530585, "経度": 141.091044, "url": "https://www.iryou.teikyouseido.mhlw.go.jp/znk-web/juminkanja/S2430/initialize?prefCd=04&kikanCd=0400600075&kikanKbn=5", "url2": null, "内容": "有限会社漢方専門薬局亀甲堂【5:薬局】宮城県遠田郡美里町勘堂１２７－１" }, "geometry": { "type": "Point", "coordinates": [ 141.091044, 38.530585 ] } },
{ "type": "Feature", "properties": { "ID": 450400600093, "正式名称": "薬局田尻ファーマシー", "機関区分": 5, "都道府県コード": 4, "市区町村コード": 215, "所在地": "宮城県大崎市田尻北牧目字新堀４４－３", "緯度": 38.596624, "経度": 141.041789, "url": "https://www.iryou.teikyouseido.mhlw.go.jp/znk-web/juminkanja/S2430/initialize?prefCd=04&kikanCd=0400600093&kikanKbn=5", "url2": null, "内容": "薬局田尻ファーマシー【5:薬局】宮城県大崎市田尻北牧目字新堀４４－３" }, "geometry": { "type": "Point", "coordinates": [ 141.041789, 38.596624 ] } },
{ "type": "Feature", "properties": { "ID": 450400600107, "正式名称": "アップル調剤薬局", "機関区分": 5, "都道府県コード": 4, "市区町村コード": 215, "所在地": "宮城県大崎市古川南町４丁目１番２８号", "緯度": 38.570709, "経度": 140.952078, "url": "https://www.iryou.teikyouseido.mhlw.go.jp/znk-web/juminkanja/S2430/initialize?prefCd=04&kikanCd=0400600107&kikanKbn=5", "url2": "http://m-e-corporation.com", "内容": "アップル調剤薬局【5:薬局】宮城県大崎市古川南町４丁目１番２８号" }, "geometry": { "type": "Point", "coordinates": [ 140.952078, 38.570709 ] } },
{ "type": "Feature", "properties": { "ID": 450400600110, "正式名称": "さくら薬局", "機関区分": 5, "都道府県コード": 4, "市区町村コード": 215, "所在地": "宮城県大崎市鹿島台平渡字新屋敷下８５－９", "緯度": 38.47821, "経度": 141.098247, "url": "https://www.iryou.teikyouseido.mhlw.go.jp/znk-web/juminkanja/S2430/initialize?prefCd=04&kikanCd=0400600110&kikanKbn=5", "url2": "https://www.sakura-usagino.com", "内容": "さくら薬局【5:薬局】宮城県大崎市鹿島台平渡字新屋敷下８５－９" }, "geometry": { "type": "Point", "coordinates": [ 141.098247, 38.47821 ] } },
{ "type": "Feature", "properties": { "ID": 450400600113, "正式名称": "宮城調剤薬局古川駅前店", "機関区分": 5, "都道府県コード": 4, "市区町村コード": 215, "所在地": "宮城県大崎市古川駅前大通一丁目３－３６", "緯度": 38.572239, "経度": 140.963482, "url": "https://www.iryou.teikyouseido.mhlw.go.jp/znk-web/juminkanja/S2430/initialize?prefCd=04&kikanCd=0400600113&kikanKbn=5", "url2": "http://miyachou-ph.co.jp/", "内容": "宮城調剤薬局古川駅前店【5:薬局】宮城県大崎市古川駅前大通一丁目３－３６" }, "geometry": { "type": "Point", "coordinates": [ 140.963482, 38.572239 ] } },
{ "type": "Feature", "properties": { "ID": 450400600123, "正式名称": "薬局１０６", "機関区分": 5, "都道府県コード": 4, "市区町村コード": 445, "所在地": "宮城県加美郡加美町字町裏１５５－３", "緯度": 38.569817, "経度": 140.8595, "url": "https://www.iryou.teikyouseido.mhlw.go.jp/znk-web/juminkanja/S2430/initialize?prefCd=04&kikanCd=0400600123&kikanKbn=5", "url2": "https://ph106.jimdofree.com", "内容": "薬局１０６【5:薬局】宮城県加美郡加美町字町裏１５５－３" }, "geometry": { "type": "Point", "coordinates": [ 140.8595, 38.569817 ] } },
{ "type": "Feature", "properties": { "ID": 450400600127, "正式名称": "フレンド薬局　田尻", "機関区分": 5, "都道府県コード": 4, "市区町村コード": 215, "所在地": "宮城県大崎市田尻字太子堂１番地の１", "緯度": 38.600283, "経度": 141.027267, "url": "https://www.iryou.teikyouseido.mhlw.go.jp/znk-web/juminkanja/S2430/initialize?prefCd=04&kikanCd=0400600127&kikanKbn=5", "url2": "https://www.friend-pharmacy.net/", "内容": "フレンド薬局　田尻【5:薬局】宮城県大崎市田尻字太子堂１番地の１" }, "geometry": { "type": "Point", "coordinates": [ 141.027267, 38.600283 ] } },
{ "type": "Feature", "properties": { "ID": 450400600134, "正式名称": "はまなす薬局", "機関区分": 5, "都道府県コード": 4, "市区町村コード": 445, "所在地": "宮城県加美郡加美町字北町二番１８５番地２", "緯度": 38.572309, "経度": 140.858317, "url": "https://www.iryou.teikyouseido.mhlw.go.jp/znk-web/juminkanja/S2430/initialize?prefCd=04&kikanCd=0400600134&kikanKbn=5", "url2": null, "内容": "はまなす薬局【5:薬局】宮城県加美郡加美町字北町二番１８５番地２" }, "geometry": { "type": "Point", "coordinates": [ 140.858317, 38.572309 ] } },
{ "type": "Feature", "properties": { "ID": 450400600145, "正式名称": "わくや調剤薬局", "機関区分": 5, "都道府県コード": 4, "市区町村コード": 501, "所在地": "宮城県遠田郡涌谷町田町裏１３８－４", "緯度": 38.533388, "経度": 141.130111, "url": "https://www.iryou.teikyouseido.mhlw.go.jp/znk-web/juminkanja/S2430/initialize?prefCd=04&kikanCd=0400600145&kikanKbn=5", "url2": "http://m-e-corporation.com/", "内容": "わくや調剤薬局【5:薬局】宮城県遠田郡涌谷町田町裏１３８－４" }, "geometry": { "type": "Point", "coordinates": [ 141.130111, 38.533388 ] } },
{ "type": "Feature", "properties": { "ID": 450400600153, "正式名称": "ヨネキ薬局　本店", "機関区分": 5, "都道府県コード": 4, "市区町村コード": 215, "所在地": "宮城県大崎市古川旭２丁目４－５", "緯度": 38.565573, "経度": 140.97191, "url": "https://www.iryou.teikyouseido.mhlw.go.jp/znk-web/juminkanja/S2430/initialize?prefCd=04&kikanCd=0400600153&kikanKbn=5", "url2": "https://www.yoneki-jujido.co.jp", "内容": "ヨネキ薬局　本店【5:薬局】宮城県大崎市古川旭２丁目４－５" }, "geometry": { "type": "Point", "coordinates": [ 140.97191, 38.565573 ] } },
{ "type": "Feature", "properties": { "ID": 450400600160, "正式名称": "なんごう薬局", "機関区分": 5, "都道府県コード": 4, "市区町村コード": 505, "所在地": "宮城県遠田郡美里町木間塚字砂押６０ー２", "緯度": 38.489832, "経度": 141.131311, "url": "https://www.iryou.teikyouseido.mhlw.go.jp/znk-web/juminkanja/S2430/initialize?prefCd=04&kikanCd=0400600160&kikanKbn=5", "url2": "https://meron-net.shop/ds/nango-kusuri", "内容": "なんごう薬局【5:薬局】宮城県遠田郡美里町木間塚字砂押６０ー２" }, "geometry": { "type": "Point", "coordinates": [ 141.131311, 38.489832 ] } },
{ "type": "Feature", "properties": { "ID": 450400600162, "正式名称": "ヨネキ薬局古川バイパス店", "機関区分": 5, "都道府県コード": 4, "市区町村コード": 215, "所在地": "宮城県大崎市古川城西２丁目７－４３", "緯度": 38.578231, "経度": 140.945964, "url": "https://www.iryou.teikyouseido.mhlw.go.jp/znk-web/juminkanja/S2430/initialize?prefCd=04&kikanCd=0400600162&kikanKbn=5", "url2": null, "内容": "ヨネキ薬局古川バイパス店【5:薬局】宮城県大崎市古川城西２丁目７－４３" }, "geometry": { "type": "Point", "coordinates": [ 140.945964, 38.578231 ] } },
{ "type": "Feature", "properties": { "ID": 450400600166, "正式名称": "有限会社ひまわり薬局　南町店", "機関区分": 5, "都道府県コード": 4, "市区町村コード": 215, "所在地": "宮城県大崎市三本木字南町３８－２", "緯度": 38.525752, "経度": 140.946099, "url": "https://www.iryou.teikyouseido.mhlw.go.jp/znk-web/juminkanja/S2430/initialize?prefCd=04&kikanCd=0400600166&kikanKbn=5", "url2": null, "内容": "有限会社ひまわり薬局　南町店【5:薬局】宮城県大崎市三本木字南町３８－２" }, "geometry": { "type": "Point", "coordinates": [ 140.946099, 38.525752 ] } },
{ "type": "Feature", "properties": { "ID": 450400600170, "正式名称": "グリーン薬局", "機関区分": 5, "都道府県コード": 4, "市区町村コード": 215, "所在地": "宮城県大崎市古川諏訪１－３－４７", "緯度": 38.581346, "経度": 140.952537, "url": "https://www.iryou.teikyouseido.mhlw.go.jp/znk-web/juminkanja/S2430/initialize?prefCd=04&kikanCd=0400600170&kikanKbn=5", "url2": null, "内容": "グリーン薬局【5:薬局】宮城県大崎市古川諏訪１－３－４７" }, "geometry": { "type": "Point", "coordinates": [ 140.952537, 38.581346 ] } },
{ "type": "Feature", "properties": { "ID": 450400600172, "正式名称": "大崎調剤薬局大宮店", "機関区分": 5, "都道府県コード": 4, "市区町村コード": 215, "所在地": "宮城県大崎市古川大宮五丁目１番２４号", "緯度": 38.588158, "経度": 140.95259, "url": "https://www.iryou.teikyouseido.mhlw.go.jp/znk-web/juminkanja/S2430/initialize?prefCd=04&kikanCd=0400600172&kikanKbn=5", "url2": "https://www.kenkoudou-ph.co.jp/index.html", "内容": "大崎調剤薬局大宮店【5:薬局】宮城県大崎市古川大宮五丁目１番２４号" }, "geometry": { "type": "Point", "coordinates": [ 140.95259, 38.588158 ] } },
{ "type": "Feature", "properties": { "ID": 450400600176, "正式名称": "あすか薬局", "機関区分": 5, "都道府県コード": 4, "市区町村コード": 501, "所在地": "宮城県遠田郡涌谷町下道６４", "緯度": 38.539688, "経度": 141.128178, "url": "https://www.iryou.teikyouseido.mhlw.go.jp/znk-web/juminkanja/S2430/initialize?prefCd=04&kikanCd=0400600176&kikanKbn=5", "url2": null, "内容": "あすか薬局【5:薬局】宮城県遠田郡涌谷町下道６４" }, "geometry": { "type": "Point", "coordinates": [ 141.128178, 38.539688 ] } },
{ "type": "Feature", "properties": { "ID": 450400600180, "正式名称": "古川調剤薬局小野田店", "機関区分": 5, "都道府県コード": 4, "市区町村コード": 445, "所在地": "宮城県加美郡加美町上野原４４－１", "緯度": 38.573873, "経度": 140.786845, "url": "https://www.iryou.teikyouseido.mhlw.go.jp/znk-web/juminkanja/S2430/initialize?prefCd=04&kikanCd=0400600180&kikanKbn=5", "url2": "http://www.furu-cho.co.jp", "内容": "古川調剤薬局小野田店【5:薬局】宮城県加美郡加美町上野原４４－１" }, "geometry": { "type": "Point", "coordinates": [ 140.786845, 38.573873 ] } },
{ "type": "Feature", "properties": { "ID": 450400600190, "正式名称": "うさぎ野薬局", "機関区分": 5, "都道府県コード": 4, "市区町村コード": 505, "所在地": "宮城県遠田郡美里町牛飼字牛飼７７－８", "緯度": 38.554057, "経度": 141.049095, "url": "https://www.iryou.teikyouseido.mhlw.go.jp/znk-web/juminkanja/S2430/initialize?prefCd=04&kikanCd=0400600190&kikanKbn=5", "url2": "http://www.sakura-usagino.com", "内容": "うさぎ野薬局【5:薬局】宮城県遠田郡美里町牛飼字牛飼７７－８" }, "geometry": { "type": "Point", "coordinates": [ 141.049095, 38.554057 ] } },
{ "type": "Feature", "properties": { "ID": 450400600193, "正式名称": "大崎調剤薬局古川駅前店", "機関区分": 5, "都道府県コード": 4, "市区町村コード": 215, "所在地": "宮城県大崎市古川駅前大通二丁目４ー２６", "緯度": 38.573708, "経度": 140.96475, "url": "https://www.iryou.teikyouseido.mhlw.go.jp/znk-web/juminkanja/S2430/initialize?prefCd=04&kikanCd=0400600193&kikanKbn=5", "url2": "https://www.kenkoudou-ph.co.jp/index.html", "内容": "大崎調剤薬局古川駅前店【5:薬局】宮城県大崎市古川駅前大通二丁目４ー２６" }, "geometry": { "type": "Point", "coordinates": [ 140.96475, 38.573708 ] } },
{ "type": "Feature", "properties": { "ID": 450400600194, "正式名称": "かしまだい調剤薬局", "機関区分": 5, "都道府県コード": 4, "市区町村コード": 215, "所在地": "宮城県大崎市鹿島台平渡字東要害１６－３", "緯度": 38.479406, "経度": 141.097631, "url": "https://www.iryou.teikyouseido.mhlw.go.jp/znk-web/juminkanja/S2430/initialize?prefCd=04&kikanCd=0400600194&kikanKbn=5", "url2": "http://www.sakura-usagino.com", "内容": "かしまだい調剤薬局【5:薬局】宮城県大崎市鹿島台平渡字東要害１６－３" }, "geometry": { "type": "Point", "coordinates": [ 141.097631, 38.479406 ] } },
{ "type": "Feature", "properties": { "ID": 450400600195, "正式名称": "マリモ薬局古川店", "機関区分": 5, "都道府県コード": 4, "市区町村コード": 215, "所在地": "宮城県大崎市古川南町３丁目６番３５号", "緯度": 38.566149, "経度": 140.956045, "url": "https://www.iryou.teikyouseido.mhlw.go.jp/znk-web/juminkanja/S2430/initialize?prefCd=04&kikanCd=0400600195&kikanKbn=5", "url2": null, "内容": "マリモ薬局古川店【5:薬局】宮城県大崎市古川南町３丁目６番３５号" }, "geometry": { "type": "Point", "coordinates": [ 140.956045, 38.566149 ] } },
{ "type": "Feature", "properties": { "ID": 450400600201, "正式名称": "仙台調剤薬局　鹿島台店", "機関区分": 5, "都道府県コード": 4, "市区町村コード": 215, "所在地": "宮城県大崎市鹿島台平渡字東要害２２－３", "緯度": 38.47887, "経度": 141.097869, "url": "https://www.iryou.teikyouseido.mhlw.go.jp/znk-web/juminkanja/S2430/initialize?prefCd=04&kikanCd=0400600201&kikanKbn=5", "url2": "https://ship-ph.co.jp", "内容": "仙台調剤薬局　鹿島台店【5:薬局】宮城県大崎市鹿島台平渡字東要害２２－３" }, "geometry": { "type": "Point", "coordinates": [ 141.097869, 38.47887 ] } },
{ "type": "Feature", "properties": { "ID": 450400600212, "正式名称": "ほなみ薬局", "機関区分": 5, "都道府県コード": 4, "市区町村コード": 215, "所在地": "宮城県大崎市古川穂波６丁目３０－４１", "緯度": 38.566447, "経度": 140.939429, "url": "https://www.iryou.teikyouseido.mhlw.go.jp/znk-web/juminkanja/S2430/initialize?prefCd=04&kikanCd=0400600212&kikanKbn=5", "url2": null, "内容": "ほなみ薬局【5:薬局】宮城県大崎市古川穂波６丁目３０－４１" }, "geometry": { "type": "Point", "coordinates": [ 140.939429, 38.566447 ] } },
{ "type": "Feature", "properties": { "ID": 450400600215, "正式名称": "まつやま調剤薬局", "機関区分": 5, "都道府県コード": 4, "市区町村コード": 215, "所在地": "宮城県大崎市松山金谷字中田８３－２", "緯度": 38.504061, "経度": 141.061616, "url": "https://www.iryou.teikyouseido.mhlw.go.jp/znk-web/juminkanja/S2430/initialize?prefCd=04&kikanCd=0400600215&kikanKbn=5", "url2": "http://www.m-e-corporation.com", "内容": "まつやま調剤薬局【5:薬局】宮城県大崎市松山金谷字中田８３－２" }, "geometry": { "type": "Point", "coordinates": [ 141.061616, 38.504061 ] } },
{ "type": "Feature", "properties": { "ID": 450400600219, "正式名称": "株式会社アサヒ薬局　南郷店", "機関区分": 5, "都道府県コード": 4, "市区町村コード": 505, "所在地": "宮城県遠田郡美里町木間塚字砂押７５－１", "緯度": 38.488813, "経度": 141.13199, "url": "https://www.iryou.teikyouseido.mhlw.go.jp/znk-web/juminkanja/S2430/initialize?prefCd=04&kikanCd=0400600219&kikanKbn=5", "url2": "https://meron-net.shop/ds/asahi583993", "内容": "株式会社アサヒ薬局　南郷店【5:薬局】宮城県遠田郡美里町木間塚字砂押７５－１" }, "geometry": { "type": "Point", "coordinates": [ 141.13199, 38.488813 ] } },
{ "type": "Feature", "properties": { "ID": 450400600220, "正式名称": "薬王堂薬局宮城鹿島台店", "機関区分": 5, "都道府県コード": 4, "市区町村コード": 215, "所在地": "宮城県大崎市鹿島台木間塚字小谷地３４４－１", "緯度": 38.476836, "経度": 141.104499, "url": "https://www.iryou.teikyouseido.mhlw.go.jp/znk-web/juminkanja/S2430/initialize?prefCd=04&kikanCd=0400600220&kikanKbn=5", "url2": null, "内容": "薬王堂薬局宮城鹿島台店【5:薬局】宮城県大崎市鹿島台木間塚字小谷地３４４－１" }, "geometry": { "type": "Point", "coordinates": [ 141.104499, 38.476836 ] } },
{ "type": "Feature", "properties": { "ID": 450400600224, "正式名称": "大崎調剤薬局古川南店", "機関区分": 5, "都道府県コード": 4, "市区町村コード": 215, "所在地": "宮城県大崎市古川北稲葉１－２－２４", "緯度": 38.5652656, "経度": 140.9560035, "url": "https://www.iryou.teikyouseido.mhlw.go.jp/znk-web/juminkanja/S2430/initialize?prefCd=04&kikanCd=0400600224&kikanKbn=5", "url2": "https://www.kenkoudou-ph.co.jp/", "内容": "大崎調剤薬局古川南店【5:薬局】宮城県大崎市古川北稲葉１－２－２４" }, "geometry": { "type": "Point", "coordinates": [ 140.9560035, 38.5652656 ] } },
{ "type": "Feature", "properties": { "ID": 450400600226, "正式名称": "西古川調剤薬局", "機関区分": 5, "都道府県コード": 4, "市区町村コード": 215, "所在地": "宮城県大崎市古川新田字川原前２９７", "緯度": 38.59603, "経度": 140.93214, "url": "https://www.iryou.teikyouseido.mhlw.go.jp/znk-web/juminkanja/S2430/initialize?prefCd=04&kikanCd=0400600226&kikanKbn=5", "url2": null, "内容": "西古川調剤薬局【5:薬局】宮城県大崎市古川新田字川原前２９７" }, "geometry": { "type": "Point", "coordinates": [ 140.93214, 38.59603 ] } },
{ "type": "Feature", "properties": { "ID": 450400600227, "正式名称": "ホープ薬局大崎西店", "機関区分": 5, "都道府県コード": 4, "市区町村コード": 215, "所在地": "宮城県大崎市古川新堀字東田３６－２", "緯度": 38.573292, "経度": 140.894887, "url": "https://www.iryou.teikyouseido.mhlw.go.jp/znk-web/juminkanja/S2430/initialize?prefCd=04&kikanCd=0400600227&kikanKbn=5", "url2": "https://altacks-hope.jp/", "内容": "ホープ薬局大崎西店【5:薬局】宮城県大崎市古川新堀字東田３６－２" }, "geometry": { "type": "Point", "coordinates": [ 140.894887, 38.573292 ] } },
{ "type": "Feature", "properties": { "ID": 450400600228, "正式名称": "大崎調剤薬局古川東店", "機関区分": 5, "都道府県コード": 4, "市区町村コード": 215, "所在地": "宮城県大崎市古川李埣一丁目１－２２", "緯度": 38.57366, "経度": 140.97899, "url": "https://www.iryou.teikyouseido.mhlw.go.jp/znk-web/juminkanja/S2430/initialize?prefCd=04&kikanCd=0400600228&kikanKbn=5", "url2": "https://www.kenkoudou-ph.co.jp/index.html", "内容": "大崎調剤薬局古川東店【5:薬局】宮城県大崎市古川李埣一丁目１－２２" }, "geometry": { "type": "Point", "coordinates": [ 140.97899, 38.57366 ] } },
{ "type": "Feature", "properties": { "ID": 450400600229, "正式名称": "山の神調剤薬局", "機関区分": 5, "都道府県コード": 4, "市区町村コード": 505, "所在地": "宮城県遠田郡美里町南小牛田字山の神５４－３", "緯度": 38.556896, "経度": 141.07607, "url": "https://www.iryou.teikyouseido.mhlw.go.jp/znk-web/juminkanja/S2430/initialize?prefCd=04&kikanCd=0400600229&kikanKbn=5", "url2": "yoneki-jyuujido.co.jp", "内容": "山の神調剤薬局【5:薬局】宮城県遠田郡美里町南小牛田字山の神５４－３" }, "geometry": { "type": "Point", "coordinates": [ 141.07607, 38.556896 ] } },
{ "type": "Feature", "properties": { "ID": 450400600230, "正式名称": "クラフト薬局　三日町店", "機関区分": 5, "都道府県コード": 4, "市区町村コード": 215, "所在地": "宮城県大崎市古川三日町二丁目３番５０号", "緯度": 38.573369, "経度": 140.955323, "url": "https://www.iryou.teikyouseido.mhlw.go.jp/znk-web/juminkanja/S2430/initialize?prefCd=04&kikanCd=0400600230&kikanKbn=5", "url2": "https://www.kraft-net.co.jp/sakura/store/3285/", "内容": "クラフト薬局　三日町店【5:薬局】宮城県大崎市古川三日町二丁目３番５０号" }, "geometry": { "type": "Point", "coordinates": [ 140.955323, 38.573369 ] } },
{ "type": "Feature", "properties": { "ID": 450400600234, "正式名称": "古川調剤薬局", "機関区分": 5, "都道府県コード": 4, "市区町村コード": 215, "所在地": "宮城県大崎市古川大宮８－９－１４", "緯度": 38.588957, "経度": 140.95573, "url": "https://www.iryou.teikyouseido.mhlw.go.jp/znk-web/juminkanja/S2430/initialize?prefCd=04&kikanCd=0400600234&kikanKbn=5", "url2": "http://www.huru-cho.co.jp", "内容": "古川調剤薬局【5:薬局】宮城県大崎市古川大宮８－９－１４" }, "geometry": { "type": "Point", "coordinates": [ 140.95573, 38.588957 ] } },
{ "type": "Feature", "properties": { "ID": 450400600235, "正式名称": "仙台調剤薬局　古川店", "機関区分": 5, "都道府県コード": 4, "市区町村コード": 215, "所在地": "宮城県大崎市古川駅東３丁目４－２２", "緯度": 38.574164, "経度": 140.975869, "url": "https://www.iryou.teikyouseido.mhlw.go.jp/znk-web/juminkanja/S2430/initialize?prefCd=04&kikanCd=0400600235&kikanKbn=5", "url2": "http://www.shpe.co.jp/", "内容": "仙台調剤薬局　古川店【5:薬局】宮城県大崎市古川駅東３丁目４－２２" }, "geometry": { "type": "Point", "coordinates": [ 140.975869, 38.574164 ] } },
{ "type": "Feature", "properties": { "ID": 450400600236, "正式名称": "有限会社小牛田薬局駅前店", "機関区分": 5, "都道府県コード": 4, "市区町村コード": 505, "所在地": "宮城県遠田郡美里町字藤ケ崎町８６", "緯度": 38.540851, "経度": 141.062176, "url": "https://www.iryou.teikyouseido.mhlw.go.jp/znk-web/juminkanja/S2430/initialize?prefCd=04&kikanCd=0400600236&kikanKbn=5", "url2": null, "内容": "有限会社小牛田薬局駅前店【5:薬局】宮城県遠田郡美里町字藤ケ崎町８６" }, "geometry": { "type": "Point", "coordinates": [ 141.062176, 38.540851 ] } },
{ "type": "Feature", "properties": { "ID": 450400600237, "正式名称": "クラーク薬局", "機関区分": 5, "都道府県コード": 4, "市区町村コード": 215, "所在地": "宮城県大崎市松山千石字広田３５", "緯度": 38.514796, "経度": 141.060889, "url": "https://www.iryou.teikyouseido.mhlw.go.jp/znk-web/juminkanja/S2430/initialize?prefCd=04&kikanCd=0400600237&kikanKbn=5", "url2": null, "内容": "クラーク薬局【5:薬局】宮城県大崎市松山千石字広田３５" }, "geometry": { "type": "Point", "coordinates": [ 141.060889, 38.514796 ] } },
{ "type": "Feature", "properties": { "ID": 450400600242, "正式名称": "カワチ薬局　古川店", "機関区分": 5, "都道府県コード": 4, "市区町村コード": 215, "所在地": "宮城県大崎市古川穂波６－１－１０", "緯度": 38.565651, "経度": 140.940497, "url": "https://www.iryou.teikyouseido.mhlw.go.jp/znk-web/juminkanja/S2430/initialize?prefCd=04&kikanCd=0400600242&kikanKbn=5", "url2": "http://www.cawachi.co.jp", "内容": "カワチ薬局　古川店【5:薬局】宮城県大崎市古川穂波６－１－１０" }, "geometry": { "type": "Point", "coordinates": [ 140.940497, 38.565651 ] } },
{ "type": "Feature", "properties": { "ID": 450400600243, "正式名称": "大崎調剤薬局美里店", "機関区分": 5, "都道府県コード": 4, "市区町村コード": 505, "所在地": "宮城県遠田郡美里町素山町１９－６", "緯度": 38.53915, "経度": 141.06224, "url": "https://www.iryou.teikyouseido.mhlw.go.jp/znk-web/juminkanja/S2430/initialize?prefCd=04&kikanCd=0400600243&kikanKbn=5", "url2": "https://www.kenkoudou-ph.co.jp/index.html", "内容": "大崎調剤薬局美里店【5:薬局】宮城県遠田郡美里町素山町１９－６" }, "geometry": { "type": "Point", "coordinates": [ 141.06224, 38.53915 ] } },
{ "type": "Feature", "properties": { "ID": 450400600244, "正式名称": "鹿島台中央薬局", "機関区分": 5, "都道府県コード": 4, "市区町村コード": 215, "所在地": "宮城県大崎市鹿島台平渡字巳待田４２４番１１", "緯度": 38.478478, "経度": 141.099455, "url": "https://www.iryou.teikyouseido.mhlw.go.jp/znk-web/juminkanja/S2430/initialize?prefCd=04&kikanCd=0400600244&kikanKbn=5", "url2": "http://m-e-corporation.com/", "内容": "鹿島台中央薬局【5:薬局】宮城県大崎市鹿島台平渡字巳待田４２４番１１" }, "geometry": { "type": "Point", "coordinates": [ 141.099455, 38.478478 ] } },
{ "type": "Feature", "properties": { "ID": 450400600246, "正式名称": "みどり薬局", "機関区分": 5, "都道府県コード": 4, "市区町村コード": 215, "所在地": "宮城県大崎市古川台町４－３５", "緯度": 38.574216, "経度": 140.963529, "url": "https://www.iryou.teikyouseido.mhlw.go.jp/znk-web/juminkanja/S2430/initialize?prefCd=04&kikanCd=0400600246&kikanKbn=5", "url2": null, "内容": "みどり薬局【5:薬局】宮城県大崎市古川台町４－３５" }, "geometry": { "type": "Point", "coordinates": [ 140.963529, 38.574216 ] } },
{ "type": "Feature", "properties": { "ID": 450400600247, "正式名称": "中川薬局　岩出山店", "機関区分": 5, "都道府県コード": 4, "市区町村コード": 215, "所在地": "宮城県大崎市岩出山下川原町８４番３１", "緯度": 38.656012, "経度": 140.871526, "url": "https://www.iryou.teikyouseido.mhlw.go.jp/znk-web/juminkanja/S2430/initialize?prefCd=04&kikanCd=0400600247&kikanKbn=5", "url2": "http://ggwh.jp", "内容": "中川薬局　岩出山店【5:薬局】宮城県大崎市岩出山下川原町８４番３１" }, "geometry": { "type": "Point", "coordinates": [ 140.871526, 38.656012 ] } },
{ "type": "Feature", "properties": { "ID": 450400600250, "正式名称": "ひかり薬局大崎市民病院前", "機関区分": 5, "都道府県コード": 4, "市区町村コード": 215, "所在地": "宮城県大崎市古川穂波２丁目８－１４", "緯度": 38.567172, "経度": 140.94521, "url": "https://www.iryou.teikyouseido.mhlw.go.jp/znk-web/juminkanja/S2430/initialize?prefCd=04&kikanCd=0400600250&kikanKbn=5", "url2": "http://www.hikari-pharmacy.co.jp", "内容": "ひかり薬局大崎市民病院前【5:薬局】宮城県大崎市古川穂波２丁目８－１４" }, "geometry": { "type": "Point", "coordinates": [ 140.94521, 38.567172 ] } },
{ "type": "Feature", "properties": { "ID": 450400600251, "正式名称": "仙台調剤薬局　大崎店", "機関区分": 5, "都道府県コード": 4, "市区町村コード": 215, "所在地": "宮城県大崎市古川西館３－７－６", "緯度": 38.574114, "経度": 140.947993, "url": "https://www.iryou.teikyouseido.mhlw.go.jp/znk-web/juminkanja/S2430/initialize?prefCd=04&kikanCd=0400600251&kikanKbn=5", "url2": "https://ship-ph.co.jp/", "内容": "仙台調剤薬局　大崎店【5:薬局】宮城県大崎市古川西館３－７－６" }, "geometry": { "type": "Point", "coordinates": [ 140.947993, 38.574114 ] } },
{ "type": "Feature", "properties": { "ID": 450400600252, "正式名称": "さくら橋薬局調剤センター", "機関区分": 5, "都道府県コード": 4, "市区町村コード": 215, "所在地": "宮城県大崎市古川穂波六丁目２番２３号", "緯度": 38.563443, "経度": 140.942902, "url": "https://www.iryou.teikyouseido.mhlw.go.jp/znk-web/juminkanja/S2430/initialize?prefCd=04&kikanCd=0400600252&kikanKbn=5", "url2": "https://ksp-ap.com", "内容": "さくら橋薬局調剤センター【5:薬局】宮城県大崎市古川穂波六丁目２番２３号" }, "geometry": { "type": "Point", "coordinates": [ 140.942902, 38.563443 ] } },
{ "type": "Feature", "properties": { "ID": 450400600253, "正式名称": "佐々木薬局　市民病院前", "機関区分": 5, "都道府県コード": 4, "市区町村コード": 215, "所在地": "宮城県大崎市古川穂波２－１７－３７", "緯度": 38.56851, "経度": 140.942775, "url": "https://www.iryou.teikyouseido.mhlw.go.jp/znk-web/juminkanja/S2430/initialize?prefCd=04&kikanCd=0400600253&kikanKbn=5", "url2": "https://www.e-classa.net/sasakiyakkyoku_shiminbyouinmae/index.html", "内容": "佐々木薬局　市民病院前【5:薬局】宮城県大崎市古川穂波２－１７－３７" }, "geometry": { "type": "Point", "coordinates": [ 140.942775, 38.56851 ] } },
{ "type": "Feature", "properties": { "ID": 450400600254, "正式名称": "調剤薬局ツルハドラッグ古川南店", "機関区分": 5, "都道府県コード": 4, "市区町村コード": 215, "所在地": "宮城県大崎市古川穂波７丁目２番１４号", "緯度": 38.567286, "経度": 140.942124, "url": "https://www.iryou.teikyouseido.mhlw.go.jp/znk-web/juminkanja/S2430/initialize?prefCd=04&kikanCd=0400600254&kikanKbn=5", "url2": "https://shop.tsuruha-g.com/0350c", "内容": "調剤薬局ツルハドラッグ古川南店【5:薬局】宮城県大崎市古川穂波７丁目２番１４号" }, "geometry": { "type": "Point", "coordinates": [ 140.942124, 38.567286 ] } },
{ "type": "Feature", "properties": { "ID": 450400600256, "正式名称": "ヨネキ薬局　穂波店", "機関区分": 5, "都道府県コード": 4, "市区町村コード": 215, "所在地": "宮城県大崎市古川穂波６丁目１番３－２号", "緯度": 38.565989, "経度": 140.941922, "url": "https://www.iryou.teikyouseido.mhlw.go.jp/znk-web/juminkanja/S2430/initialize?prefCd=04&kikanCd=0400600256&kikanKbn=5", "url2": null, "内容": "ヨネキ薬局　穂波店【5:薬局】宮城県大崎市古川穂波６丁目１番３－２号" }, "geometry": { "type": "Point", "coordinates": [ 140.941922, 38.565989 ] } },
{ "type": "Feature", "properties": { "ID": 450400600260, "正式名称": "株式会社　アサヒ薬局", "機関区分": 5, "都道府県コード": 4, "市区町村コード": 501, "所在地": "宮城県遠田郡涌谷町字本町８４番地の３", "緯度": 38.540171, "経度": 141.130621, "url": "https://www.iryou.teikyouseido.mhlw.go.jp/znk-web/juminkanja/S2430/initialize?prefCd=04&kikanCd=0400600260&kikanKbn=5", "url2": "https://meron-net.shop/ds/asahi84", "内容": "株式会社　アサヒ薬局【5:薬局】宮城県遠田郡涌谷町字本町８４番地の３" }, "geometry": { "type": "Point", "coordinates": [ 141.130621, 38.540171 ] } },
{ "type": "Feature", "properties": { "ID": 450400600262, "正式名称": "なかじま薬局", "機関区分": 5, "都道府県コード": 4, "市区町村コード": 215, "所在地": "宮城県大崎市古川中島町１ー１－２", "緯度": 38.566781, "経度": 140.956437, "url": "https://www.iryou.teikyouseido.mhlw.go.jp/znk-web/juminkanja/S2430/initialize?prefCd=04&kikanCd=0400600262&kikanKbn=5", "url2": null, "内容": "なかじま薬局【5:薬局】宮城県大崎市古川中島町１ー１－２" }, "geometry": { "type": "Point", "coordinates": [ 140.956437, 38.566781 ] } },
{ "type": "Feature", "properties": { "ID": 450400600263, "正式名称": "古川調剤薬局鹿島台店", "機関区分": 5, "都道府県コード": 4, "市区町村コード": 215, "所在地": "宮城県大崎市鹿島台平渡字大沢８番地３", "緯度": 38.489112, "経度": 141.093523, "url": "https://www.iryou.teikyouseido.mhlw.go.jp/znk-web/juminkanja/S2430/initialize?prefCd=04&kikanCd=0400600263&kikanKbn=5", "url2": "https://www.furu-cho.co.jp/", "内容": "古川調剤薬局鹿島台店【5:薬局】宮城県大崎市鹿島台平渡字大沢８番地３" }, "geometry": { "type": "Point", "coordinates": [ 141.093523, 38.489112 ] } },
{ "type": "Feature", "properties": { "ID": 450400600265, "正式名称": "さくら薬局　加美色麻店", "機関区分": 5, "都道府県コード": 4, "市区町村コード": 444, "所在地": "宮城県加美郡色麻町四竃字瀧１０７－１", "緯度": 38.550525, "経度": 140.849728, "url": "https://www.iryou.teikyouseido.mhlw.go.jp/znk-web/juminkanja/S2430/initialize?prefCd=04&kikanCd=0400600265&kikanKbn=5", "url2": "https://www.kraft-net.co.jp/sakura/store/3767/", "内容": "さくら薬局　加美色麻店【5:薬局】宮城県加美郡色麻町四竃字瀧１０７－１" }, "geometry": { "type": "Point", "coordinates": [ 140.849728, 38.550525 ] } },
{ "type": "Feature", "properties": { "ID": 450400600267, "正式名称": "松山中央調剤薬局", "機関区分": 5, "都道府県コード": 4, "市区町村コード": 215, "所在地": "宮城県大崎市松山千石字松山４４０", "緯度": 38.5145774, "経度": 141.0509347, "url": "https://www.iryou.teikyouseido.mhlw.go.jp/znk-web/juminkanja/S2430/initialize?prefCd=04&kikanCd=0400600267&kikanKbn=5", "url2": "https://meron-net.shop/ds/matuyamatyuo", "内容": "松山中央調剤薬局【5:薬局】宮城県大崎市松山千石字松山４４０" }, "geometry": { "type": "Point", "coordinates": [ 141.0509347, 38.5145774 ] } },
{ "type": "Feature", "properties": { "ID": 450400600268, "正式名称": "タチバナ調剤薬局", "機関区分": 5, "都道府県コード": 4, "市区町村コード": 445, "所在地": "宮城県加美郡加美町旧舘１－７４－２３", "緯度": 38.567493, "経度": 140.85419, "url": "https://www.iryou.teikyouseido.mhlw.go.jp/znk-web/juminkanja/S2430/initialize?prefCd=04&kikanCd=0400600268&kikanKbn=5", "url2": null, "内容": "タチバナ調剤薬局【5:薬局】宮城県加美郡加美町旧舘１－７４－２３" }, "geometry": { "type": "Point", "coordinates": [ 140.85419, 38.567493 ] } },
{ "type": "Feature", "properties": { "ID": 450400600269, "正式名称": "アイン薬局古川店", "機関区分": 5, "都道府県コード": 4, "市区町村コード": 215, "所在地": "宮城県大崎市古川穂波三丁目８番５１号", "緯度": 38.56707, "経度": 140.94746, "url": "https://www.iryou.teikyouseido.mhlw.go.jp/znk-web/juminkanja/S2430/initialize?prefCd=04&kikanCd=0400600269&kikanKbn=5", "url2": "https://www.ainj.co.jp/", "内容": "アイン薬局古川店【5:薬局】宮城県大崎市古川穂波三丁目８番５１号" }, "geometry": { "type": "Point", "coordinates": [ 140.94746, 38.56707 ] } },
{ "type": "Feature", "properties": { "ID": 450400600271, "正式名称": "ツルミヤ薬局", "機関区分": 5, "都道府県コード": 4, "市区町村コード": 215, "所在地": "宮城県大崎市岩出山字二ノ構１０７", "緯度": 38.654715, "経度": 140.865658, "url": "https://www.iryou.teikyouseido.mhlw.go.jp/znk-web/juminkanja/S2430/initialize?prefCd=04&kikanCd=0400600271&kikanKbn=5", "url2": null, "内容": "ツルミヤ薬局【5:薬局】宮城県大崎市岩出山字二ノ構１０７" }, "geometry": { "type": "Point", "coordinates": [ 140.865658, 38.654715 ] } },
{ "type": "Feature", "properties": { "ID": 450400600274, "正式名称": "はぎ調剤薬局", "機関区分": 5, "都道府県コード": 4, "市区町村コード": 215, "所在地": "宮城県大崎市古川大宮７丁目７－２５", "緯度": 38.586849, "経度": 140.9586, "url": "https://www.iryou.teikyouseido.mhlw.go.jp/znk-web/juminkanja/S2430/initialize?prefCd=04&kikanCd=0400600274&kikanKbn=5", "url2": null, "内容": "はぎ調剤薬局【5:薬局】宮城県大崎市古川大宮７丁目７－２５" }, "geometry": { "type": "Point", "coordinates": [ 140.9586, 38.586849 ] } },
{ "type": "Feature", "properties": { "ID": 450400600275, "正式名称": "ひので薬局", "機関区分": 5, "都道府県コード": 4, "市区町村コード": 445, "所在地": "宮城県加美郡加美町字大門４９－１", "緯度": 38.576164, "経度": 140.85463, "url": "https://www.iryou.teikyouseido.mhlw.go.jp/znk-web/juminkanja/S2430/initialize?prefCd=04&kikanCd=0400600275&kikanKbn=5", "url2": null, "内容": "ひので薬局【5:薬局】宮城県加美郡加美町字大門４９－１" }, "geometry": { "type": "Point", "coordinates": [ 140.85463, 38.576164 ] } },
{ "type": "Feature", "properties": { "ID": 450400600276, "正式名称": "古川駅前大通薬局", "機関区分": 5, "都道府県コード": 4, "市区町村コード": 215, "所在地": "宮城県大崎市古川駅前大通５丁目４－１５", "緯度": 38.577981, "経度": 140.965883, "url": "https://www.iryou.teikyouseido.mhlw.go.jp/znk-web/juminkanja/S2430/initialize?prefCd=04&kikanCd=0400600276&kikanKbn=5", "url2": "https://medikamente.co.jp/", "内容": "古川駅前大通薬局【5:薬局】宮城県大崎市古川駅前大通５丁目４－１５" }, "geometry": { "type": "Point", "coordinates": [ 140.965883, 38.577981 ] } },
{ "type": "Feature", "properties": { "ID": 450400600277, "正式名称": "カワチ薬局　古川駅東店", "機関区分": 5, "都道府県コード": 4, "市区町村コード": 215, "所在地": "宮城県大崎市古川駅東２－１０－１６", "緯度": 38.572885, "経度": 140.973774, "url": "https://www.iryou.teikyouseido.mhlw.go.jp/znk-web/juminkanja/S2430/initialize?prefCd=04&kikanCd=0400600277&kikanKbn=5", "url2": "http://www.cawachi.co.jp", "内容": "カワチ薬局　古川駅東店【5:薬局】宮城県大崎市古川駅東２－１０－１６" }, "geometry": { "type": "Point", "coordinates": [ 140.973774, 38.572885 ] } },
{ "type": "Feature", "properties": { "ID": 450400600279, "正式名称": "古川青葉調剤薬局", "機関区分": 5, "都道府県コード": 4, "市区町村コード": 215, "所在地": "宮城県大崎市古川北町一丁目９番３７号", "緯度": 38.576712, "経度": 140.96475, "url": "https://www.iryou.teikyouseido.mhlw.go.jp/znk-web/juminkanja/S2430/initialize?prefCd=04&kikanCd=0400600279&kikanKbn=5", "url2": "https://misato-prime.site/", "内容": "古川青葉調剤薬局【5:薬局】宮城県大崎市古川北町一丁目９番３７号" }, "geometry": { "type": "Point", "coordinates": [ 140.96475, 38.576712 ] } },
{ "type": "Feature", "properties": { "ID": 450400600281, "正式名称": "薬局アリエス", "機関区分": 5, "都道府県コード": 4, "市区町村コード": 215, "所在地": "宮城県大崎市古川台町３－１７", "緯度": 38.575531, "経度": 140.961503, "url": "https://www.iryou.teikyouseido.mhlw.go.jp/znk-web/juminkanja/S2430/initialize?prefCd=04&kikanCd=0400600281&kikanKbn=5", "url2": "http://www.hokkaiya.net", "内容": "薬局アリエス【5:薬局】宮城県大崎市古川台町３－１７" }, "geometry": { "type": "Point", "coordinates": [ 140.961503, 38.575531 ] } },
{ "type": "Feature", "properties": { "ID": 450400600282, "正式名称": "アイフレンド薬局　穂波", "機関区分": 5, "都道府県コード": 4, "市区町村コード": 215, "所在地": "宮城県大崎市古川穂波三丁目７番７号", "緯度": 38.563286, "経度": 140.943782, "url": "https://www.iryou.teikyouseido.mhlw.go.jp/znk-web/juminkanja/S2430/initialize?prefCd=04&kikanCd=0400600282&kikanKbn=5", "url2": "https://pharmacy-2211.business.site/?m=true", "内容": "アイフレンド薬局　穂波【5:薬局】宮城県大崎市古川穂波三丁目７番７号" }, "geometry": { "type": "Point", "coordinates": [ 140.943782, 38.563286 ] } },
{ "type": "Feature", "properties": { "ID": 450400600283, "正式名称": "おおさき南調剤薬局", "機関区分": 5, "都道府県コード": 4, "市区町村コード": 215, "所在地": "宮城県大崎市古川中島町８番４６号", "緯度": 38.565624, "経度": 140.95677, "url": "https://www.iryou.teikyouseido.mhlw.go.jp/znk-web/juminkanja/S2430/initialize?prefCd=04&kikanCd=0400600283&kikanKbn=5", "url2": "https://ujie-kusuri.jp/shop-accsess/#shop12", "内容": "おおさき南調剤薬局【5:薬局】宮城県大崎市古川中島町８番４６号" }, "geometry": { "type": "Point", "coordinates": [ 140.95677, 38.565624 ] } },
{ "type": "Feature", "properties": { "ID": 450400600284, "正式名称": "クオール薬局岩出山店", "機関区分": 5, "都道府県コード": 4, "市区町村コード": 215, "所在地": "宮城県大崎市岩出山字下川原町１０６－５", "緯度": 38.656727, "経度": 140.869265, "url": "https://www.iryou.teikyouseido.mhlw.go.jp/znk-web/juminkanja/S2430/initialize?prefCd=04&kikanCd=0400600284&kikanKbn=5", "url2": "http://www.qol-net.co.jp", "内容": "クオール薬局岩出山店【5:薬局】宮城県大崎市岩出山字下川原町１０６－５" }, "geometry": { "type": "Point", "coordinates": [ 140.869265, 38.656727 ] } },
{ "type": "Feature", "properties": { "ID": 450400600285, "正式名称": "大崎調剤薬局駅南店", "機関区分": 5, "都道府県コード": 4, "市区町村コード": 215, "所在地": "宮城県大崎市古川駅南３丁目７番地", "緯度": 38.568592, "経度": 140.96849, "url": "https://www.iryou.teikyouseido.mhlw.go.jp/znk-web/juminkanja/S2430/initialize?prefCd=04&kikanCd=0400600285&kikanKbn=5", "url2": "https://www.kenkoudou-ph.co.jp/index.html", "内容": "大崎調剤薬局駅南店【5:薬局】宮城県大崎市古川駅南３丁目７番地" }, "geometry": { "type": "Point", "coordinates": [ 140.96849, 38.568592 ] } },
{ "type": "Feature", "properties": { "ID": 450400600287, "正式名称": "つばさ薬局古川店", "機関区分": 5, "都道府県コード": 4, "市区町村コード": 215, "所在地": "宮城県大崎市古川駅東二丁目１２－２５", "緯度": 38.571964, "経度": 140.97371, "url": "https://www.iryou.teikyouseido.mhlw.go.jp/znk-web/juminkanja/S2430/initialize?prefCd=04&kikanCd=0400600287&kikanKbn=5", "url2": "http://www.tsubasa-ph.co.jp/", "内容": "つばさ薬局古川店【5:薬局】宮城県大崎市古川駅東二丁目１２－２５" }, "geometry": { "type": "Point", "coordinates": [ 140.97371, 38.571964 ] } },
{ "type": "Feature", "properties": { "ID": 450400600288, "正式名称": "つばさ薬局中新田店", "機関区分": 5, "都道府県コード": 4, "市区町村コード": 445, "所在地": "宮城県加美郡加美町矢越３４０－１", "緯度": 38.572533, "経度": 140.864446, "url": "https://www.iryou.teikyouseido.mhlw.go.jp/znk-web/juminkanja/S2430/initialize?prefCd=04&kikanCd=0400600288&kikanKbn=5", "url2": "http://www.tsubasa-ph.co.jp/", "内容": "つばさ薬局中新田店【5:薬局】宮城県加美郡加美町矢越３４０－１" }, "geometry": { "type": "Point", "coordinates": [ 140.864446, 38.572533 ] } },
{ "type": "Feature", "properties": { "ID": 450400600289, "正式名称": "薬局アリエス小泉店", "機関区分": 5, "都道府県コード": 4, "市区町村コード": 215, "所在地": "宮城県大崎市古川小泉字泉４１", "緯度": 38.58845, "経度": 140.948054, "url": "https://www.iryou.teikyouseido.mhlw.go.jp/znk-web/juminkanja/S2430/initialize?prefCd=04&kikanCd=0400600289&kikanKbn=5", "url2": "http://www.hokkaiya.net", "内容": "薬局アリエス小泉店【5:薬局】宮城県大崎市古川小泉字泉４１" }, "geometry": { "type": "Point", "coordinates": [ 140.948054, 38.58845 ] } },
{ "type": "Feature", "properties": { "ID": 450400600290, "正式名称": "中央薬局", "機関区分": 5, "都道府県コード": 4, "市区町村コード": 215, "所在地": "宮城県大崎市古川南町三丁目１番５号", "緯度": 38.570219, "経度": 140.954285, "url": "https://www.iryou.teikyouseido.mhlw.go.jp/znk-web/juminkanja/S2430/initialize?prefCd=04&kikanCd=0400600290&kikanKbn=5", "url2": null, "内容": "中央薬局【5:薬局】宮城県大崎市古川南町三丁目１番５号" }, "geometry": { "type": "Point", "coordinates": [ 140.954285, 38.570219 ] } },
{ "type": "Feature", "properties": { "ID": 450400600292, "正式名称": "なの花薬局たじり店", "機関区分": 5, "都道府県コード": 4, "市区町村コード": 215, "所在地": "宮城県大崎市田尻沼部字新富岡３４－１", "緯度": 38.607357, "経度": 141.05383, "url": "https://www.iryou.teikyouseido.mhlw.go.jp/znk-web/juminkanja/S2430/initialize?prefCd=04&kikanCd=0400600292&kikanKbn=5", "url2": "https://www.nanohana-ph.jp/shop/touhoku/miyagi/osaki/tajiri.php", "内容": "なの花薬局たじり店【5:薬局】宮城県大崎市田尻沼部字新富岡３４－１" }, "geometry": { "type": "Point", "coordinates": [ 141.05383, 38.607357 ] } },
{ "type": "Feature", "properties": { "ID": 450400600293, "正式名称": "正明薬局三日町店", "機関区分": 5, "都道府県コード": 4, "市区町村コード": 215, "所在地": "宮城県大崎市古川三日町１丁目３－２３", "緯度": 38.574962, "経度": 140.955869, "url": "https://www.iryou.teikyouseido.mhlw.go.jp/znk-web/juminkanja/S2430/initialize?prefCd=04&kikanCd=0400600293&kikanKbn=5", "url2": null, "内容": "正明薬局三日町店【5:薬局】宮城県大崎市古川三日町１丁目３－２３" }, "geometry": { "type": "Point", "coordinates": [ 140.955869, 38.574962 ] } },
{ "type": "Feature", "properties": { "ID": 450400600294, "正式名称": "古川調剤薬局宮崎店", "機関区分": 5, "都道府県コード": 4, "市区町村コード": 445, "所在地": "宮城県加美郡加美町宮崎字屋敷５番１６－５", "緯度": 38.611948, "経度": 140.756386, "url": "https://www.iryou.teikyouseido.mhlw.go.jp/znk-web/juminkanja/S2430/initialize?prefCd=04&kikanCd=0400600294&kikanKbn=5", "url2": "http://www.furu-cho.co.jp/", "内容": "古川調剤薬局宮崎店【5:薬局】宮城県加美郡加美町宮崎字屋敷５番１６－５" }, "geometry": { "type": "Point", "coordinates": [ 140.756386, 38.611948 ] } },
{ "type": "Feature", "properties": { "ID": 450400600295, "正式名称": "古川調剤薬局駅東店", "機関区分": 5, "都道府県コード": 4, "市区町村コード": 215, "所在地": "宮城県大崎市古川駅南１丁目１０", "緯度": 38.570063, "経度": 140.969784, "url": "https://www.iryou.teikyouseido.mhlw.go.jp/znk-web/juminkanja/S2430/initialize?prefCd=04&kikanCd=0400600295&kikanKbn=5", "url2": "http://www.furu-cho.co.jp", "内容": "古川調剤薬局駅東店【5:薬局】宮城県大崎市古川駅南１丁目１０" }, "geometry": { "type": "Point", "coordinates": [ 140.969784, 38.570063 ] } },
{ "type": "Feature", "properties": { "ID": 450400600296, "正式名称": "鳴子調剤薬局", "機関区分": 5, "都道府県コード": 4, "市区町村コード": 215, "所在地": "宮城県大崎市鳴子温泉字末沢西１１－１７", "緯度": 38.749974, "経度": 140.721293, "url": "https://www.iryou.teikyouseido.mhlw.go.jp/znk-web/juminkanja/S2430/initialize?prefCd=04&kikanCd=0400600296&kikanKbn=5", "url2": "http://www.luckybag.co.jp/", "内容": "鳴子調剤薬局【5:薬局】宮城県大崎市鳴子温泉字末沢西１１－１７" }, "geometry": { "type": "Point", "coordinates": [ 140.721293, 38.749974 ] } },
{ "type": "Feature", "properties": { "ID": 450400600297, "正式名称": "クスリのアオキ古川江合薬局", "機関区分": 5, "都道府県コード": 4, "市区町村コード": 215, "所在地": "宮城県大崎市古川江合錦町二丁目５番５号", "緯度": 38.586487, "経度": 140.969217, "url": "https://www.iryou.teikyouseido.mhlw.go.jp/znk-web/juminkanja/S2430/initialize?prefCd=04&kikanCd=0400600297&kikanKbn=5", "url2": "http//www.kusuri-aoki.co.jp/", "内容": "クスリのアオキ古川江合薬局【5:薬局】宮城県大崎市古川江合錦町二丁目５番５号" }, "geometry": { "type": "Point", "coordinates": [ 140.969217, 38.586487 ] } },
{ "type": "Feature", "properties": { "ID": 450400600298, "正式名称": "ウジエ調剤薬局大宮店", "機関区分": 5, "都道府県コード": 4, "市区町村コード": 215, "所在地": "宮城県大崎市古川大宮３丁目８番１２号", "緯度": 38.588158, "経度": 140.95259, "url": "https://www.iryou.teikyouseido.mhlw.go.jp/znk-web/juminkanja/S2430/initialize?prefCd=04&kikanCd=0400600298&kikanKbn=5", "url2": "https://www.good-pharmacy.com/", "内容": "ウジエ調剤薬局大宮店【5:薬局】宮城県大崎市古川大宮３丁目８番１２号" }, "geometry": { "type": "Point", "coordinates": [ 140.95259, 38.588158 ] } },
{ "type": "Feature", "properties": { "ID": 450400600299, "正式名称": "ひかり薬局古川", "機関区分": 5, "都道府県コード": 4, "市区町村コード": 215, "所在地": "宮城県大崎市古川七日町５－１１", "緯度": 38.577558, "経度": 140.957131, "url": "https://www.iryou.teikyouseido.mhlw.go.jp/znk-web/juminkanja/S2430/initialize?prefCd=04&kikanCd=0400600299&kikanKbn=5", "url2": "http://www.hikari-pharmacy.co.jp", "内容": "ひかり薬局古川【5:薬局】宮城県大崎市古川七日町５－１１" }, "geometry": { "type": "Point", "coordinates": [ 140.957131, 38.577558 ] } },
{ "type": "Feature", "properties": { "ID": 450400600300, "正式名称": "調剤薬局ツルハドラッグ宮城色麻店", "機関区分": 5, "都道府県コード": 4, "市区町村コード": 444, "所在地": "宮城県加美郡色麻町四竃字瀧１４９番１", "緯度": 38.550259, "経度": 140.851332, "url": "https://www.iryou.teikyouseido.mhlw.go.jp/znk-web/juminkanja/S2430/initialize?prefCd=04&kikanCd=0400600300&kikanKbn=5", "url2": "https://www.tsuruha.co.jp/", "内容": "調剤薬局ツルハドラッグ宮城色麻店【5:薬局】宮城県加美郡色麻町四竃字瀧１４９番１" }, "geometry": { "type": "Point", "coordinates": [ 140.851332, 38.550259 ] } },
{ "type": "Feature", "properties": { "ID": 450400600301, "正式名称": "古川東町調剤薬局", "機関区分": 5, "都道府県コード": 4, "市区町村コード": 215, "所在地": "宮城県大崎市古川東町１－２２", "緯度": 38.575439, "経度": 140.962277, "url": "https://www.iryou.teikyouseido.mhlw.go.jp/znk-web/juminkanja/S2430/initialize?prefCd=04&kikanCd=0400600301&kikanKbn=5", "url2": null, "内容": "古川東町調剤薬局【5:薬局】宮城県大崎市古川東町１－２２" }, "geometry": { "type": "Point", "coordinates": [ 140.962277, 38.575439 ] } },
{ "type": "Feature", "properties": { "ID": 450400600302, "正式名称": "ささき薬局", "機関区分": 5, "都道府県コード": 4, "市区町村コード": 445, "所在地": "宮城県加美郡加美町町屋敷二番１２番地", "緯度": 38.575305, "経度": 140.778736, "url": "https://www.iryou.teikyouseido.mhlw.go.jp/znk-web/juminkanja/S2430/initialize?prefCd=04&kikanCd=0400600302&kikanKbn=5", "url2": null, "内容": "ささき薬局【5:薬局】宮城県加美郡加美町町屋敷二番１２番地" }, "geometry": { "type": "Point", "coordinates": [ 140.778736, 38.575305 ] } },
{ "type": "Feature", "properties": { "ID": 450400600303, "正式名称": "みなみ薬局", "機関区分": 5, "都道府県コード": 4, "市区町村コード": 215, "所在地": "宮城県大崎市古川駅南３丁目３３－３", "緯度": 38.565638, "経度": 140.970075, "url": "https://www.iryou.teikyouseido.mhlw.go.jp/znk-web/juminkanja/S2430/initialize?prefCd=04&kikanCd=0400600303&kikanKbn=5", "url2": "http://www.mediphal.com", "内容": "みなみ薬局【5:薬局】宮城県大崎市古川駅南３丁目３３－３" }, "geometry": { "type": "Point", "coordinates": [ 140.970075, 38.565638 ] } },
{ "type": "Feature", "properties": { "ID": 450400600304, "正式名称": "ウエルシア薬局　古川中里店", "機関区分": 5, "都道府県コード": 4, "市区町村コード": 215, "所在地": "宮城県大崎市古川中里２－７－１", "緯度": 38.568482, "経度": 140.961016, "url": "https://www.iryou.teikyouseido.mhlw.go.jp/znk-web/juminkanja/S2430/initialize?prefCd=04&kikanCd=0400600304&kikanKbn=5", "url2": "https://stores.welcia.co.jp/1333D", "内容": "ウエルシア薬局　古川中里店【5:薬局】宮城県大崎市古川中里２－７－１" }, "geometry": { "type": "Point", "coordinates": [ 140.961016, 38.568482 ] } },
{ "type": "Feature", "properties": { "ID": 450400600305, "正式名称": "クスリのアオキ古川駅東薬局", "機関区分": 5, "都道府県コード": 4, "市区町村コード": 215, "所在地": "宮城県大崎市古川駅東二丁目４番３５号", "緯度": 38.574428, "経度": 140.970651, "url": "https://www.iryou.teikyouseido.mhlw.go.jp/znk-web/juminkanja/S2430/initialize?prefCd=04&kikanCd=0400600305&kikanKbn=5", "url2": "http//www.kusuri-aoki.co.jp/", "内容": "クスリのアオキ古川駅東薬局【5:薬局】宮城県大崎市古川駅東二丁目４番３５号" }, "geometry": { "type": "Point", "coordinates": [ 140.970651, 38.574428 ] } },
{ "type": "Feature", "properties": { "ID": 450400600306, "正式名称": "クスリのアオキ古川稲葉薬局", "機関区分": 5, "都道府県コード": 4, "市区町村コード": 215, "所在地": "宮城県大崎市古川稲葉三丁目７番６号", "緯度": 38.557483, "経度": 140.953595, "url": "https://www.iryou.teikyouseido.mhlw.go.jp/znk-web/juminkanja/S2430/initialize?prefCd=04&kikanCd=0400600306&kikanKbn=5", "url2": "http//www.kusuri-aoki.co.jp/", "内容": "クスリのアオキ古川稲葉薬局【5:薬局】宮城県大崎市古川稲葉三丁目７番６号" }, "geometry": { "type": "Point", "coordinates": [ 140.953595, 38.557483 ] } },
{ "type": "Feature", "properties": { "ID": 450400600308, "正式名称": "イオン薬局古川店", "機関区分": 5, "都道府県コード": 4, "市区町村コード": 215, "所在地": "宮城県大崎市古川旭二丁目２番１号", "緯度": 38.56725, "経度": 140.97285, "url": "https://www.iryou.teikyouseido.mhlw.go.jp/znk-web/juminkanja/S2430/initialize?prefCd=04&kikanCd=0400600308&kikanKbn=5", "url2": null, "内容": "イオン薬局古川店【5:薬局】宮城県大崎市古川旭二丁目２番１号" }, "geometry": { "type": "Point", "coordinates": [ 140.97285, 38.56725 ] } },
{ "type": "Feature", "properties": { "ID": 450400600310, "正式名称": "薬局アリエス大宮店", "機関区分": 5, "都道府県コード": 4, "市区町村コード": 215, "所在地": "宮城県大崎市古川大宮１丁目２－６９", "緯度": 38.581172, "経度": 140.958515, "url": "https://www.iryou.teikyouseido.mhlw.go.jp/znk-web/juminkanja/S2430/initialize?prefCd=04&kikanCd=0400600310&kikanKbn=5", "url2": "http://www.hokkaiya.net", "内容": "薬局アリエス大宮店【5:薬局】宮城県大崎市古川大宮１丁目２－６９" }, "geometry": { "type": "Point", "coordinates": [ 140.958515, 38.581172 ] } },
{ "type": "Feature", "properties": { "ID": 450400600311, "正式名称": "薬局アリエス三本木店", "機関区分": 5, "都道府県コード": 4, "市区町村コード": 215, "所在地": "宮城県大崎市三本木字しらとり１７－２", "緯度": 38.530789, "経度": 140.942668, "url": "https://www.iryou.teikyouseido.mhlw.go.jp/znk-web/juminkanja/S2430/initialize?prefCd=04&kikanCd=0400600311&kikanKbn=5", "url2": "http://www.hokkaiya.net", "内容": "薬局アリエス三本木店【5:薬局】宮城県大崎市三本木字しらとり１７－２" }, "geometry": { "type": "Point", "coordinates": [ 140.942668, 38.530789 ] } },
{ "type": "Feature", "properties": { "ID": 450400600312, "正式名称": "十日町調剤薬局", "機関区分": 5, "都道府県コード": 4, "市区町村コード": 215, "所在地": "宮城県大崎市古川十日町４番１８号", "緯度": 38.575146, "経度": 140.95973, "url": "https://www.iryou.teikyouseido.mhlw.go.jp/znk-web/juminkanja/S2430/initialize?prefCd=04&kikanCd=0400600312&kikanKbn=5", "url2": "https://www.kenkoudou-ph.co.jp/index.html", "内容": "十日町調剤薬局【5:薬局】宮城県大崎市古川十日町４番１８号" }, "geometry": { "type": "Point", "coordinates": [ 140.95973, 38.575146 ] } },
{ "type": "Feature", "properties": { "ID": 450400600314, "正式名称": "フレンド薬局　古川中里", "機関区分": 5, "都道府県コード": 4, "市区町村コード": 215, "所在地": "宮城県大崎市古川中里２丁目１８３－８", "緯度": 38.569979, "経度": 140.960781, "url": "https://www.iryou.teikyouseido.mhlw.go.jp/znk-web/juminkanja/S2430/initialize?prefCd=04&kikanCd=0400600314&kikanKbn=5", "url2": "https://www.friend-pharmacy.net/", "内容": "フレンド薬局　古川中里【5:薬局】宮城県大崎市古川中里２丁目１８３－８" }, "geometry": { "type": "Point", "coordinates": [ 140.960781, 38.569979 ] } },
{ "type": "Feature", "properties": { "ID": 450400600315, "正式名称": "南町調剤薬局", "機関区分": 5, "都道府県コード": 4, "市区町村コード": 215, "所在地": "宮城県大崎市古川南町一丁目６－３６", "緯度": 38.572385, "経度": 140.954422, "url": "https://www.iryou.teikyouseido.mhlw.go.jp/znk-web/juminkanja/S2430/initialize?prefCd=04&kikanCd=0400600315&kikanKbn=5", "url2": null, "内容": "南町調剤薬局【5:薬局】宮城県大崎市古川南町一丁目６－３６" }, "geometry": { "type": "Point", "coordinates": [ 140.954422, 38.572385 ] } },
{ "type": "Feature", "properties": { "ID": 450400600316, "正式名称": "くるみ薬局", "機関区分": 5, "都道府県コード": 4, "市区町村コード": 215, "所在地": "宮城県大崎市古川李埣２丁目６－１１", "緯度": 38.574469, "経度": 140.97591, "url": "https://www.iryou.teikyouseido.mhlw.go.jp/znk-web/juminkanja/S2430/initialize?prefCd=04&kikanCd=0400600316&kikanKbn=5", "url2": "http://www.hokkaiya.net", "内容": "くるみ薬局【5:薬局】宮城県大崎市古川李埣２丁目６－１１" }, "geometry": { "type": "Point", "coordinates": [ 140.97591, 38.574469 ] } },
{ "type": "Feature", "properties": { "ID": 450400600317, "正式名称": "みさとまち調剤薬局", "機関区分": 5, "都道府県コード": 4, "市区町村コード": 505, "所在地": "宮城県遠田郡美里町北浦字船入２－３１０", "緯度": 38.55343, "経度": 141.03006, "url": "https://www.iryou.teikyouseido.mhlw.go.jp/znk-web/juminkanja/S2430/initialize?prefCd=04&kikanCd=0400600317&kikanKbn=5", "url2": null, "内容": "みさとまち調剤薬局【5:薬局】宮城県遠田郡美里町北浦字船入２－３１０" }, "geometry": { "type": "Point", "coordinates": [ 141.03006, 38.55343 ] } },
{ "type": "Feature", "properties": { "ID": 450400600318, "正式名称": "なの花薬局", "機関区分": 5, "都道府県コード": 4, "市区町村コード": 445, "所在地": "宮城県加美郡加美町町裏３４３－１", "緯度": 38.567807, "経度": 140.862215, "url": "https://www.iryou.teikyouseido.mhlw.go.jp/znk-web/juminkanja/S2430/initialize?prefCd=04&kikanCd=0400600318&kikanKbn=5", "url2": "https://www.m-e-corporation.com/", "内容": "なの花薬局【5:薬局】宮城県加美郡加美町町裏３４３－１" }, "geometry": { "type": "Point", "coordinates": [ 140.862215, 38.567807 ] } },
{ "type": "Feature", "properties": { "ID": 450400600319, "正式名称": "あやめ薬局", "機関区分": 5, "都道府県コード": 4, "市区町村コード": 215, "所在地": "宮城県大崎市古川駅前大通５－３－２３－２", "緯度": 38.577746, "経度": 140.967417, "url": "https://www.iryou.teikyouseido.mhlw.go.jp/znk-web/juminkanja/S2430/initialize?prefCd=04&kikanCd=0400600319&kikanKbn=5", "url2": "http://www.bsg.cc", "内容": "あやめ薬局【5:薬局】宮城県大崎市古川駅前大通５－３－２３－２" }, "geometry": { "type": "Point", "coordinates": [ 140.967417, 38.577746 ] } },
{ "type": "Feature", "properties": { "ID": 450400600320, "正式名称": "えがお薬局", "機関区分": 5, "都道府県コード": 4, "市区町村コード": 505, "所在地": "宮城県遠田郡美里町牛飼字牛飼１４５ー１", "緯度": 38.554205, "経度": 141.049611, "url": "https://www.iryou.teikyouseido.mhlw.go.jp/znk-web/juminkanja/S2430/initialize?prefCd=04&kikanCd=0400600320&kikanKbn=5", "url2": "https://meron-net.shop/ds/egao-ph", "内容": "えがお薬局【5:薬局】宮城県遠田郡美里町牛飼字牛飼１４５ー１" }, "geometry": { "type": "Point", "coordinates": [ 141.049611, 38.554205 ] } },
{ "type": "Feature", "properties": { "ID": 450400600321, "正式名称": "ウジエ調剤薬局古川店", "機関区分": 5, "都道府県コード": 4, "市区町村コード": 215, "所在地": "宮城県大崎市古川字本鹿島１４６－４", "緯度": 38.5864858, "経度": 140.9417487, "url": "https://www.iryou.teikyouseido.mhlw.go.jp/znk-web/juminkanja/S2430/initialize?prefCd=04&kikanCd=0400600321&kikanKbn=5", "url2": "http://www.ujie-kusuri.jp/", "内容": "ウジエ調剤薬局古川店【5:薬局】宮城県大崎市古川字本鹿島１４６－４" }, "geometry": { "type": "Point", "coordinates": [ 140.9417487, 38.5864858 ] } },
{ "type": "Feature", "properties": { "ID": 450400600322, "正式名称": "ウジエ調剤薬局　涌谷店", "機関区分": 5, "都道府県コード": 4, "市区町村コード": 501, "所在地": "宮城県遠田郡涌谷町字中下道１２９－１－２", "緯度": 38.529891, "経度": 141.13444, "url": "https://www.iryou.teikyouseido.mhlw.go.jp/znk-web/juminkanja/S2430/initialize?prefCd=04&kikanCd=0400600322&kikanKbn=5", "url2": "https://www.ujie-kusuri.jp/", "内容": "ウジエ調剤薬局　涌谷店【5:薬局】宮城県遠田郡涌谷町字中下道１２９－１－２" }, "geometry": { "type": "Point", "coordinates": [ 141.13444, 38.529891 ] } },
{ "type": "Feature", "properties": { "ID": 450400600323, "正式名称": "正明薬局調剤センター", "機関区分": 5, "都道府県コード": 4, "市区町村コード": 215, "所在地": "宮城県大崎市古川諏訪二丁目二番四十号", "緯度": 38.582626, "経度": 140.952852, "url": "https://www.iryou.teikyouseido.mhlw.go.jp/znk-web/juminkanja/S2430/initialize?prefCd=04&kikanCd=0400600323&kikanKbn=5", "url2": "https://e-bond.info/withs/", "内容": "正明薬局調剤センター【5:薬局】宮城県大崎市古川諏訪二丁目二番四十号" }, "geometry": { "type": "Point", "coordinates": [ 140.952852, 38.582626 ] } },
{ "type": "Feature", "properties": { "ID": 450400600324, "正式名称": "薬局アリエス鹿島台店", "機関区分": 5, "都道府県コード": 4, "市区町村コード": 215, "所在地": "宮城県大崎市鹿島台木間塚小谷地４２２－１", "緯度": 38.475928, "経度": 141.104655, "url": "https://www.iryou.teikyouseido.mhlw.go.jp/znk-web/juminkanja/S2430/initialize?prefCd=04&kikanCd=0400600324&kikanKbn=5", "url2": "https://www.hokkaiya.net/", "内容": "薬局アリエス鹿島台店【5:薬局】宮城県大崎市鹿島台木間塚小谷地４２２－１" }, "geometry": { "type": "Point", "coordinates": [ 141.104655, 38.475928 ] } },
{ "type": "Feature", "properties": { "ID": 450400600326, "正式名称": "アイベル薬局　古川店", "機関区分": 5, "都道府県コード": 4, "市区町村コード": 215, "所在地": "宮城県大崎市古川北町１－１－５", "緯度": 38.577895, "経度": 140.960451, "url": "https://www.iryou.teikyouseido.mhlw.go.jp/znk-web/juminkanja/S2430/initialize?prefCd=04&kikanCd=0400600326&kikanKbn=5", "url2": "https://suzumedi.com/pharmacy/", "内容": "アイベル薬局　古川店【5:薬局】宮城県大崎市古川北町１－１－５" }, "geometry": { "type": "Point", "coordinates": [ 140.960451, 38.577895 ] } },
{ "type": "Feature", "properties": { "ID": 450400600327, "正式名称": "薬局アリエス小泉店", "機関区分": 5, "都道府県コード": 4, "市区町村コード": 215, "所在地": "宮城県大崎市古川小泉字泉５１", "緯度": 38.588556, "経度": 140.947173, "url": "https://www.iryou.teikyouseido.mhlw.go.jp/znk-web/juminkanja/S2430/initialize?prefCd=04&kikanCd=0400600327&kikanKbn=5", "url2": "https://www.hokkaiya.net", "内容": "薬局アリエス小泉店【5:薬局】宮城県大崎市古川小泉字泉５１" }, "geometry": { "type": "Point", "coordinates": [ 140.947173, 38.588556 ] } },
{ "type": "Feature", "properties": { "ID": 450400600328, "正式名称": "大崎調剤薬局川端店", "機関区分": 5, "都道府県コード": 4, "市区町村コード": 215, "所在地": "宮城県大崎市古川川端４番７号", "緯度": 38.574678, "経度": 140.958829, "url": "https://www.iryou.teikyouseido.mhlw.go.jp/znk-web/juminkanja/S2430/initialize?prefCd=04&kikanCd=0400600328&kikanKbn=5", "url2": "https://kenkoudou-ph.co.jp/", "内容": "大崎調剤薬局川端店【5:薬局】宮城県大崎市古川川端４番７号" }, "geometry": { "type": "Point", "coordinates": [ 140.958829, 38.574678 ] } },
{ "type": "Feature", "properties": { "ID": 450400700016, "正式名称": "合資会社　鈴木薬局", "機関区分": 5, "都道府県コード": 4, "市区町村コード": 213, "所在地": "宮城県栗原市栗駒岩ケ崎六日町１１６", "緯度": 38.830789, "経度": 140.986857, "url": "https://www.iryou.teikyouseido.mhlw.go.jp/znk-web/juminkanja/S2430/initialize?prefCd=04&kikanCd=0400700016&kikanKbn=5", "url2": null, "内容": "合資会社　鈴木薬局【5:薬局】宮城県栗原市栗駒岩ケ崎六日町１１６" }, "geometry": { "type": "Point", "coordinates": [ 140.986857, 38.830789 ] } },
{ "type": "Feature", "properties": { "ID": 450400700032, "正式名称": "薬局パル", "機関区分": 5, "都道府県コード": 4, "市区町村コード": 213, "所在地": "宮城県栗原市志波姫堀口源光５６－２", "緯度": 38.735615, "経度": 141.031525, "url": "https://www.iryou.teikyouseido.mhlw.go.jp/znk-web/juminkanja/S2430/initialize?prefCd=04&kikanCd=0400700032&kikanKbn=5", "url2": null, "内容": "薬局パル【5:薬局】宮城県栗原市志波姫堀口源光５６－２" }, "geometry": { "type": "Point", "coordinates": [ 141.031525, 38.735615 ] } },
{ "type": "Feature", "properties": { "ID": 450400700036, "正式名称": "ヨネキ薬局　築館店", "機関区分": 5, "都道府県コード": 4, "市区町村コード": 213, "所在地": "宮城県栗原市築館薬師４丁目５－１", "緯度": 38.733395, "経度": 141.020323, "url": "https://www.iryou.teikyouseido.mhlw.go.jp/znk-web/juminkanja/S2430/initialize?prefCd=04&kikanCd=0400700036&kikanKbn=5", "url2": null, "内容": "ヨネキ薬局　築館店【5:薬局】宮城県栗原市築館薬師４丁目５－１" }, "geometry": { "type": "Point", "coordinates": [ 141.020323, 38.733395 ] } },
{ "type": "Feature", "properties": { "ID": 450400700112, "正式名称": "一迫薬局", "機関区分": 5, "都道府県コード": 4, "市区町村コード": 213, "所在地": "宮城県栗原市一迫真坂字清水町田１５－１", "緯度": 38.737284, "経度": 140.951513, "url": "https://www.iryou.teikyouseido.mhlw.go.jp/znk-web/juminkanja/S2430/initialize?prefCd=04&kikanCd=0400700112&kikanKbn=5", "url2": "http://www.seagull-p.com/tenpo/ichihasama.htm", "内容": "一迫薬局【5:薬局】宮城県栗原市一迫真坂字清水町田１５－１" }, "geometry": { "type": "Point", "coordinates": [ 140.951513, 38.737284 ] } },
{ "type": "Feature", "properties": { "ID": 450400700118, "正式名称": "沢辺本多薬局", "機関区分": 5, "都道府県コード": 4, "市区町村コード": 213, "所在地": "宮城県栗原市金成沢辺町５０", "緯度": 38.800117, "経度": 141.06583, "url": "https://www.iryou.teikyouseido.mhlw.go.jp/znk-web/juminkanja/S2430/initialize?prefCd=04&kikanCd=0400700118&kikanKbn=5", "url2": null, "内容": "沢辺本多薬局【5:薬局】宮城県栗原市金成沢辺町５０" }, "geometry": { "type": "Point", "coordinates": [ 141.06583, 38.800117 ] } },
{ "type": "Feature", "properties": { "ID": 450400700153, "正式名称": "ありかべ調剤薬局", "機関区分": 5, "都道府県コード": 4, "市区町村コード": 213, "所在地": "宮城県栗原市金成有壁上原前５－３", "緯度": 38.869223, "経度": 141.121866, "url": "https://www.iryou.teikyouseido.mhlw.go.jp/znk-web/juminkanja/S2430/initialize?prefCd=04&kikanCd=0400700153&kikanKbn=5", "url2": null, "内容": "ありかべ調剤薬局【5:薬局】宮城県栗原市金成有壁上原前５－３" }, "geometry": { "type": "Point", "coordinates": [ 141.121866, 38.869223 ] } },
{ "type": "Feature", "properties": { "ID": 450400700158, "正式名称": "仙台調剤　栗原店", "機関区分": 5, "都道府県コード": 4, "市区町村コード": 213, "所在地": "宮城県栗原市築館宮野中央２－３－２４", "緯度": 38.747252, "経度": 141.018604, "url": "https://www.iryou.teikyouseido.mhlw.go.jp/znk-web/juminkanja/S2430/initialize?prefCd=04&kikanCd=0400700158&kikanKbn=5", "url2": "https://www.shpe.co.jp/", "内容": "仙台調剤　栗原店【5:薬局】宮城県栗原市築館宮野中央２－３－２４" }, "geometry": { "type": "Point", "coordinates": [ 141.018604, 38.747252 ] } },
{ "type": "Feature", "properties": { "ID": 450400700165, "正式名称": "青葉の杜薬局　築館店", "機関区分": 5, "都道府県コード": 4, "市区町村コード": 213, "所在地": "宮城県栗原市築館源光４－４６", "緯度": 38.735195, "経度": 141.02863, "url": "https://www.iryou.teikyouseido.mhlw.go.jp/znk-web/juminkanja/S2430/initialize?prefCd=04&kikanCd=0400700165&kikanKbn=5", "url2": "http://www.pharmacation.jp", "内容": "青葉の杜薬局　築館店【5:薬局】宮城県栗原市築館源光４－４６" }, "geometry": { "type": "Point", "coordinates": [ 141.02863, 38.735195 ] } },
{ "type": "Feature", "properties": { "ID": 450400700169, "正式名称": "サデン調剤薬局", "機関区分": 5, "都道府県コード": 4, "市区町村コード": 213, "所在地": "宮城県栗原市若柳字川北古川１２０－７", "緯度": 38.77093, "経度": 141.137832, "url": "https://www.iryou.teikyouseido.mhlw.go.jp/znk-web/juminkanja/S2430/initialize?prefCd=04&kikanCd=0400700169&kikanKbn=5", "url2": "http://www.saden-phm.co.jp/", "内容": "サデン調剤薬局【5:薬局】宮城県栗原市若柳字川北古川１２０－７" }, "geometry": { "type": "Point", "coordinates": [ 141.137832, 38.77093 ] } },
{ "type": "Feature", "properties": { "ID": 450400700178, "正式名称": "恵薬局", "機関区分": 5, "都道府県コード": 4, "市区町村コード": 213, "所在地": "宮城県栗原市若柳川北堤下４２－３", "緯度": 38.774773, "経度": 141.127503, "url": "https://www.iryou.teikyouseido.mhlw.go.jp/znk-web/juminkanja/S2430/initialize?prefCd=04&kikanCd=0400700178&kikanKbn=5", "url2": "https://meron-net.shop/ds/megumi-6375", "内容": "恵薬局【5:薬局】宮城県栗原市若柳川北堤下４２－３" }, "geometry": { "type": "Point", "coordinates": [ 141.127503, 38.774773 ] } },
{ "type": "Feature", "properties": { "ID": 450400700179, "正式名称": "サタケ調剤薬局", "機関区分": 5, "都道府県コード": 4, "市区町村コード": 213, "所在地": "宮城県栗原市栗駒岩ケ崎円鏡寺後１０４－６", "緯度": 38.828587, "経度": 140.989827, "url": "https://www.iryou.teikyouseido.mhlw.go.jp/znk-web/juminkanja/S2430/initialize?prefCd=04&kikanCd=0400700179&kikanKbn=5", "url2": null, "内容": "サタケ調剤薬局【5:薬局】宮城県栗原市栗駒岩ケ崎円鏡寺後１０４－６" }, "geometry": { "type": "Point", "coordinates": [ 140.989827, 38.828587 ] } },
{ "type": "Feature", "properties": { "ID": 450400700183, "正式名称": "サトウ調剤薬局", "機関区分": 5, "都道府県コード": 4, "市区町村コード": 213, "所在地": "宮城県栗原市若柳字川北古川１３－１８", "緯度": 38.7712429, "経度": 141.1348285, "url": "https://www.iryou.teikyouseido.mhlw.go.jp/znk-web/juminkanja/S2430/initialize?prefCd=04&kikanCd=0400700183&kikanKbn=5", "url2": "https://www.kusurinomadoguchi.com/miyagi/s1000001141", "内容": "サトウ調剤薬局【5:薬局】宮城県栗原市若柳字川北古川１３－１８" }, "geometry": { "type": "Point", "coordinates": [ 141.1348285, 38.7712429 ] } },
{ "type": "Feature", "properties": { "ID": 450400700187, "正式名称": "オリーブ調剤薬局", "機関区分": 5, "都道府県コード": 4, "市区町村コード": 213, "所在地": "宮城県栗原市金成沢辺木戸口７０－２２", "緯度": 38.798293, "経度": 141.067462, "url": "https://www.iryou.teikyouseido.mhlw.go.jp/znk-web/juminkanja/S2430/initialize?prefCd=04&kikanCd=0400700187&kikanKbn=5", "url2": null, "内容": "オリーブ調剤薬局【5:薬局】宮城県栗原市金成沢辺木戸口７０－２２" }, "geometry": { "type": "Point", "coordinates": [ 141.067462, 38.798293 ] } },
{ "type": "Feature", "properties": { "ID": 450400700188, "正式名称": "サン調剤薬局", "機関区分": 5, "都道府県コード": 4, "市区町村コード": 213, "所在地": "宮城県栗原市一迫真坂字清水町田５－２", "緯度": 38.73836, "経度": 140.949515, "url": "https://www.iryou.teikyouseido.mhlw.go.jp/znk-web/juminkanja/S2430/initialize?prefCd=04&kikanCd=0400700188&kikanKbn=5", "url2": "http://san-color.meron-net.jp/", "内容": "サン調剤薬局【5:薬局】宮城県栗原市一迫真坂字清水町田５－２" }, "geometry": { "type": "Point", "coordinates": [ 140.949515, 38.73836 ] } },
{ "type": "Feature", "properties": { "ID": 450400700190, "正式名称": "薬師調剤薬局", "機関区分": 5, "都道府県コード": 4, "市区町村コード": 213, "所在地": "宮城県栗原市築館薬師３－１－２１", "緯度": 38.733902, "経度": 141.018072, "url": "https://www.iryou.teikyouseido.mhlw.go.jp/znk-web/juminkanja/S2430/initialize?prefCd=04&kikanCd=0400700190&kikanKbn=5", "url2": null, "内容": "薬師調剤薬局【5:薬局】宮城県栗原市築館薬師３－１－２１" }, "geometry": { "type": "Point", "coordinates": [ 141.018072, 38.733902 ] } },
{ "type": "Feature", "properties": { "ID": 450400700191, "正式名称": "すず薬局高清水店", "機関区分": 5, "都道府県コード": 4, "市区町村コード": 213, "所在地": "宮城県栗原市高清水桜丁３８‐３", "緯度": 38.655724, "経度": 141.01349, "url": "https://www.iryou.teikyouseido.mhlw.go.jp/znk-web/juminkanja/S2430/initialize?prefCd=04&kikanCd=0400700191&kikanKbn=5", "url2": "http://pharmacy-suzu.com/store/miyagi", "内容": "すず薬局高清水店【5:薬局】宮城県栗原市高清水桜丁３８‐３" }, "geometry": { "type": "Point", "coordinates": [ 141.01349, 38.655724 ] } },
{ "type": "Feature", "properties": { "ID": 450400700192, "正式名称": "志波姫調剤薬局", "機関区分": 5, "都道府県コード": 4, "市区町村コード": 213, "所在地": "宮城県栗原市志波姫新沼崎１２－２", "緯度": 38.749858, "経度": 141.05596, "url": "https://www.iryou.teikyouseido.mhlw.go.jp/znk-web/juminkanja/S2430/initialize?prefCd=04&kikanCd=0400700192&kikanKbn=5", "url2": null, "内容": "志波姫調剤薬局【5:薬局】宮城県栗原市志波姫新沼崎１２－２" }, "geometry": { "type": "Point", "coordinates": [ 141.05596, 38.749858 ] } },
{ "type": "Feature", "properties": { "ID": 450400700196, "正式名称": "アイン薬局築館店", "機関区分": 5, "都道府県コード": 4, "市区町村コード": 213, "所在地": "宮城県栗原市築館留場桜町２５－１", "緯度": 38.745695, "経度": 141.020358, "url": "https://www.iryou.teikyouseido.mhlw.go.jp/znk-web/juminkanja/S2430/initialize?prefCd=04&kikanCd=0400700196&kikanKbn=5", "url2": "http://www.ainj.co.jp", "内容": "アイン薬局築館店【5:薬局】宮城県栗原市築館留場桜町２５－１" }, "geometry": { "type": "Point", "coordinates": [ 141.020358, 38.745695 ] } },
{ "type": "Feature", "properties": { "ID": 450400700197, "正式名称": "マリーン調剤薬局　志波姫店", "機関区分": 5, "都道府県コード": 4, "市区町村コード": 213, "所在地": "宮城県栗原市志波姫堀口十文字１－１", "緯度": 38.752712, "経度": 141.0315, "url": "https://www.iryou.teikyouseido.mhlw.go.jp/znk-web/juminkanja/S2430/initialize?prefCd=04&kikanCd=0400700197&kikanKbn=5", "url2": "http//www.aquamarine-net.co.jp/", "内容": "マリーン調剤薬局　志波姫店【5:薬局】宮城県栗原市志波姫堀口十文字１－１" }, "geometry": { "type": "Point", "coordinates": [ 141.0315, 38.752712 ] } },
{ "type": "Feature", "properties": { "ID": 450400700198, "正式名称": "ひまわり薬局", "機関区分": 5, "都道府県コード": 4, "市区町村コード": 213, "所在地": "宮城県栗原市一迫真坂字町東３０番地２", "緯度": 38.735024, "経度": 140.957981, "url": "https://www.iryou.teikyouseido.mhlw.go.jp/znk-web/juminkanja/S2430/initialize?prefCd=04&kikanCd=0400700198&kikanKbn=5", "url2": null, "内容": "ひまわり薬局【5:薬局】宮城県栗原市一迫真坂字町東３０番地２" }, "geometry": { "type": "Point", "coordinates": [ 140.957981, 38.735024 ] } },
{ "type": "Feature", "properties": { "ID": 450400700199, "正式名称": "さくら薬局　瀬峰店", "機関区分": 5, "都道府県コード": 4, "市区町村コード": 213, "所在地": "宮城県栗原市瀬峰長者原３７－４", "緯度": 38.656434, "経度": 141.064674, "url": "https://www.iryou.teikyouseido.mhlw.go.jp/znk-web/juminkanja/S2430/initialize?prefCd=04&kikanCd=0400700199&kikanKbn=5", "url2": "https://m-e-corporation.com", "内容": "さくら薬局　瀬峰店【5:薬局】宮城県栗原市瀬峰長者原３７－４" }, "geometry": { "type": "Point", "coordinates": [ 141.064674, 38.656434 ] } },
{ "type": "Feature", "properties": { "ID": 450400700200, "正式名称": "さくら薬局　鶯沢店", "機関区分": 5, "都道府県コード": 4, "市区町村コード": 213, "所在地": "宮城県栗原市鶯沢南郷広面５－２", "緯度": 38.812043, "経度": 140.948042, "url": "https://www.iryou.teikyouseido.mhlw.go.jp/znk-web/juminkanja/S2430/initialize?prefCd=04&kikanCd=0400700200&kikanKbn=5", "url2": "http://www.m-e-corporation.com", "内容": "さくら薬局　鶯沢店【5:薬局】宮城県栗原市鶯沢南郷広面５－２" }, "geometry": { "type": "Point", "coordinates": [ 140.948042, 38.812043 ] } },
{ "type": "Feature", "properties": { "ID": 450400700201, "正式名称": "せみね調剤薬局", "機関区分": 5, "都道府県コード": 4, "市区町村コード": 213, "所在地": "宮城県栗原市瀬峰下田１８５－５", "緯度": 38.65391, "経度": 141.07124, "url": "https://www.iryou.teikyouseido.mhlw.go.jp/znk-web/juminkanja/S2430/initialize?prefCd=04&kikanCd=0400700201&kikanKbn=5", "url2": "https://yppp.jp/pharmacy/8dg6taxr", "内容": "せみね調剤薬局【5:薬局】宮城県栗原市瀬峰下田１８５－５" }, "geometry": { "type": "Point", "coordinates": [ 141.07124, 38.65391 ] } },
{ "type": "Feature", "properties": { "ID": 450400700203, "正式名称": "しぶや薬局　宮野中央店", "機関区分": 5, "都道府県コード": 4, "市区町村コード": 213, "所在地": "宮城県栗原市築館宮野中央３丁目４番５号", "緯度": 38.74669, "経度": 141.01703, "url": "https://www.iryou.teikyouseido.mhlw.go.jp/znk-web/juminkanja/S2430/initialize?prefCd=04&kikanCd=0400700203&kikanKbn=5", "url2": "http://repariko.co.jp", "内容": "しぶや薬局　宮野中央店【5:薬局】宮城県栗原市築館宮野中央３丁目４番５号" }, "geometry": { "type": "Point", "coordinates": [ 141.01703, 38.74669 ] } },
{ "type": "Feature", "properties": { "ID": 450400700204, "正式名称": "らふらんす薬局若柳店", "機関区分": 5, "都道府県コード": 4, "市区町村コード": 213, "所在地": "宮城県栗原市若柳川南堤通１９番２１号", "緯度": 38.773125, "経度": 141.119124, "url": "https://www.iryou.teikyouseido.mhlw.go.jp/znk-web/juminkanja/S2430/initialize?prefCd=04&kikanCd=0400700204&kikanKbn=5", "url2": "https://meron-net.shop/ds/lafrancepharmacy", "内容": "らふらんす薬局若柳店【5:薬局】宮城県栗原市若柳川南堤通１９番２１号" }, "geometry": { "type": "Point", "coordinates": [ 141.119124, 38.773125 ] } },
{ "type": "Feature", "properties": { "ID": 450400700205, "正式名称": "日本調剤　くりはら薬局", "機関区分": 5, "都道府県コード": 4, "市区町村コード": 213, "所在地": "宮城県栗原市築館留場桜町１８－１", "緯度": 38.745487, "経度": 141.019188, "url": "https://www.iryou.teikyouseido.mhlw.go.jp/znk-web/juminkanja/S2430/initialize?prefCd=04&kikanCd=0400700205&kikanKbn=5", "url2": "https://www.nicho.co.jp/tenpo/kurihara/", "内容": "日本調剤　くりはら薬局【5:薬局】宮城県栗原市築館留場桜町１８－１" }, "geometry": { "type": "Point", "coordinates": [ 141.019188, 38.745487 ] } },
{ "type": "Feature", "properties": { "ID": 450400700206, "正式名称": "アイベル薬局築館店", "機関区分": 5, "都道府県コード": 4, "市区町村コード": 213, "所在地": "宮城県栗原市築館伊豆１丁目８番６号", "緯度": 38.734549, "経度": 141.024077, "url": "https://www.iryou.teikyouseido.mhlw.go.jp/znk-web/juminkanja/S2430/initialize?prefCd=04&kikanCd=0400700206&kikanKbn=5", "url2": "https//suzumedi.com", "内容": "アイベル薬局築館店【5:薬局】宮城県栗原市築館伊豆１丁目８番６号" }, "geometry": { "type": "Point", "coordinates": [ 141.024077, 38.734549 ] } },
{ "type": "Feature", "properties": { "ID": 450400700207, "正式名称": "東町調剤薬局", "機関区分": 5, "都道府県コード": 4, "市区町村コード": 213, "所在地": "宮城県栗原市築館伊豆一丁目６ー２０", "緯度": 38.735245, "経度": 141.02606, "url": "https://www.iryou.teikyouseido.mhlw.go.jp/znk-web/juminkanja/S2430/initialize?prefCd=04&kikanCd=0400700207&kikanKbn=5", "url2": null, "内容": "東町調剤薬局【5:薬局】宮城県栗原市築館伊豆一丁目６ー２０" }, "geometry": { "type": "Point", "coordinates": [ 141.02606, 38.735245 ] } },
{ "type": "Feature", "properties": { "ID": 450400700208, "正式名称": "しぶや薬局", "機関区分": 5, "都道府県コード": 4, "市区町村コード": 213, "所在地": "宮城県栗原市築館高田２丁目１８－１３１", "緯度": 38.728797, "経度": 141.026673, "url": "https://www.iryou.teikyouseido.mhlw.go.jp/znk-web/juminkanja/S2430/initialize?prefCd=04&kikanCd=0400700208&kikanKbn=5", "url2": null, "内容": "しぶや薬局【5:薬局】宮城県栗原市築館高田２丁目１８－１３１" }, "geometry": { "type": "Point", "coordinates": [ 141.026673, 38.728797 ] } },
{ "type": "Feature", "properties": { "ID": 450400700209, "正式名称": "若柳中央薬局", "機関区分": 5, "都道府県コード": 4, "市区町村コード": 213, "所在地": "宮城県栗原市若柳字川北古川１２２－２", "緯度": 38.770942, "経度": 141.13839, "url": "https://www.iryou.teikyouseido.mhlw.go.jp/znk-web/juminkanja/S2430/initialize?prefCd=04&kikanCd=0400700209&kikanKbn=5", "url2": "https://kenkoudou-ph.co.jp/", "内容": "若柳中央薬局【5:薬局】宮城県栗原市若柳字川北古川１２２－２" }, "geometry": { "type": "Point", "coordinates": [ 141.13839, 38.770942 ] } },
{ "type": "Feature", "properties": { "ID": 450400700210, "正式名称": "ななほし薬局", "機関区分": 5, "都道府県コード": 4, "市区町村コード": 213, "所在地": "宮城県栗原市若柳川北中町１８", "緯度": 38.771776, "経度": 141.1314551, "url": "https://www.iryou.teikyouseido.mhlw.go.jp/znk-web/juminkanja/S2430/initialize?prefCd=04&kikanCd=0400700210&kikanKbn=5", "url2": null, "内容": "ななほし薬局【5:薬局】宮城県栗原市若柳川北中町１８" }, "geometry": { "type": "Point", "coordinates": [ 141.131455100000011, 38.771776 ] } },
{ "type": "Feature", "properties": { "ID": 450400700211, "正式名称": "一桝新生薬局", "機関区分": 5, "都道府県コード": 4, "市区町村コード": 213, "所在地": "宮城県栗原市栗駒岩ケ崎神南３１－３", "緯度": 38.831901, "経度": 140.999073, "url": "https://www.iryou.teikyouseido.mhlw.go.jp/znk-web/juminkanja/S2430/initialize?prefCd=04&kikanCd=0400700211&kikanKbn=5", "url2": "https://e-bond.info/withs/", "内容": "一桝新生薬局【5:薬局】宮城県栗原市栗駒岩ケ崎神南３１－３" }, "geometry": { "type": "Point", "coordinates": [ 140.999073, 38.831901 ] } },
{ "type": "Feature", "properties": { "ID": 450400700212, "正式名称": "上小路　一桝新生薬局", "機関区分": 5, "都道府県コード": 4, "市区町村コード": 213, "所在地": "宮城県栗原市栗駒岩ケ崎上小路１５４－２", "緯度": 38.831355, "経度": 140.990519, "url": "https://www.iryou.teikyouseido.mhlw.go.jp/znk-web/juminkanja/S2430/initialize?prefCd=04&kikanCd=0400700212&kikanKbn=5", "url2": "https://e-bond.info/withs/", "内容": "上小路　一桝新生薬局【5:薬局】宮城県栗原市栗駒岩ケ崎上小路１５４－２" }, "geometry": { "type": "Point", "coordinates": [ 140.990519, 38.831355 ] } },
{ "type": "Feature", "properties": { "ID": 450400700213, "正式名称": "一桝新生薬局介護調剤センター", "機関区分": 5, "都道府県コード": 4, "市区町村コード": 213, "所在地": "宮城県栗原市栗駒岩ケ崎松木田２－１", "緯度": 38.827142, "経度": 140.990028, "url": "https://www.iryou.teikyouseido.mhlw.go.jp/znk-web/juminkanja/S2430/initialize?prefCd=04&kikanCd=0400700213&kikanKbn=5", "url2": "https://e-bond.info/withs/", "内容": "一桝新生薬局介護調剤センター【5:薬局】宮城県栗原市栗駒岩ケ崎松木田２－１" }, "geometry": { "type": "Point", "coordinates": [ 140.990028, 38.827142 ] } },
{ "type": "Feature", "properties": { "ID": 450400700214, "正式名称": "ドレミファ薬局", "機関区分": 5, "都道府県コード": 4, "市区町村コード": 213, "所在地": "宮城県栗原市築館字下宮野桜町４８番３", "緯度": 38.7475012, "経度": 141.0216682, "url": "https://www.iryou.teikyouseido.mhlw.go.jp/znk-web/juminkanja/S2430/initialize?prefCd=04&kikanCd=0400700214&kikanKbn=5", "url2": null, "内容": "ドレミファ薬局【5:薬局】宮城県栗原市築館字下宮野桜町４８番３" }, "geometry": { "type": "Point", "coordinates": [ 141.0216682, 38.7475012 ] } },
{ "type": "Feature", "properties": { "ID": 450400800001, "正式名称": "佐藤薬局十文字店", "機関区分": 5, "都道府県コード": 4, "市区町村コード": 212, "所在地": "宮城県登米市中田町宝江黒沼字大海崎３－２", "緯度": 38.711205, "経度": 141.23802, "url": "https://www.iryou.teikyouseido.mhlw.go.jp/znk-web/juminkanja/S2430/initialize?prefCd=04&kikanCd=0400800001&kikanKbn=5", "url2": null, "内容": "佐藤薬局十文字店【5:薬局】宮城県登米市中田町宝江黒沼字大海崎３－２" }, "geometry": { "type": "Point", "coordinates": [ 141.23802, 38.711205 ] } },
{ "type": "Feature", "properties": { "ID": 450400800022, "正式名称": "ひかり薬局佐沼", "機関区分": 5, "都道府県コード": 4, "市区町村コード": 212, "所在地": "宮城県登米市迫町佐沼字中江３丁目ー１－９", "緯度": 38.688295, "経度": 141.191672, "url": "https://www.iryou.teikyouseido.mhlw.go.jp/znk-web/juminkanja/S2430/initialize?prefCd=04&kikanCd=0400800022&kikanKbn=5", "url2": "http://www.hikari-pharmacy.co.jp", "内容": "ひかり薬局佐沼【5:薬局】宮城県登米市迫町佐沼字中江３丁目ー１－９" }, "geometry": { "type": "Point", "coordinates": [ 141.191672, 38.688295 ] } },
{ "type": "Feature", "properties": { "ID": 450400800030, "正式名称": "佐沼青葉調剤薬局", "機関区分": 5, "都道府県コード": 4, "市区町村コード": 212, "所在地": "宮城県登米市迫町佐沼字小金丁１０ー５", "緯度": 38.686635, "経度": 141.1956, "url": "https://www.iryou.teikyouseido.mhlw.go.jp/znk-web/juminkanja/S2430/initialize?prefCd=04&kikanCd=0400800030&kikanKbn=5", "url2": "https://misato-prime.site/", "内容": "佐沼青葉調剤薬局【5:薬局】宮城県登米市迫町佐沼字小金丁１０ー５" }, "geometry": { "type": "Point", "coordinates": [ 141.1956, 38.686635 ] } },
{ "type": "Feature", "properties": { "ID": 450400800031, "正式名称": "かがの調剤薬局", "機関区分": 5, "都道府県コード": 4, "市区町村コード": 212, "所在地": "宮城県登米市中田町石森字加賀野２丁目５－２７", "緯度": 38.700922, "経度": 141.211471, "url": "https://www.iryou.teikyouseido.mhlw.go.jp/znk-web/juminkanja/S2430/initialize?prefCd=04&kikanCd=0400800031&kikanKbn=5", "url2": null, "内容": "かがの調剤薬局【5:薬局】宮城県登米市中田町石森字加賀野２丁目５－２７" }, "geometry": { "type": "Point", "coordinates": [ 141.211471, 38.700922 ] } },
{ "type": "Feature", "properties": { "ID": 450400800034, "正式名称": "有限会社　奥山薬局", "機関区分": 5, "都道府県コード": 4, "市区町村コード": 212, "所在地": "宮城県登米市迫町佐沼字末広３６の１", "緯度": 38.69224, "経度": 141.206122, "url": "https://www.iryou.teikyouseido.mhlw.go.jp/znk-web/juminkanja/S2430/initialize?prefCd=04&kikanCd=0400800034&kikanKbn=5", "url2": null, "内容": "有限会社　奥山薬局【5:薬局】宮城県登米市迫町佐沼字末広３６の１" }, "geometry": { "type": "Point", "coordinates": [ 141.206122, 38.69224 ] } },
{ "type": "Feature", "properties": { "ID": 450400800036, "正式名称": "おあしす調剤薬局", "機関区分": 5, "都道府県コード": 4, "市区町村コード": 212, "所在地": "宮城県登米市南方町鴻ノ木１５１－１", "緯度": 38.672466, "経度": 141.187908, "url": "https://www.iryou.teikyouseido.mhlw.go.jp/znk-web/juminkanja/S2430/initialize?prefCd=04&kikanCd=0400800036&kikanKbn=5", "url2": null, "内容": "おあしす調剤薬局【5:薬局】宮城県登米市南方町鴻ノ木１５１－１" }, "geometry": { "type": "Point", "coordinates": [ 141.187908, 38.672466 ] } },
{ "type": "Feature", "properties": { "ID": 450400800040, "正式名称": "とよさと薬局", "機関区分": 5, "都道府県コード": 4, "市区町村コード": 212, "所在地": "宮城県登米市豊里町浦軒７５ー１", "緯度": 38.582131, "経度": 141.245991, "url": "https://www.iryou.teikyouseido.mhlw.go.jp/znk-web/juminkanja/S2430/initialize?prefCd=04&kikanCd=0400800040&kikanKbn=5", "url2": null, "内容": "とよさと薬局【5:薬局】宮城県登米市豊里町浦軒７５ー１" }, "geometry": { "type": "Point", "coordinates": [ 141.245991, 38.582131 ] } },
{ "type": "Feature", "properties": { "ID": 450400800043, "正式名称": "おおあみ薬局", "機関区分": 5, "都道府県コード": 4, "市区町村コード": 212, "所在地": "宮城県登米市迫町佐沼字大網２２４ー６", "緯度": 38.679518, "経度": 141.194893, "url": "https://www.iryou.teikyouseido.mhlw.go.jp/znk-web/juminkanja/S2430/initialize?prefCd=04&kikanCd=0400800043&kikanKbn=5", "url2": null, "内容": "おおあみ薬局【5:薬局】宮城県登米市迫町佐沼字大網２２４ー６" }, "geometry": { "type": "Point", "coordinates": [ 141.194893, 38.679518 ] } },
{ "type": "Feature", "properties": { "ID": 450400800047, "正式名称": "よねかわ薬局", "機関区分": 5, "都道府県コード": 4, "市区町村コード": 212, "所在地": "宮城県登米市東和町米川字四十田２８", "緯度": 38.767766, "経度": 141.33276, "url": "https://www.iryou.teikyouseido.mhlw.go.jp/znk-web/juminkanja/S2430/initialize?prefCd=04&kikanCd=0400800047&kikanKbn=5", "url2": null, "内容": "よねかわ薬局【5:薬局】宮城県登米市東和町米川字四十田２８" }, "geometry": { "type": "Point", "coordinates": [ 141.33276, 38.767766 ] } },
{ "type": "Feature", "properties": { "ID": 450400800050, "正式名称": "佐沼調剤薬局", "機関区分": 5, "都道府県コード": 4, "市区町村コード": 212, "所在地": "宮城県登米市迫町佐沼字下田中５番地２３", "緯度": 38.686361, "経度": 141.192308, "url": "https://www.iryou.teikyouseido.mhlw.go.jp/znk-web/juminkanja/S2430/initialize?prefCd=04&kikanCd=0400800050&kikanKbn=5", "url2": "http://mediluck.com", "内容": "佐沼調剤薬局【5:薬局】宮城県登米市迫町佐沼字下田中５番地２３" }, "geometry": { "type": "Point", "coordinates": [ 141.192308, 38.686361 ] } },
{ "type": "Feature", "properties": { "ID": 450400800051, "正式名称": "日本調剤　佐沼薬局", "機関区分": 5, "都道府県コード": 4, "市区町村コード": 212, "所在地": "宮城県登米市迫町佐沼下田中３９－１", "緯度": 38.6870739, "経度": 141.1932147, "url": "https://www.iryou.teikyouseido.mhlw.go.jp/znk-web/juminkanja/S2430/initialize?prefCd=04&kikanCd=0400800051&kikanKbn=5", "url2": "https://www.nicho.co.jp/tenpo/sanuma/", "内容": "日本調剤　佐沼薬局【5:薬局】宮城県登米市迫町佐沼下田中３９－１" }, "geometry": { "type": "Point", "coordinates": [ 141.1932147, 38.6870739 ] } },
{ "type": "Feature", "properties": { "ID": 450400800052, "正式名称": "仙台調剤薬局　佐沼店", "機関区分": 5, "都道府県コード": 4, "市区町村コード": 212, "所在地": "宮城県登米市迫町佐沼字下田中３５－２", "緯度": 38.687229, "経度": 141.193169, "url": "https://www.iryou.teikyouseido.mhlw.go.jp/znk-web/juminkanja/S2430/initialize?prefCd=04&kikanCd=0400800052&kikanKbn=5", "url2": "http://ship-ph.co.jp/", "内容": "仙台調剤薬局　佐沼店【5:薬局】宮城県登米市迫町佐沼字下田中３５－２" }, "geometry": { "type": "Point", "coordinates": [ 141.193169, 38.687229 ] } },
{ "type": "Feature", "properties": { "ID": 450400800056, "正式名称": "いしん調剤薬局", "機関区分": 5, "都道府県コード": 4, "市区町村コード": 212, "所在地": "宮城県登米市中田町石森字加賀野二丁目２５－２５", "緯度": 38.699497, "経度": 141.216658, "url": "https://www.iryou.teikyouseido.mhlw.go.jp/znk-web/juminkanja/S2430/initialize?prefCd=04&kikanCd=0400800056&kikanKbn=5", "url2": "http://www.ujie-kusuri.jp/", "内容": "いしん調剤薬局【5:薬局】宮城県登米市中田町石森字加賀野二丁目２５－２５" }, "geometry": { "type": "Point", "coordinates": [ 141.216658, 38.699497 ] } },
{ "type": "Feature", "properties": { "ID": 450400800057, "正式名称": "石越調剤薬局", "機関区分": 5, "都道府県コード": 4, "市区町村コード": 212, "所在地": "宮城県登米市石越町南郷字小谷地前１４０", "緯度": 38.750916, "経度": 141.17143, "url": "https://www.iryou.teikyouseido.mhlw.go.jp/znk-web/juminkanja/S2430/initialize?prefCd=04&kikanCd=0400800057&kikanKbn=5", "url2": null, "内容": "石越調剤薬局【5:薬局】宮城県登米市石越町南郷字小谷地前１４０" }, "geometry": { "type": "Point", "coordinates": [ 141.17143, 38.750916 ] } },
{ "type": "Feature", "properties": { "ID": 450400800062, "正式名称": "とめ調剤薬局", "機関区分": 5, "都道府県コード": 4, "市区町村コード": 212, "所在地": "宮城県登米市迫町佐沼字錦３１", "緯度": 38.688277, "経度": 141.200038, "url": "https://www.iryou.teikyouseido.mhlw.go.jp/znk-web/juminkanja/S2430/initialize?prefCd=04&kikanCd=0400800062&kikanKbn=5", "url2": "https://ujie-kusuri.jp/", "内容": "とめ調剤薬局【5:薬局】宮城県登米市迫町佐沼字錦３１" }, "geometry": { "type": "Point", "coordinates": [ 141.200038, 38.688277 ] } },
{ "type": "Feature", "properties": { "ID": 450400800068, "正式名称": "まつい調剤薬局", "機関区分": 5, "都道府県コード": 4, "市区町村コード": 212, "所在地": "宮城県登米市迫町佐沼字天神前８１－４", "緯度": 38.690903, "経度": 141.192236, "url": "https://www.iryou.teikyouseido.mhlw.go.jp/znk-web/juminkanja/S2430/initialize?prefCd=04&kikanCd=0400800068&kikanKbn=5", "url2": null, "内容": "まつい調剤薬局【5:薬局】宮城県登米市迫町佐沼字天神前８１－４" }, "geometry": { "type": "Point", "coordinates": [ 141.192236, 38.690903 ] } },
{ "type": "Feature", "properties": { "ID": 450400800069, "正式名称": "カクマン薬局", "機関区分": 5, "都道府県コード": 4, "市区町村コード": 212, "所在地": "宮城県登米市中田町上沼字新寺山下５９－７", "緯度": 38.733405, "経度": 141.259038, "url": "https://www.iryou.teikyouseido.mhlw.go.jp/znk-web/juminkanja/S2430/initialize?prefCd=04&kikanCd=0400800069&kikanKbn=5", "url2": null, "内容": "カクマン薬局【5:薬局】宮城県登米市中田町上沼字新寺山下５９－７" }, "geometry": { "type": "Point", "coordinates": [ 141.259038, 38.733405 ] } },
{ "type": "Feature", "properties": { "ID": 450400800071, "正式名称": "さくら薬局　登米佐沼店", "機関区分": 5, "都道府県コード": 4, "市区町村コード": 212, "所在地": "宮城県登米市迫町佐沼字江合２丁目１２－１２", "緯度": 38.682347, "経度": 141.187857, "url": "https://www.iryou.teikyouseido.mhlw.go.jp/znk-web/juminkanja/S2430/initialize?prefCd=04&kikanCd=0400800071&kikanKbn=5", "url2": "https://www.kraft-net.co.jp/sakura/store/3732/", "内容": "さくら薬局　登米佐沼店【5:薬局】宮城県登米市迫町佐沼字江合２丁目１２－１２" }, "geometry": { "type": "Point", "coordinates": [ 141.187857, 38.682347 ] } },
{ "type": "Feature", "properties": { "ID": 450400800072, "正式名称": "アイン薬局豊里店", "機関区分": 5, "都道府県コード": 4, "市区町村コード": 212, "所在地": "宮城県登米市豊里町小口前３７－３", "緯度": 38.58755, "経度": 141.24818, "url": "https://www.iryou.teikyouseido.mhlw.go.jp/znk-web/juminkanja/S2430/initialize?prefCd=04&kikanCd=0400800072&kikanKbn=5", "url2": "https://www.ainj.co.jp/network/detail.html?pdid=712", "内容": "アイン薬局豊里店【5:薬局】宮城県登米市豊里町小口前３７－３" }, "geometry": { "type": "Point", "coordinates": [ 141.24818, 38.58755 ] } },
{ "type": "Feature", "properties": { "ID": 450400800076, "正式名称": "とよま薬局", "機関区分": 5, "都道府県コード": 4, "市区町村コード": 212, "所在地": "宮城県登米市登米町日野渡内ノ目３２９－２", "緯度": 38.659963, "経度": 141.271404, "url": "https://www.iryou.teikyouseido.mhlw.go.jp/znk-web/juminkanja/S2430/initialize?prefCd=04&kikanCd=0400800076&kikanKbn=5", "url2": "http://www.luckybag.co.jp/", "内容": "とよま薬局【5:薬局】宮城県登米市登米町日野渡内ノ目３２９－２" }, "geometry": { "type": "Point", "coordinates": [ 141.271404, 38.659963 ] } },
{ "type": "Feature", "properties": { "ID": 450400800078, "正式名称": "クオール薬局豊里店", "機関区分": 5, "都道府県コード": 4, "市区町村コード": 212, "所在地": "宮城県登米市豊里町土手下２３－２", "緯度": 38.585733, "経度": 141.253207, "url": "https://www.iryou.teikyouseido.mhlw.go.jp/znk-web/juminkanja/S2430/initialize?prefCd=04&kikanCd=0400800078&kikanKbn=5", "url2": "https://store.qol-net.co.jp/detail/23/", "内容": "クオール薬局豊里店【5:薬局】宮城県登米市豊里町土手下２３－２" }, "geometry": { "type": "Point", "coordinates": [ 141.253207, 38.585733 ] } },
{ "type": "Feature", "properties": { "ID": 450400800079, "正式名称": "さくら薬局　登米まいや店", "機関区分": 5, "都道府県コード": 4, "市区町村コード": 212, "所在地": "宮城県登米市東和町米谷字元町１８５番地２", "緯度": 38.70393, "経度": 141.289773, "url": "https://www.iryou.teikyouseido.mhlw.go.jp/znk-web/juminkanja/S2430/initialize?prefCd=04&kikanCd=0400800079&kikanKbn=5", "url2": "https://www.kraft-net.co.jp/sakura/store/4224", "内容": "さくら薬局　登米まいや店【5:薬局】宮城県登米市東和町米谷字元町１８５番地２" }, "geometry": { "type": "Point", "coordinates": [ 141.289773, 38.70393 ] } },
{ "type": "Feature", "properties": { "ID": 450400800080, "正式名称": "仙台調剤薬局　米谷店", "機関区分": 5, "都道府県コード": 4, "市区町村コード": 212, "所在地": "宮城県登米市東和町米谷字元町１８２番１", "緯度": 38.703135, "経度": 141.289852, "url": "https://www.iryou.teikyouseido.mhlw.go.jp/znk-web/juminkanja/S2430/initialize?prefCd=04&kikanCd=0400800080&kikanKbn=5", "url2": "https://ship-ph.co.jp/", "内容": "仙台調剤薬局　米谷店【5:薬局】宮城県登米市東和町米谷字元町１８２番１" }, "geometry": { "type": "Point", "coordinates": [ 141.289852, 38.703135 ] } },
{ "type": "Feature", "properties": { "ID": 450400800081, "正式名称": "佐々木薬局　豊里店", "機関区分": 5, "都道府県コード": 4, "市区町村コード": 212, "所在地": "宮城県登米市豊里町上屋浦１４番２", "緯度": 38.582643, "経度": 141.245869, "url": "https://www.iryou.teikyouseido.mhlw.go.jp/znk-web/juminkanja/S2430/initialize?prefCd=04&kikanCd=0400800081&kikanKbn=5", "url2": "https://appli.e-classa.net/sasakitoyosato/index.html", "内容": "佐々木薬局　豊里店【5:薬局】宮城県登米市豊里町上屋浦１４番２" }, "geometry": { "type": "Point", "coordinates": [ 141.245869, 38.582643 ] } },
{ "type": "Feature", "properties": { "ID": 450400800082, "正式名称": "光ヶ丘調剤薬局", "機関区分": 5, "都道府県コード": 4, "市区町村コード": 212, "所在地": "宮城県登米市迫町佐沼字光ヶ丘５１－１", "緯度": 38.685693, "経度": 141.203681, "url": "https://www.iryou.teikyouseido.mhlw.go.jp/znk-web/juminkanja/S2430/initialize?prefCd=04&kikanCd=0400800082&kikanKbn=5", "url2": null, "内容": "光ヶ丘調剤薬局【5:薬局】宮城県登米市迫町佐沼字光ヶ丘５１－１" }, "geometry": { "type": "Point", "coordinates": [ 141.203681, 38.685693 ] } },
{ "type": "Feature", "properties": { "ID": 450400800083, "正式名称": "ｔｕｍｕｇｕ薬局", "機関区分": 5, "都道府県コード": 4, "市区町村コード": 212, "所在地": "宮城県登米市迫町佐沼字大網３９０−１５　アルテラスおおあみＡ−１", "緯度": 38.67786, "経度": 141.194533, "url": "https://www.iryou.teikyouseido.mhlw.go.jp/znk-web/juminkanja/S2430/initialize?prefCd=04&kikanCd=0400800083&kikanKbn=5", "url2": null, "内容": "ｔｕｍｕｇｕ薬局【5:薬局】宮城県登米市迫町佐沼字大網３９０−１５　アルテラスおおあみＡ−１" }, "geometry": { "type": "Point", "coordinates": [ 141.194533, 38.67786 ] } },
{ "type": "Feature", "properties": { "ID": 450400800085, "正式名称": "調剤薬局ツルハドラッグ佐沼店", "機関区分": 5, "都道府県コード": 4, "市区町村コード": 212, "所在地": "宮城県登米市迫町佐沼字中江４丁目６番地６", "緯度": 38.686523, "経度": 141.1969, "url": "https://www.iryou.teikyouseido.mhlw.go.jp/znk-web/juminkanja/S2430/initialize?prefCd=04&kikanCd=0400800085&kikanKbn=5", "url2": "https://www.tsuruha.co.jp/", "内容": "調剤薬局ツルハドラッグ佐沼店【5:薬局】宮城県登米市迫町佐沼字中江４丁目６番地６" }, "geometry": { "type": "Point", "coordinates": [ 141.1969, 38.686523 ] } },
{ "type": "Feature", "properties": { "ID": 450400800086, "正式名称": "きずな薬局とよま", "機関区分": 5, "都道府県コード": 4, "市区町村コード": 212, "所在地": "宮城県登米市登米町寺池", "緯度": 38.648787, "経度": 141.277602, "url": "https://www.iryou.teikyouseido.mhlw.go.jp/znk-web/juminkanja/S2430/initialize?prefCd=04&kikanCd=0400800086&kikanKbn=5", "url2": null, "内容": "きずな薬局とよま【5:薬局】宮城県登米市登米町寺池" }, "geometry": { "type": "Point", "coordinates": [ 141.277602, 38.648787 ] } },
{ "type": "Feature", "properties": { "ID": 450400800087, "正式名称": "アイン薬局　佐沼店", "機関区分": 5, "都道府県コード": 4, "市区町村コード": 212, "所在地": "宮城県登米市迫町佐沼字小金丁４９ー１", "緯度": 38.685539, "経度": 141.192788, "url": "https://www.iryou.teikyouseido.mhlw.go.jp/znk-web/juminkanja/S2430/initialize?prefCd=04&kikanCd=0400800087&kikanKbn=5", "url2": "https://www.ainj.co.jp/", "内容": "アイン薬局　佐沼店【5:薬局】宮城県登米市迫町佐沼字小金丁４９ー１" }, "geometry": { "type": "Point", "coordinates": [ 141.192788, 38.685539 ] } },
{ "type": "Feature", "properties": { "ID": 450400800088, "正式名称": "アイン薬局　米山店", "機関区分": 5, "都道府県コード": 4, "市区町村コード": 212, "所在地": "宮城県登米市米山町西野字西野前２０１－３", "緯度": 38.627214, "経度": 141.203661, "url": "https://www.iryou.teikyouseido.mhlw.go.jp/znk-web/juminkanja/S2430/initialize?prefCd=04&kikanCd=0400800088&kikanKbn=5", "url2": "https//www.ainj.co.jp/", "内容": "アイン薬局　米山店【5:薬局】宮城県登米市米山町西野字西野前２０１－３" }, "geometry": { "type": "Point", "coordinates": [ 141.203661, 38.627214 ] } },
{ "type": "Feature", "properties": { "ID": 450400800089, "正式名称": "南方あやめ薬局", "機関区分": 5, "都道府県コード": 4, "市区町村コード": 212, "所在地": "宮城県登米市南方町西山成前１３５－１", "緯度": 38.66101, "経度": 141.157923, "url": "https://www.iryou.teikyouseido.mhlw.go.jp/znk-web/juminkanja/S2430/initialize?prefCd=04&kikanCd=0400800089&kikanKbn=5", "url2": null, "内容": "南方あやめ薬局【5:薬局】宮城県登米市南方町西山成前１３５－１" }, "geometry": { "type": "Point", "coordinates": [ 141.157923, 38.66101 ] } },
{ "type": "Feature", "properties": { "ID": 450400800090, "正式名称": "ウジエ調剤薬局佐沼店", "機関区分": 5, "都道府県コード": 4, "市区町村コード": 212, "所在地": "宮城県登米市迫町佐沼字江合１－８－５", "緯度": 38.686523, "経度": 141.1969, "url": "https://www.iryou.teikyouseido.mhlw.go.jp/znk-web/juminkanja/S2430/initialize?prefCd=04&kikanCd=0400800090&kikanKbn=5", "url2": "http://www.ujie-kusuri.jp/", "内容": "ウジエ調剤薬局佐沼店【5:薬局】宮城県登米市迫町佐沼字江合１－８－５" }, "geometry": { "type": "Point", "coordinates": [ 141.1969, 38.686523 ] } },
{ "type": "Feature", "properties": { "ID": 450400800091, "正式名称": "ウジエ調剤薬局　登米店", "機関区分": 5, "都道府県コード": 4, "市区町村コード": 212, "所在地": "宮城県登米市登米町寺池前舟橋４番地４", "緯度": 38.652658, "経度": 141.277107, "url": "https://www.iryou.teikyouseido.mhlw.go.jp/znk-web/juminkanja/S2430/initialize?prefCd=04&kikanCd=0400800091&kikanKbn=5", "url2": "https://ujie-kusuri.jp/", "内容": "ウジエ調剤薬局　登米店【5:薬局】宮城県登米市登米町寺池前舟橋４番地４" }, "geometry": { "type": "Point", "coordinates": [ 141.277107, 38.652658 ] } },
{ "type": "Feature", "properties": { "ID": 450400900002, "正式名称": "有限会社阿部薬局", "機関区分": 5, "都道府県コード": 4, "市区町村コード": 202, "所在地": "宮城県石巻市千石町６－１１", "緯度": 38.434607, "経度": 141.308285, "url": "https://www.iryou.teikyouseido.mhlw.go.jp/znk-web/juminkanja/S2430/initialize?prefCd=04&kikanCd=0400900002&kikanKbn=5", "url2": null, "内容": "有限会社阿部薬局【5:薬局】宮城県石巻市千石町６－１１" }, "geometry": { "type": "Point", "coordinates": [ 141.308285, 38.434607 ] } },
{ "type": "Feature", "properties": { "ID": 450400900005, "正式名称": "有限会社うめもと薬局", "機関区分": 5, "都道府県コード": 4, "市区町村コード": 202, "所在地": "宮城県石巻市湊町四丁目４－７", "緯度": 38.42149, "経度": 141.319063, "url": "https://www.iryou.teikyouseido.mhlw.go.jp/znk-web/juminkanja/S2430/initialize?prefCd=04&kikanCd=0400900005&kikanKbn=5", "url2": null, "内容": "有限会社うめもと薬局【5:薬局】宮城県石巻市湊町四丁目４－７" }, "geometry": { "type": "Point", "coordinates": [ 141.319063, 38.42149 ] } },
{ "type": "Feature", "properties": { "ID": 450400900076, "正式名称": "岩渕薬局", "機関区分": 5, "都道府県コード": 4, "市区町村コード": 202, "所在地": "宮城県石巻市鹿又字新田町浦５８－１", "緯度": 38.487353, "経度": 141.281906, "url": "https://www.iryou.teikyouseido.mhlw.go.jp/znk-web/juminkanja/S2430/initialize?prefCd=04&kikanCd=0400900076&kikanKbn=5", "url2": null, "内容": "岩渕薬局【5:薬局】宮城県石巻市鹿又字新田町浦５８－１" }, "geometry": { "type": "Point", "coordinates": [ 141.281906, 38.487353 ] } },
{ "type": "Feature", "properties": { "ID": 450400900080, "正式名称": "株式会社小野寺薬局", "機関区分": 5, "都道府県コード": 4, "市区町村コード": 202, "所在地": "宮城県石巻市相野谷字飯野川町２１", "緯度": 38.51488, "経度": 141.31788, "url": "https://www.iryou.teikyouseido.mhlw.go.jp/znk-web/juminkanja/S2430/initialize?prefCd=04&kikanCd=0400900080&kikanKbn=5", "url2": null, "内容": "株式会社小野寺薬局【5:薬局】宮城県石巻市相野谷字飯野川町２１" }, "geometry": { "type": "Point", "coordinates": [ 141.31788, 38.51488 ] } },
{ "type": "Feature", "properties": { "ID": 450400900127, "正式名称": "石巻調剤薬局", "機関区分": 5, "都道府県コード": 4, "市区町村コード": 202, "所在地": "宮城県　石巻市　新橋　３－１２", "緯度": 38.438353, "経度": 141.289722, "url": "https://www.iryou.teikyouseido.mhlw.go.jp/znk-web/juminkanja/S2430/initialize?prefCd=04&kikanCd=0400900127&kikanKbn=5", "url2": null, "内容": "石巻調剤薬局【5:薬局】宮城県　石巻市　新橋　３－１２" }, "geometry": { "type": "Point", "coordinates": [ 141.289722, 38.438353 ] } },
{ "type": "Feature", "properties": { "ID": 450400900139, "正式名称": "株式会社　中央薬局末広店", "機関区分": 5, "都道府県コード": 4, "市区町村コード": 202, "所在地": "宮城県　石巻市　末広町　２－３２", "緯度": 38.432162, "経度": 141.289108, "url": "https://www.iryou.teikyouseido.mhlw.go.jp/znk-web/juminkanja/S2430/initialize?prefCd=04&kikanCd=0400900139&kikanKbn=5", "url2": null, "内容": "株式会社　中央薬局末広店【5:薬局】宮城県　石巻市　末広町　２－３２" }, "geometry": { "type": "Point", "coordinates": [ 141.289108, 38.432162 ] } },
{ "type": "Feature", "properties": { "ID": 450400900152, "正式名称": "石巻青葉調剤薬局", "機関区分": 5, "都道府県コード": 4, "市区町村コード": 202, "所在地": "宮城県石巻市門脇字青葉西３５－４", "緯度": 38.435248, "経度": 141.264442, "url": "https://www.iryou.teikyouseido.mhlw.go.jp/znk-web/juminkanja/S2430/initialize?prefCd=04&kikanCd=0400900152&kikanKbn=5", "url2": "https://misato-prime.site", "内容": "石巻青葉調剤薬局【5:薬局】宮城県石巻市門脇字青葉西３５－４" }, "geometry": { "type": "Point", "coordinates": [ 141.264442, 38.435248 ] } },
{ "type": "Feature", "properties": { "ID": 450400900160, "正式名称": "有限会社うめもと薬局中央店", "機関区分": 5, "都道府県コード": 4, "市区町村コード": 202, "所在地": "宮城県石巻市中央一丁目１２－７", "緯度": 38.428733, "経度": 141.30752, "url": "https://www.iryou.teikyouseido.mhlw.go.jp/znk-web/juminkanja/S2430/initialize?prefCd=04&kikanCd=0400900160&kikanKbn=5", "url2": null, "内容": "有限会社うめもと薬局中央店【5:薬局】宮城県石巻市中央一丁目１２－７" }, "geometry": { "type": "Point", "coordinates": [ 141.30752, 38.428733 ] } },
{ "type": "Feature", "properties": { "ID": 450400900163, "正式名称": "有限会社万石調剤薬局", "機関区分": 5, "都道府県コード": 4, "市区町村コード": 202, "所在地": "宮城県石巻市垂水町３－３－１８", "緯度": 38.427722, "経度": 141.369845, "url": "https://www.iryou.teikyouseido.mhlw.go.jp/znk-web/juminkanja/S2430/initialize?prefCd=04&kikanCd=0400900163&kikanKbn=5", "url2": "mangokuchozai.com", "内容": "有限会社万石調剤薬局【5:薬局】宮城県石巻市垂水町３－３－１８" }, "geometry": { "type": "Point", "coordinates": [ 141.369845, 38.427722 ] } },
{ "type": "Feature", "properties": { "ID": 450400900171, "正式名称": "うめもとメディカル薬局", "機関区分": 5, "都道府県コード": 4, "市区町村コード": 202, "所在地": "宮城県石巻市鋳銭場５－３１", "緯度": 38.434412, "経度": 141.306737, "url": "https://www.iryou.teikyouseido.mhlw.go.jp/znk-web/juminkanja/S2430/initialize?prefCd=04&kikanCd=0400900171&kikanKbn=5", "url2": null, "内容": "うめもとメディカル薬局【5:薬局】宮城県石巻市鋳銭場５－３１" }, "geometry": { "type": "Point", "coordinates": [ 141.306737, 38.434412 ] } },
{ "type": "Feature", "properties": { "ID": 450400900175, "正式名称": "よつば薬局", "機関区分": 5, "都道府県コード": 4, "市区町村コード": 202, "所在地": "宮城県　石巻市　蛇田字北経塚　６７－４", "緯度": 38.454416, "経度": 141.265456, "url": "https://www.iryou.teikyouseido.mhlw.go.jp/znk-web/juminkanja/S2430/initialize?prefCd=04&kikanCd=0400900175&kikanKbn=5", "url2": null, "内容": "よつば薬局【5:薬局】宮城県　石巻市　蛇田字北経塚　６７－４" }, "geometry": { "type": "Point", "coordinates": [ 141.265456, 38.454416 ] } },
{ "type": "Feature", "properties": { "ID": 450400900176, "正式名称": "たかぎ薬局　清水店", "機関区分": 5, "都道府県コード": 4, "市区町村コード": 202, "所在地": "宮城県石巻市清水町１－７－１３", "緯度": 38.437831, "経度": 141.295652, "url": "https://www.iryou.teikyouseido.mhlw.go.jp/znk-web/juminkanja/S2430/initialize?prefCd=04&kikanCd=0400900176&kikanKbn=5", "url2": "http://www.cho-zai.co.jp", "内容": "たかぎ薬局　清水店【5:薬局】宮城県石巻市清水町１－７－１３" }, "geometry": { "type": "Point", "coordinates": [ 141.295652, 38.437831 ] } },
{ "type": "Feature", "properties": { "ID": 450400900178, "正式名称": "（有）星薬局あけぼの店", "機関区分": 5, "都道府県コード": 4, "市区町村コード": 202, "所在地": "宮城県石巻市あけぼの１－５－６", "緯度": 38.449653, "経度": 141.273837, "url": "https://www.iryou.teikyouseido.mhlw.go.jp/znk-web/juminkanja/S2430/initialize?prefCd=04&kikanCd=0400900178&kikanKbn=5", "url2": null, "内容": "（有）星薬局あけぼの店【5:薬局】宮城県石巻市あけぼの１－５－６" }, "geometry": { "type": "Point", "coordinates": [ 141.273837, 38.449653 ] } },
{ "type": "Feature", "properties": { "ID": 450400900179, "正式名称": "たかぎ薬局　赤井店", "機関区分": 5, "都道府県コード": 4, "市区町村コード": 214, "所在地": "宮城県東松島市赤井字鷲塚５９－１９", "緯度": 38.429472, "経度": 141.251465, "url": "https://www.iryou.teikyouseido.mhlw.go.jp/znk-web/juminkanja/S2430/initialize?prefCd=04&kikanCd=0400900179&kikanKbn=5", "url2": "http://www.cho-zai.co.jp", "内容": "たかぎ薬局　赤井店【5:薬局】宮城県東松島市赤井字鷲塚５９－１９" }, "geometry": { "type": "Point", "coordinates": [ 141.251465, 38.429472 ] } },
{ "type": "Feature", "properties": { "ID": 450400900182, "正式名称": "ペガサス薬局　鹿ノ又店", "機関区分": 5, "都道府県コード": 4, "市区町村コード": 202, "所在地": "宮城県石巻市鹿又字新八幡前５", "緯度": 38.486172, "経度": 141.28393, "url": "https://www.iryou.teikyouseido.mhlw.go.jp/znk-web/juminkanja/S2430/initialize?prefCd=04&kikanCd=0400900182&kikanKbn=5", "url2": "https://www.furu-cho.co.jp/", "内容": "ペガサス薬局　鹿ノ又店【5:薬局】宮城県石巻市鹿又字新八幡前５" }, "geometry": { "type": "Point", "coordinates": [ 141.28393, 38.486172 ] } },
{ "type": "Feature", "properties": { "ID": 450400900183, "正式名称": "エヌ・ワイ調剤薬局", "機関区分": 5, "都道府県コード": 4, "市区町村コード": 202, "所在地": "宮城県石巻市千石町２番３号", "緯度": 38.435036, "経度": 141.3089, "url": "https://www.iryou.teikyouseido.mhlw.go.jp/znk-web/juminkanja/S2430/initialize?prefCd=04&kikanCd=0400900183&kikanKbn=5", "url2": "https://ninomiya-pharmacy.com/", "内容": "エヌ・ワイ調剤薬局【5:薬局】宮城県石巻市千石町２番３号" }, "geometry": { "type": "Point", "coordinates": [ 141.3089, 38.435036 ] } },
{ "type": "Feature", "properties": { "ID": 450400900186, "正式名称": "たかぎ薬局　鹿又店", "機関区分": 5, "都道府県コード": 4, "市区町村コード": 202, "所在地": "宮城県石巻市鹿又字伊勢前５２－３", "緯度": 38.488903, "経度": 141.291339, "url": "https://www.iryou.teikyouseido.mhlw.go.jp/znk-web/juminkanja/S2430/initialize?prefCd=04&kikanCd=0400900186&kikanKbn=5", "url2": "http://www.cho-zai.co.jp", "内容": "たかぎ薬局　鹿又店【5:薬局】宮城県石巻市鹿又字伊勢前５２－３" }, "geometry": { "type": "Point", "coordinates": [ 141.291339, 38.488903 ] } },
{ "type": "Feature", "properties": { "ID": 450400900193, "正式名称": "有限会社　斎藤薬局", "機関区分": 5, "都道府県コード": 4, "市区町村コード": 202, "所在地": "宮城県石巻市蛇田字新埣寺１９０－５", "緯度": 38.442439, "経度": 141.277833, "url": "https://www.iryou.teikyouseido.mhlw.go.jp/znk-web/juminkanja/S2430/initialize?prefCd=04&kikanCd=0400900193&kikanKbn=5", "url2": "https://saitoh-pharm.mydns.jp", "内容": "有限会社　斎藤薬局【5:薬局】宮城県石巻市蛇田字新埣寺１９０－５" }, "geometry": { "type": "Point", "coordinates": [ 141.277833, 38.442439 ] } },
{ "type": "Feature", "properties": { "ID": 450400900197, "正式名称": "響調剤薬局", "機関区分": 5, "都道府県コード": 4, "市区町村コード": 202, "所在地": "宮城県石巻市蛇田字北経塚１８－７", "緯度": 38.453275, "経度": 141.265289, "url": "https://www.iryou.teikyouseido.mhlw.go.jp/znk-web/juminkanja/S2430/initialize?prefCd=04&kikanCd=0400900197&kikanKbn=5", "url2": null, "内容": "響調剤薬局【5:薬局】宮城県石巻市蛇田字北経塚１８－７" }, "geometry": { "type": "Point", "coordinates": [ 141.265289, 38.453275 ] } },
{ "type": "Feature", "properties": { "ID": 450400900198, "正式名称": "ものう薬局", "機関区分": 5, "都道府県コード": 4, "市区町村コード": 202, "所在地": "宮城県石巻市桃生町中津山字八木１８４－１", "緯度": 38.562324, "経度": 141.24245, "url": "https://www.iryou.teikyouseido.mhlw.go.jp/znk-web/juminkanja/S2430/initialize?prefCd=04&kikanCd=0400900198&kikanKbn=5", "url2": null, "内容": "ものう薬局【5:薬局】宮城県石巻市桃生町中津山字八木１８４－１" }, "geometry": { "type": "Point", "coordinates": [ 141.24245, 38.562324 ] } },
{ "type": "Feature", "properties": { "ID": 450400900200, "正式名称": "わかば薬局", "機関区分": 5, "都道府県コード": 4, "市区町村コード": 214, "所在地": "宮城県東松島市矢本字鹿石前１０３番地３", "緯度": 38.412416, "経度": 141.208898, "url": "https://www.iryou.teikyouseido.mhlw.go.jp/znk-web/juminkanja/S2430/initialize?prefCd=04&kikanCd=0400900200&kikanKbn=5", "url2": null, "内容": "わかば薬局【5:薬局】宮城県東松島市矢本字鹿石前１０３番地３" }, "geometry": { "type": "Point", "coordinates": [ 141.208898, 38.412416 ] } },
{ "type": "Feature", "properties": { "ID": 450400900217, "正式名称": "和薬局", "機関区分": 5, "都道府県コード": 4, "市区町村コード": 214, "所在地": "宮城県東松島市矢本字上河戸２９３－７", "緯度": 38.422561, "経度": 141.204906, "url": "https://www.iryou.teikyouseido.mhlw.go.jp/znk-web/juminkanja/S2430/initialize?prefCd=04&kikanCd=0400900217&kikanKbn=5", "url2": null, "内容": "和薬局【5:薬局】宮城県東松島市矢本字上河戸２９３－７" }, "geometry": { "type": "Point", "coordinates": [ 141.204906, 38.422561 ] } },
{ "type": "Feature", "properties": { "ID": 450400900224, "正式名称": "ひまわり調剤薬局", "機関区分": 5, "都道府県コード": 4, "市区町村コード": 214, "所在地": "宮城県東松島市矢本字南浦３０", "緯度": 38.421152, "経度": 141.219292, "url": "https://www.iryou.teikyouseido.mhlw.go.jp/znk-web/juminkanja/S2430/initialize?prefCd=04&kikanCd=0400900224&kikanKbn=5", "url2": null, "内容": "ひまわり調剤薬局【5:薬局】宮城県東松島市矢本字南浦３０" }, "geometry": { "type": "Point", "coordinates": [ 141.219292, 38.421152 ] } },
{ "type": "Feature", "properties": { "ID": 450400900230, "正式名称": "ペガサス薬局", "機関区分": 5, "都道府県コード": 4, "市区町村コード": 202, "所在地": "宮城県石巻市鋳銭場１－９", "緯度": 38.433673, "経度": 141.305592, "url": "https://www.iryou.teikyouseido.mhlw.go.jp/znk-web/juminkanja/S2430/initialize?prefCd=04&kikanCd=0400900230&kikanKbn=5", "url2": "http://www.pegasas.jp/", "内容": "ペガサス薬局【5:薬局】宮城県石巻市鋳銭場１－９" }, "geometry": { "type": "Point", "coordinates": [ 141.305592, 38.433673 ] } },
{ "type": "Feature", "properties": { "ID": 450400900234, "正式名称": "イオンスーパーセンター石巻東店薬局", "機関区分": 5, "都道府県コード": 4, "市区町村コード": 202, "所在地": "宮城県石巻市流留字七勺１番１", "緯度": 38.428045, "経度": 141.376072, "url": "https://www.iryou.teikyouseido.mhlw.go.jp/znk-web/juminkanja/S2430/initialize?prefCd=04&kikanCd=0400900234&kikanKbn=5", "url2": null, "内容": "イオンスーパーセンター石巻東店薬局【5:薬局】宮城県石巻市流留字七勺１番１" }, "geometry": { "type": "Point", "coordinates": [ 141.376072, 38.428045 ] } },
{ "type": "Feature", "properties": { "ID": 450400900235, "正式名称": "かどのわき薬局", "機関区分": 5, "都道府県コード": 4, "市区町村コード": 202, "所在地": "宮城県石巻市大街道南５丁目４番４３号", "緯度": 38.429537, "経度": 141.276781, "url": "https://www.iryou.teikyouseido.mhlw.go.jp/znk-web/juminkanja/S2430/initialize?prefCd=04&kikanCd=0400900235&kikanKbn=5", "url2": null, "内容": "かどのわき薬局【5:薬局】宮城県石巻市大街道南５丁目４番４３号" }, "geometry": { "type": "Point", "coordinates": [ 141.276781, 38.429537 ] } },
{ "type": "Feature", "properties": { "ID": 450400900236, "正式名称": "みっと調剤薬局", "機関区分": 5, "都道府県コード": 4, "市区町村コード": 214, "所在地": "宮城県東松島市赤井字台５３－１", "緯度": 38.432031, "経度": 141.257921, "url": "https://www.iryou.teikyouseido.mhlw.go.jp/znk-web/juminkanja/S2430/initialize?prefCd=04&kikanCd=0400900236&kikanKbn=5", "url2": null, "内容": "みっと調剤薬局【5:薬局】宮城県東松島市赤井字台５３－１" }, "geometry": { "type": "Point", "coordinates": [ 141.257921, 38.432031 ] } },
{ "type": "Feature", "properties": { "ID": 450400900238, "正式名称": "フレンド薬局石巻", "機関区分": 5, "都道府県コード": 4, "市区町村コード": 202, "所在地": "宮城県石巻市わかば２丁目１３－２", "緯度": 38.456639, "経度": 141.279011, "url": "https://www.iryou.teikyouseido.mhlw.go.jp/znk-web/juminkanja/S2430/initialize?prefCd=04&kikanCd=0400900238&kikanKbn=5", "url2": null, "内容": "フレンド薬局石巻【5:薬局】宮城県石巻市わかば２丁目１３－２" }, "geometry": { "type": "Point", "coordinates": [ 141.279011, 38.456639 ] } },
{ "type": "Feature", "properties": { "ID": 450400900240, "正式名称": "カメイ調剤薬局石巻店", "機関区分": 5, "都道府県コード": 4, "市区町村コード": 202, "所在地": "宮城県石巻市わかば２丁目１２－１", "緯度": 38.456661, "経度": 141.280115, "url": "https://www.iryou.teikyouseido.mhlw.go.jp/znk-web/juminkanja/S2430/initialize?prefCd=04&kikanCd=0400900240&kikanKbn=5", "url2": "http://www.kamei.co.jp/pharmacy/index.html", "内容": "カメイ調剤薬局石巻店【5:薬局】宮城県石巻市わかば２丁目１２－１" }, "geometry": { "type": "Point", "coordinates": [ 141.280115, 38.456661 ] } },
{ "type": "Feature", "properties": { "ID": 450400900242, "正式名称": "ひかり薬局石巻", "機関区分": 5, "都道府県コード": 4, "市区町村コード": 202, "所在地": "宮城県石巻市わかば２丁目１１番地２", "緯度": 38.456843, "経度": 141.280344, "url": "https://www.iryou.teikyouseido.mhlw.go.jp/znk-web/juminkanja/S2430/initialize?prefCd=04&kikanCd=0400900242&kikanKbn=5", "url2": "http://www.hikari-pharmacy.co.jp", "内容": "ひかり薬局石巻【5:薬局】宮城県石巻市わかば２丁目１１番地２" }, "geometry": { "type": "Point", "coordinates": [ 141.280344, 38.456843 ] } },
{ "type": "Feature", "properties": { "ID": 450400900244, "正式名称": "調剤薬局　くりっぷ", "機関区分": 5, "都道府県コード": 4, "市区町村コード": 214, "所在地": "宮城県東松島市赤井字台５３－４", "緯度": 38.431094, "経度": 141.257895, "url": "https://www.iryou.teikyouseido.mhlw.go.jp/znk-web/juminkanja/S2430/initialize?prefCd=04&kikanCd=0400900244&kikanKbn=5", "url2": "https://p-clip.info", "内容": "調剤薬局　くりっぷ【5:薬局】宮城県東松島市赤井字台５３－４" }, "geometry": { "type": "Point", "coordinates": [ 141.257895, 38.431094 ] } },
{ "type": "Feature", "properties": { "ID": 450400900246, "正式名称": "株式会社　こぐま薬局", "機関区分": 5, "都道府県コード": 4, "市区町村コード": 214, "所在地": "宮城県東松島市小松字若葉７番地１２", "緯度": 38.428478, "経度": 141.210331, "url": "https://www.iryou.teikyouseido.mhlw.go.jp/znk-web/juminkanja/S2430/initialize?prefCd=04&kikanCd=0400900246&kikanKbn=5", "url2": "http://www.koguma-pha.co.jp", "内容": "株式会社　こぐま薬局【5:薬局】宮城県東松島市小松字若葉７番地１２" }, "geometry": { "type": "Point", "coordinates": [ 141.210331, 38.428478 ] } },
{ "type": "Feature", "properties": { "ID": 450400900249, "正式名称": "たかぎ薬局　広渕店", "機関区分": 5, "都道府県コード": 4, "市区町村コード": 202, "所在地": "宮城県石巻市広渕字町南一２９４－３", "緯度": 38.471551, "経度": 141.212664, "url": "https://www.iryou.teikyouseido.mhlw.go.jp/znk-web/juminkanja/S2430/initialize?prefCd=04&kikanCd=0400900249&kikanKbn=5", "url2": "http://www.cho-zai.co.jp", "内容": "たかぎ薬局　広渕店【5:薬局】宮城県石巻市広渕字町南一２９４－３" }, "geometry": { "type": "Point", "coordinates": [ 141.212664, 38.471551 ] } },
{ "type": "Feature", "properties": { "ID": 450400900254, "正式名称": "ハーブ調剤薬局　東松島店", "機関区分": 5, "都道府県コード": 4, "市区町村コード": 214, "所在地": "宮城県東松島市矢本字上河戸７７－１", "緯度": 38.425295, "経度": 141.208983, "url": "https://www.iryou.teikyouseido.mhlw.go.jp/znk-web/juminkanja/S2430/initialize?prefCd=04&kikanCd=0400900254&kikanKbn=5", "url2": "http://herb-pharmacy-888.com/", "内容": "ハーブ調剤薬局　東松島店【5:薬局】宮城県東松島市矢本字上河戸７７－１" }, "geometry": { "type": "Point", "coordinates": [ 141.208983, 38.425295 ] } },
{ "type": "Feature", "properties": { "ID": 450400900255, "正式名称": "ファーマライズ薬局石巻店", "機関区分": 5, "都道府県コード": 4, "市区町村コード": 202, "所在地": "宮城県石巻市わかば２丁目１１－３", "緯度": 38.456864, "経度": 141.280609, "url": "https://www.iryou.teikyouseido.mhlw.go.jp/znk-web/juminkanja/S2430/initialize?prefCd=04&kikanCd=0400900255&kikanKbn=5", "url2": "https://www.pharmarise.com/company/store/store.php?store_id=194", "内容": "ファーマライズ薬局石巻店【5:薬局】宮城県石巻市わかば２丁目１１－３" }, "geometry": { "type": "Point", "coordinates": [ 141.280609, 38.456864 ] } },
{ "type": "Feature", "properties": { "ID": 450400900258, "正式名称": "ひかり薬局矢本", "機関区分": 5, "都道府県コード": 4, "市区町村コード": 214, "所在地": "宮城県東松島市矢本字大溜３１－１", "緯度": 38.428411, "経度": 141.216444, "url": "https://www.iryou.teikyouseido.mhlw.go.jp/znk-web/juminkanja/S2430/initialize?prefCd=04&kikanCd=0400900258&kikanKbn=5", "url2": "http://www.hikari-pharmacy.co.jp", "内容": "ひかり薬局矢本【5:薬局】宮城県東松島市矢本字大溜３１－１" }, "geometry": { "type": "Point", "coordinates": [ 141.216444, 38.428411 ] } },
{ "type": "Feature", "properties": { "ID": 450400900259, "正式名称": "こだまファーマシィ", "機関区分": 5, "都道府県コード": 4, "市区町村コード": 202, "所在地": "宮城県石巻市泉町３丁目１０番４０号", "緯度": 38.429433, "経度": 141.292557, "url": "https://www.iryou.teikyouseido.mhlw.go.jp/znk-web/juminkanja/S2430/initialize?prefCd=04&kikanCd=0400900259&kikanKbn=5", "url2": "http://www.good-np.com", "内容": "こだまファーマシィ【5:薬局】宮城県石巻市泉町３丁目１０番４０号" }, "geometry": { "type": "Point", "coordinates": [ 141.292557, 38.429433 ] } },
{ "type": "Feature", "properties": { "ID": 450400900262, "正式名称": "たかぎ薬局　鹿妻店", "機関区分": 5, "都道府県コード": 4, "市区町村コード": 202, "所在地": "宮城県石巻市鹿妻南２丁目９－１", "緯度": 38.421282, "経度": 141.342049, "url": "https://www.iryou.teikyouseido.mhlw.go.jp/znk-web/juminkanja/S2430/initialize?prefCd=04&kikanCd=0400900262&kikanKbn=5", "url2": "http://www.cho-zai.co.jp", "内容": "たかぎ薬局　鹿妻店【5:薬局】宮城県石巻市鹿妻南２丁目９－１" }, "geometry": { "type": "Point", "coordinates": [ 141.342049, 38.421282 ] } },
{ "type": "Feature", "properties": { "ID": 450400900266, "正式名称": "おおはし薬局", "機関区分": 5, "都道府県コード": 4, "市区町村コード": 202, "所在地": "宮城県石巻市大橋３－２－１５", "緯度": 38.443937, "経度": 141.309819, "url": "https://www.iryou.teikyouseido.mhlw.go.jp/znk-web/juminkanja/S2430/initialize?prefCd=04&kikanCd=0400900266&kikanKbn=5", "url2": "https://www.sea-pharma.com/home", "内容": "おおはし薬局【5:薬局】宮城県石巻市大橋３－２－１５" }, "geometry": { "type": "Point", "coordinates": [ 141.309819, 38.443937 ] } },
{ "type": "Feature", "properties": { "ID": 450400900267, "正式名称": "薬局　みらい号", "機関区分": 5, "都道府県コード": 4, "市区町村コード": 202, "所在地": "宮城県石巻市わかば２－５－１", "緯度": 38.456255, "経度": 141.28038, "url": "https://www.iryou.teikyouseido.mhlw.go.jp/znk-web/juminkanja/S2430/initialize?prefCd=04&kikanCd=0400900267&kikanKbn=5", "url2": "http://www.cho-zai.co.jp", "内容": "薬局　みらい号【5:薬局】宮城県石巻市わかば２－５－１" }, "geometry": { "type": "Point", "coordinates": [ 141.28038, 38.456255 ] } },
{ "type": "Feature", "properties": { "ID": 450400900268, "正式名称": "有限会社　へびた調剤薬局", "機関区分": 5, "都道府県コード": 4, "市区町村コード": 202, "所在地": "宮城県石巻市わかば２丁目１番地４", "緯度": 38.455062, "経度": 141.282177, "url": "https://www.iryou.teikyouseido.mhlw.go.jp/znk-web/juminkanja/S2430/initialize?prefCd=04&kikanCd=0400900268&kikanKbn=5", "url2": null, "内容": "有限会社　へびた調剤薬局【5:薬局】宮城県石巻市わかば２丁目１番地４" }, "geometry": { "type": "Point", "coordinates": [ 141.282177, 38.455062 ] } },
{ "type": "Feature", "properties": { "ID": 450400900270, "正式名称": "有限会社キクユウ薬局", "機関区分": 5, "都道府県コード": 4, "市区町村コード": 202, "所在地": "宮城県石巻市美園三丁目１番地１０", "緯度": 38.456531, "経度": 141.302763, "url": "https://www.iryou.teikyouseido.mhlw.go.jp/znk-web/juminkanja/S2430/initialize?prefCd=04&kikanCd=0400900270&kikanKbn=5", "url2": "https://www.kikuyuu.co.jp", "内容": "有限会社キクユウ薬局【5:薬局】宮城県石巻市美園三丁目１番地１０" }, "geometry": { "type": "Point", "coordinates": [ 141.302763, 38.456531 ] } },
{ "type": "Feature", "properties": { "ID": 450400900272, "正式名称": "有限会社　穀町調剤薬局", "機関区分": 5, "都道府県コード": 4, "市区町村コード": 202, "所在地": "宮城県石巻市穀町５－２５", "緯度": 38.4335501, "経度": 141.30204, "url": "https://www.iryou.teikyouseido.mhlw.go.jp/znk-web/juminkanja/S2430/initialize?prefCd=04&kikanCd=0400900272&kikanKbn=5", "url2": null, "内容": "有限会社　穀町調剤薬局【5:薬局】宮城県石巻市穀町５－２５" }, "geometry": { "type": "Point", "coordinates": [ 141.30204, 38.4335501 ] } },
{ "type": "Feature", "properties": { "ID": 450400900273, "正式名称": "カワチ薬局石巻西店", "機関区分": 5, "都道府県コード": 4, "市区町村コード": 202, "所在地": "宮城県石巻市恵み野４－１－１６", "緯度": 38.441991, "経度": 141.269453, "url": "https://www.iryou.teikyouseido.mhlw.go.jp/znk-web/juminkanja/S2430/initialize?prefCd=04&kikanCd=0400900273&kikanKbn=5", "url2": "http://www.cawachi.co.jp", "内容": "カワチ薬局石巻西店【5:薬局】宮城県石巻市恵み野４－１－１６" }, "geometry": { "type": "Point", "coordinates": [ 141.269453, 38.441991 ] } },
{ "type": "Feature", "properties": { "ID": 450400900275, "正式名称": "日本調剤　石巻薬局", "機関区分": 5, "都道府県コード": 4, "市区町村コード": 202, "所在地": "宮城県石巻市駅前北通り１丁目１４－２９", "緯度": 38.438242, "経度": 141.307402, "url": "https://www.iryou.teikyouseido.mhlw.go.jp/znk-web/juminkanja/S2430/initialize?prefCd=04&kikanCd=0400900275&kikanKbn=5", "url2": "https://www.nicho.co.jp/tenpo/dainohara/", "内容": "日本調剤　石巻薬局【5:薬局】宮城県石巻市駅前北通り１丁目１４－２９" }, "geometry": { "type": "Point", "coordinates": [ 141.307402, 38.438242 ] } },
{ "type": "Feature", "properties": { "ID": 450400900276, "正式名称": "岡部薬局渡波中央店", "機関区分": 5, "都道府県コード": 4, "市区町村コード": 202, "所在地": "宮城県石巻市後生橋１－３", "緯度": 38.420208, "経度": 141.366672, "url": "https://www.iryou.teikyouseido.mhlw.go.jp/znk-web/juminkanja/S2430/initialize?prefCd=04&kikanCd=0400900276&kikanKbn=5", "url2": null, "内容": "岡部薬局渡波中央店【5:薬局】宮城県石巻市後生橋１－３" }, "geometry": { "type": "Point", "coordinates": [ 141.366672, 38.420208 ] } },
{ "type": "Feature", "properties": { "ID": 450400900277, "正式名称": "きたかみ調剤薬局", "機関区分": 5, "都道府県コード": 4, "市区町村コード": 202, "所在地": "宮城県石巻市北上町橋浦字大須１８２－１", "緯度": 38.549393, "経度": 141.38632, "url": "https://www.iryou.teikyouseido.mhlw.go.jp/znk-web/juminkanja/S2430/initialize?prefCd=04&kikanCd=0400900277&kikanKbn=5", "url2": null, "内容": "きたかみ調剤薬局【5:薬局】宮城県石巻市北上町橋浦字大須１８２－１" }, "geometry": { "type": "Point", "coordinates": [ 141.38632, 38.549393 ] } },
{ "type": "Feature", "properties": { "ID": 450400900279, "正式名称": "薬局みどりの風", "機関区分": 5, "都道府県コード": 4, "市区町村コード": 202, "所在地": "宮城県石巻市蛇田字新埣寺１４１－３", "緯度": 38.443679, "経度": 141.27437, "url": "https://www.iryou.teikyouseido.mhlw.go.jp/znk-web/juminkanja/S2430/initialize?prefCd=04&kikanCd=0400900279&kikanKbn=5", "url2": "http://www.cho-zai.co.jp", "内容": "薬局みどりの風【5:薬局】宮城県石巻市蛇田字新埣寺１４１－３" }, "geometry": { "type": "Point", "coordinates": [ 141.27437, 38.443679 ] } },
{ "type": "Feature", "properties": { "ID": 450400900280, "正式名称": "石巻医薬品センター薬局", "機関区分": 5, "都道府県コード": 4, "市区町村コード": 202, "所在地": "宮城県石巻市大街道西２丁目１－２３", "緯度": 38.430845, "経度": 141.275171, "url": "https://www.iryou.teikyouseido.mhlw.go.jp/znk-web/juminkanja/S2430/initialize?prefCd=04&kikanCd=0400900280&kikanKbn=5", "url2": null, "内容": "石巻医薬品センター薬局【5:薬局】宮城県石巻市大街道西２丁目１－２３" }, "geometry": { "type": "Point", "coordinates": [ 141.275171, 38.430845 ] } },
{ "type": "Feature", "properties": { "ID": 450400900282, "正式名称": "エムアート薬局", "機関区分": 5, "都道府県コード": 4, "市区町村コード": 202, "所在地": "宮城県石巻市新橋１－３５", "緯度": 38.439484, "経度": 141.290783, "url": "https://www.iryou.teikyouseido.mhlw.go.jp/znk-web/juminkanja/S2430/initialize?prefCd=04&kikanCd=0400900282&kikanKbn=5", "url2": null, "内容": "エムアート薬局【5:薬局】宮城県石巻市新橋１－３５" }, "geometry": { "type": "Point", "coordinates": [ 141.290783, 38.439484 ] } },
{ "type": "Feature", "properties": { "ID": 450400900284, "正式名称": "カメイ調剤薬局　石巻山下店", "機関区分": 5, "都道府県コード": 4, "市区町村コード": 202, "所在地": "宮城県石巻市錦町６－４７", "緯度": 38.4366134, "経度": 141.2881255, "url": "https://www.iryou.teikyouseido.mhlw.go.jp/znk-web/juminkanja/S2430/initialize?prefCd=04&kikanCd=0400900284&kikanKbn=5", "url2": "http://www.kamei.co.jp/pharmacy/index.html", "内容": "カメイ調剤薬局　石巻山下店【5:薬局】宮城県石巻市錦町６－４７" }, "geometry": { "type": "Point", "coordinates": [ 141.2881255, 38.4366134 ] } },
{ "type": "Feature", "properties": { "ID": 450400900285, "正式名称": "フロンティア薬局矢本店", "機関区分": 5, "都道府県コード": 4, "市区町村コード": 214, "所在地": "宮城県東松島市矢本字大溜３２番１", "緯度": 38.428414, "経度": 141.216317, "url": "https://www.iryou.teikyouseido.mhlw.go.jp/znk-web/juminkanja/S2430/initialize?prefCd=04&kikanCd=0400900285&kikanKbn=5", "url2": "http://www.frontier-ph.com", "内容": "フロンティア薬局矢本店【5:薬局】宮城県東松島市矢本字大溜３２番１" }, "geometry": { "type": "Point", "coordinates": [ 141.216317, 38.428414 ] } },
{ "type": "Feature", "properties": { "ID": 450400900287, "正式名称": "さくら薬局石巻駅前店", "機関区分": 5, "都道府県コード": 4, "市区町村コード": 202, "所在地": "宮城県石巻市清水町１丁目１番２号", "緯度": 38.435436, "経度": 141.299108, "url": "https://www.iryou.teikyouseido.mhlw.go.jp/znk-web/juminkanja/S2430/initialize?prefCd=04&kikanCd=0400900287&kikanKbn=5", "url2": null, "内容": "さくら薬局石巻駅前店【5:薬局】宮城県石巻市清水町１丁目１番２号" }, "geometry": { "type": "Point", "coordinates": [ 141.299108, 38.435436 ] } },
{ "type": "Feature", "properties": { "ID": 450400900289, "正式名称": "あかね調剤薬局", "機関区分": 5, "都道府県コード": 4, "市区町村コード": 202, "所在地": "宮城県石巻市茜平２丁目２番地１７", "緯度": 38.449954, "経度": 141.266066, "url": "https://www.iryou.teikyouseido.mhlw.go.jp/znk-web/juminkanja/S2430/initialize?prefCd=04&kikanCd=0400900289&kikanKbn=5", "url2": null, "内容": "あかね調剤薬局【5:薬局】宮城県石巻市茜平２丁目２番地１７" }, "geometry": { "type": "Point", "coordinates": [ 141.266066, 38.449954 ] } },
{ "type": "Feature", "properties": { "ID": 450400900290, "正式名称": "マルイチ薬局", "機関区分": 5, "都道府県コード": 4, "市区町村コード": 202, "所在地": "宮城県石巻市山下町一丁目７番２３号", "緯度": 38.43287, "経度": 141.29331, "url": "https://www.iryou.teikyouseido.mhlw.go.jp/znk-web/juminkanja/S2430/initialize?prefCd=04&kikanCd=0400900290&kikanKbn=5", "url2": "http://maruichi-yakkyoku.jp", "内容": "マルイチ薬局【5:薬局】宮城県石巻市山下町一丁目７番２３号" }, "geometry": { "type": "Point", "coordinates": [ 141.29331, 38.43287 ] } },
{ "type": "Feature", "properties": { "ID": 450400900291, "正式名称": "けやき薬局　石巻店", "機関区分": 5, "都道府県コード": 4, "市区町村コード": 202, "所在地": "宮城県石巻市恵み野５－１０－３", "緯度": 38.442359, "経度": 141.265387, "url": "https://www.iryou.teikyouseido.mhlw.go.jp/znk-web/juminkanja/S2430/initialize?prefCd=04&kikanCd=0400900291&kikanKbn=5", "url2": "http://www.keyaki-p.com", "内容": "けやき薬局　石巻店【5:薬局】宮城県石巻市恵み野５－１０－３" }, "geometry": { "type": "Point", "coordinates": [ 141.265387, 38.442359 ] } },
{ "type": "Feature", "properties": { "ID": 450400900293, "正式名称": "薬局うみかぜ号", "機関区分": 5, "都道府県コード": 4, "市区町村コード": 202, "所在地": "宮城県石巻市穀町６－１７", "緯度": 38.433959, "経度": 141.301708, "url": "https://www.iryou.teikyouseido.mhlw.go.jp/znk-web/juminkanja/S2430/initialize?prefCd=04&kikanCd=0400900293&kikanKbn=5", "url2": "http://www.cho-zai.co.jp", "内容": "薬局うみかぜ号【5:薬局】宮城県石巻市穀町６－１７" }, "geometry": { "type": "Point", "coordinates": [ 141.301708, 38.433959 ] } },
{ "type": "Feature", "properties": { "ID": 450400900294, "正式名称": "薬局そよかぜ号", "機関区分": 5, "都道府県コード": 4, "市区町村コード": 202, "所在地": "宮城県石巻市穀町１２－１８", "緯度": 38.434577, "経度": 141.303476, "url": "https://www.iryou.teikyouseido.mhlw.go.jp/znk-web/juminkanja/S2430/initialize?prefCd=04&kikanCd=0400900294&kikanKbn=5", "url2": "http://www.cho-zai.co.jp", "内容": "薬局そよかぜ号【5:薬局】宮城県石巻市穀町１２－１８" }, "geometry": { "type": "Point", "coordinates": [ 141.303476, 38.434577 ] } },
{ "type": "Feature", "properties": { "ID": 450400900295, "正式名称": "ウエルシア薬局　石巻赤十字病院前店", "機関区分": 5, "都道府県コード": 4, "市区町村コード": 202, "所在地": "宮城県石巻市あけぼの北１丁目１ー７", "緯度": 38.457122, "経度": 141.277758, "url": "https://www.iryou.teikyouseido.mhlw.go.jp/znk-web/juminkanja/S2430/initialize?prefCd=04&kikanCd=0400900295&kikanKbn=5", "url2": "https://www.welcia-yakkyoku.co.jp/", "内容": "ウエルシア薬局　石巻赤十字病院前店【5:薬局】宮城県石巻市あけぼの北１丁目１ー７" }, "geometry": { "type": "Point", "coordinates": [ 141.277758, 38.457122 ] } },
{ "type": "Feature", "properties": { "ID": 450400900297, "正式名称": "調剤薬局ツルハドラッグ石巻蛇田店", "機関区分": 5, "都道府県コード": 4, "市区町村コード": 202, "所在地": "宮城県石巻市蛇田字新丸井戸４４－１", "緯度": 38.4465008, "経度": 141.2743734, "url": "https://www.iryou.teikyouseido.mhlw.go.jp/znk-web/juminkanja/S2430/initialize?prefCd=04&kikanCd=0400900297&kikanKbn=5", "url2": "http://www.tsuruha.co.jp/", "内容": "調剤薬局ツルハドラッグ石巻蛇田店【5:薬局】宮城県石巻市蛇田字新丸井戸４４－１" }, "geometry": { "type": "Point", "coordinates": [ 141.2743734, 38.4465008 ] } },
{ "type": "Feature", "properties": { "ID": 450400900298, "正式名称": "調剤薬局ツルハドラッグ石巻中里店", "機関区分": 5, "都道府県コード": 4, "市区町村コード": 202, "所在地": "宮城県石巻市南中里１丁目１０番５号", "緯度": 38.440701, "経度": 141.303159, "url": "https://www.iryou.teikyouseido.mhlw.go.jp/znk-web/juminkanja/S2430/initialize?prefCd=04&kikanCd=0400900298&kikanKbn=5", "url2": "https://shop.tsuruha-g.com/0880c", "内容": "調剤薬局ツルハドラッグ石巻中里店【5:薬局】宮城県石巻市南中里１丁目１０番５号" }, "geometry": { "type": "Point", "coordinates": [ 141.303159, 38.440701 ] } },
{ "type": "Feature", "properties": { "ID": 450400900299, "正式名称": "調剤薬局ツルハドラッグ石巻あゆみ野店", "機関区分": 5, "都道府県コード": 4, "市区町村コード": 202, "所在地": "宮城県石巻市あゆみ野三丁目２番地１７", "緯度": 38.440347, "経度": 141.262545, "url": "https://www.iryou.teikyouseido.mhlw.go.jp/znk-web/juminkanja/S2430/initialize?prefCd=04&kikanCd=0400900299&kikanKbn=5", "url2": "http://www.tsuruha.co.jp", "内容": "調剤薬局ツルハドラッグ石巻あゆみ野店【5:薬局】宮城県石巻市あゆみ野三丁目２番地１７" }, "geometry": { "type": "Point", "coordinates": [ 141.262545, 38.440347 ] } },
{ "type": "Feature", "properties": { "ID": 450400900300, "正式名称": "ファーマライズ薬局のびるが丘店", "機関区分": 5, "都道府県コード": 4, "市区町村コード": 214, "所在地": "宮城県東松島市野蒜ケ丘２－３７－２　ショッピングプラザ森の風内", "緯度": 38.375592, "経度": 141.14807, "url": "https://www.iryou.teikyouseido.mhlw.go.jp/znk-web/juminkanja/S2430/initialize?prefCd=04&kikanCd=0400900300&kikanKbn=5", "url2": "https://www.pharmarise.com/company/store/store.php?store_id=238", "内容": "ファーマライズ薬局のびるが丘店【5:薬局】宮城県東松島市野蒜ケ丘２－３７－２　ショッピングプラザ森の風内" }, "geometry": { "type": "Point", "coordinates": [ 141.14807, 38.375592 ] } },
{ "type": "Feature", "properties": { "ID": 450400900301, "正式名称": "すみい薬局", "機関区分": 5, "都道府県コード": 4, "市区町村コード": 202, "所在地": "宮城県石巻市住吉町１丁目８－４６", "緯度": 38.435416, "経度": 141.31101, "url": "https://www.iryou.teikyouseido.mhlw.go.jp/znk-web/juminkanja/S2430/initialize?prefCd=04&kikanCd=0400900301&kikanKbn=5", "url2": "https://www.good-np.com/", "内容": "すみい薬局【5:薬局】宮城県石巻市住吉町１丁目８－４６" }, "geometry": { "type": "Point", "coordinates": [ 141.31101, 38.435416 ] } },
{ "type": "Feature", "properties": { "ID": 450400900303, "正式名称": "ヤマト漢方薬局", "機関区分": 5, "都道府県コード": 4, "市区町村コード": 202, "所在地": "宮城県石巻市あゆみ野五丁目５番地６", "緯度": 38.4406709, "経度": 141.2606546, "url": "https://www.iryou.teikyouseido.mhlw.go.jp/znk-web/juminkanja/S2430/initialize?prefCd=04&kikanCd=0400900303&kikanKbn=5", "url2": "http://www.yamato-kanpo.co.jp", "内容": "ヤマト漢方薬局【5:薬局】宮城県石巻市あゆみ野五丁目５番地６" }, "geometry": { "type": "Point", "coordinates": [ 141.2606546, 38.4406709 ] } },
{ "type": "Feature", "properties": { "ID": 450400900304, "正式名称": "薬局虹の風", "機関区分": 5, "都道府県コード": 4, "市区町村コード": 202, "所在地": "宮城県石巻市須江字皮剝１０５－４", "緯度": 38.479058, "経度": 141.238356, "url": "https://www.iryou.teikyouseido.mhlw.go.jp/znk-web/juminkanja/S2430/initialize?prefCd=04&kikanCd=0400900304&kikanKbn=5", "url2": "http://www.cho-zai.co.jp", "内容": "薬局虹の風【5:薬局】宮城県石巻市須江字皮剝１０５－４" }, "geometry": { "type": "Point", "coordinates": [ 141.238356, 38.479058 ] } },
{ "type": "Feature", "properties": { "ID": 450400900305, "正式名称": "ひかり薬局野蒜ケ丘", "機関区分": 5, "都道府県コード": 4, "市区町村コード": 214, "所在地": "宮城県東松島市野蒜ケ丘３－２９－６", "緯度": 38.378777, "経度": 141.139727, "url": "https://www.iryou.teikyouseido.mhlw.go.jp/znk-web/juminkanja/S2430/initialize?prefCd=04&kikanCd=0400900305&kikanKbn=5", "url2": "http://www.hikari-pharmacy.co.jp", "内容": "ひかり薬局野蒜ケ丘【5:薬局】宮城県東松島市野蒜ケ丘３－２９－６" }, "geometry": { "type": "Point", "coordinates": [ 141.139727, 38.378777 ] } },
{ "type": "Feature", "properties": { "ID": 450400900307, "正式名称": "かなりあ薬局", "機関区分": 5, "都道府県コード": 4, "市区町村コード": 202, "所在地": "宮城県石巻市蛇田字下中埣２７番地１０", "緯度": 38.442439, "経度": 141.285553, "url": "https://www.iryou.teikyouseido.mhlw.go.jp/znk-web/juminkanja/S2430/initialize?prefCd=04&kikanCd=0400900307&kikanKbn=5", "url2": null, "内容": "かなりあ薬局【5:薬局】宮城県石巻市蛇田字下中埣２７番地１０" }, "geometry": { "type": "Point", "coordinates": [ 141.285553, 38.442439 ] } },
{ "type": "Feature", "properties": { "ID": 450400900308, "正式名称": "有限会社　二宮調剤薬局", "機関区分": 5, "都道府県コード": 4, "市区町村コード": 202, "所在地": "宮城県石巻市不動町１丁目７番２号", "緯度": 38.433591, "経度": 141.315546, "url": "https://www.iryou.teikyouseido.mhlw.go.jp/znk-web/juminkanja/S2430/initialize?prefCd=04&kikanCd=0400900308&kikanKbn=5", "url2": "https://ninomiya-pharmacy.com/", "内容": "有限会社　二宮調剤薬局【5:薬局】宮城県石巻市不動町１丁目７番２号" }, "geometry": { "type": "Point", "coordinates": [ 141.315546, 38.433591 ] } },
{ "type": "Feature", "properties": { "ID": 450400900309, "正式名称": "一般社団法人石巻薬剤師会　会営女川薬局", "機関区分": 5, "都道府県コード": 4, "市区町村コード": 581, "所在地": "宮城県牡鹿郡女川町女川２丁目１０－１０", "緯度": 38.445126, "経度": 141.44196, "url": "https://www.iryou.teikyouseido.mhlw.go.jp/znk-web/juminkanja/S2430/initialize?prefCd=04&kikanCd=0400900309&kikanKbn=5", "url2": null, "内容": "一般社団法人石巻薬剤師会　会営女川薬局【5:薬局】宮城県牡鹿郡女川町女川２丁目１０－１０" }, "geometry": { "type": "Point", "coordinates": [ 141.44196, 38.445126 ] } },
{ "type": "Feature", "properties": { "ID": 450400900310, "正式名称": "ツルハドラッグイオンタウン矢本調剤薬局", "機関区分": 5, "都道府県コード": 4, "市区町村コード": 214, "所在地": "宮城県東松島市小松字谷地２０８他", "緯度": 38.437433, "経度": 141.202439, "url": "https://www.iryou.teikyouseido.mhlw.go.jp/znk-web/juminkanja/S2430/initialize?prefCd=04&kikanCd=0400900310&kikanKbn=5", "url2": "https://shop.tsuruha-g.com/1591", "内容": "ツルハドラッグイオンタウン矢本調剤薬局【5:薬局】宮城県東松島市小松字谷地２０８他" }, "geometry": { "type": "Point", "coordinates": [ 141.202439, 38.437433 ] } },
{ "type": "Feature", "properties": { "ID": 450400900311, "正式名称": "東まつしま薬局", "機関区分": 5, "都道府県コード": 4, "市区町村コード": 214, "所在地": "宮城県東松島市赤井字川前４番１－７", "緯度": 38.441179, "経度": 141.234053, "url": "https://www.iryou.teikyouseido.mhlw.go.jp/znk-web/juminkanja/S2430/initialize?prefCd=04&kikanCd=0400900311&kikanKbn=5", "url2": null, "内容": "東まつしま薬局【5:薬局】宮城県東松島市赤井字川前４番１－７" }, "geometry": { "type": "Point", "coordinates": [ 141.234053, 38.441179 ] } },
{ "type": "Feature", "properties": { "ID": 450400900312, "正式名称": "さくら薬局石巻八幡店", "機関区分": 5, "都道府県コード": 4, "市区町村コード": 202, "所在地": "宮城県石巻市八幡町１丁目６番５号", "緯度": 38.429832, "経度": 141.313947, "url": "https://www.iryou.teikyouseido.mhlw.go.jp/znk-web/juminkanja/S2430/initialize?prefCd=04&kikanCd=0400900312&kikanKbn=5", "url2": "https://www.kraft-net.co.jp/sakura/store/4110/", "内容": "さくら薬局石巻八幡店【5:薬局】宮城県石巻市八幡町１丁目６番５号" }, "geometry": { "type": "Point", "coordinates": [ 141.313947, 38.429832 ] } },
{ "type": "Feature", "properties": { "ID": 450400900313, "正式名称": "山の手調剤薬局", "機関区分": 5, "都道府県コード": 4, "市区町村コード": 202, "所在地": "宮城県石巻市大手町４－５６１", "緯度": 38.423847, "経度": 141.2997, "url": "https://www.iryou.teikyouseido.mhlw.go.jp/znk-web/juminkanja/S2430/initialize?prefCd=04&kikanCd=0400900313&kikanKbn=5", "url2": "https://ninomiya-pharmacy.com/", "内容": "山の手調剤薬局【5:薬局】宮城県石巻市大手町４－５６１" }, "geometry": { "type": "Point", "coordinates": [ 141.2997, 38.423847 ] } },
{ "type": "Feature", "properties": { "ID": 450400900314, "正式名称": "調剤薬局ツルハドラッグ石巻広渕店", "機関区分": 5, "都道府県コード": 4, "市区町村コード": 202, "所在地": "宮城県石巻市広渕字馬場屋敷３４番１", "緯度": 38.472804, "経度": 141.215586, "url": "https://www.iryou.teikyouseido.mhlw.go.jp/znk-web/juminkanja/S2430/initialize?prefCd=04&kikanCd=0400900314&kikanKbn=5", "url2": "https://www.tsuruha.co.jp", "内容": "調剤薬局ツルハドラッグ石巻広渕店【5:薬局】宮城県石巻市広渕字馬場屋敷３４番１" }, "geometry": { "type": "Point", "coordinates": [ 141.215586, 38.472804 ] } },
{ "type": "Feature", "properties": { "ID": 450400900316, "正式名称": "アイン薬局東松島店", "機関区分": 5, "都道府県コード": 4, "市区町村コード": 214, "所在地": "宮城県東松島市牛網新上江戸原２７－２", "緯度": 38.395568, "経度": 141.176326, "url": "https://www.iryou.teikyouseido.mhlw.go.jp/znk-web/juminkanja/S2430/initialize?prefCd=04&kikanCd=0400900316&kikanKbn=5", "url2": "https://www.ainj.co.jp/", "内容": "アイン薬局東松島店【5:薬局】宮城県東松島市牛網新上江戸原２７－２" }, "geometry": { "type": "Point", "coordinates": [ 141.176326, 38.395568 ] } },
{ "type": "Feature", "properties": { "ID": 450400900317, "正式名称": "アイン薬局石巻相野谷店", "機関区分": 5, "都道府県コード": 4, "市区町村コード": 202, "所在地": "宮城県石巻市相野谷字飯野川町２０６－３１", "緯度": 38.513997, "経度": 141.314994, "url": "https://www.iryou.teikyouseido.mhlw.go.jp/znk-web/juminkanja/S2430/initialize?prefCd=04&kikanCd=0400900317&kikanKbn=5", "url2": "http://www.ainj.co.jp/", "内容": "アイン薬局石巻相野谷店【5:薬局】宮城県石巻市相野谷字飯野川町２０６－３１" }, "geometry": { "type": "Point", "coordinates": [ 141.314994, 38.513997 ] } },
{ "type": "Feature", "properties": { "ID": 450400900318, "正式名称": "アイン薬局　石巻中浦店", "機関区分": 5, "都道府県コード": 4, "市区町村コード": 202, "所在地": "宮城県石巻市中浦一丁目２番１２４号", "緯度": 38.429134, "経度": 141.268603, "url": "https://www.iryou.teikyouseido.mhlw.go.jp/znk-web/juminkanja/S2430/initialize?prefCd=04&kikanCd=0400900318&kikanKbn=5", "url2": "http://www.ainj.co.jp", "内容": "アイン薬局　石巻中浦店【5:薬局】宮城県石巻市中浦一丁目２番１２４号" }, "geometry": { "type": "Point", "coordinates": [ 141.268603, 38.429134 ] } },
{ "type": "Feature", "properties": { "ID": 450400900319, "正式名称": "なかざと薬局", "機関区分": 5, "都道府県コード": 4, "市区町村コード": 202, "所在地": "宮城県石巻市中里２－１２－１", "緯度": 38.442584, "経度": 141.300291, "url": "https://www.iryou.teikyouseido.mhlw.go.jp/znk-web/juminkanja/S2430/initialize?prefCd=04&kikanCd=0400900319&kikanKbn=5", "url2": "sea-pharma.com/home", "内容": "なかざと薬局【5:薬局】宮城県石巻市中里２－１２－１" }, "geometry": { "type": "Point", "coordinates": [ 141.300291, 38.442584 ] } },
{ "type": "Feature", "properties": { "ID": 450400900320, "正式名称": "葵調剤薬局桃生店", "機関区分": 5, "都道府県コード": 4, "市区町村コード": 202, "所在地": "宮城県石巻市桃生町寺崎字舟場前２５－１", "緯度": 38.57476, "経度": 141.250867, "url": "https://www.iryou.teikyouseido.mhlw.go.jp/znk-web/juminkanja/S2430/initialize?prefCd=04&kikanCd=0400900320&kikanKbn=5", "url2": "http://www.ainj.co.jp", "内容": "葵調剤薬局桃生店【5:薬局】宮城県石巻市桃生町寺崎字舟場前２５－１" }, "geometry": { "type": "Point", "coordinates": [ 141.250867, 38.57476 ] } },
{ "type": "Feature", "properties": { "ID": 450400900321, "正式名称": "石巻みらい薬局", "機関区分": 5, "都道府県コード": 4, "市区町村コード": 202, "所在地": "宮城県石巻市あゆみ野５丁目２番地２", "緯度": 38.443001, "経度": 141.263411, "url": "https://www.iryou.teikyouseido.mhlw.go.jp/znk-web/juminkanja/S2430/initialize?prefCd=04&kikanCd=0400900321&kikanKbn=5", "url2": null, "内容": "石巻みらい薬局【5:薬局】宮城県石巻市あゆみ野５丁目２番地２" }, "geometry": { "type": "Point", "coordinates": [ 141.263411, 38.443001 ] } },
{ "type": "Feature", "properties": { "ID": 450400900322, "正式名称": "ふくふく薬局", "機関区分": 5, "都道府県コード": 4, "市区町村コード": 202, "所在地": "宮城県石巻市あけぼの三丁目１−５", "緯度": 38.452936, "経度": 141.274893, "url": "https://www.iryou.teikyouseido.mhlw.go.jp/znk-web/juminkanja/S2430/initialize?prefCd=04&kikanCd=0400900322&kikanKbn=5", "url2": null, "内容": "ふくふく薬局【5:薬局】宮城県石巻市あけぼの三丁目１−５" }, "geometry": { "type": "Point", "coordinates": [ 141.274893, 38.452936 ] } },
{ "type": "Feature", "properties": { "ID": 450400900323, "正式名称": "イオン薬局石巻店", "機関区分": 5, "都道府県コード": 4, "市区町村コード": 202, "所在地": "宮城県石巻市茜平４丁目１０４番地", "緯度": 38.448578, "経度": 141.26437, "url": "https://www.iryou.teikyouseido.mhlw.go.jp/znk-web/juminkanja/S2430/initialize?prefCd=04&kikanCd=0400900323&kikanKbn=5", "url2": null, "内容": "イオン薬局石巻店【5:薬局】宮城県石巻市茜平４丁目１０４番地" }, "geometry": { "type": "Point", "coordinates": [ 141.26437, 38.448578 ] } },
{ "type": "Feature", "properties": { "ID": 450400900324, "正式名称": "イオン薬局石巻駅前店", "機関区分": 5, "都道府県コード": 4, "市区町村コード": 202, "所在地": "宮城県石巻市穀町１４番－１号", "緯度": 38.434257, "経度": 141.30261, "url": "https://www.iryou.teikyouseido.mhlw.go.jp/znk-web/juminkanja/S2430/initialize?prefCd=04&kikanCd=0400900324&kikanKbn=5", "url2": null, "内容": "イオン薬局石巻駅前店【5:薬局】宮城県石巻市穀町１４番－１号" }, "geometry": { "type": "Point", "coordinates": [ 141.30261, 38.434257 ] } },
{ "type": "Feature", "properties": { "ID": 450400900326, "正式名称": "カメイ調剤薬局　石巻蛇田店", "機関区分": 5, "都道府県コード": 4, "市区町村コード": 202, "所在地": "宮城県石巻市蛇田字金津町１３ー１５", "緯度": 38.453907, "経度": 141.26775, "url": "https://www.iryou.teikyouseido.mhlw.go.jp/znk-web/juminkanja/S2430/initialize?prefCd=04&kikanCd=0400900326&kikanKbn=5", "url2": "http://www.kamei.co.jp/pharmacy/index.html", "内容": "カメイ調剤薬局　石巻蛇田店【5:薬局】宮城県石巻市蛇田字金津町１３ー１５" }, "geometry": { "type": "Point", "coordinates": [ 141.26775, 38.453907 ] } },
{ "type": "Feature", "properties": { "ID": 450400900327, "正式名称": "かわまち薬局", "機関区分": 5, "都道府県コード": 4, "市区町村コード": 202, "所在地": "宮城県石巻市中央１－１５－５", "緯度": 38.4290892, "経度": 141.3086118, "url": "https://www.iryou.teikyouseido.mhlw.go.jp/znk-web/juminkanja/S2430/initialize?prefCd=04&kikanCd=0400900327&kikanKbn=5", "url2": "https://www.sea-pharma.com/store#ttl-navi03", "内容": "かわまち薬局【5:薬局】宮城県石巻市中央１－１５－５" }, "geometry": { "type": "Point", "coordinates": [ 141.3086118, 38.4290892 ] } },
{ "type": "Feature", "properties": { "ID": 450400900328, "正式名称": "エヌ・ワイやもと薬局", "機関区分": 5, "都道府県コード": 4, "市区町村コード": 214, "所在地": "宮城県東松島市矢本字大溜３４７番", "緯度": 38.419704, "経度": 141.21007, "url": "https://www.iryou.teikyouseido.mhlw.go.jp/znk-web/juminkanja/S2430/initialize?prefCd=04&kikanCd=0400900328&kikanKbn=5", "url2": "https://ninomiya-pharmacy.com", "内容": "エヌ・ワイやもと薬局【5:薬局】宮城県東松島市矢本字大溜３４７番" }, "geometry": { "type": "Point", "coordinates": [ 141.21007, 38.419704 ] } },
{ "type": "Feature", "properties": { "ID": 450400900329, "正式名称": "フレンド薬局河南", "機関区分": 5, "都道府県コード": 4, "市区町村コード": 202, "所在地": "宮城県石巻市須江字館山根１０７番地１", "緯度": 38.4749379, "経度": 141.2498954, "url": "https://www.iryou.teikyouseido.mhlw.go.jp/znk-web/juminkanja/S2430/initialize?prefCd=04&kikanCd=0400900329&kikanKbn=5", "url2": null, "内容": "フレンド薬局河南【5:薬局】宮城県石巻市須江字館山根１０７番地１" }, "geometry": { "type": "Point", "coordinates": [ 141.249895400000014, 38.4749379 ] } },
{ "type": "Feature", "properties": { "ID": 450400900330, "正式名称": "ダック調剤薬局", "機関区分": 5, "都道府県コード": 4, "市区町村コード": 202, "所在地": "宮城県石巻市鹿妻北２丁目２－１７", "緯度": 38.422397, "経度": 141.34511, "url": "https://www.iryou.teikyouseido.mhlw.go.jp/znk-web/juminkanja/S2430/initialize?prefCd=04&kikanCd=0400900330&kikanKbn=5", "url2": null, "内容": "ダック調剤薬局【5:薬局】宮城県石巻市鹿妻北２丁目２－１７" }, "geometry": { "type": "Point", "coordinates": [ 141.34511, 38.422397 ] } },
{ "type": "Feature", "properties": { "ID": 450400900332, "正式名称": "友愛薬局", "機関区分": 5, "都道府県コード": 4, "市区町村コード": 202, "所在地": "宮城県石巻市蛇田東道下４８ー４", "緯度": 38.4586, "経度": 141.282331, "url": "https://www.iryou.teikyouseido.mhlw.go.jp/znk-web/juminkanja/S2430/initialize?prefCd=04&kikanCd=0400900332&kikanKbn=5", "url2": "https://www.act-medical.com", "内容": "友愛薬局【5:薬局】宮城県石巻市蛇田東道下４８ー４" }, "geometry": { "type": "Point", "coordinates": [ 141.282331, 38.4586 ] } },
{ "type": "Feature", "properties": { "ID": 450400900333, "正式名称": "ウジエ調剤薬局矢本店", "機関区分": 5, "都道府県コード": 4, "市区町村コード": 214, "所在地": "宮城県東松島市赤井字八反谷地１０３－１", "緯度": 38.431209, "経度": 141.252082, "url": "https://www.iryou.teikyouseido.mhlw.go.jp/znk-web/juminkanja/S2430/initialize?prefCd=04&kikanCd=0400900333&kikanKbn=5", "url2": "https://www.ujie-kusuri.jp/", "内容": "ウジエ調剤薬局矢本店【5:薬局】宮城県東松島市赤井字八反谷地１０３－１" }, "geometry": { "type": "Point", "coordinates": [ 141.252082, 38.431209 ] } },
{ "type": "Feature", "properties": { "ID": 450400900334, "正式名称": "ウジエ調剤薬局　赤井駅前店", "機関区分": 5, "都道府県コード": 4, "市区町村コード": 214, "所在地": "宮城県東松島市赤井字川前一９の３", "緯度": 38.43432, "経度": 141.23798, "url": "https://www.iryou.teikyouseido.mhlw.go.jp/znk-web/juminkanja/S2430/initialize?prefCd=04&kikanCd=0400900334&kikanKbn=5", "url2": "https://ujie-kusuri.jp", "内容": "ウジエ調剤薬局　赤井駅前店【5:薬局】宮城県東松島市赤井字川前一９の３" }, "geometry": { "type": "Point", "coordinates": [ 141.23798, 38.43432 ] } },
{ "type": "Feature", "properties": { "ID": 450400900339, "正式名称": "おいで薬局", "機関区分": 5, "都道府県コード": 4, "市区町村コード": 202, "所在地": "宮城県石巻市相野谷字飯野川町７３", "緯度": 38.515111, "経度": 141.314016, "url": "https://www.iryou.teikyouseido.mhlw.go.jp/znk-web/juminkanja/S2430/initialize?prefCd=04&kikanCd=0400900339&kikanKbn=5", "url2": "https://sites.google.com/view/pharmacy-oide/", "内容": "おいで薬局【5:薬局】宮城県石巻市相野谷字飯野川町７３" }, "geometry": { "type": "Point", "coordinates": [ 141.314016, 38.515111 ] } },
{ "type": "Feature", "properties": { "ID": 450400900342, "正式名称": "あゆみ野薬局", "機関区分": 5, "都道府県コード": 4, "市区町村コード": 202, "所在地": "宮城県石巻市あゆみ野２丁目１４－２", "緯度": 38.436833, "経度": 141.259696, "url": "https://www.iryou.teikyouseido.mhlw.go.jp/znk-web/juminkanja/S2430/initialize?prefCd=04&kikanCd=0400900342&kikanKbn=5", "url2": "https://www.ayuminoweb.com/", "内容": "あゆみ野薬局【5:薬局】宮城県石巻市あゆみ野２丁目１４－２" }, "geometry": { "type": "Point", "coordinates": [ 141.259696, 38.436833 ] } },
{ "type": "Feature", "properties": { "ID": 450400900343, "正式名称": "調剤薬局ツルハドラッグ石巻大街道店", "機関区分": 5, "都道府県コード": 4, "市区町村コード": 202, "所在地": "宮城県石巻市大街道北３丁目１番７号", "緯度": 38.430121, "経度": 141.282336, "url": "https://www.iryou.teikyouseido.mhlw.go.jp/znk-web/juminkanja/S2430/initialize?prefCd=04&kikanCd=0400900343&kikanKbn=5", "url2": "https://shop.tsuruha-g.com/3492", "内容": "調剤薬局ツルハドラッグ石巻大街道店【5:薬局】宮城県石巻市大街道北３丁目１番７号" }, "geometry": { "type": "Point", "coordinates": [ 141.282336, 38.430121 ] } },
{ "type": "Feature", "properties": { "ID": 450400900344, "正式名称": "クスリのアオキ桃生薬局", "機関区分": 5, "都道府県コード": 4, "市区町村コード": 202, "所在地": "宮城県石巻市桃生町中津山字江下４５番地１", "緯度": 38.560514, "経度": 141.242788, "url": "https://www.iryou.teikyouseido.mhlw.go.jp/znk-web/juminkanja/S2430/initialize?prefCd=04&kikanCd=0400900344&kikanKbn=5", "url2": "https://www.kusuri-aoki.co.jp/", "内容": "クスリのアオキ桃生薬局【5:薬局】宮城県石巻市桃生町中津山字江下４５番地１" }, "geometry": { "type": "Point", "coordinates": [ 141.242788, 38.560514 ] } },
{ "type": "Feature", "properties": { "ID": 450400900345, "正式名称": "カワチ薬局　石巻蛇田店", "機関区分": 5, "都道府県コード": 4, "市区町村コード": 202, "所在地": "宮城県石巻市蛇田東道下２８－１", "緯度": 38.4599, "経度": 141.282449, "url": "https://www.iryou.teikyouseido.mhlw.go.jp/znk-web/juminkanja/S2430/initialize?prefCd=04&kikanCd=0400900345&kikanKbn=5", "url2": "https://www.cawachi.co.jp", "内容": "カワチ薬局　石巻蛇田店【5:薬局】宮城県石巻市蛇田東道下２８－１" }, "geometry": { "type": "Point", "coordinates": [ 141.282449, 38.4599 ] } },
{ "type": "Feature", "properties": { "ID": 450401000019, "正式名称": "スズキ薬局", "機関区分": 5, "都道府県コード": 4, "市区町村コード": 205, "所在地": "宮城県気仙沼市田中前３－７－８", "緯度": 38.891798, "経度": 141.562376, "url": "https://www.iryou.teikyouseido.mhlw.go.jp/znk-web/juminkanja/S2430/initialize?prefCd=04&kikanCd=0401000019&kikanKbn=5", "url2": null, "内容": "スズキ薬局【5:薬局】宮城県気仙沼市田中前３－７－８" }, "geometry": { "type": "Point", "coordinates": [ 141.562376, 38.891798 ] } },
{ "type": "Feature", "properties": { "ID": 450401000044, "正式名称": "中上　薬局", "機関区分": 5, "都道府県コード": 4, "市区町村コード": 205, "所在地": "宮城県気仙沼市本吉町津谷松岡２６", "緯度": 38.790218, "経度": 141.507017, "url": "https://www.iryou.teikyouseido.mhlw.go.jp/znk-web/juminkanja/S2430/initialize?prefCd=04&kikanCd=0401000044&kikanKbn=5", "url2": null, "内容": "中上　薬局【5:薬局】宮城県気仙沼市本吉町津谷松岡２６" }, "geometry": { "type": "Point", "coordinates": [ 141.507017, 38.790218 ] } },
{ "type": "Feature", "properties": { "ID": 450401000053, "正式名称": "有限会社グリーン薬局", "機関区分": 5, "都道府県コード": 4, "市区町村コード": 205, "所在地": "宮城県気仙沼市上田中２丁目１－２", "緯度": 38.888571, "経度": 141.556488, "url": "https://www.iryou.teikyouseido.mhlw.go.jp/znk-web/juminkanja/S2430/initialize?prefCd=04&kikanCd=0401000053&kikanKbn=5", "url2": null, "内容": "有限会社グリーン薬局【5:薬局】宮城県気仙沼市上田中２丁目１－２" }, "geometry": { "type": "Point", "coordinates": [ 141.556488, 38.888571 ] } },
{ "type": "Feature", "properties": { "ID": 450401000056, "正式名称": "かもめ薬局　東新城店", "機関区分": 5, "都道府県コード": 4, "市区町村コード": 205, "所在地": "宮城県気仙沼市東新城三丁目　１－１", "緯度": 38.904168, "経度": 141.552185, "url": "https://www.iryou.teikyouseido.mhlw.go.jp/znk-web/juminkanja/S2430/initialize?prefCd=04&kikanCd=0401000056&kikanKbn=5", "url2": null, "内容": "かもめ薬局　東新城店【5:薬局】宮城県気仙沼市東新城三丁目　１－１" }, "geometry": { "type": "Point", "coordinates": [ 141.552185, 38.904168 ] } },
{ "type": "Feature", "properties": { "ID": 450401000057, "正式名称": "本吉調剤薬局", "機関区分": 5, "都道府県コード": 4, "市区町村コード": 205, "所在地": "宮城県気仙沼市本吉町津谷新明戸３２６－１", "緯度": 38.787505, "経度": 141.501414, "url": "https://www.iryou.teikyouseido.mhlw.go.jp/znk-web/juminkanja/S2430/initialize?prefCd=04&kikanCd=0401000057&kikanKbn=5", "url2": null, "内容": "本吉調剤薬局【5:薬局】宮城県気仙沼市本吉町津谷新明戸３２６－１" }, "geometry": { "type": "Point", "coordinates": [ 141.501414, 38.787505 ] } },
{ "type": "Feature", "properties": { "ID": 450401000058, "正式名称": "有限会社オルセー薬局", "機関区分": 5, "都道府県コード": 4, "市区町村コード": 205, "所在地": "宮城県気仙沼市本吉町津谷明戸２１３－４", "緯度": 38.788818, "経度": 141.503661, "url": "https://www.iryou.teikyouseido.mhlw.go.jp/znk-web/juminkanja/S2430/initialize?prefCd=04&kikanCd=0401000058&kikanKbn=5", "url2": null, "内容": "有限会社オルセー薬局【5:薬局】宮城県気仙沼市本吉町津谷明戸２１３－４" }, "geometry": { "type": "Point", "coordinates": [ 141.503661, 38.788818 ] } },
{ "type": "Feature", "properties": { "ID": 450401000074, "正式名称": "三峰調剤薬局", "機関区分": 5, "都道府県コード": 4, "市区町村コード": 205, "所在地": "宮城県気仙沼市松崎柳沢２１８－５", "緯度": 38.875499, "経度": 141.551803, "url": "https://www.iryou.teikyouseido.mhlw.go.jp/znk-web/juminkanja/S2430/initialize?prefCd=04&kikanCd=0401000074&kikanKbn=5", "url2": "http://www.mediluck.com", "内容": "三峰調剤薬局【5:薬局】宮城県気仙沼市松崎柳沢２１８－５" }, "geometry": { "type": "Point", "coordinates": [ 141.551803, 38.875499 ] } },
{ "type": "Feature", "properties": { "ID": 450401000075, "正式名称": "有限会社　うたつ薬局", "機関区分": 5, "都道府県コード": 4, "市区町村コード": 606, "所在地": "宮城県本吉郡南三陸町歌津字枡沢６６の１", "緯度": 38.723421, "経度": 141.536278, "url": "https://www.iryou.teikyouseido.mhlw.go.jp/znk-web/juminkanja/S2430/initialize?prefCd=04&kikanCd=0401000075&kikanKbn=5", "url2": "http://utatu-minamisanriku.meron-net.jp/", "内容": "有限会社　うたつ薬局【5:薬局】宮城県本吉郡南三陸町歌津字枡沢６６の１" }, "geometry": { "type": "Point", "coordinates": [ 141.536278, 38.723421 ] } },
{ "type": "Feature", "properties": { "ID": 450401000079, "正式名称": "八日町調剤薬局", "機関区分": 5, "都道府県コード": 4, "市区町村コード": 205, "所在地": "宮城県気仙沼市八日町", "緯度": 38.90733, "経度": 141.57019, "url": "https://www.iryou.teikyouseido.mhlw.go.jp/znk-web/juminkanja/S2430/initialize?prefCd=04&kikanCd=0401000079&kikanKbn=5", "url2": null, "内容": "八日町調剤薬局【5:薬局】宮城県気仙沼市八日町" }, "geometry": { "type": "Point", "coordinates": [ 141.57019, 38.90733 ] } },
{ "type": "Feature", "properties": { "ID": 450401000082, "正式名称": "新城調剤薬局", "機関区分": 5, "都道府県コード": 4, "市区町村コード": 205, "所在地": "宮城県気仙沼市東新城一丁目６番１４", "緯度": 38.907419, "経度": 141.550934, "url": "https://www.iryou.teikyouseido.mhlw.go.jp/znk-web/juminkanja/S2430/initialize?prefCd=04&kikanCd=0401000082&kikanKbn=5", "url2": "http://www.mediluck.com/index.html", "内容": "新城調剤薬局【5:薬局】宮城県気仙沼市東新城一丁目６番１４" }, "geometry": { "type": "Point", "coordinates": [ 141.550934, 38.907419 ] } },
{ "type": "Feature", "properties": { "ID": 450401000083, "正式名称": "株式会社　南郷調剤薬局", "機関区分": 5, "都道府県コード": 4, "市区町村コード": 205, "所在地": "宮城県気仙沼市南郷５－５", "緯度": 38.893054, "経度": 141.569824, "url": "https://www.iryou.teikyouseido.mhlw.go.jp/znk-web/juminkanja/S2430/initialize?prefCd=04&kikanCd=0401000083&kikanKbn=5", "url2": null, "内容": "株式会社　南郷調剤薬局【5:薬局】宮城県気仙沼市南郷５－５" }, "geometry": { "type": "Point", "coordinates": [ 141.569824, 38.893054 ] } },
{ "type": "Feature", "properties": { "ID": 450401000089, "正式名称": "はしかみ調剤薬局", "機関区分": 5, "都道府県コード": 4, "市区町村コード": 205, "所在地": "宮城県気仙沼市長磯牧通９８番地１", "緯度": 38.836557, "経度": 141.577201, "url": "https://www.iryou.teikyouseido.mhlw.go.jp/znk-web/juminkanja/S2430/initialize?prefCd=04&kikanCd=0401000089&kikanKbn=5", "url2": null, "内容": "はしかみ調剤薬局【5:薬局】宮城県気仙沼市長磯牧通９８番地１" }, "geometry": { "type": "Point", "coordinates": [ 141.577201, 38.836557 ] } },
{ "type": "Feature", "properties": { "ID": 450401000090, "正式名称": "条南マリン薬局", "機関区分": 5, "都道府県コード": 4, "市区町村コード": 205, "所在地": "宮城県気仙沼市田中前二丁目４番地６", "緯度": 38.892117, "経度": 141.566001, "url": "https://www.iryou.teikyouseido.mhlw.go.jp/znk-web/juminkanja/S2430/initialize?prefCd=04&kikanCd=0401000090&kikanKbn=5", "url2": null, "内容": "条南マリン薬局【5:薬局】宮城県気仙沼市田中前二丁目４番地６" }, "geometry": { "type": "Point", "coordinates": [ 141.566001, 38.892117 ] } },
{ "type": "Feature", "properties": { "ID": 450401000095, "正式名称": "みなと薬局", "機関区分": 5, "都道府県コード": 4, "市区町村コード": 205, "所在地": "宮城県気仙沼市古町３丁目２番４６", "緯度": 38.909695, "経度": 141.55902, "url": "https://www.iryou.teikyouseido.mhlw.go.jp/znk-web/juminkanja/S2430/initialize?prefCd=04&kikanCd=0401000095&kikanKbn=5", "url2": null, "内容": "みなと薬局【5:薬局】宮城県気仙沼市古町３丁目２番４６" }, "geometry": { "type": "Point", "coordinates": [ 141.55902, 38.909695 ] } },
{ "type": "Feature", "properties": { "ID": 450401000100, "正式名称": "ししおり調剤薬局", "機関区分": 5, "都道府県コード": 4, "市区町村コード": 205, "所在地": "宮城県気仙沼市東八幡前２７０－１", "緯度": 38.920161, "経度": 141.590816, "url": "https://www.iryou.teikyouseido.mhlw.go.jp/znk-web/juminkanja/S2430/initialize?prefCd=04&kikanCd=0401000100&kikanKbn=5", "url2": null, "内容": "ししおり調剤薬局【5:薬局】宮城県気仙沼市東八幡前２７０－１" }, "geometry": { "type": "Point", "coordinates": [ 141.590816, 38.920161 ] } },
{ "type": "Feature", "properties": { "ID": 450401000102, "正式名称": "こさか調剤薬局", "機関区分": 5, "都道府県コード": 4, "市区町村コード": 606, "所在地": "宮城県本吉郡南三陸町志津川沼田１５０－１４５", "緯度": 38.689096, "経度": 141.463377, "url": "https://www.iryou.teikyouseido.mhlw.go.jp/znk-web/juminkanja/S2430/initialize?prefCd=04&kikanCd=0401000102&kikanKbn=5", "url2": null, "内容": "こさか調剤薬局【5:薬局】宮城県本吉郡南三陸町志津川沼田１５０－１４５" }, "geometry": { "type": "Point", "coordinates": [ 141.463377, 38.689096 ] } },
{ "type": "Feature", "properties": { "ID": 450401000105, "正式名称": "にこにこ堂調剤薬局", "機関区分": 5, "都道府県コード": 4, "市区町村コード": 205, "所在地": "宮城県気仙沼市田中前４丁目４ー５", "緯度": 38.889401, "経度": 141.559374, "url": "https://www.iryou.teikyouseido.mhlw.go.jp/znk-web/juminkanja/S2430/initialize?prefCd=04&kikanCd=0401000105&kikanKbn=5", "url2": null, "内容": "にこにこ堂調剤薬局【5:薬局】宮城県気仙沼市田中前４丁目４ー５" }, "geometry": { "type": "Point", "coordinates": [ 141.559374, 38.889401 ] } },
{ "type": "Feature", "properties": { "ID": 450401000106, "正式名称": "調剤薬局ツルハドラッグ気仙沼東新城店", "機関区分": 5, "都道府県コード": 4, "市区町村コード": 205, "所在地": "宮城県気仙沼市東新城２－６－５", "緯度": 38.905758, "経度": 141.55086, "url": "https://www.iryou.teikyouseido.mhlw.go.jp/znk-web/juminkanja/S2430/initialize?prefCd=04&kikanCd=0401000106&kikanKbn=5", "url2": "http://www.tsuruha.co.jp", "内容": "調剤薬局ツルハドラッグ気仙沼東新城店【5:薬局】宮城県気仙沼市東新城２－６－５" }, "geometry": { "type": "Point", "coordinates": [ 141.55086, 38.905758 ] } },
{ "type": "Feature", "properties": { "ID": 450401000108, "正式名称": "仙台調剤薬局　気仙沼店", "機関区分": 5, "都道府県コード": 4, "市区町村コード": 205, "所在地": "宮城県気仙沼市松崎萱１２１番地の１", "緯度": 38.87974, "経度": 141.569794, "url": "https://www.iryou.teikyouseido.mhlw.go.jp/znk-web/juminkanja/S2430/initialize?prefCd=04&kikanCd=0401000108&kikanKbn=5", "url2": "http://www.shpe.co.jp/", "内容": "仙台調剤薬局　気仙沼店【5:薬局】宮城県気仙沼市松崎萱１２１番地の１" }, "geometry": { "type": "Point", "coordinates": [ 141.569794, 38.87974 ] } },
{ "type": "Feature", "properties": { "ID": 450401000112, "正式名称": "一般社団法人気仙沼薬剤師会　会営志津川薬局", "機関区分": 5, "都道府県コード": 4, "市区町村コード": 606, "所在地": "宮城県本吉郡南三陸町志津川字沼田１４－２２", "緯度": 38.679219, "経度": 141.462423, "url": "https://www.iryou.teikyouseido.mhlw.go.jp/znk-web/juminkanja/S2430/initialize?prefCd=04&kikanCd=0401000112&kikanKbn=5", "url2": null, "内容": "一般社団法人気仙沼薬剤師会　会営志津川薬局【5:薬局】宮城県本吉郡南三陸町志津川字沼田１４－２２" }, "geometry": { "type": "Point", "coordinates": [ 141.462423, 38.679219 ] } },
{ "type": "Feature", "properties": { "ID": 450401000113, "正式名称": "気仙沼南調剤薬局", "機関区分": 5, "都道府県コード": 4, "市区町村コード": 205, "所在地": "宮城県気仙沼市本吉町津谷長根１０７－１", "緯度": 38.79212, "経度": 141.516714, "url": "https://www.iryou.teikyouseido.mhlw.go.jp/znk-web/juminkanja/S2430/initialize?prefCd=04&kikanCd=0401000113&kikanKbn=5", "url2": null, "内容": "気仙沼南調剤薬局【5:薬局】宮城県気仙沼市本吉町津谷長根１０７－１" }, "geometry": { "type": "Point", "coordinates": [ 141.516714, 38.79212 ] } },
{ "type": "Feature", "properties": { "ID": 450401000114, "正式名称": "田谷薬局", "機関区分": 5, "都道府県コード": 4, "市区町村コード": 205, "所在地": "宮城県気仙沼市田中前２丁目１－１１", "緯度": 38.8923489, "経度": 141.5656171, "url": "https://www.iryou.teikyouseido.mhlw.go.jp/znk-web/juminkanja/S2430/initialize?prefCd=04&kikanCd=0401000114&kikanKbn=5", "url2": null, "内容": "田谷薬局【5:薬局】宮城県気仙沼市田中前２丁目１－１１" }, "geometry": { "type": "Point", "coordinates": [ 141.5656171, 38.8923489 ] } },
{ "type": "Feature", "properties": { "ID": 450401000115, "正式名称": "カメイ調剤薬局　気仙沼店", "機関区分": 5, "都道府県コード": 4, "市区町村コード": 205, "所在地": "宮城県気仙沼市赤岩杉ノ沢９番地１", "緯度": 38.888028, "経度": 141.564061, "url": "https://www.iryou.teikyouseido.mhlw.go.jp/znk-web/juminkanja/S2430/initialize?prefCd=04&kikanCd=0401000115&kikanKbn=5", "url2": "http://www.kamei.co.jp/pharmacy/index.html", "内容": "カメイ調剤薬局　気仙沼店【5:薬局】宮城県気仙沼市赤岩杉ノ沢９番地１" }, "geometry": { "type": "Point", "coordinates": [ 141.564061, 38.888028 ] } },
{ "type": "Feature", "properties": { "ID": 450401000116, "正式名称": "カワチ薬局　気仙沼店", "機関区分": 5, "都道府県コード": 4, "市区町村コード": 205, "所在地": "宮城県気仙沼市赤岩杉ノ沢１２ー１", "緯度": 38.888692, "経度": 141.5644, "url": "https://www.iryou.teikyouseido.mhlw.go.jp/znk-web/juminkanja/S2430/initialize?prefCd=04&kikanCd=0401000116&kikanKbn=5", "url2": "http://www.cawachi.co.jp", "内容": "カワチ薬局　気仙沼店【5:薬局】宮城県気仙沼市赤岩杉ノ沢１２ー１" }, "geometry": { "type": "Point", "coordinates": [ 141.5644, 38.888692 ] } },
{ "type": "Feature", "properties": { "ID": 450401000118, "正式名称": "気仙沼薬局いちご・とまと店", "機関区分": 5, "都道府県コード": 4, "市区町村コード": 205, "所在地": "宮城県気仙沼市赤岩平貝８４－１", "緯度": 38.886309, "経度": 141.565146, "url": "https://www.iryou.teikyouseido.mhlw.go.jp/znk-web/juminkanja/S2430/initialize?prefCd=04&kikanCd=0401000118&kikanKbn=5", "url2": "https://ship-ph.co.jp/", "内容": "気仙沼薬局いちご・とまと店【5:薬局】宮城県気仙沼市赤岩平貝８４－１" }, "geometry": { "type": "Point", "coordinates": [ 141.565146, 38.886309 ] } },
{ "type": "Feature", "properties": { "ID": 450401000119, "正式名称": "本田薬局", "機関区分": 5, "都道府県コード": 4, "市区町村コード": 606, "所在地": "宮城県本吉郡南三陸町志津川沼田１４－１３", "緯度": 38.679219, "経度": 141.462423, "url": "https://www.iryou.teikyouseido.mhlw.go.jp/znk-web/juminkanja/S2430/initialize?prefCd=04&kikanCd=0401000119&kikanKbn=5", "url2": null, "内容": "本田薬局【5:薬局】宮城県本吉郡南三陸町志津川沼田１４－１３" }, "geometry": { "type": "Point", "coordinates": [ 141.462423, 38.679219 ] } },
{ "type": "Feature", "properties": { "ID": 450401000120, "正式名称": "ヤマイチ薬局", "機関区分": 5, "都道府県コード": 4, "市区町村コード": 606, "所在地": "宮城県本吉郡南三陸町志津川沼田１００ー４５", "緯度": 38.680435, "経度": 141.46037, "url": "https://www.iryou.teikyouseido.mhlw.go.jp/znk-web/juminkanja/S2430/initialize?prefCd=04&kikanCd=0401000120&kikanKbn=5", "url2": null, "内容": "ヤマイチ薬局【5:薬局】宮城県本吉郡南三陸町志津川沼田１００ー４５" }, "geometry": { "type": "Point", "coordinates": [ 141.46037, 38.680435 ] } },
{ "type": "Feature", "properties": { "ID": 450401000121, "正式名称": "共創未来　気仙沼中央薬局", "機関区分": 5, "都道府県コード": 4, "市区町村コード": 205, "所在地": "宮城県気仙沼市田谷１１番地１２", "緯度": 38.894464, "経度": 141.567357, "url": "https://www.iryou.teikyouseido.mhlw.go.jp/znk-web/juminkanja/S2430/initialize?prefCd=04&kikanCd=0401000121&kikanKbn=5", "url2": "https://www.phmirai.co.jp/", "内容": "共創未来　気仙沼中央薬局【5:薬局】宮城県気仙沼市田谷１１番地１２" }, "geometry": { "type": "Point", "coordinates": [ 141.567357, 38.894464 ] } },
{ "type": "Feature", "properties": { "ID": 450401000122, "正式名称": "大島調剤薬局", "機関区分": 5, "都道府県コード": 4, "市区町村コード": 205, "所在地": "宮城県気仙沼市高井２１５－２", "緯度": 38.854045, "経度": 141.616042, "url": "https://www.iryou.teikyouseido.mhlw.go.jp/znk-web/juminkanja/S2430/initialize?prefCd=04&kikanCd=0401000122&kikanKbn=5", "url2": null, "内容": "大島調剤薬局【5:薬局】宮城県気仙沼市高井２１５－２" }, "geometry": { "type": "Point", "coordinates": [ 141.616042, 38.854045 ] } },
{ "type": "Feature", "properties": { "ID": 450401000123, "正式名称": "仙台調剤薬局　気仙沼大橋店", "機関区分": 5, "都道府県コード": 4, "市区町村コード": 205, "所在地": "宮城県気仙沼市内ノ脇一丁目６番１５－２号", "緯度": 38.89602, "経度": 141.57318, "url": "https://www.iryou.teikyouseido.mhlw.go.jp/znk-web/juminkanja/S2430/initialize?prefCd=04&kikanCd=0401000123&kikanKbn=5", "url2": "https://ship-ph.co.jp/", "内容": "仙台調剤薬局　気仙沼大橋店【5:薬局】宮城県気仙沼市内ノ脇一丁目６番１５－２号" }, "geometry": { "type": "Point", "coordinates": [ 141.57318, 38.89602 ] } },
{ "type": "Feature", "properties": { "ID": 450401000124, "正式名称": "ホープ薬局　気仙沼店", "機関区分": 5, "都道府県コード": 4, "市区町村コード": 205, "所在地": "宮城県気仙沼市田中前二丁目８－７－１", "緯度": 38.890548, "経度": 141.564951, "url": "https://www.iryou.teikyouseido.mhlw.go.jp/znk-web/juminkanja/S2430/initialize?prefCd=04&kikanCd=0401000124&kikanKbn=5", "url2": "http://www.altacks-hope.jp", "内容": "ホープ薬局　気仙沼店【5:薬局】宮城県気仙沼市田中前二丁目８－７－１" }, "geometry": { "type": "Point", "coordinates": [ 141.564951, 38.890548 ] } },
{ "type": "Feature", "properties": { "ID": 450401000125, "正式名称": "イオン薬局気仙沼店", "機関区分": 5, "都道府県コード": 4, "市区町村コード": 205, "所在地": "宮城県気仙沼市赤岩舘下６－１外", "緯度": 38.889022, "経度": 141.572961, "url": "https://www.iryou.teikyouseido.mhlw.go.jp/znk-web/juminkanja/S2430/initialize?prefCd=04&kikanCd=0401000125&kikanKbn=5", "url2": "https://www.aeon.com/store", "内容": "イオン薬局気仙沼店【5:薬局】宮城県気仙沼市赤岩舘下６－１外" }, "geometry": { "type": "Point", "coordinates": [ 141.572961, 38.889022 ] } },
{ "type": "Feature", "properties": { "ID": 450401000126, "正式名称": "なでしこ薬局ますざわ", "機関区分": 5, "都道府県コード": 4, "市区町村コード": 606, "所在地": "宮城県本吉郡南三陸町歌津枡沢９０番地１", "緯度": 38.680065, "経度": 141.4619, "url": "https://www.iryou.teikyouseido.mhlw.go.jp/znk-web/juminkanja/S2430/initialize?prefCd=04&kikanCd=0401000126&kikanKbn=5", "url2": null, "内容": "なでしこ薬局ますざわ【5:薬局】宮城県本吉郡南三陸町歌津枡沢９０番地１" }, "geometry": { "type": "Point", "coordinates": [ 141.4619, 38.680065 ] } },
{ "type": "Feature", "properties": { "ID": 450401000127, "正式名称": "気仙沼三日町薬局", "機関区分": 5, "都道府県コード": 4, "市区町村コード": 205, "所在地": "宮城県気仙沼市三日町２丁目２番１１号", "緯度": 38.9059649, "経度": 141.5671489, "url": "https://www.iryou.teikyouseido.mhlw.go.jp/znk-web/juminkanja/S2430/initialize?prefCd=04&kikanCd=0401000127&kikanKbn=5", "url2": "https://www.phstr.co.jp/", "内容": "気仙沼三日町薬局【5:薬局】宮城県気仙沼市三日町２丁目２番１１号" }, "geometry": { "type": "Point", "coordinates": [ 141.5671489, 38.9059649 ] } },
{ "type": "Feature", "properties": { "ID": 450401000128, "正式名称": "調剤薬局ツルハドラッグ気仙沼上田中店", "機関区分": 5, "都道府県コード": 4, "市区町村コード": 205, "所在地": "宮城県気仙沼市上田中１丁目８－６", "緯度": 38.888588, "経度": 141.55602, "url": "https://www.iryou.teikyouseido.mhlw.go.jp/znk-web/juminkanja/S2430/initialize?prefCd=04&kikanCd=0401000128&kikanKbn=5", "url2": "https://shop.tsuruha-g.com/3426", "内容": "調剤薬局ツルハドラッグ気仙沼上田中店【5:薬局】宮城県気仙沼市上田中１丁目８－６" }, "geometry": { "type": "Point", "coordinates": [ 141.55602, 38.888588 ] } },
{ "type": "Feature", "properties": { "ID": 450401000129, "正式名称": "気仙沼田中前薬局", "機関区分": 5, "都道府県コード": 4, "市区町村コード": 205, "所在地": "宮城県気仙沼市田中前２－１２－９", "緯度": 38.891678, "経度": 141.56268, "url": "https://www.iryou.teikyouseido.mhlw.go.jp/znk-web/juminkanja/S2430/initialize?prefCd=04&kikanCd=0401000129&kikanKbn=5", "url2": "https://www.phstr.co.jp/", "内容": "気仙沼田中前薬局【5:薬局】宮城県気仙沼市田中前２－１２－９" }, "geometry": { "type": "Point", "coordinates": [ 141.56268, 38.891678 ] } }
]
}
