{
"type": "FeatureCollection",
"name": "geo_04_地域密着型通所介護",
"crs": { "type": "name", "properties": { "name": "urn:ogc:def:crs:OGC:1.3:CRS84" } },
"features": [
{ "type": "Feature", "properties": { "内容": "ポラリスデイサービスセンター川平【地域密着型通所介護】宮城県仙台市青葉区川平4丁目19番26号", "url": "https://www.kaigokensaku.mhlw.go.jp/04/index.php?action_kouhyou_detail_004_kani=true&JigyosyoCd=0475103487-00&ServiceCd=780&Type=search", "url2": "http://www.polaris.care/" }, "geometry": { "type": "Point", "coordinates": [ 140.8341931, 38.3015155 ] } },
{ "type": "Feature", "properties": { "内容": "笑生デイサービスあやし【地域密着型通所介護】宮城県仙台市青葉区愛子東４丁目９－６５", "url": "https://www.kaigokensaku.mhlw.go.jp/04/index.php?action_kouhyou_detail_004_kani=true&JigyosyoCd=0475104287-00&ServiceCd=780&Type=search", "url2": null }, "geometry": { "type": "Point", "coordinates": [ 140.770102800000018, 38.2750362 ] } },
{ "type": "Feature", "properties": { "内容": "松田会・リハプラザ愛子【地域密着型通所介護】上愛子字雷神6-2", "url": "https://www.kaigokensaku.mhlw.go.jp/04/index.php?action_kouhyou_detail_004_kani=true&JigyosyoCd=0495100687-00&ServiceCd=780&Type=search", "url2": "http://matsuda-hp.com/matsuda/reha-p-ayashi/" }, "geometry": { "type": "Point", "coordinates": [ 140.746595564418044, 38.272773332093045 ] } },
{ "type": "Feature", "properties": { "内容": "リハビリステーションくにみ【地域密着型通所介護】仙台市青葉区国見2丁目4番30号", "url": "https://www.kaigokensaku.mhlw.go.jp/04/index.php?action_kouhyou_detail_004_kani=true&JigyosyoCd=0475102893-00&ServiceCd=780&Type=search", "url2": "https://www.keiai-pms.com/" }, "geometry": { "type": "Point", "coordinates": [ 140.846385300000065, 38.2754996 ] } },
{ "type": "Feature", "properties": { "内容": "レコードブック仙台通町【地域密着型通所介護】宮城県仙台市青葉区通町1-4-31KOTOBIKI5　1F", "url": "https://www.kaigokensaku.mhlw.go.jp/04/index.php?action_kouhyou_detail_004_kani=true&JigyosyoCd=0495100448-00&ServiceCd=780&Type=search", "url2": null }, "geometry": { "type": "Point", "coordinates": [ 140.865040777497143, 38.277471098825032 ] } },
{ "type": "Feature", "properties": { "内容": "リハ＆スパ憩いの杜デイサービス【地域密着型通所介護】宮城県仙台市青葉区旭ヶ丘１丁目7-8コウワビル102", "url": "https://www.kaigokensaku.mhlw.go.jp/04/index.php?action_kouhyou_detail_004_kani=true&JigyosyoCd=0495100679-00&ServiceCd=780&Type=search", "url2": "https://www.big-advance.site/c/144/2167" }, "geometry": { "type": "Point", "coordinates": [ 140.8869965, 38.289608 ] } },
{ "type": "Feature", "properties": { "内容": "老人デイサービスセンター　アルカディア仙台敬寿園【地域密着型通所介護】宮城県仙台市青葉区八幡６丁目９番１５号アルカディア仙台敬寿園", "url": "https://www.kaigokensaku.mhlw.go.jp/04/index.php?action_kouhyou_detail_004_kani=true&JigyosyoCd=0475104683-00&ServiceCd=780&Type=search", "url2": "http://keijuen.or.jp/arcadia/" }, "geometry": { "type": "Point", "coordinates": [ 140.836014400000067, 38.2669725 ] } },
{ "type": "Feature", "properties": { "内容": "リハビリステーション　グランツ高松【地域密着型通所介護】宮城県仙台市青葉区高松2-23-8", "url": "https://www.kaigokensaku.mhlw.go.jp/04/index.php?action_kouhyou_detail_004_kani=true&JigyosyoCd=0495100364-00&ServiceCd=780&Type=search", "url2": "https://www.keiai-pms.com" }, "geometry": { "type": "Point", "coordinates": [ 140.8958384, 38.2804449 ] } },
{ "type": "Feature", "properties": { "内容": "デイサービス　まなびや栗生館【地域密着型通所介護】宮城県仙台市青葉区栗生7-11-2ゴールドエイジフォーリア", "url": "https://www.kaigokensaku.mhlw.go.jp/04/index.php?action_kouhyou_detail_004_kani=true&JigyosyoCd=0475103321-00&ServiceCd=780&Type=search", "url2": "http://www.goldage.co.jp" }, "geometry": { "type": "Point", "coordinates": [ 140.777008199999955, 38.2689344 ] } },
{ "type": "Feature", "properties": { "内容": "リハビリディサービス　きわみケア【地域密着型通所介護】宮城県仙台市青葉区西勝山27-3", "url": "https://www.kaigokensaku.mhlw.go.jp/04/index.php?action_kouhyou_detail_004_kani=true&JigyosyoCd=0495100703-00&ServiceCd=780&Type=search", "url2": "http://www.kiwamicare.com/" }, "geometry": { "type": "Point", "coordinates": [ 140.839932299999987, 38.3010038 ] } },
{ "type": "Feature", "properties": { "内容": "デイサービスセンター　ドンクマサー末広【地域密着型通所介護】仙台市青葉区上杉1丁目3-16　ドンクマサーパートIビル", "url": "https://www.kaigokensaku.mhlw.go.jp/04/index.php?action_kouhyou_detail_004_kani=true&JigyosyoCd=0475103008-00&ServiceCd=780&Type=search", "url2": "http://www.dnkmsa.co.jp/" }, "geometry": { "type": "Point", "coordinates": [ 140.871284376335097, 38.270117989975319 ] } },
{ "type": "Feature", "properties": { "内容": "樹楽仙台青葉【地域密着型通所介護】宮城県仙台市青葉区大町２－１３－２４大町オフィスビル　２Ｆ", "url": "https://www.kaigokensaku.mhlw.go.jp/04/index.php?action_kouhyou_detail_004_kani=true&JigyosyoCd=0475104659-00&ServiceCd=780&Type=search", "url2": null }, "geometry": { "type": "Point", "coordinates": [ 140.867764500000021, 38.2612796 ] } },
{ "type": "Feature", "properties": { "内容": "フレンドくらぶ【地域密着型通所介護】宮城県仙台市青葉区中山８丁目２－１１", "url": "https://www.kaigokensaku.mhlw.go.jp/04/index.php?action_kouhyou_detail_004_kani=true&JigyosyoCd=0495100406-00&ServiceCd=780&Type=search", "url2": null }, "geometry": { "type": "Point", "coordinates": [ 140.833043399999951, 38.2990741 ] } },
{ "type": "Feature", "properties": { "内容": "リハビリステーションばんざん【地域密着型通所介護】宮城県仙台市青葉区落合１丁目12-13", "url": "https://www.kaigokensaku.mhlw.go.jp/04/index.php?action_kouhyou_detail_004_kani=true&JigyosyoCd=0475102620-00&ServiceCd=780&Type=search", "url2": "http:www.keiai.jp" }, "geometry": { "type": "Point", "coordinates": [ 140.794757689939217, 38.270791083418793 ] } },
{ "type": "Feature", "properties": { "内容": "リハビリステーション中山【地域密着型通所介護】宮城県仙台市青葉区中山6丁目11-3", "url": "https://www.kaigokensaku.mhlw.go.jp/04/index.php?action_kouhyou_detail_004_kani=true&JigyosyoCd=0475103198-00&ServiceCd=780&Type=search", "url2": "https://www.keiai-pms.com" }, "geometry": { "type": "Point", "coordinates": [ 140.83663, 38.294932 ] } },
{ "type": "Feature", "properties": { "内容": "デイサービスあったかの家小松島【地域密着型通所介護】宮城県仙台市青葉区小松島4丁目20-8", "url": "https://www.kaigokensaku.mhlw.go.jp/04/index.php?action_kouhyou_detail_004_kani=true&JigyosyoCd=0475104006-00&ServiceCd=780&Type=search", "url2": "http://human-aid.co.jp/" }, "geometry": { "type": "Point", "coordinates": [ 140.89020789999995, 38.28617460000001 ] } },
{ "type": "Feature", "properties": { "内容": "有限会社ハーモニーラヴ【地域密着型通所介護】宮城県仙台市青葉区八幡4-1-20", "url": "https://www.kaigokensaku.mhlw.go.jp/04/index.php?action_kouhyou_detail_004_kani=true&JigyosyoCd=0495100760-00&ServiceCd=780&Type=search", "url2": "http://harmony-love.jp" }, "geometry": { "type": "Point", "coordinates": [ 140.848746633463719, 38.270404229785967 ] } },
{ "type": "Feature", "properties": { "内容": "リハビリデイサービスうるおす仙台【地域密着型通所介護】宮城県仙台市青葉区高松2丁目10番地23号", "url": "https://www.kaigokensaku.mhlw.go.jp/04/index.php?action_kouhyou_detail_004_kani=true&JigyosyoCd=0475104741-00&ServiceCd=780&Type=search", "url2": "http://uruossendai.com" }, "geometry": { "type": "Point", "coordinates": [ 140.891897100000051, 38.2796949 ] } },
{ "type": "Feature", "properties": { "内容": "サボン【地域密着型通所介護】仙台市青葉区荒巻本沢３丁目１－３７コートプレミオ１Ｆ", "url": "https://www.kaigokensaku.mhlw.go.jp/04/index.php?action_kouhyou_detail_004_kani=true&JigyosyoCd=0475104063-00&ServiceCd=780&Type=search", "url2": "http://www.designkobo.jp/sabon/" }, "geometry": { "type": "Point", "coordinates": [ 140.85770638108977, 38.289818387678224 ] } },
{ "type": "Feature", "properties": { "内容": "アシストクラブ荒巻【地域密着型通所介護】宮城県仙台市青葉区荒巻本沢3-16-5シティライトビル２F", "url": "https://www.kaigokensaku.mhlw.go.jp/04/index.php?action_kouhyou_detail_004_kani=true&JigyosyoCd=0495100570-00&ServiceCd=780&Type=search", "url2": null }, "geometry": { "type": "Point", "coordinates": [ 140.8555082, 38.2930144 ] } },
{ "type": "Feature", "properties": { "内容": "デイサービスはるの風吉成【地域密着型通所介護】宮城県仙台市青葉区吉成3丁目10-16", "url": "https://www.kaigokensaku.mhlw.go.jp/04/index.php?action_kouhyou_detail_004_kani=true&JigyosyoCd=0495100489-00&ServiceCd=780&Type=search", "url2": "https://harunokaze.co.jp/" }, "geometry": { "type": "Point", "coordinates": [ 140.817115199999989, 38.2909815 ] } },
{ "type": "Feature", "properties": { "内容": "アースサポート仙台青葉【地域密着型通所介護】宮城県仙台市青葉区旭ヶ丘2丁目29-1", "url": "https://www.kaigokensaku.mhlw.go.jp/04/index.php?action_kouhyou_detail_004_kani=true&JigyosyoCd=0475101283-00&ServiceCd=780&Type=search", "url2": "http://www.earthsupport.co.jp" }, "geometry": { "type": "Point", "coordinates": [ 140.8881757, 38.2932901 ] } },
{ "type": "Feature", "properties": { "内容": "ポラリスデイサービスセンター旭ヶ丘【地域密着型通所介護】宮城県仙台市青葉区旭ヶ丘2-30-20フォレスト北星101号", "url": "https://www.kaigokensaku.mhlw.go.jp/04/index.php?action_kouhyou_detail_004_kani=true&JigyosyoCd=0475103545-00&ServiceCd=780&Type=search", "url2": null }, "geometry": { "type": "Point", "coordinates": [ 140.888190900000041, 38.2929376 ] } },
{ "type": "Feature", "properties": { "内容": "デイサービスはるの風【地域密着型通所介護】宮城県仙台市青葉区中山7丁目15-10", "url": "https://www.kaigokensaku.mhlw.go.jp/04/index.php?action_kouhyou_detail_004_kani=true&JigyosyoCd=0475104162-00&ServiceCd=780&Type=search", "url2": null }, "geometry": { "type": "Point", "coordinates": [ 140.834146100000027, 38.2981104 ] } },
{ "type": "Feature", "properties": { "内容": "Nextデイ　ほくと【地域密着型通所介護】宮城県仙台市青葉区新坂町4番21号ケープロイヤル601号", "url": "https://www.kaigokensaku.mhlw.go.jp/04/index.php?action_kouhyou_detail_004_kani=true&JigyosyoCd=0495100505-00&ServiceCd=780&Type=search", "url2": "https://taiju-sendai.or.jp" }, "geometry": { "type": "Point", "coordinates": [ 140.854646401466397, 38.277529381279969 ] } },
{ "type": "Feature", "properties": { "内容": "レコードブック仙台春日町【地域密着型通所介護】仙台市青葉区春日町4-10ジャンセン春日町ビル　1階", "url": "https://www.kaigokensaku.mhlw.go.jp/04/index.php?action_kouhyou_detail_004_kani=true&JigyosyoCd=0495100778-00&ServiceCd=780&Type=search", "url2": null }, "geometry": { "type": "Point", "coordinates": [ 140.863593900000012, 38.2656015 ] } },
{ "type": "Feature", "properties": { "内容": "デイサービスみどりの園【地域密着型通所介護】宮城県仙台市青葉区八幡６丁目７－１８", "url": "https://www.kaigokensaku.mhlw.go.jp/04/index.php?action_kouhyou_detail_004_kani=true&JigyosyoCd=0495100646-00&ServiceCd=780&Type=search", "url2": null }, "geometry": { "type": "Point", "coordinates": [ 140.8354225, 38.2693405 ] } },
{ "type": "Feature", "properties": { "内容": "GENKINEXT仙台北根黒松【地域密着型通所介護】宮城県仙台市青葉区北根黒松2-38オーヒラ貸店舗事務所1F", "url": "https://www.kaigokensaku.mhlw.go.jp/04/index.php?action_kouhyou_detail_004_kani=true&JigyosyoCd=0475104766-00&ServiceCd=780&Type=search", "url2": "https://kaigo-next.com/sp/search/detail/766" }, "geometry": { "type": "Point", "coordinates": [ 140.88008519999994, 38.3094937 ] } },
{ "type": "Feature", "properties": { "内容": "ミック健康の森　北四番丁【地域密着型通所介護】宮城県仙台市青葉区柏木1-1-12サンシティ北四番丁", "url": "https://www.kaigokensaku.mhlw.go.jp/04/index.php?action_kouhyou_detail_004_kani=true&JigyosyoCd=0495100752-00&ServiceCd=780&Type=search", "url2": "https://mik-kenkonomori.com/facility/touhoku/kitayobancho/" }, "geometry": { "type": "Point", "coordinates": [ 140.8667436, 38.2750431 ] } },
{ "type": "Feature", "properties": { "内容": "ソレイルミナーレ仙台新田東【地域密着型通所介護】新田東1丁目7-1小鶴八番館1階", "url": "https://www.kaigokensaku.mhlw.go.jp/04/index.php?action_kouhyou_detail_004_kani=true&JigyosyoCd=0495200651-00&ServiceCd=780&Type=search", "url2": "https://marucare.maru-tama.info/" }, "geometry": { "type": "Point", "coordinates": [ 140.932055703704862, 38.276984132781998 ] } },
{ "type": "Feature", "properties": { "内容": "GENKINEXT仙台中野栄【地域密着型通所介護】宮城県仙台市宮城野区中野字柳原17", "url": "https://www.kaigokensaku.mhlw.go.jp/04/index.php?action_kouhyou_detail_004_kani=true&JigyosyoCd=0475202743-00&ServiceCd=780&Type=search", "url2": null }, "geometry": { "type": "Point", "coordinates": [ 140.989154800000051, 38.281468 ] } },
{ "type": "Feature", "properties": { "内容": "フィジカルケア【地域密着型通所介護】宮城県仙台市宮城野区宮千代3-4-21コーポ松和1F", "url": "https://www.kaigokensaku.mhlw.go.jp/04/index.php?action_kouhyou_detail_004_kani=true&JigyosyoCd=0495200339-00&ServiceCd=780&Type=search", "url2": null }, "geometry": { "type": "Point", "coordinates": [ 140.916757100000041, 38.2540709 ] } },
{ "type": "Feature", "properties": { "内容": "まごの手デイサービス【地域密着型通所介護】宮城県仙台市宮城野区鶴ケ谷3-20-22", "url": "https://www.kaigokensaku.mhlw.go.jp/04/index.php?action_kouhyou_detail_004_kani=true&JigyosyoCd=0495200529-00&ServiceCd=780&Type=search", "url2": "http://magonote-d-service.jimdosite.com" }, "geometry": { "type": "Point", "coordinates": [ 140.912979, 38.2911026 ] } },
{ "type": "Feature", "properties": { "内容": "GENKINEXT　仙台小田原【地域密着型通所介護】仙台市宮城野区小田原2丁目1-28アブニール小田原１階", "url": "https://www.kaigokensaku.mhlw.go.jp/04/index.php?action_kouhyou_detail_004_kani=true&JigyosyoCd=0475202396-00&ServiceCd=780&Type=search", "url2": "https://kaigo-next.com/" }, "geometry": { "type": "Point", "coordinates": [ 140.89350920000004, 38.2647244 ] } },
{ "type": "Feature", "properties": { "内容": "ステラパークス仙台　デイサービスセンターすてら【地域密着型通所介護】宮城県仙台市宮城野区福田町1丁目3番27号ステラパークス仙台", "url": "https://www.kaigokensaku.mhlw.go.jp/04/index.php?action_kouhyou_detail_004_kani=true&JigyosyoCd=0475202693-00&ServiceCd=780&Type=search", "url2": "http://stella-pax.com" }, "geometry": { "type": "Point", "coordinates": [ 140.962375, 38.25953830000001 ] } },
{ "type": "Feature", "properties": { "内容": "プラスワン宮千代フィットネスジム【地域密着型通所介護】宮城県仙台市宮城野区宮千代1-21-3", "url": "https://www.kaigokensaku.mhlw.go.jp/04/index.php?action_kouhyou_detail_004_kani=true&JigyosyoCd=0495200586-00&ServiceCd=780&Type=search", "url2": null }, "geometry": { "type": "Point", "coordinates": [ 140.907234499999987, 38.2532551 ] } },
{ "type": "Feature", "properties": { "内容": "サテライトケアセンターみやぎの【地域密着型通所介護】宮城県仙台市宮城野区幸町2-4-5", "url": "https://www.kaigokensaku.mhlw.go.jp/04/index.php?action_kouhyou_detail_004_kani=true&JigyosyoCd=0475202214-00&ServiceCd=780&Type=search", "url2": "http://www.team-forest.net" }, "geometry": { "type": "Point", "coordinates": [ 140.894994399999973, 38.2763954 ] } },
{ "type": "Feature", "properties": { "内容": "サテライトケアセンター榴ヶ岡通所介護事業所【地域密着型通所介護】宮城県仙台市宮城野区榴岡３－９－２０光明コーポ１０２", "url": "https://www.kaigokensaku.mhlw.go.jp/04/index.php?action_kouhyou_detail_004_kani=true&JigyosyoCd=0475202792-00&ServiceCd=780&Type=search", "url2": "http://team-forest.net" }, "geometry": { "type": "Point", "coordinates": [ 140.88953749999996, 38.260633 ] } },
{ "type": "Feature", "properties": { "内容": "アースサポート仙台高砂【地域密着型通所介護】宮城県仙台市宮城野区福室3丁目24番18号", "url": "https://www.kaigokensaku.mhlw.go.jp/04/index.php?action_kouhyou_detail_004_kani=true&JigyosyoCd=0475203154-00&ServiceCd=780&Type=search", "url2": "http://www.earthsupport.co.jp/" }, "geometry": { "type": "Point", "coordinates": [ 140.972981, 38.2824114 ] } },
{ "type": "Feature", "properties": { "内容": "でいさーびす畑中【地域密着型通所介護】宮城県仙台市宮城野区岩切字水分64-43", "url": "https://www.kaigokensaku.mhlw.go.jp/04/index.php?action_kouhyou_detail_004_kani=true&JigyosyoCd=0495200453-00&ServiceCd=780&Type=search", "url2": null }, "geometry": { "type": "Point", "coordinates": [ 140.9369266, 38.3019962 ] } },
{ "type": "Feature", "properties": { "内容": "Ｑアップスタジオ宮城野【地域密着型通所介護】宮城県仙台市宮城野区鶴巻二丁目１番１３号", "url": "https://www.kaigokensaku.mhlw.go.jp/04/index.php?action_kouhyou_detail_004_kani=true&JigyosyoCd=0475202974-00&ServiceCd=780&Type=search", "url2": "http://www.care-partner.com/" }, "geometry": { "type": "Point", "coordinates": [ 140.9648386, 38.2608328 ] } },
{ "type": "Feature", "properties": { "内容": "デイサービスＮＡＫＡＧＡＷＡ【地域密着型通所介護】宮城県仙台市宮城野区鉄砲町中3番地4プラザ和光ビル１Ｆ", "url": "https://www.kaigokensaku.mhlw.go.jp/04/index.php?action_kouhyou_detail_004_kani=true&JigyosyoCd=0475202313-00&ServiceCd=780&Type=search", "url2": "http://www.nakagawa-d.co.jp" }, "geometry": { "type": "Point", "coordinates": [ 140.889037499999972, 38.2639799 ] } },
{ "type": "Feature", "properties": { "内容": "リハサポート若林【地域密着型通所介護】宮城県仙台市若林区なないろの里1-19-3　メリディアンなないろの里五番館2", "url": "https://www.kaigokensaku.mhlw.go.jp/04/index.php?action_kouhyou_detail_004_kani=true&JigyosyoCd=0495300386-00&ServiceCd=780&Type=search", "url2": "https://reha-support.co.jp" }, "geometry": { "type": "Point", "coordinates": [ 140.928476792603902, 38.239029510177275 ] } },
{ "type": "Feature", "properties": { "内容": "バイタルケア若林デイサービスセンターさふらんの家【地域密着型通所介護】宮城県仙台市若林区木ノ下4丁目８番15号", "url": "https://www.kaigokensaku.mhlw.go.jp/04/index.php?action_kouhyou_detail_004_kani=true&JigyosyoCd=0475301479-00&ServiceCd=780&Type=search", "url2": "http://www.vitalcare.co.jp" }, "geometry": { "type": "Point", "coordinates": [ 140.898814799999968, 38.2488512 ] } },
{ "type": "Feature", "properties": { "内容": "バイタルケア河原町デイサービスセンターさふらんの家【地域密着型通所介護】宮城県仙台市若林区河原町１丁目１－３プロモ河原町１０１号", "url": "https://www.kaigokensaku.mhlw.go.jp/04/index.php?action_kouhyou_detail_004_kani=true&JigyosyoCd=0475302287-00&ServiceCd=780&Type=search", "url2": "http://www.vitalcare.co.jp/" }, "geometry": { "type": "Point", "coordinates": [ 140.8884994, 38.2403959 ] } },
{ "type": "Feature", "properties": { "内容": "穂の郷【地域密着型通所介護】宮城県仙台市若林区沖野２丁目5－17", "url": "https://www.kaigokensaku.mhlw.go.jp/04/index.php?action_kouhyou_detail_004_kani=true&JigyosyoCd=0475302337-00&ServiceCd=780&Type=search", "url2": "http://honosato1001.jimdo.com" }, "geometry": { "type": "Point", "coordinates": [ 140.909225600000013, 38.2317452 ] } },
{ "type": "Feature", "properties": { "内容": "お泊り対応型デイサービス　くるみ【地域密着型通所介護】宮城県仙台市若林区上飯田2丁目34ｰ31", "url": "https://www.kaigokensaku.mhlw.go.jp/04/index.php?action_kouhyou_detail_004_kani=true&JigyosyoCd=0495300246-00&ServiceCd=780&Type=search", "url2": null }, "geometry": { "type": "Point", "coordinates": [ 140.919945200000029, 38.2147612 ] } },
{ "type": "Feature", "properties": { "内容": "アースサポート河原町【地域密着型通所介護】宮城県仙台市若林区新弓ノ町37番3号", "url": "https://www.kaigokensaku.mhlw.go.jp/04/index.php?action_kouhyou_detail_004_kani=true&JigyosyoCd=0475300406-00&ServiceCd=780&Type=search", "url2": "http://www.earthsupport.co.jp" }, "geometry": { "type": "Point", "coordinates": [ 140.890071499999976, 38.2405932 ] } },
{ "type": "Feature", "properties": { "内容": "南小泉デイサービスセンター【地域密着型通所介護】仙台市若林区一本杉町18-10", "url": "https://www.kaigokensaku.mhlw.go.jp/04/index.php?action_kouhyou_detail_004_kani=true&JigyosyoCd=0495300501-00&ServiceCd=780&Type=search", "url2": "https://www.ito-clinic.com/day.html" }, "geometry": { "type": "Point", "coordinates": [ 140.9041843, 38.2447948 ] } },
{ "type": "Feature", "properties": { "内容": "グランユニライフデイサービスセンター仙台若林【地域密着型通所介護】宮城県仙台市若林区若林5-4-50メディカルグランヴィル仙台若林", "url": "https://www.kaigokensaku.mhlw.go.jp/04/index.php?action_kouhyou_detail_004_kani=true&JigyosyoCd=0495300352-00&ServiceCd=780&Type=search", "url2": null }, "geometry": { "type": "Point", "coordinates": [ 140.902424800000063, 38.2303718 ] } },
{ "type": "Feature", "properties": { "内容": "アースサポート仙台大和町【地域密着型通所介護】宮城県仙台市若林区大和町５－３０－２５", "url": "https://www.kaigokensaku.mhlw.go.jp/04/index.php?action_kouhyou_detail_004_kani=true&JigyosyoCd=0475302147-00&ServiceCd=780&Type=search", "url2": "http://www.earthsupport.co.jp" }, "geometry": { "type": "Point", "coordinates": [ 140.924045699999965, 38.2476552 ] } },
{ "type": "Feature", "properties": { "内容": "デイサービス憩いの園すみれ【地域密着型通所介護】宮城県仙台市若林区沖野2丁目5番30号", "url": "https://www.kaigokensaku.mhlw.go.jp/04/index.php?action_kouhyou_detail_004_kani=true&JigyosyoCd=0475301776-00&ServiceCd=780&Type=search", "url2": "http://ikoi-sono.com" }, "geometry": { "type": "Point", "coordinates": [ 140.909349184902652, 38.231327588890174 ] } },
{ "type": "Feature", "properties": { "内容": "リハビリデイサービスnagomi沖野店【地域密着型通所介護】宮城県仙台市若林区沖野3丁目11-23氷上壱番館1階", "url": "https://www.kaigokensaku.mhlw.go.jp/04/index.php?action_kouhyou_detail_004_kani=true&JigyosyoCd=0475301990-00&ServiceCd=780&Type=search", "url2": "https://www.my-nagomi.com/" }, "geometry": { "type": "Point", "coordinates": [ 140.912269796958981, 38.225297414199922 ] } },
{ "type": "Feature", "properties": { "内容": "サテライトケアセンター仙台東　通所介護事業所【地域密着型通所介護】宮城県仙台市若林区六丁の目北町１４－６１　1F", "url": "https://www.kaigokensaku.mhlw.go.jp/04/index.php?action_kouhyou_detail_004_kani=true&JigyosyoCd=0475301347-00&ServiceCd=780&Type=search", "url2": "http://www.team-forest.net/" }, "geometry": { "type": "Point", "coordinates": [ 140.95131225952457, 38.250643667404731 ] } },
{ "type": "Feature", "properties": { "内容": "デイサービスいきいき【地域密着型通所介護】宮城県仙台市若林区若林5-1-5", "url": "https://www.kaigokensaku.mhlw.go.jp/04/index.php?action_kouhyou_detail_004_kani=true&JigyosyoCd=0475302196-00&ServiceCd=780&Type=search", "url2": "https://naritasekkotu.ivalue.info/" }, "geometry": { "type": "Point", "coordinates": [ 140.903810244180249, 38.232832751831161 ] } },
{ "type": "Feature", "properties": { "内容": "レコードブック仙台白萩町【地域密着型通所介護】宮城県仙台市若林区白萩町23-1プロスぺレ白萩103", "url": "https://www.kaigokensaku.mhlw.go.jp/04/index.php?action_kouhyou_detail_004_kani=true&JigyosyoCd=0495300345-00&ServiceCd=780&Type=search", "url2": null }, "geometry": { "type": "Point", "coordinates": [ 140.9087968, 38.2520338 ] } },
{ "type": "Feature", "properties": { "内容": "デイサービスセンターなずな【地域密着型通所介護】宮城県仙台市若林区木ノ下２丁目１－３１", "url": "https://www.kaigokensaku.mhlw.go.jp/04/index.php?action_kouhyou_detail_004_kani=true&JigyosyoCd=0475302469-00&ServiceCd=780&Type=search", "url2": null }, "geometry": { "type": "Point", "coordinates": [ 140.901147700000024, 38.2532814 ] } },
{ "type": "Feature", "properties": { "内容": "ライフの学校共生型デイサービスセンター萩の風キャンパス【地域密着型通所介護】宮城県仙台市若林区上飯田字天神1-1ライフの学校特別養護老人ホーム萩の風キャンパス", "url": "https://www.kaigokensaku.mhlw.go.jp/04/index.php?action_kouhyou_detail_004_kani=true&JigyosyoCd=0475302006-00&ServiceCd=780&Type=search", "url2": "https://gakkou.life/" }, "geometry": { "type": "Point", "coordinates": [ 140.920753099999956, 38.2203218 ] } },
{ "type": "Feature", "properties": { "内容": "デイサービスメロディ【地域密着型通所介護】宮城県仙台市若林区連坊2-4-5志水ビル", "url": "https://www.kaigokensaku.mhlw.go.jp/04/index.php?action_kouhyou_detail_004_kani=true&JigyosyoCd=0475302022-00&ServiceCd=780&Type=search", "url2": "http://melodykaigo.web.fc2.com/" }, "geometry": { "type": "Point", "coordinates": [ 140.891157099999987, 38.2523116 ] } },
{ "type": "Feature", "properties": { "内容": "アシスト中倉デイサービス【地域密着型通所介護】宮城県仙台市若林区中倉一丁目１番8号阿部ビル1階", "url": "https://www.kaigokensaku.mhlw.go.jp/04/index.php?action_kouhyou_detail_004_kani=true&JigyosyoCd=0475301438-00&ServiceCd=780&Type=search", "url2": "http://assist-nakakura.com/" }, "geometry": { "type": "Point", "coordinates": [ 140.9091889, 38.2439855 ] } },
{ "type": "Feature", "properties": { "内容": "リハビリステーション若林【地域密着型通所介護】宮城県仙台市若林区一本杉町7-7", "url": "https://www.kaigokensaku.mhlw.go.jp/04/index.php?action_kouhyou_detail_004_kani=true&JigyosyoCd=0495300410-00&ServiceCd=780&Type=search", "url2": "https://www.keiai-pms.com/%E3%83%AA%E3%83%8F%E3%83%93%E3%83%AA%E3%82%B9%E3%83%86%E3%83%BC%E3%82%B7%E3%83%A7%E3%83%B3%E8%8B%A5%E6%9E%97" }, "geometry": { "type": "Point", "coordinates": [ 140.9073776, 38.2434762 ] } },
{ "type": "Feature", "properties": { "内容": "リハビリサロン豊齢【地域密着型通所介護】宮城県仙台市太白区茂庭台2丁目16-10", "url": "https://www.kaigokensaku.mhlw.go.jp/04/index.php?action_kouhyou_detail_004_kani=true&JigyosyoCd=0475403499-00&ServiceCd=780&Type=search", "url2": "http://www.hourei.com" }, "geometry": { "type": "Point", "coordinates": [ 140.783045300000026, 38.2329972 ] } },
{ "type": "Feature", "properties": { "内容": "ラヴィ富沢【地域密着型通所介護】宮城県仙台市太白区富沢2-2-6ライフプラザ106", "url": "https://www.kaigokensaku.mhlw.go.jp/04/index.php?action_kouhyou_detail_004_kani=true&JigyosyoCd=0495400798-00&ServiceCd=780&Type=search", "url2": "https://www.keiai-pms.com" }, "geometry": { "type": "Point", "coordinates": [ 140.864774777246083, 38.218508656073311 ] } },
{ "type": "Feature", "properties": { "内容": "きたえるーむ仙台鈎取【地域密着型通所介護】宮城県仙台市太白区鈎取本町1-2-3カマタハウス１階", "url": "https://www.kaigokensaku.mhlw.go.jp/04/index.php?action_kouhyou_detail_004_kani=true&JigyosyoCd=0495400749-00&ServiceCd=780&Type=search", "url2": "https://kitaeroom.com/shop/post-94.shtml" }, "geometry": { "type": "Point", "coordinates": [ 140.84460526508181, 38.220718442141887 ] } },
{ "type": "Feature", "properties": { "内容": "デイサービスセンター　和み園【地域密着型通所介護】仙台市太白区柳生字田中7-3", "url": "https://www.kaigokensaku.mhlw.go.jp/04/index.php?action_kouhyou_detail_004_kani=true&JigyosyoCd=0475401444-00&ServiceCd=780&Type=search", "url2": null }, "geometry": { "type": "Point", "coordinates": [ 140.869186099999979, 38.1941116 ] } },
{ "type": "Feature", "properties": { "内容": "夢うさぎ【地域密着型通所介護】宮城県仙台市太白区諏訪町13-44あすと浪漫座内", "url": "https://www.kaigokensaku.mhlw.go.jp/04/index.php?action_kouhyou_detail_004_kani=true&JigyosyoCd=0495400475-00&ServiceCd=780&Type=search", "url2": "http://care-net.biz/04/wing/" }, "geometry": { "type": "Point", "coordinates": [ 140.885056, 38.2149126 ] } },
{ "type": "Feature", "properties": { "内容": "笑生デイサービスあきう【地域密着型通所介護】宮城県仙台市太白区秋保町湯向3-1", "url": "https://www.kaigokensaku.mhlw.go.jp/04/index.php?action_kouhyou_detail_004_kani=true&JigyosyoCd=0495400616-00&ServiceCd=780&Type=search", "url2": null }, "geometry": { "type": "Point", "coordinates": [ 140.7248941, 38.2276436 ] } },
{ "type": "Feature", "properties": { "内容": "GENKI　NEXT仙台泉崎【地域密着型通所介護】宮城県仙台市太白区泉崎１－１－２０ラフェリオ長町南1F", "url": "https://www.kaigokensaku.mhlw.go.jp/04/index.php?action_kouhyou_detail_004_kani=true&JigyosyoCd=0475403002-00&ServiceCd=780&Type=search", "url2": "https://kaigo-next.com/sp/search/detail/844/" }, "geometry": { "type": "Point", "coordinates": [ 140.870562599999971, 38.2233698 ] } },
{ "type": "Feature", "properties": { "内容": "レコードブック仙台長町【地域密着型通所介護】宮城県仙台市太白区長町5丁目2-17タウゼン・プラッツ長町１F", "url": "https://www.kaigokensaku.mhlw.go.jp/04/index.php?action_kouhyou_detail_004_kani=true&JigyosyoCd=0495400590-00&ServiceCd=780&Type=search", "url2": null }, "geometry": { "type": "Point", "coordinates": [ 140.884329799999989, 38.2252668 ] } },
{ "type": "Feature", "properties": { "内容": "デイサービスわだち【地域密着型通所介護】宮城県仙台市太白区日本平２７－１０", "url": "https://www.kaigokensaku.mhlw.go.jp/04/index.php?action_kouhyou_detail_004_kani=true&JigyosyoCd=0475402541-00&ServiceCd=780&Type=search", "url2": "https://wadati-10.tkc.best-hp.jp" }, "geometry": { "type": "Point", "coordinates": [ 140.810872167604657, 38.224440759917961 ] } },
{ "type": "Feature", "properties": { "内容": "デイサービス　ポラーノの椅子【地域密着型通所介護】宮城県仙台市太白区山田北前町44-12ポラーノの椅子", "url": "https://www.kaigokensaku.mhlw.go.jp/04/index.php?action_kouhyou_detail_004_kani=true&JigyosyoCd=0495400756-00&ServiceCd=780&Type=search", "url2": "https://pollanno-chair.my.canva.site/" }, "geometry": { "type": "Point", "coordinates": [ 140.8258755, 38.222551 ] } },
{ "type": "Feature", "properties": { "内容": "堀川整骨院デイサービス【地域密着型通所介護】宮城県仙台市太白区鈎取1-5-50", "url": "https://www.kaigokensaku.mhlw.go.jp/04/index.php?action_kouhyou_detail_004_kani=true&JigyosyoCd=0475403176-00&ServiceCd=780&Type=search", "url2": "http://www.horikawaseikotu.com/branch/day.html" }, "geometry": { "type": "Point", "coordinates": [ 140.8476013, 38.221451600000016 ] } },
{ "type": "Feature", "properties": { "内容": "リハビリサロン楽動ながまち【地域密着型通所介護】宮城県仙台市太白区郡山7-8-11リハビリサロン楽動ながまち", "url": "https://www.kaigokensaku.mhlw.go.jp/04/index.php?action_kouhyou_detail_004_kani=true&JigyosyoCd=0495400400-00&ServiceCd=780&Type=search", "url2": "https://rakudo-co.com/jp/" }, "geometry": { "type": "Point", "coordinates": [ 140.889159290195721, 38.215683710047763 ] } },
{ "type": "Feature", "properties": { "内容": "デイサービス菖【地域密着型通所介護】宮城県仙台市太白区西多賀1-3-25", "url": "https://www.kaigokensaku.mhlw.go.jp/04/index.php?action_kouhyou_detail_004_kani=true&JigyosyoCd=0475402269-00&ServiceCd=780&Type=search", "url2": null }, "geometry": { "type": "Point", "coordinates": [ 140.861913299999969, 38.2256611 ] } },
{ "type": "Feature", "properties": { "内容": "アースサポート八本松【地域密着型通所介護】宮城県仙台市太白区郡山3-23-20", "url": "https://www.kaigokensaku.mhlw.go.jp/04/index.php?action_kouhyou_detail_004_kani=true&JigyosyoCd=0495400681-00&ServiceCd=780&Type=search", "url2": "http://www.earthsupport.co.jp" }, "geometry": { "type": "Point", "coordinates": [ 140.8951539, 38.2237894 ] } },
{ "type": "Feature", "properties": { "内容": "サテライトケアセンター長町南通所介護事業所【地域密着型通所介護】宮城県仙台市太白区泉崎1丁目34-7", "url": "https://www.kaigokensaku.mhlw.go.jp/04/index.php?action_kouhyou_detail_004_kani=true&JigyosyoCd=0475403051-00&ServiceCd=780&Type=search", "url2": "http://www.team-forest.net/" }, "geometry": { "type": "Point", "coordinates": [ 140.870118300000058, 38.2192841 ] } },
{ "type": "Feature", "properties": { "内容": "デイサービス　やわらぎ【地域密着型通所介護】宮城県仙台市太白区緑ヶ丘2丁目15番10号", "url": "https://www.kaigokensaku.mhlw.go.jp/04/index.php?action_kouhyou_detail_004_kani=true&JigyosyoCd=0475403440-00&ServiceCd=780&Type=search", "url2": null }, "geometry": { "type": "Point", "coordinates": [ 140.861204899999962, 38.2320494 ] } },
{ "type": "Feature", "properties": { "内容": "リハビリ特化型デイサービス　ムーブメントプロ仙台【地域密着型通所介護】宮城県仙台市太白区富沢3丁目6-22サンパレス22　101号・102号", "url": "https://www.kaigokensaku.mhlw.go.jp/04/index.php?action_kouhyou_detail_004_kani=true&JigyosyoCd=0495400608-00&ServiceCd=780&Type=search", "url2": "https://randc-shonan.co.jp/" }, "geometry": { "type": "Point", "coordinates": [ 140.862201337541904, 38.216615217113478 ] } },
{ "type": "Feature", "properties": { "内容": "デイホーム松が丘【地域密着型通所介護】宮城県仙台市太白区松が丘４４番２０号デイホーム松が丘", "url": "https://www.kaigokensaku.mhlw.go.jp/04/index.php?action_kouhyou_detail_004_kani=true&JigyosyoCd=0495400764-00&ServiceCd=780&Type=search", "url2": "https://hp.kaipoke.biz/cg9/" }, "geometry": { "type": "Point", "coordinates": [ 140.8486661, 38.2399419 ] } },
{ "type": "Feature", "properties": { "内容": "スポーツデイLesport鈎取【地域密着型通所介護】鈎取3‐2‐20ハイライズ鈎取1F", "url": "https://www.kaigokensaku.mhlw.go.jp/04/index.php?action_kouhyou_detail_004_kani=true&JigyosyoCd=0495400715-00&ServiceCd=780&Type=search", "url2": "https://leifras.co.jp/" }, "geometry": { "type": "Point", "coordinates": [ 140.8415616, 38.2254441 ] } },
{ "type": "Feature", "properties": { "内容": "みどりの杜デイサービスセンター　中田【地域密着型通所介護】宮城県仙台市太白区中田町字法地北19番6号", "url": "https://www.kaigokensaku.mhlw.go.jp/04/index.php?action_kouhyou_detail_004_kani=true&JigyosyoCd=0475402657-00&ServiceCd=780&Type=search", "url2": "http://frontier-g.co.jp/corporate.html" }, "geometry": { "type": "Point", "coordinates": [ 140.90105, 38.197248400000014 ] } },
{ "type": "Feature", "properties": { "内容": "デイサービスセンター　にこトピア向山の家【地域密着型通所介護】宮城県仙台市太白区八木山緑町４－２４", "url": "https://www.kaigokensaku.mhlw.go.jp/04/index.php?action_kouhyou_detail_004_kani=true&JigyosyoCd=0475402137-00&ServiceCd=780&Type=search", "url2": "http://www.sg-miyagikai.jp/office/100/" }, "geometry": { "type": "Point", "coordinates": [ 140.8642764, 38.2449008 ] } },
{ "type": "Feature", "properties": { "内容": "ミモザ仙台太白デイサービス【地域密着型通所介護】宮城県仙台市太白区緑ヶ丘１-18-15ミモザ仙台太白", "url": "https://www.kaigokensaku.mhlw.go.jp/04/index.php?action_kouhyou_detail_004_kani=true&JigyosyoCd=0495400806-00&ServiceCd=780&Type=search", "url2": "https://mimoza-care.com/facility/day-service/post-2187/" }, "geometry": { "type": "Point", "coordinates": [ 140.8660437, 38.2317648 ] } },
{ "type": "Feature", "properties": { "内容": "リハビリステーション八木山【地域密着型通所介護】宮城県仙台市太白区八木山松波町15-2", "url": "https://www.kaigokensaku.mhlw.go.jp/04/index.php?action_kouhyou_detail_004_kani=true&JigyosyoCd=0475402145-00&ServiceCd=780&Type=search", "url2": "http://www.keiai-pms-.com" }, "geometry": { "type": "Point", "coordinates": [ 140.858517299999988, 38.2423309 ] } },
{ "type": "Feature", "properties": { "内容": "デイサービス　かえる【地域密着型通所介護】宮城県仙台市太白区四郎丸字神明８０－１", "url": "https://www.kaigokensaku.mhlw.go.jp/04/index.php?action_kouhyou_detail_004_kani=true&JigyosyoCd=0475402814-00&ServiceCd=780&Type=search", "url2": null }, "geometry": { "type": "Point", "coordinates": [ 140.914035600000034, 38.1904635 ] } },
{ "type": "Feature", "properties": { "内容": "プラスワン長嶺フィットネスジム【地域密着型通所介護】宮城県仙台市太白区長嶺8番10号", "url": "https://www.kaigokensaku.mhlw.go.jp/04/index.php?action_kouhyou_detail_004_kani=true&JigyosyoCd=0495400566-00&ServiceCd=780&Type=search", "url2": "https://ponagamine.com" }, "geometry": { "type": "Point", "coordinates": [ 140.867513700000018, 38.2364348 ] } },
{ "type": "Feature", "properties": { "内容": "プラスワン長嶺リラックス＆お風呂【地域密着型通所介護】宮城県仙台市太白区長嶺8-10", "url": "https://www.kaigokensaku.mhlw.go.jp/04/index.php?action_kouhyou_detail_004_kani=true&JigyosyoCd=0495400632-00&ServiceCd=780&Type=search", "url2": "https://ponagamine.com" }, "geometry": { "type": "Point", "coordinates": [ 140.867513699999989, 38.2364348 ] } },
{ "type": "Feature", "properties": { "内容": "デイサービス暖【地域密着型通所介護】宮城県仙台市太白区鹿野本町８－2６", "url": "https://www.kaigokensaku.mhlw.go.jp/04/index.php?action_kouhyou_detail_004_kani=true&JigyosyoCd=0495400772-00&ServiceCd=780&Type=search", "url2": null }, "geometry": { "type": "Point", "coordinates": [ 140.871849735581947, 38.233135201400877 ] } },
{ "type": "Feature", "properties": { "内容": "デイ＆ホーム　つむぎ　富沢南【地域密着型通所介護】宮城県仙台市太白区富沢南2丁目13-2", "url": "https://www.kaigokensaku.mhlw.go.jp/04/index.php?action_kouhyou_detail_004_kani=true&JigyosyoCd=0495400822-00&ServiceCd=780&Type=search", "url2": "https://well-4b.com/company/" }, "geometry": { "type": "Point", "coordinates": [ 140.865127300000012, 38.2107714 ] } },
{ "type": "Feature", "properties": { "内容": "SPANAKAGAWA【地域密着型通所介護】宮城県仙台市太白区茂ケ崎３丁目１１－１０グリーンヒルズ野草園1F", "url": "https://www.kaigokensaku.mhlw.go.jp/04/index.php?action_kouhyou_detail_004_kani=true&JigyosyoCd=0475402491-00&ServiceCd=780&Type=search", "url2": "http://www.nakagawa-d.co.jp" }, "geometry": { "type": "Point", "coordinates": [ 140.874742400000059, 38.2383154 ] } },
{ "type": "Feature", "properties": { "内容": "レコードブック仙台泉中央【地域密着型通所介護】宮城県仙台市泉区泉中央3丁目18-2グランヒルST103", "url": "https://www.kaigokensaku.mhlw.go.jp/04/index.php?action_kouhyou_detail_004_kani=true&JigyosyoCd=0495500621-00&ServiceCd=780&Type=search", "url2": "https://www.recordbook.jp/facility/senndaiizumityuuou/" }, "geometry": { "type": "Point", "coordinates": [ 140.8858529, 38.326093 ] } },
{ "type": "Feature", "properties": { "内容": "湧々庵hanare【地域密着型通所介護】宮城県仙台市泉区将監１０－１８－１４", "url": "https://www.kaigokensaku.mhlw.go.jp/04/index.php?action_kouhyou_detail_004_kani=true&JigyosyoCd=0495500639-00&ServiceCd=780&Type=search", "url2": "https://yusenkai.co.jp" }, "geometry": { "type": "Point", "coordinates": [ 140.8689795, 38.3374712 ] } },
{ "type": "Feature", "properties": { "内容": "ＮＰＯ法人　おひさまくらぶ【地域密着型通所介護】宮城県仙台市泉区高森7丁目32番地の16", "url": "https://www.kaigokensaku.mhlw.go.jp/04/index.php?action_kouhyou_detail_004_kani=true&JigyosyoCd=0475500211-00&ServiceCd=780&Type=search", "url2": "http://takurou-ohisama.jimdo.com/" }, "geometry": { "type": "Point", "coordinates": [ 140.855863900000031, 38.3425003 ] } },
{ "type": "Feature", "properties": { "内容": "音楽リハビリデイサービスゆらリズム　南光台店【地域密着型通所介護】宮城県仙台市泉区南光台南1-1-3シンセービル1階", "url": "https://www.kaigokensaku.mhlw.go.jp/04/index.php?action_kouhyou_detail_004_kani=true&JigyosyoCd=0475502381-00&ServiceCd=780&Type=search", "url2": "https://www.yura-ongaku.com/" }, "geometry": { "type": "Point", "coordinates": [ 140.89837, 38.2981345 ] } },
{ "type": "Feature", "properties": { "内容": "湯治郎【地域密着型通所介護】宮城県仙台市泉区将監５－６－３", "url": "https://www.kaigokensaku.mhlw.go.jp/04/index.php?action_kouhyou_detail_004_kani=true&JigyosyoCd=0475503157-00&ServiceCd=780&Type=search", "url2": "https://yusenkai.co.jp/" }, "geometry": { "type": "Point", "coordinates": [ 140.87836470000002, 38.3400373 ] } },
{ "type": "Feature", "properties": { "内容": "デイサービス　グリーンシーズ将監【地域密着型通所介護】宮城県仙台市泉区将監1丁目30-8", "url": "https://www.kaigokensaku.mhlw.go.jp/04/index.php?action_kouhyou_detail_004_kani=true&JigyosyoCd=0475503298-00&ServiceCd=780&Type=search", "url2": "https://green-seeds.jp/" }, "geometry": { "type": "Point", "coordinates": [ 140.888641900000039, 38.3301804 ] } },
{ "type": "Feature", "properties": { "内容": "デイサービスセンターラビット【地域密着型通所介護】宮城県仙台市泉区上谷刈字長命10番地", "url": "https://www.kaigokensaku.mhlw.go.jp/04/index.php?action_kouhyou_detail_004_kani=true&JigyosyoCd=0475500542-00&ServiceCd=780&Type=search", "url2": "https://senjusou-izumi.jimdofree.com/" }, "geometry": { "type": "Point", "coordinates": [ 140.856259499999965, 38.3193474 ] } },
{ "type": "Feature", "properties": { "内容": "グレイス長命【地域密着型通所介護】宮城県仙台市泉区長命ヶ丘6丁目15‐36", "url": "https://www.kaigokensaku.mhlw.go.jp/04/index.php?action_kouhyou_detail_004_kani=true&JigyosyoCd=0495500571-00&ServiceCd=780&Type=search", "url2": "https://www.grace2017.co.jp" }, "geometry": { "type": "Point", "coordinates": [ 140.8294409, 38.3125711 ] } },
{ "type": "Feature", "properties": { "内容": "デイサービス　グリーンシーズいずみ【地域密着型通所介護】根白石字町東39", "url": "https://www.kaigokensaku.mhlw.go.jp/04/index.php?action_kouhyou_detail_004_kani=true&JigyosyoCd=0495500654-00&ServiceCd=780&Type=search", "url2": "https://green-seeds.jp" }, "geometry": { "type": "Point", "coordinates": [ 140.7976286, 38.3445456 ] } },
{ "type": "Feature", "properties": { "内容": "アースサポート仙台泉【地域密着型通所介護】宮城県仙台市泉区七北田字古内130番地", "url": "https://www.kaigokensaku.mhlw.go.jp/04/index.php?action_kouhyou_detail_004_kani=true&JigyosyoCd=0475502001-00&ServiceCd=780&Type=search", "url2": "http://www.earthsupport.co.jp" }, "geometry": { "type": "Point", "coordinates": [ 140.870974299999943, 38.3265331 ] } },
{ "type": "Feature", "properties": { "内容": "長命ヶ丘デイサロンルポ【地域密着型通所介護】宮城県仙台市泉区長命ヶ丘5丁目18番地２３", "url": "https://www.kaigokensaku.mhlw.go.jp/04/index.php?action_kouhyou_detail_004_kani=true&JigyosyoCd=0495500449-00&ServiceCd=780&Type=search", "url2": "http://ms-co-ltd.com/" }, "geometry": { "type": "Point", "coordinates": [ 140.832039753984645, 38.314234810120624 ] } },
{ "type": "Feature", "properties": { "内容": "長命ヶ丘デイサロン5丁目【地域密着型通所介護】宮城県仙台市泉区長命ヶ丘19番地11", "url": "https://www.kaigokensaku.mhlw.go.jp/04/index.php?action_kouhyou_detail_004_kani=true&JigyosyoCd=0495500613-00&ServiceCd=780&Type=search", "url2": "http://ms-co-ltd.com/services/350/" }, "geometry": { "type": "Point", "coordinates": [ 140.831491929365143, 38.314637058342925 ] } },
{ "type": "Feature", "properties": { "内容": "デイサービス　ココロ【地域密着型通所介護】宮城県仙台市泉区加茂3丁目27-3", "url": "https://www.kaigokensaku.mhlw.go.jp/04/index.php?action_kouhyou_detail_004_kani=true&JigyosyoCd=0475502613-00&ServiceCd=780&Type=search", "url2": "https://www.momo-kokoro.co.jp/" }, "geometry": { "type": "Point", "coordinates": [ 140.84844929999997, 38.3162892 ] } },
{ "type": "Feature", "properties": { "内容": "デイサービスセンタードンクマサー将監【地域密着型通所介護】宮城県仙台市泉区将監８丁目15-33ドンクマサーパートⅤビル", "url": "https://www.kaigokensaku.mhlw.go.jp/04/index.php?action_kouhyou_detail_004_kani=true&JigyosyoCd=0475503280-00&ServiceCd=780&Type=search", "url2": "http://www.dnkmsa.co.jp/index.html" }, "geometry": { "type": "Point", "coordinates": [ 140.8787046, 38.3314909 ] } },
{ "type": "Feature", "properties": { "内容": "リハくる泉中央【地域密着型通所介護】宮城県仙台市泉区泉中央4-7-4KCヒルズアネックス1F", "url": "https://www.kaigokensaku.mhlw.go.jp/04/index.php?action_kouhyou_detail_004_kani=true&JigyosyoCd=0475502894-00&ServiceCd=780&Type=search", "url2": "https://rihakuru-izumi.com/" }, "geometry": { "type": "Point", "coordinates": [ 140.885570199999961, 38.3231867 ] } },
{ "type": "Feature", "properties": { "内容": "デイサービス　てるてる家族【地域密着型通所介護】宮城県仙台市泉区市名坂字町79番地の1", "url": "https://www.kaigokensaku.mhlw.go.jp/04/index.php?action_kouhyou_detail_004_kani=true&JigyosyoCd=0475501581-00&ServiceCd=780&Type=search", "url2": "http://zorro-company.com/" }, "geometry": { "type": "Point", "coordinates": [ 140.888438102754719, 38.318945793346174 ] } },
{ "type": "Feature", "properties": { "内容": "デイサービス「船」天神沢【地域密着型通所介護】宮城県仙台市泉区天神沢1-20-20", "url": "https://www.kaigokensaku.mhlw.go.jp/04/index.php?action_kouhyou_detail_004_kani=true&JigyosyoCd=0475503165-00&ServiceCd=780&Type=search", "url2": "http://hp.kaipoke.biz/m6t/index.html" }, "geometry": { "type": "Point", "coordinates": [ 140.9003242, 38.3225541 ] } },
{ "type": "Feature", "properties": { "内容": "デイサービス　もりのひろば【地域密着型通所介護】宮城県仙台市泉区松森字沢目14-2", "url": "https://www.kaigokensaku.mhlw.go.jp/04/index.php?action_kouhyou_detail_004_kani=true&JigyosyoCd=0475503504-00&ServiceCd=780&Type=search", "url2": "http://morinohiroba.com/dayservice/index.html" }, "geometry": { "type": "Point", "coordinates": [ 140.907378654630946, 38.306672956892143 ] } },
{ "type": "Feature", "properties": { "内容": "リハニック仙台南光台【地域密着型通所介護】宮城県仙台市泉区松森陣々原11－25", "url": "https://www.kaigokensaku.mhlw.go.jp/04/index.php?action_kouhyou_detail_004_kani=true&JigyosyoCd=0495500779-00&ServiceCd=780&Type=search", "url2": "https://www.rehanic.jp/" }, "geometry": { "type": "Point", "coordinates": [ 140.912537066162486, 38.30180410925604 ] } },
{ "type": "Feature", "properties": { "内容": "デイサービス　あったかの家　黒松【地域密着型通所介護】宮城県仙台市泉区旭丘堤2-19-3", "url": "https://www.kaigokensaku.mhlw.go.jp/04/index.php?action_kouhyou_detail_004_kani=true&JigyosyoCd=0475503546-00&ServiceCd=780&Type=search", "url2": "http://human-aid.co.jp/" }, "geometry": { "type": "Point", "coordinates": [ 140.889641710520209, 38.30325167015009 ] } },
{ "type": "Feature", "properties": { "内容": "通い処　湧々庵　将監【地域密着型通所介護】宮城県仙台市泉区将監５丁目７－８", "url": "https://www.kaigokensaku.mhlw.go.jp/04/index.php?action_kouhyou_detail_004_kani=true&JigyosyoCd=0475502902-00&ServiceCd=780&Type=search", "url2": "http://www.yusenkai.co.jp" }, "geometry": { "type": "Point", "coordinates": [ 140.879204114324949, 38.340153062023454 ] } },
{ "type": "Feature", "properties": { "内容": "トレーニングデイサービス　泉ビレジ【地域密着型通所介護】宮城県仙台市泉区館6-14-6", "url": "https://www.kaigokensaku.mhlw.go.jp/04/index.php?action_kouhyou_detail_004_kani=true&JigyosyoCd=0495500563-00&ServiceCd=780&Type=search", "url2": "http://traning-izumi-village.com/" }, "geometry": { "type": "Point", "coordinates": [ 140.799811, 38.3188862 ] } },
{ "type": "Feature", "properties": { "内容": "デイサロンぴーちゃん【地域密着型通所介護】宮城県仙台市泉区南光台７丁目３６－５", "url": "https://www.kaigokensaku.mhlw.go.jp/04/index.php?action_kouhyou_detail_004_kani=true&JigyosyoCd=0475502993-00&ServiceCd=780&Type=search", "url2": null }, "geometry": { "type": "Point", "coordinates": [ 140.902938899999981, 38.29969 ] } },
{ "type": "Feature", "properties": { "内容": "“日だまりの家”いずみデイサービスセンター【地域密着型通所介護】宮城県仙台市泉区上谷刈3-16-21", "url": "https://www.kaigokensaku.mhlw.go.jp/04/index.php?action_kouhyou_detail_004_kani=true&JigyosyoCd=0475501144-00&ServiceCd=780&Type=search", "url2": "http://www.mrjk.jp" }, "geometry": { "type": "Point", "coordinates": [ 140.868877600000019, 38.3198949 ] } },
{ "type": "Feature", "properties": { "内容": "通い処湧々庵向陽台【地域密着型通所介護】宮城県仙台市泉区向陽台2丁目５－２３", "url": "https://www.kaigokensaku.mhlw.go.jp/04/index.php?action_kouhyou_detail_004_kani=true&JigyosyoCd=0475502829-00&ServiceCd=780&Type=search", "url2": "http://www.yusenkai.co.jp" }, "geometry": { "type": "Point", "coordinates": [ 140.893824236909524, 38.337702722908048 ] } },
{ "type": "Feature", "properties": { "内容": "デイサービス悠々【地域密着型通所介護】宮城県仙台市泉区松陵四丁目23番地の9", "url": "https://www.kaigokensaku.mhlw.go.jp/04/index.php?action_kouhyou_detail_004_kani=true&JigyosyoCd=0475502308-00&ServiceCd=780&Type=search", "url2": "http://www.izuminomori.jp" }, "geometry": { "type": "Point", "coordinates": [ 140.916845, 38.330322 ] } },
{ "type": "Feature", "properties": { "内容": "デイサービスセンターみんなの家【地域密着型通所介護】宮城県仙台市泉区七北田新道２３戸ヶ瀬ビル１階", "url": "https://www.kaigokensaku.mhlw.go.jp/04/index.php?action_kouhyou_detail_004_kani=true&JigyosyoCd=0475502258-00&ServiceCd=780&Type=search", "url2": "http://kokopelli.biz/" }, "geometry": { "type": "Point", "coordinates": [ 140.887279977632147, 38.335898489534017 ] } },
{ "type": "Feature", "properties": { "内容": "サテライトケアセンター　いずみ【地域密着型通所介護】宮城県仙台市泉区市名坂字南前5-3", "url": "https://www.kaigokensaku.mhlw.go.jp/04/index.php?action_kouhyou_detail_004_kani=true&JigyosyoCd=0495500662-00&ServiceCd=780&Type=search", "url2": "http://www.team-forest.net" }, "geometry": { "type": "Point", "coordinates": [ 140.897674, 38.318698 ] } },
{ "type": "Feature", "properties": { "内容": "笑鶴亭ひまわり園すこやか元気塾【地域密着型通所介護】宮城県仙台市泉区歩坂町６１－１５", "url": "https://www.kaigokensaku.mhlw.go.jp/04/index.php?action_kouhyou_detail_004_kani=true&JigyosyoCd=0475502654-00&ServiceCd=780&Type=search", "url2": "https://iwasakiyatarou.com" }, "geometry": { "type": "Point", "coordinates": [ 140.90712880000001, 38.3261346 ] } },
{ "type": "Feature", "properties": { "内容": "レコードブック南光台四条通り【地域密着型通所介護】宮城県仙台市泉区南光台南３丁目４-３梅伸ビル１階", "url": "https://www.kaigokensaku.mhlw.go.jp/04/index.php?action_kouhyou_detail_004_kani=true&JigyosyoCd=0495500811-00&ServiceCd=780&Type=search", "url2": "https://www.recordbook.jp/facility/nankodaishijodori/" }, "geometry": { "type": "Point", "coordinates": [ 140.907251699999989, 38.2962895 ] } },
{ "type": "Feature", "properties": { "内容": "リハビリデイサービス　結【地域密着型通所介護】宮城県石巻市山下町1丁目5－20クレアトゥール103", "url": "https://www.kaigokensaku.mhlw.go.jp/04/index.php?action_kouhyou_detail_004_kani=true&JigyosyoCd=0470202375-00&ServiceCd=780&Type=search", "url2": "http://hidamarihari9.web.fc2.com" }, "geometry": { "type": "Point", "coordinates": [ 141.294791896464545, 38.434489260191683 ] } },
{ "type": "Feature", "properties": { "内容": "リハビリサロンPlace【地域密着型通所介護】宮城県石巻市千石町２番３８号", "url": "https://www.kaigokensaku.mhlw.go.jp/04/index.php?action_kouhyou_detail_004_kani=true&JigyosyoCd=0470202615-00&ServiceCd=780&Type=search", "url2": "http://rehasalonplace.wix.com/rehasalonplace" }, "geometry": { "type": "Point", "coordinates": [ 141.30844318839118, 38.434805973178989 ] } },
{ "type": "Feature", "properties": { "内容": "ぷりけあデイサービス【地域密着型通所介護】宮城県石巻市駅前北通り１－１４－２９ダルセーニョ壱番館２F", "url": "https://www.kaigokensaku.mhlw.go.jp/04/index.php?action_kouhyou_detail_004_kani=true&JigyosyoCd=0490200391-00&ServiceCd=780&Type=search", "url2": "https://pri-care.com" }, "geometry": { "type": "Point", "coordinates": [ 141.3074016, 38.4382415 ] } },
{ "type": "Feature", "properties": { "内容": "ひだまりの家ディサービスセンター【地域密着型通所介護】宮城県石巻市須江字池袋5番地2", "url": "https://www.kaigokensaku.mhlw.go.jp/04/index.php?action_kouhyou_detail_004_kani=true&JigyosyoCd=0470201328-00&ServiceCd=780&Type=search", "url2": null }, "geometry": { "type": "Point", "coordinates": [ 141.242183800000021, 38.4749153 ] } },
{ "type": "Feature", "properties": { "内容": "レッツ倶楽部石巻蛇田【地域密着型通所介護】宮城県石巻市蛇田字南経塚6-4", "url": "https://www.kaigokensaku.mhlw.go.jp/04/index.php?action_kouhyou_detail_004_kani=true&JigyosyoCd=0470202706-00&ServiceCd=780&Type=search", "url2": "http:/www.lets-club.jp" }, "geometry": { "type": "Point", "coordinates": [ 141.264760755991574, 38.452767615711778 ] } },
{ "type": "Feature", "properties": { "内容": "石巻市雄勝デイサービスセンター【地域密着型通所介護】宮城県石巻市雄勝町小島字和田１２３番地", "url": "https://www.kaigokensaku.mhlw.go.jp/04/index.php?action_kouhyou_detail_004_kani=true&JigyosyoCd=0470201146-00&ServiceCd=780&Type=search", "url2": "http://www.kyokujukai.or.jp/" }, "geometry": { "type": "Point", "coordinates": [ 141.50038272209008, 38.512162030039491 ] } },
{ "type": "Feature", "properties": { "内容": "しらゆりデイサービスセンター【地域密着型通所介護】宮城県石巻市渡波字黄金浜159-10", "url": "https://www.kaigokensaku.mhlw.go.jp/04/index.php?action_kouhyou_detail_004_kani=true&JigyosyoCd=0470202540-00&ServiceCd=780&Type=search", "url2": null }, "geometry": { "type": "Point", "coordinates": [ 141.3564735, 38.4189893 ] } },
{ "type": "Feature", "properties": { "内容": "よってがいん【地域密着型通所介護】宮城県石巻市渡波字新千刈140番地1", "url": "https://www.kaigokensaku.mhlw.go.jp/04/index.php?action_kouhyou_detail_004_kani=true&JigyosyoCd=0470202466-00&ServiceCd=780&Type=search", "url2": "https://www.facebook.com/YottegainWatanoha" }, "geometry": { "type": "Point", "coordinates": [ 141.3539501607479, 38.421819635355561 ] } },
{ "type": "Feature", "properties": { "内容": "清優館デイサービスセンター【地域密着型通所介護】宮城県石巻市鮎川浜清崎山７番地", "url": "https://www.kaigokensaku.mhlw.go.jp/04/index.php?action_kouhyou_detail_004_kani=true&JigyosyoCd=0470202227-00&ServiceCd=780&Type=search", "url2": "https://www.kyokujukai.or.jp/" }, "geometry": { "type": "Point", "coordinates": [ 141.499041898811356, 38.298414407419045 ] } },
{ "type": "Feature", "properties": { "内容": "網地島デイサービスセンター【地域密着型通所介護】宮城県石巻市長渡浜杉13-3", "url": "https://www.kaigokensaku.mhlw.go.jp/04/index.php?action_kouhyou_detail_004_kani=true&JigyosyoCd=0470200890-00&ServiceCd=780&Type=search", "url2": "http://www.amishou.weebly.com" }, "geometry": { "type": "Point", "coordinates": [ 141.478165399999966, 38.2663788 ] } },
{ "type": "Feature", "properties": { "内容": "デイサービスセンター花鳥風月【地域密着型通所介護】宮城県石巻市開成1番地", "url": "https://www.kaigokensaku.mhlw.go.jp/04/index.php?action_kouhyou_detail_004_kani=true&JigyosyoCd=0470202177-00&ServiceCd=780&Type=search", "url2": "http://katyofuugetu.wix.com/kaigo" }, "geometry": { "type": "Point", "coordinates": [ 141.3090608, 38.4654046 ] } },
{ "type": "Feature", "properties": { "内容": "アイユーデイサービス【地域密着型通所介護】宮城県石巻市さくら町五丁目６番地３", "url": "https://www.kaigokensaku.mhlw.go.jp/04/index.php?action_kouhyou_detail_004_kani=true&JigyosyoCd=0470201880-00&ServiceCd=780&Type=search", "url2": "http://www.aiwa-kaigo.com/" }, "geometry": { "type": "Point", "coordinates": [ 141.3594898, 38.4222557 ] } },
{ "type": "Feature", "properties": { "内容": "通所介護事業所「湊」【地域密着型通所介護】宮城県石巻市湊東二丁目１９番地１", "url": "https://www.kaigokensaku.mhlw.go.jp/04/index.php?action_kouhyou_detail_004_kani=true&JigyosyoCd=0470202565-00&ServiceCd=780&Type=search", "url2": null }, "geometry": { "type": "Point", "coordinates": [ 141.324148599999944, 38.4185879 ] } },
{ "type": "Feature", "properties": { "内容": "デイサービスももとせ【地域密着型通所介護】宮城県石巻市門脇字青葉東１０１－１", "url": "https://www.kaigokensaku.mhlw.go.jp/04/index.php?action_kouhyou_detail_004_kani=true&JigyosyoCd=0490200292-00&ServiceCd=780&Type=search", "url2": null }, "geometry": { "type": "Point", "coordinates": [ 141.269066400000042, 38.4353319 ] } },
{ "type": "Feature", "properties": { "内容": "ぱんぷきん介護センターデイサービスセンターさくら【地域密着型通所介護】宮城県石巻市広渕字馬場屋敷113-1", "url": "https://www.kaigokensaku.mhlw.go.jp/04/index.php?action_kouhyou_detail_004_kani=true&JigyosyoCd=0470200973-00&ServiceCd=780&Type=search", "url2": "http://care-net.biz/04/pumpkin/" }, "geometry": { "type": "Point", "coordinates": [ 141.216544399999947, 38.4744757 ] } },
{ "type": "Feature", "properties": { "内容": "A＆BきむらA【地域密着型通所介護】宮城県石巻市中里4丁目11－12", "url": "https://www.kaigokensaku.mhlw.go.jp/04/index.php?action_kouhyou_detail_004_kani=true&JigyosyoCd=0470202516-00&ServiceCd=780&Type=search", "url2": "https://kimukotsu.com/" }, "geometry": { "type": "Point", "coordinates": [ 141.293353499999967, 38.4429068 ] } },
{ "type": "Feature", "properties": { "内容": "A＆BきむらB【地域密着型通所介護】宮城県石巻市中里4丁目１１－１２", "url": "https://www.kaigokensaku.mhlw.go.jp/04/index.php?action_kouhyou_detail_004_kani=true&JigyosyoCd=0470202656-00&ServiceCd=780&Type=search", "url2": "https://kimukotsu.com/" }, "geometry": { "type": "Point", "coordinates": [ 141.293628500000068, 38.443204 ] } },
{ "type": "Feature", "properties": { "内容": "デイサービス福寿の里【地域密着型通所介護】宮城県石巻市鹿又字梅木屋敷37", "url": "https://www.kaigokensaku.mhlw.go.jp/04/index.php?action_kouhyou_detail_004_kani=true&JigyosyoCd=0470202219-00&ServiceCd=780&Type=search", "url2": "https://www.fukuzyunosato.com/" }, "geometry": { "type": "Point", "coordinates": [ 141.258684499999958, 38.4965604 ] } },
{ "type": "Feature", "properties": { "内容": "石巻デイサービスセンターやすらぎ荘【地域密着型通所介護】宮城県石巻市山下町一丁目11番22号", "url": "https://www.kaigokensaku.mhlw.go.jp/04/index.php?action_kouhyou_detail_004_kani=true&JigyosyoCd=0470200148-00&ServiceCd=780&Type=search", "url2": "https://www.wajinfukusi.jp/" }, "geometry": { "type": "Point", "coordinates": [ 141.294089758301169, 38.431995583270414 ] } },
{ "type": "Feature", "properties": { "内容": "あおぞらデイサービスセンター第Ⅱ【地域密着型通所介護】宮城県石巻市丸井戸三丁目１７番１９号", "url": "https://www.kaigokensaku.mhlw.go.jp/04/index.php?action_kouhyou_detail_004_kani=true&JigyosyoCd=0470202557-00&ServiceCd=780&Type=search", "url2": null }, "geometry": { "type": "Point", "coordinates": [ 141.277462348101835, 38.447379343404712 ] } },
{ "type": "Feature", "properties": { "内容": "スタジオぷらす【地域密着型通所介護】宮城県石巻市相野谷字今泉前29-3", "url": "https://www.kaigokensaku.mhlw.go.jp/04/index.php?action_kouhyou_detail_004_kani=true&JigyosyoCd=0470202391-00&ServiceCd=780&Type=search", "url2": "https://replus.mystrikingly.com/" }, "geometry": { "type": "Point", "coordinates": [ 141.319603499999971, 38.5168824 ] } },
{ "type": "Feature", "properties": { "内容": "デイサービス　とやけの森【地域密着型通所介護】宮城県石巻市大森字的場１", "url": "https://www.kaigokensaku.mhlw.go.jp/04/index.php?action_kouhyou_detail_004_kani=true&JigyosyoCd=0470201914-00&ServiceCd=780&Type=search", "url2": "https://toyakenomori.net" }, "geometry": { "type": "Point", "coordinates": [ 141.315953623901891, 38.502392486907134 ] } },
{ "type": "Feature", "properties": { "内容": "デイサービス　とやけの空【地域密着型通所介護】宮城県石巻市大森字的場１", "url": "https://www.kaigokensaku.mhlw.go.jp/04/index.php?action_kouhyou_detail_004_kani=true&JigyosyoCd=0470202292-00&ServiceCd=780&Type=search", "url2": "https://toyakenomori.net" }, "geometry": { "type": "Point", "coordinates": [ 141.315784580391323, 38.502244515155958 ] } },
{ "type": "Feature", "properties": { "内容": "リハビリ特化型デイサービス　リハニック石巻【地域密着型通所介護】宮城県石巻市双葉町8-37ハイツ千石1F", "url": "https://www.kaigokensaku.mhlw.go.jp/04/index.php?action_kouhyou_detail_004_kani=true&JigyosyoCd=0470202482-00&ServiceCd=780&Type=search", "url2": "http://www.rehanic.jp/" }, "geometry": { "type": "Point", "coordinates": [ 141.290984699999967, 38.4253249 ] } },
{ "type": "Feature", "properties": { "内容": "フィットネス型リハサロン　ＭＫ石巻【地域密着型通所介護】宮城県石巻市南中里３丁目１３－１５ＭＫﾌﾟﾗｻﾞ１Ｆ", "url": "https://www.kaigokensaku.mhlw.go.jp/04/index.php?action_kouhyou_detail_004_kani=true&JigyosyoCd=0470202763-00&ServiceCd=780&Type=search", "url2": "http://www.i-port.ne.jp>zen/mkkaigo.html" }, "geometry": { "type": "Point", "coordinates": [ 141.297475600000013, 38.4399966 ] } },
{ "type": "Feature", "properties": { "内容": "はなまる健康院【地域密着型通所介護】宮城県石巻市向陽町4丁目１－３", "url": "https://www.kaigokensaku.mhlw.go.jp/04/index.php?action_kouhyou_detail_004_kani=true&JigyosyoCd=0490200474-00&ServiceCd=780&Type=search", "url2": "https://www.hanamal.me/" }, "geometry": { "type": "Point", "coordinates": [ 141.279514, 38.4503538 ] } },
{ "type": "Feature", "properties": { "内容": "まごころデイサービスセンター【地域密着型通所介護】宮城県石巻市中里４丁目７－１７", "url": "https://www.kaigokensaku.mhlw.go.jp/04/index.php?action_kouhyou_detail_004_kani=true&JigyosyoCd=0470200593-00&ServiceCd=780&Type=search", "url2": null }, "geometry": { "type": "Point", "coordinates": [ 141.294655272166437, 38.442408233638389 ] } },
{ "type": "Feature", "properties": { "内容": "悠の森デイサービス【地域密着型通所介護】宮城県塩竃市伊保石377－4番地", "url": "https://www.kaigokensaku.mhlw.go.jp/04/index.php?action_kouhyou_detail_004_kani=true&JigyosyoCd=0490300100-00&ServiceCd=780&Type=search", "url2": null }, "geometry": { "type": "Point", "coordinates": [ 141.0163508, 38.3382826 ] } },
{ "type": "Feature", "properties": { "内容": "デイサービスあゆみ苑【地域密着型通所介護】宮城県塩釜市香津町１２番１７号デイサービスあゆみ苑", "url": "https://www.kaigokensaku.mhlw.go.jp/04/index.php?action_kouhyou_detail_004_kani=true&JigyosyoCd=0470300740-00&ServiceCd=780&Type=search", "url2": "http://www.ayumi-kai.or.jp" }, "geometry": { "type": "Point", "coordinates": [ 141.014511500000026, 38.3131261 ] } },
{ "type": "Feature", "properties": { "内容": "デイサービス　カノープス塩釜【地域密着型通所介護】宮城県塩竃市藤倉二丁目2-9", "url": "https://www.kaigokensaku.mhlw.go.jp/04/index.php?action_kouhyou_detail_004_kani=true&JigyosyoCd=0490300084-00&ServiceCd=780&Type=search", "url2": null }, "geometry": { "type": "Point", "coordinates": [ 141.027824442327869, 38.3250075 ] } },
{ "type": "Feature", "properties": { "内容": "まごころ塩釜【地域密着型通所介護】宮城県塩釜市袖野田町３９－２", "url": "https://www.kaigokensaku.mhlw.go.jp/04/index.php?action_kouhyou_detail_004_kani=true&JigyosyoCd=0470300187-00&ServiceCd=780&Type=search", "url2": "https://magokoro2030.jimdo.com/" }, "geometry": { "type": "Point", "coordinates": [ 141.0002217, 38.3090428 ] } },
{ "type": "Feature", "properties": { "内容": "リハビリ型デイサービスサンエル【地域密着型通所介護】宮城県塩竈市尾島町1番5号", "url": "https://www.kaigokensaku.mhlw.go.jp/04/index.php?action_kouhyou_detail_004_kani=true&JigyosyoCd=0470300815-00&ServiceCd=780&Type=search", "url2": null }, "geometry": { "type": "Point", "coordinates": [ 141.022237964418082, 38.317209064523496 ] } },
{ "type": "Feature", "properties": { "内容": "アースサポート東塩釜【地域密着型通所介護】宮城県塩釜市藤倉2-19-30", "url": "https://www.kaigokensaku.mhlw.go.jp/04/index.php?action_kouhyou_detail_004_kani=true&JigyosyoCd=0470300690-00&ServiceCd=780&Type=search", "url2": "https://www.earthsupport.co.jp/" }, "geometry": { "type": "Point", "coordinates": [ 141.026524200000011, 38.3275628 ] } },
{ "type": "Feature", "properties": { "内容": "デイ倶楽部いぶし銀【地域密着型通所介護】宮城県気仙沼市百目木２６９番地１", "url": "https://www.kaigokensaku.mhlw.go.jp/04/index.php?action_kouhyou_detail_004_kani=true&JigyosyoCd=0470501065-00&ServiceCd=780&Type=search", "url2": null }, "geometry": { "type": "Point", "coordinates": [ 141.529415500000027, 38.8978345 ] } },
{ "type": "Feature", "properties": { "内容": "みなみデイサービスセンター【地域密着型通所介護】宮城県気仙沼市栄町2番11号ケアハウスみなみ", "url": "https://www.kaigokensaku.mhlw.go.jp/04/index.php?action_kouhyou_detail_004_kani=true&JigyosyoCd=0470500992-00&ServiceCd=780&Type=search", "url2": "https://carehouse-minami.jp/" }, "geometry": { "type": "Point", "coordinates": [ 141.57736996303538, 38.911684894070397 ] } },
{ "type": "Feature", "properties": { "内容": "デイサービスなかがわ【地域密着型通所介護】宮城県気仙沼市松崎萱139-1", "url": "https://www.kaigokensaku.mhlw.go.jp/04/index.php?action_kouhyou_detail_004_kani=true&JigyosyoCd=0470500976-00&ServiceCd=780&Type=search", "url2": "https://www.nakagawa-life.jp" }, "geometry": { "type": "Point", "coordinates": [ 141.567865899999987, 38.8793319 ] } },
{ "type": "Feature", "properties": { "内容": "リハスパ気仙沼【地域密着型通所介護】宮城県気仙沼市長磯大窪10－1", "url": "https://www.kaigokensaku.mhlw.go.jp/04/index.php?action_kouhyou_detail_004_kani=true&JigyosyoCd=0470500984-00&ServiceCd=780&Type=search", "url2": "http://www.rehaspa-kesennuma.com/" }, "geometry": { "type": "Point", "coordinates": [ 141.575138600000031, 38.84633910000003 ] } },
{ "type": "Feature", "properties": { "内容": "デイサービス結まーる【地域密着型通所介護】宮城県気仙沼市東新城１丁目５番地８", "url": "https://www.kaigokensaku.mhlw.go.jp/04/index.php?action_kouhyou_detail_004_kani=true&JigyosyoCd=0470501222-00&ServiceCd=780&Type=search", "url2": null }, "geometry": { "type": "Point", "coordinates": [ 141.551396899999986, 38.9070819 ] } },
{ "type": "Feature", "properties": { "内容": "やすらぎデイサービスセンター【地域密着型通所介護】宮城県気仙沼市西中才108-6", "url": "https://www.kaigokensaku.mhlw.go.jp/04/index.php?action_kouhyou_detail_004_kani=true&JigyosyoCd=0470500638-00&ServiceCd=780&Type=search", "url2": null }, "geometry": { "type": "Point", "coordinates": [ 141.582137499999988, 38.9291985 ] } },
{ "type": "Feature", "properties": { "内容": "土筆の里【地域密着型通所介護】宮城県気仙沼市唐桑町小長根１７２－１", "url": "https://www.kaigokensaku.mhlw.go.jp/04/index.php?action_kouhyou_detail_004_kani=true&JigyosyoCd=0470500547-00&ServiceCd=780&Type=search", "url2": null }, "geometry": { "type": "Point", "coordinates": [ 141.6586422, 38.8907426 ] } },
{ "type": "Feature", "properties": { "内容": "みずなし介護センター　デイサービス穂のり【地域密着型通所介護】宮城県気仙沼市切通９４番", "url": "https://www.kaigokensaku.mhlw.go.jp/04/index.php?action_kouhyou_detail_004_kani=true&JigyosyoCd=0470501024-00&ServiceCd=780&Type=search", "url2": null }, "geometry": { "type": "Point", "coordinates": [ 141.543894, 38.9127581 ] } },
{ "type": "Feature", "properties": { "内容": "大谷デイサービスセンター【地域密着型通所介護】宮城県気仙沼市本吉町窪10番地１", "url": "https://www.kaigokensaku.mhlw.go.jp/04/index.php?action_kouhyou_detail_004_kani=true&JigyosyoCd=0470500695-00&ServiceCd=780&Type=search", "url2": null }, "geometry": { "type": "Point", "coordinates": [ 141.568814, 38.815927 ] } },
{ "type": "Feature", "properties": { "内容": "階上ブランチデイサービスセンター【地域密着型通所介護】宮城県気仙沼市長磯船原66階上ブランチ", "url": "https://www.kaigokensaku.mhlw.go.jp/04/index.php?action_kouhyou_detail_004_kani=true&JigyosyoCd=0470500828-00&ServiceCd=780&Type=search", "url2": "http://www.kingsgarden.or.jp/" }, "geometry": { "type": "Point", "coordinates": [ 141.581513299999983, 38.8422926 ] } },
{ "type": "Feature", "properties": { "内容": "気仙沼地域福祉事業所すろーらいふ【地域密着型通所介護】宮城県気仙沼市台２４９番地３", "url": "https://www.kaigokensaku.mhlw.go.jp/04/index.php?action_kouhyou_detail_004_kani=true&JigyosyoCd=0470501073-00&ServiceCd=780&Type=search", "url2": null }, "geometry": { "type": "Point", "coordinates": [ 141.51903070000003, 38.9364962 ] } },
{ "type": "Feature", "properties": { "内容": "ぽらん気仙沼デイサービス【地域密着型通所介護】宮城県気仙沼市上田中1丁目4-1", "url": "https://www.kaigokensaku.mhlw.go.jp/04/index.php?action_kouhyou_detail_004_kani=true&JigyosyoCd=0490500170-00&ServiceCd=780&Type=search", "url2": null }, "geometry": { "type": "Point", "coordinates": [ 141.551847400000042, 38.887667 ] } },
{ "type": "Feature", "properties": { "内容": "デイサービス村伝たなか【地域密着型通所介護】宮城県気仙沼市上田中2丁目6-41階", "url": "https://www.kaigokensaku.mhlw.go.jp/04/index.php?action_kouhyou_detail_004_kani=true&JigyosyoCd=0490500196-00&ServiceCd=780&Type=search", "url2": "http://www.muraden-k.jp/" }, "geometry": { "type": "Point", "coordinates": [ 141.555076399999962, 38.8867246 ] } },
{ "type": "Feature", "properties": { "内容": "デイサービスセンター茶園【地域密着型通所介護】宮城県白石市福岡蔵本字茶園62-1", "url": "https://www.kaigokensaku.mhlw.go.jp/04/index.php?action_kouhyou_detail_004_kani=true&JigyosyoCd=0470600172-00&ServiceCd=780&Type=search", "url2": "http://www.enjyu.or.jp/" }, "geometry": { "type": "Point", "coordinates": [ 140.6039688, 38.0104009 ] } },
{ "type": "Feature", "properties": { "内容": "デイサービス糸遊【地域密着型通所介護】宮城県白石市西益岡町5番53号", "url": "https://www.kaigokensaku.mhlw.go.jp/04/index.php?action_kouhyou_detail_004_kani=true&JigyosyoCd=0490600111-00&ServiceCd=780&Type=search", "url2": "http://banryoku.jp/" }, "geometry": { "type": "Point", "coordinates": [ 140.61400658346713, 38.004612053192659 ] } },
{ "type": "Feature", "properties": { "内容": "デイサービスセンター輪音【地域密着型通所介護】宮城県白石市東町３丁目６番５４号", "url": "https://www.kaigokensaku.mhlw.go.jp/04/index.php?action_kouhyou_detail_004_kani=true&JigyosyoCd=0470600552-00&ServiceCd=780&Type=search", "url2": "http:/waon263188.com/" }, "geometry": { "type": "Point", "coordinates": [ 140.627655, 37.9926237 ] } },
{ "type": "Feature", "properties": { "内容": "サポートデイ・白石【地域密着型通所介護】白石市福岡蔵本字茶園６２－１総合福祉センター", "url": "https://www.kaigokensaku.mhlw.go.jp/04/index.php?action_kouhyou_detail_004_kani=true&JigyosyoCd=0470600412-00&ServiceCd=780&Type=search", "url2": null }, "geometry": { "type": "Point", "coordinates": [ 140.603097599999955, 38.0103403 ] } },
{ "type": "Feature", "properties": { "内容": "デイサービスいちご倶楽部【地域密着型通所介護】宮城県白石市福岡蔵本字樋ノ口54-1", "url": "https://www.kaigokensaku.mhlw.go.jp/04/index.php?action_kouhyou_detail_004_kani=true&JigyosyoCd=0470600537-00&ServiceCd=780&Type=search", "url2": "http://www.palm-s.com/" }, "geometry": { "type": "Point", "coordinates": [ 140.607389399999988, 38.0019442 ] } },
{ "type": "Feature", "properties": { "内容": "デイサービス　りんご倶楽部【地域密着型通所介護】宮城県白石市城北町４－１７", "url": "https://www.kaigokensaku.mhlw.go.jp/04/index.php?action_kouhyou_detail_004_kani=true&JigyosyoCd=0470600479-00&ServiceCd=780&Type=search", "url2": "https://www.palm-s.com" }, "geometry": { "type": "Point", "coordinates": [ 140.619120926983669, 38.00677145612427 ] } },
{ "type": "Feature", "properties": { "内容": "よりそうデイサービス水音の家【地域密着型通所介護】宮城県白石市字柳川原８－５", "url": "https://www.kaigokensaku.mhlw.go.jp/04/index.php?action_kouhyou_detail_004_kani=true&JigyosyoCd=0470600511-00&ServiceCd=780&Type=search", "url2": null }, "geometry": { "type": "Point", "coordinates": [ 140.627678699999933, 38.0139129 ] } },
{ "type": "Feature", "properties": { "内容": "デイハウス沢端【地域密着型通所介護】宮城県白石市沢端町5-22-", "url": "https://www.kaigokensaku.mhlw.go.jp/04/index.php?action_kouhyou_detail_004_kani=true&JigyosyoCd=0490600137-00&ServiceCd=780&Type=search", "url2": null }, "geometry": { "type": "Point", "coordinates": [ 140.618202099999962, 38.0047912 ] } },
{ "type": "Feature", "properties": { "内容": "デイサービス　杜のめぐみ【地域密着型通所介護】宮城県白石市郡山字小森下５５番１", "url": "https://www.kaigokensaku.mhlw.go.jp/04/index.php?action_kouhyou_detail_004_kani=true&JigyosyoCd=0470600560-00&ServiceCd=780&Type=search", "url2": null }, "geometry": { "type": "Point", "coordinates": [ 140.647411499999976, 38.004270200000015 ] } },
{ "type": "Feature", "properties": { "内容": "サンしろいし【地域密着型通所介護】宮城県白石市長町２番地３", "url": "https://www.kaigokensaku.mhlw.go.jp/04/index.php?action_kouhyou_detail_004_kani=true&JigyosyoCd=0470600545-00&ServiceCd=780&Type=search", "url2": "http://hp.kaipoke.biz/r0m/" }, "geometry": { "type": "Point", "coordinates": [ 140.622224, 38.0052582 ] } },
{ "type": "Feature", "properties": { "内容": "本郷デイサービスセンターふるさと【地域密着型通所介護】宮城県名取市本郷字町田４６", "url": "https://www.kaigokensaku.mhlw.go.jp/04/index.php?action_kouhyou_detail_004_kani=true&JigyosyoCd=0470700444-00&ServiceCd=780&Type=search", "url2": null }, "geometry": { "type": "Point", "coordinates": [ 140.877939199999986, 38.1286851 ] } },
{ "type": "Feature", "properties": { "内容": "ライフケアセンター名取デイサービスセンター【地域密着型通所介護】宮城県名取市増田字柳田37-3", "url": "https://www.kaigokensaku.mhlw.go.jp/04/index.php?action_kouhyou_detail_004_kani=true&JigyosyoCd=0470700998-00&ServiceCd=780&Type=search", "url2": "http://www.natorichuo-clinic.jp/" }, "geometry": { "type": "Point", "coordinates": [ 140.894033408702398, 38.171864101087422 ] } },
{ "type": "Feature", "properties": { "内容": "相互台デイサービスセンターヒーローズ【地域密着型通所介護】宮城県名取市相互台１丁目３番５号", "url": "https://www.kaigokensaku.mhlw.go.jp/04/index.php?action_kouhyou_detail_004_kani=true&JigyosyoCd=0470700725-00&ServiceCd=780&Type=search", "url2": "http://heros-sakurazakasaron.co.jp" }, "geometry": { "type": "Point", "coordinates": [ 140.809657799999968, 38.206254 ] } },
{ "type": "Feature", "properties": { "内容": "幸留館デイサービスセンター【地域密着型通所介護】宮城県名取市大手町二丁目6番12号", "url": "https://www.kaigokensaku.mhlw.go.jp/04/index.php?action_kouhyou_detail_004_kani=true&JigyosyoCd=0470701053-00&ServiceCd=780&Type=search", "url2": null }, "geometry": { "type": "Point", "coordinates": [ 140.882233083432425, 38.167492810573904 ] } },
{ "type": "Feature", "properties": { "内容": "シャーメゾン・サロン・プラザ【地域密着型通所介護】宮城県名取市増田一丁目5番6号グランドシャーメゾン1階店舗", "url": "https://www.kaigokensaku.mhlw.go.jp/04/index.php?action_kouhyou_detail_004_kani=true&JigyosyoCd=0470700808-00&ServiceCd=780&Type=search", "url2": "https://www.shamaisonsalonplaza.com" }, "geometry": { "type": "Point", "coordinates": [ 140.885891799999968, 38.1672812 ] } },
{ "type": "Feature", "properties": { "内容": "リハビリ特化型デイサービスリハニック名取【地域密着型通所介護】宮城県名取市植松四丁目17番地29号", "url": "https://www.kaigokensaku.mhlw.go.jp/04/index.php?action_kouhyou_detail_004_kani=true&JigyosyoCd=0470700907-00&ServiceCd=780&Type=search", "url2": "http://www.rehanic.jp/" }, "geometry": { "type": "Point", "coordinates": [ 140.880071500000014, 38.143731099999982 ] } },
{ "type": "Feature", "properties": { "内容": "指定居宅サービス事業所ほっとなとり　なちゅる【地域密着型通所介護】宮城県名取市那智が丘1丁目13番地8号", "url": "https://www.kaigokensaku.mhlw.go.jp/04/index.php?action_kouhyou_detail_004_kani=true&JigyosyoCd=0470701103-00&ServiceCd=780&Type=search", "url2": "http://www.natorisyakyo.or.jp" }, "geometry": { "type": "Point", "coordinates": [ 140.84471039999994, 38.1948305 ] } },
{ "type": "Feature", "properties": { "内容": "桜坂サロン【地域密着型通所介護】宮城県名取市相互台東１丁目6-11", "url": "https://www.kaigokensaku.mhlw.go.jp/04/index.php?action_kouhyou_detail_004_kani=true&JigyosyoCd=0470700972-00&ServiceCd=780&Type=search", "url2": "https://heros-sakurazakasaron.co.jp" }, "geometry": { "type": "Point", "coordinates": [ 140.814515601852435, 38.210882323756032 ] } },
{ "type": "Feature", "properties": { "内容": "デイサービスひかり苑【地域密着型通所介護】宮城県角田市枝野字畑中143－3デイサービスひかり苑", "url": "https://www.kaigokensaku.mhlw.go.jp/04/index.php?action_kouhyou_detail_004_kani=true&JigyosyoCd=0470800376-00&ServiceCd=780&Type=search", "url2": "hikarien.info/index.html" }, "geometry": { "type": "Point", "coordinates": [ 140.802017799999931, 37.9432042 ] } },
{ "type": "Feature", "properties": { "内容": "デイサ－ビス日なた【地域密着型通所介護】宮城県角田市角田字裏町６番地９", "url": "https://www.kaigokensaku.mhlw.go.jp/04/index.php?action_kouhyou_detail_004_kani=true&JigyosyoCd=0490800042-00&ServiceCd=780&Type=search", "url2": null }, "geometry": { "type": "Point", "coordinates": [ 140.78296279999995, 37.9674306 ] } },
{ "type": "Feature", "properties": { "内容": "デイサービスヒマワリ【地域密着型通所介護】宮城県多賀城市高崎2-22-8", "url": "https://www.kaigokensaku.mhlw.go.jp/04/index.php?action_kouhyou_detail_004_kani=true&JigyosyoCd=0470900697-00&ServiceCd=780&Type=search", "url2": "https://www.himawari-7.com" }, "geometry": { "type": "Point", "coordinates": [ 140.9942704, 38.2969441 ] } },
{ "type": "Feature", "properties": { "内容": "リハアスリート【地域密着型通所介護】宮城県多賀城市大代3-5-26-103103", "url": "https://www.kaigokensaku.mhlw.go.jp/04/index.php?action_kouhyou_detail_004_kani=true&JigyosyoCd=0490900164-00&ServiceCd=780&Type=search", "url2": "https://www.sinkeidou.com/" }, "geometry": { "type": "Point", "coordinates": [ 141.0348292, 38.2930702 ] } },
{ "type": "Feature", "properties": { "内容": "在宅支援　なごみ【地域密着型通所介護】宮城県多賀城市中央二丁目12番15号", "url": "https://www.kaigokensaku.mhlw.go.jp/04/index.php?action_kouhyou_detail_004_kani=true&JigyosyoCd=0470900499-00&ServiceCd=780&Type=search", "url2": null }, "geometry": { "type": "Point", "coordinates": [ 141.0057534, 38.2933136 ] } },
{ "type": "Feature", "properties": { "内容": "リハビリ型デイサービス　リハトレーション【地域密着型通所介護】宮城県多賀城市八幡４丁目７－５０八幡ハイツ１F", "url": "https://www.kaigokensaku.mhlw.go.jp/04/index.php?action_kouhyou_detail_004_kani=true&JigyosyoCd=0470900598-00&ServiceCd=780&Type=search", "url2": "https://rehatration.wixsite.com/rehatration/" }, "geometry": { "type": "Point", "coordinates": [ 141.01343066137693, 38.291167935356448 ] } },
{ "type": "Feature", "properties": { "内容": "デイサービスセンター　さくら【地域密着型通所介護】宮城県岩沼市桜５丁目１０番１１号", "url": "https://www.kaigokensaku.mhlw.go.jp/04/index.php?action_kouhyou_detail_004_kani=true&JigyosyoCd=0471100594-00&ServiceCd=780&Type=search", "url2": "http://nadeshiko-iwanuma.com" }, "geometry": { "type": "Point", "coordinates": [ 140.873207, 38.1131637 ] } },
{ "type": "Feature", "properties": { "内容": "デイサービス平等ほほえみ館【地域密着型通所介護】宮城県岩沼市平等一丁目5番地2", "url": "https://www.kaigokensaku.mhlw.go.jp/04/index.php?action_kouhyou_detail_004_kani=true&JigyosyoCd=0471100693-00&ServiceCd=780&Type=search", "url2": null }, "geometry": { "type": "Point", "coordinates": [ 140.844736600000033, 38.1132629 ] } },
{ "type": "Feature", "properties": { "内容": "特定非営利活動法人　やまぼうし【地域密着型通所介護】宮城県岩沼市桜5丁目11番3号", "url": "https://www.kaigokensaku.mhlw.go.jp/04/index.php?action_kouhyou_detail_004_kani=true&JigyosyoCd=0471100255-00&ServiceCd=780&Type=search", "url2": "http://blog.canpan.info/yamaboushi/" }, "geometry": { "type": "Point", "coordinates": [ 140.872330384130919, 38.112556676195041 ] } },
{ "type": "Feature", "properties": { "内容": "ひなたぼっこ桑原【地域密着型通所介護】宮城県岩沼市桑原二丁目１番６号", "url": "https://www.kaigokensaku.mhlw.go.jp/04/index.php?action_kouhyou_detail_004_kani=true&JigyosyoCd=0471100198-00&ServiceCd=780&Type=search", "url2": "http://www.home-hinatabocco.com/" }, "geometry": { "type": "Point", "coordinates": [ 140.857122299999986, 38.10275 ] } },
{ "type": "Feature", "properties": { "内容": "ひなたぼっこ二木【地域密着型通所介護】宮城県岩沼市二木一丁目３番７－９号", "url": "https://www.kaigokensaku.mhlw.go.jp/04/index.php?action_kouhyou_detail_004_kani=true&JigyosyoCd=0471100347-00&ServiceCd=780&Type=search", "url2": "http://www.home‐hinatabocco.com/" }, "geometry": { "type": "Point", "coordinates": [ 140.857861100000036, 38.1041221 ] } },
{ "type": "Feature", "properties": { "内容": "カーサ岩沼デイサービスセンターひだまり【地域密着型通所介護】宮城県岩沼市中央３丁目７番１６号", "url": "https://www.kaigokensaku.mhlw.go.jp/04/index.php?action_kouhyou_detail_004_kani=true&JigyosyoCd=0491100111-00&ServiceCd=780&Type=search", "url2": "http://casa-iwanuma.jp" }, "geometry": { "type": "Point", "coordinates": [ 140.869157200000018, 38.1135025 ] } },
{ "type": "Feature", "properties": { "内容": "デイサービスセンターまんさく【地域密着型通所介護】宮城県岩沼市土ヶ崎２丁目９番４号", "url": "https://www.kaigokensaku.mhlw.go.jp/04/index.php?action_kouhyou_detail_004_kani=true&JigyosyoCd=0471100537-00&ServiceCd=780&Type=search", "url2": null }, "geometry": { "type": "Point", "coordinates": [ 140.86067223862301, 38.112883530868487 ] } },
{ "type": "Feature", "properties": { "内容": "大柳デイサービス【地域密着型通所介護】宮城県登米市中田町上沼字大柳7-4", "url": "https://www.kaigokensaku.mhlw.go.jp/04/index.php?action_kouhyou_detail_004_kani=true&JigyosyoCd=0471200964-00&ServiceCd=780&Type=search", "url2": null }, "geometry": { "type": "Point", "coordinates": [ 141.242092400000047, 38.716697 ] } },
{ "type": "Feature", "properties": { "内容": "デイサービスプラスワ【地域密着型通所介護】宮城県登米市迫町佐沼字光ヶ丘166番地", "url": "https://www.kaigokensaku.mhlw.go.jp/04/index.php?action_kouhyou_detail_004_kani=true&JigyosyoCd=0491200358-00&ServiceCd=780&Type=search", "url2": "https://purasuwa.com/" }, "geometry": { "type": "Point", "coordinates": [ 141.2051033, 38.6882494 ] } },
{ "type": "Feature", "properties": { "内容": "デイサービス希望の郷【地域密着型通所介護】宮城県登米市石越町南郷字高森232-4", "url": "https://www.kaigokensaku.mhlw.go.jp/04/index.php?action_kouhyou_detail_004_kani=true&JigyosyoCd=0471201160-00&ServiceCd=780&Type=search", "url2": "https://www.saiki-mori.com" }, "geometry": { "type": "Point", "coordinates": [ 141.175978313491783, 38.764754682761676 ] } },
{ "type": "Feature", "properties": { "内容": "デイサービス　ひなたぼっこ【地域密着型通所介護】宮城県登米市迫町佐沼字新大東127", "url": "https://www.kaigokensaku.mhlw.go.jp/04/index.php?action_kouhyou_detail_004_kani=true&JigyosyoCd=0471201517-00&ServiceCd=780&Type=search", "url2": null }, "geometry": { "type": "Point", "coordinates": [ 141.1999197, 38.6819378 ] } },
{ "type": "Feature", "properties": { "内容": "デイサービス　和み　長者原亭【地域密着型通所介護】宮城県登米市南方町長者原135番地", "url": "https://www.kaigokensaku.mhlw.go.jp/04/index.php?action_kouhyou_detail_004_kani=true&JigyosyoCd=0471201467-00&ServiceCd=780&Type=search", "url2": "https://care-life-faith.com" }, "geometry": { "type": "Point", "coordinates": [ 141.09207779999997, 38.647396100000016 ] } },
{ "type": "Feature", "properties": { "内容": "デイサービスプラスワ中田【地域密着型通所介護】宮城県登米市中田町上沼字西桜場32番地１", "url": "https://www.kaigokensaku.mhlw.go.jp/04/index.php?action_kouhyou_detail_004_kani=true&JigyosyoCd=0491200382-00&ServiceCd=780&Type=search", "url2": null }, "geometry": { "type": "Point", "coordinates": [ 141.239966637959412, 38.714231063900776 ] } },
{ "type": "Feature", "properties": { "内容": "リハビリデイサービス　ナル【地域密着型通所介護】宮城県登米市豊里町下屋浦306-2", "url": "https://www.kaigokensaku.mhlw.go.jp/04/index.php?action_kouhyou_detail_004_kani=true&JigyosyoCd=0471201483-00&ServiceCd=780&Type=search", "url2": "http://reha-nalu.com/" }, "geometry": { "type": "Point", "coordinates": [ 141.23925217508372, 38.579692223953565 ] } },
{ "type": "Feature", "properties": { "内容": "デイサービス　しばた【地域密着型通所介護】宮城県登米市登米町日野渡321-5", "url": "https://www.kaigokensaku.mhlw.go.jp/04/index.php?action_kouhyou_detail_004_kani=true&JigyosyoCd=0471201574-00&ServiceCd=780&Type=search", "url2": null }, "geometry": { "type": "Point", "coordinates": [ 141.270777190490662, 38.660754224501083 ] } },
{ "type": "Feature", "properties": { "内容": "デイサービスわかば【地域密着型通所介護】宮城県登米市登米町日野渡内の目321-1", "url": "https://www.kaigokensaku.mhlw.go.jp/04/index.php?action_kouhyou_detail_004_kani=true&JigyosyoCd=0491200325-00&ServiceCd=780&Type=search", "url2": null }, "geometry": { "type": "Point", "coordinates": [ 141.270864218385327, 38.660553258264066 ] } },
{ "type": "Feature", "properties": { "内容": "デイサービス　わっしょい【地域密着型通所介護】宮城県登米市中田町宝江新井田字神畑149", "url": "https://www.kaigokensaku.mhlw.go.jp/04/index.php?action_kouhyou_detail_004_kani=true&JigyosyoCd=0491200341-00&ServiceCd=780&Type=search", "url2": "http://r.goope.jp/wasshoi/" }, "geometry": { "type": "Point", "coordinates": [ 141.237855, 38.6941434 ] } },
{ "type": "Feature", "properties": { "内容": "フィットネス型運動サービスきらび【地域密着型通所介護】宮城県登米市米山町西野字西野前201ｰ1", "url": "https://www.kaigokensaku.mhlw.go.jp/04/index.php?action_kouhyou_detail_004_kani=true&JigyosyoCd=0491200366-00&ServiceCd=780&Type=search", "url2": null }, "geometry": { "type": "Point", "coordinates": [ 141.203320100000013, 38.6272974 ] } },
{ "type": "Feature", "properties": { "内容": "大錦デイサービス【地域密着型通所介護】宮城県登米市迫町佐沼字錦185", "url": "https://www.kaigokensaku.mhlw.go.jp/04/index.php?action_kouhyou_detail_004_kani=true&JigyosyoCd=0471201210-00&ServiceCd=780&Type=search", "url2": null }, "geometry": { "type": "Point", "coordinates": [ 141.2031273, 38.6906621 ] } },
{ "type": "Feature", "properties": { "内容": "あんディ・ケアサービス【地域密着型通所介護】宮城県登米市迫町佐沼字中江5丁目11-17", "url": "https://www.kaigokensaku.mhlw.go.jp/04/index.php?action_kouhyou_detail_004_kani=true&JigyosyoCd=0471200774-00&ServiceCd=780&Type=search", "url2": "https://neovision.info" }, "geometry": { "type": "Point", "coordinates": [ 141.1812903, 38.6911696 ] } },
{ "type": "Feature", "properties": { "内容": "あんディ・スポルト【地域密着型通所介護】宮城県登米市迫町佐沼字中江5丁目１１－１７", "url": "https://www.kaigokensaku.mhlw.go.jp/04/index.php?action_kouhyou_detail_004_kani=true&JigyosyoCd=0471200998-00&ServiceCd=780&Type=search", "url2": "https://neovision.info" }, "geometry": { "type": "Point", "coordinates": [ 141.1812903, 38.6911696 ] } },
{ "type": "Feature", "properties": { "内容": "デイサービスこころの森【地域密着型通所介護】宮城県登米市迫町北方字紫雲山下12", "url": "https://www.kaigokensaku.mhlw.go.jp/04/index.php?action_kouhyou_detail_004_kani=true&JigyosyoCd=0491200440-00&ServiceCd=780&Type=search", "url2": "https://www.noebia.com" }, "geometry": { "type": "Point", "coordinates": [ 141.188490800000011, 38.6998329 ] } },
{ "type": "Feature", "properties": { "内容": "四季のめぐみ　デイサービス足之助【地域密着型通所介護】宮城県登米市迫町佐沼字中江１丁目５番地１３", "url": "https://www.kaigokensaku.mhlw.go.jp/04/index.php?action_kouhyou_detail_004_kani=true&JigyosyoCd=0491200374-00&ServiceCd=780&Type=search", "url2": "http:/www.nishitaxi.com/" }, "geometry": { "type": "Point", "coordinates": [ 141.191245400000014, 38.6922324 ] } },
{ "type": "Feature", "properties": { "内容": "デイサービスセンターとんぼ【地域密着型通所介護】豊里町大曲124番地4", "url": "https://www.kaigokensaku.mhlw.go.jp/04/index.php?action_kouhyou_detail_004_kani=true&JigyosyoCd=0491200432-00&ServiceCd=780&Type=search", "url2": null }, "geometry": { "type": "Point", "coordinates": [ 141.229497400000014, 38.5989829 ] } },
{ "type": "Feature", "properties": { "内容": "デイサービス一輪の花【地域密着型通所介護】宮城県登米市迫町佐沼字中江四丁目１４番地１３", "url": "https://www.kaigokensaku.mhlw.go.jp/04/index.php?action_kouhyou_detail_004_kani=true&JigyosyoCd=0471201533-00&ServiceCd=780&Type=search", "url2": "http://www.1rinnohana.com" }, "geometry": { "type": "Point", "coordinates": [ 141.186870399999947, 38.6902755 ] } },
{ "type": "Feature", "properties": { "内容": "なごみの家きらり【地域密着型通所介護】宮城県登米市迫町佐沼字西佐沼１６４番", "url": "https://www.kaigokensaku.mhlw.go.jp/04/index.php?action_kouhyou_detail_004_kani=true&JigyosyoCd=0471200808-00&ServiceCd=780&Type=search", "url2": "https://www.kumanen.jp/kirari.htm" }, "geometry": { "type": "Point", "coordinates": [ 141.199666900000011, 38.6834932 ] } },
{ "type": "Feature", "properties": { "内容": "リハビリデイサービス咲顔【地域密着型通所介護】宮城県登米市津山町柳津字本町154番地2", "url": "https://www.kaigokensaku.mhlw.go.jp/04/index.php?action_kouhyou_detail_004_kani=true&JigyosyoCd=0491200333-00&ServiceCd=780&Type=search", "url2": "http://egao-rehabili.com" }, "geometry": { "type": "Point", "coordinates": [ 141.300964597483841, 38.612105274452141 ] } },
{ "type": "Feature", "properties": { "内容": "ほんわか【地域密着型通所介護】宮城県登米市中田町宝江黒沼字十文字211-5", "url": "https://www.kaigokensaku.mhlw.go.jp/04/index.php?action_kouhyou_detail_004_kani=true&JigyosyoCd=0471200840-00&ServiceCd=780&Type=search", "url2": "http://www.keisen-net.jp" }, "geometry": { "type": "Point", "coordinates": [ 141.238329, 38.7111446 ] } },
{ "type": "Feature", "properties": { "内容": "ひだまりデイサービスセンター【地域密着型通所介護】宮城県登米市中田町宝江新井田字南新田４３３", "url": "https://www.kaigokensaku.mhlw.go.jp/04/index.php?action_kouhyou_detail_004_kani=true&JigyosyoCd=0471200410-00&ServiceCd=780&Type=search", "url2": null }, "geometry": { "type": "Point", "coordinates": [ 141.234522199999986, 38.6887882 ] } },
{ "type": "Feature", "properties": { "内容": "デイサービスセンター　にしだて【地域密着型通所介護】宮城県登米市迫町佐沼字西舘56-11", "url": "https://www.kaigokensaku.mhlw.go.jp/04/index.php?action_kouhyou_detail_004_kani=true&JigyosyoCd=0471201475-00&ServiceCd=780&Type=search", "url2": "https://www.yui-nishidate.com/" }, "geometry": { "type": "Point", "coordinates": [ 141.190633904893474, 38.699405255641992 ] } },
{ "type": "Feature", "properties": { "内容": "大門いこいの広場【地域密着型通所介護】宮城県登米市南方町原5番地", "url": "https://www.kaigokensaku.mhlw.go.jp/04/index.php?action_kouhyou_detail_004_kani=true&JigyosyoCd=0471201509-00&ServiceCd=780&Type=search", "url2": null }, "geometry": { "type": "Point", "coordinates": [ 141.180486571827743, 38.665856448832713 ] } },
{ "type": "Feature", "properties": { "内容": "デイサービス　みんなの家錦織【地域密着型通所介護】宮城県登米市東和町錦織字内の目１４", "url": "https://www.kaigokensaku.mhlw.go.jp/04/index.php?action_kouhyou_detail_004_kani=true&JigyosyoCd=0491200457-00&ServiceCd=780&Type=search", "url2": "https://minnanoie55.wordpress.com/" }, "geometry": { "type": "Point", "coordinates": [ 141.28805650000001, 38.7569805 ] } },
{ "type": "Feature", "properties": { "内容": "デイサービス　こころ【地域密着型通所介護】宮城県登米市迫町佐沼字中江５丁目２－１０ノエビアビル　１階", "url": "https://www.kaigokensaku.mhlw.go.jp/04/index.php?action_kouhyou_detail_004_kani=true&JigyosyoCd=0471201368-00&ServiceCd=780&Type=search", "url2": "https//www.noebia.com" }, "geometry": { "type": "Point", "coordinates": [ 141.185568071163971, 38.69092792915275 ] } },
{ "type": "Feature", "properties": { "内容": "デイサービスみんなの家【地域密着型通所介護】宮城県登米市中田町宝江新井田字並柳前55", "url": "https://www.kaigokensaku.mhlw.go.jp/04/index.php?action_kouhyou_detail_004_kani=true&JigyosyoCd=0491200408-00&ServiceCd=780&Type=search", "url2": "http://www.min-nano-ie.com/" }, "geometry": { "type": "Point", "coordinates": [ 141.258563400000014, 38.6738339 ] } },
{ "type": "Feature", "properties": { "内容": "デイサービスみんなの家　樹【地域密着型通所介護】宮城県登米市中田町宝江新井田字並柳前55", "url": "https://www.kaigokensaku.mhlw.go.jp/04/index.php?action_kouhyou_detail_004_kani=true&JigyosyoCd=0491200416-00&ServiceCd=780&Type=search", "url2": "http://kaigo110min-nano-ie.spaces.live.com/" }, "geometry": { "type": "Point", "coordinates": [ 141.258563400000014, 38.6738339 ] } },
{ "type": "Feature", "properties": { "内容": "デイサービスみんなの家集い【地域密着型通所介護】宮城県登米市中田町宝江新井田字並柳前55", "url": "https://www.kaigokensaku.mhlw.go.jp/04/index.php?action_kouhyou_detail_004_kani=true&JigyosyoCd=0491200481-00&ServiceCd=780&Type=search", "url2": "https://www.min-nano-ie.com/" }, "geometry": { "type": "Point", "coordinates": [ 141.2510819, 38.6749711 ] } },
{ "type": "Feature", "properties": { "内容": "デイサービスみんなの家幸【地域密着型通所介護】中田町宝江新井田字新姥沼190", "url": "https://www.kaigokensaku.mhlw.go.jp/04/index.php?action_kouhyou_detail_004_kani=true&JigyosyoCd=0491200424-00&ServiceCd=780&Type=search", "url2": "https://minnanoie55.wordpress.com" }, "geometry": { "type": "Point", "coordinates": [ 141.2506651, 38.6751853 ] } },
{ "type": "Feature", "properties": { "内容": "登米市社協中田デイサービスセンター【地域密着型通所介護】宮城県登米市中田町上沼字西桜場１８番地中田老人福祉センター内", "url": "https://www.kaigokensaku.mhlw.go.jp/04/index.php?action_kouhyou_detail_004_kani=true&JigyosyoCd=0471200501-00&ServiceCd=780&Type=search", "url2": "http://www.tome-shakyo.jp/" }, "geometry": { "type": "Point", "coordinates": [ 141.2383508, 38.7145776 ] } },
{ "type": "Feature", "properties": { "内容": "しょうあん・ケアサービス【地域密着型通所介護】宮城県登米市迫町佐沼字大網258番地1", "url": "https://www.kaigokensaku.mhlw.go.jp/04/index.php?action_kouhyou_detail_004_kani=true&JigyosyoCd=0491200507-00&ServiceCd=780&Type=search", "url2": null }, "geometry": { "type": "Point", "coordinates": [ 141.1984579, 38.6783342 ] } },
{ "type": "Feature", "properties": { "内容": "デイサービス　よつば【地域密着型通所介護】宮城県登米市中田町上沼字籠壇116番地", "url": "https://www.kaigokensaku.mhlw.go.jp/04/index.php?action_kouhyou_detail_004_kani=true&JigyosyoCd=0491200499-00&ServiceCd=780&Type=search", "url2": null }, "geometry": { "type": "Point", "coordinates": [ 141.2457657, 38.7150747 ] } },
{ "type": "Feature", "properties": { "内容": "あんディ・まめスポ【地域密着型通所介護】宮城県登米市迫町佐沼字大網256-4ビーンズエステートⅢ　101", "url": "https://www.kaigokensaku.mhlw.go.jp/04/index.php?action_kouhyou_detail_004_kani=true&JigyosyoCd=0471201459-00&ServiceCd=780&Type=search", "url2": "https://neovision.info/" }, "geometry": { "type": "Point", "coordinates": [ 141.198328704399046, 38.679300478349639 ] } },
{ "type": "Feature", "properties": { "内容": "いきいき元気ハウス　くりはら【地域密着型通所介護】宮城県栗原市北沢明神下24-1", "url": "https://www.kaigokensaku.mhlw.go.jp/04/index.php?action_kouhyou_detail_004_kani=true&JigyosyoCd=0491300588-00&ServiceCd=780&Type=search", "url2": null }, "geometry": { "type": "Point", "coordinates": [ 140.9635242, 38.7673263 ] } },
{ "type": "Feature", "properties": { "内容": "ケア　サロン　anjuchuo【地域密着型通所介護】宮城県栗原市志波姫沼崎原８２番地１", "url": "https://www.kaigokensaku.mhlw.go.jp/04/index.php?action_kouhyou_detail_004_kani=true&JigyosyoCd=0491300521-00&ServiceCd=780&Type=search", "url2": null }, "geometry": { "type": "Point", "coordinates": [ 141.0737945, 38.7583345 ] } },
{ "type": "Feature", "properties": { "内容": "デイサービスあくと【地域密着型通所介護】宮城県栗原市若柳字福岡谷地畑31-15", "url": "https://www.kaigokensaku.mhlw.go.jp/04/index.php?action_kouhyou_detail_004_kani=true&JigyosyoCd=0491300232-00&ServiceCd=780&Type=search", "url2": "https://al-kurihara.com" }, "geometry": { "type": "Point", "coordinates": [ 141.116781246050095, 38.781445427426114 ] } },
{ "type": "Feature", "properties": { "内容": "デイサービスセンター　しのさんの家【地域密着型通所介護】宮城県栗原市栗駒岩ヶ崎上小路52-1", "url": "https://www.kaigokensaku.mhlw.go.jp/04/index.php?action_kouhyou_detail_004_kani=true&JigyosyoCd=0471300814-00&ServiceCd=780&Type=search", "url2": null }, "geometry": { "type": "Point", "coordinates": [ 140.98581047235254, 38.832431500000162 ] } },
{ "type": "Feature", "properties": { "内容": "デイサービスすっちゃん【地域密着型通所介護】宮城県栗原市金成沢辺町164-1", "url": "https://www.kaigokensaku.mhlw.go.jp/04/index.php?action_kouhyou_detail_004_kani=true&JigyosyoCd=0471301903-00&ServiceCd=780&Type=search", "url2": "http://www.hakucho-en.com/" }, "geometry": { "type": "Point", "coordinates": [ 141.059790199999952, 38.7980185 ] } },
{ "type": "Feature", "properties": { "内容": "デイサービス　和み　川北新町亭【地域密着型通所介護】宮城県栗原市若柳川北新町107番地4", "url": "https://www.kaigokensaku.mhlw.go.jp/04/index.php?action_kouhyou_detail_004_kani=true&JigyosyoCd=0491300265-00&ServiceCd=780&Type=search", "url2": "https://care-life-faith.com/" }, "geometry": { "type": "Point", "coordinates": [ 141.1280534, 38.774042 ] } },
{ "type": "Feature", "properties": { "内容": "デイサービス　和み　新橋本亭【地域密着型通所介護】宮城県栗原市志波姫新橋本122", "url": "https://www.kaigokensaku.mhlw.go.jp/04/index.php?action_kouhyou_detail_004_kani=true&JigyosyoCd=0471301879-00&ServiceCd=780&Type=search", "url2": "https://care-life-faith.com/" }, "geometry": { "type": "Point", "coordinates": [ 141.089261099999931, 38.756229 ] } },
{ "type": "Feature", "properties": { "内容": "薬師デイサービスセンター【地域密着型通所介護】宮城県栗原市築館伊豆四丁目３番４０号", "url": "https://www.kaigokensaku.mhlw.go.jp/04/index.php?action_kouhyou_detail_004_kani=true&JigyosyoCd=0471300558-00&ServiceCd=780&Type=search", "url2": "https://www.hatayamaclinic.com" }, "geometry": { "type": "Point", "coordinates": [ 141.023366200000027, 38.7310727 ] } },
{ "type": "Feature", "properties": { "内容": "地域密着型通所介護やまあかり【地域密着型通所介護】宮城県栗原市栗駒松倉高田23-1", "url": "https://www.kaigokensaku.mhlw.go.jp/04/index.php?action_kouhyou_detail_004_kani=true&JigyosyoCd=0491300562-00&ServiceCd=780&Type=search", "url2": null }, "geometry": { "type": "Point", "coordinates": [ 140.954921422090138, 38.862361670348179 ] } },
{ "type": "Feature", "properties": { "内容": "地域密着型通所介護飛縁【地域密着型通所介護】宮城県栗原市金成小迫小坊沢66", "url": "https://www.kaigokensaku.mhlw.go.jp/04/index.php?action_kouhyou_detail_004_kani=true&JigyosyoCd=0491300497-00&ServiceCd=780&Type=search", "url2": null }, "geometry": { "type": "Point", "coordinates": [ 141.0513472, 38.82072 ] } },
{ "type": "Feature", "properties": { "内容": "サポートセンターころんぶす西館【地域密着型通所介護】宮城県栗原市一迫真坂字鶴町135", "url": "https://www.kaigokensaku.mhlw.go.jp/04/index.php?action_kouhyou_detail_004_kani=true&JigyosyoCd=0471301135-00&ServiceCd=780&Type=search", "url2": "https://colonbus.jp/" }, "geometry": { "type": "Point", "coordinates": [ 140.938532872501696, 38.74468507413345 ] } },
{ "type": "Feature", "properties": { "内容": "りつわウエルネス【地域密着型通所介護】宮城県栗原市栗駒岩ケ崎八日町5", "url": "https://www.kaigokensaku.mhlw.go.jp/04/index.php?action_kouhyou_detail_004_kani=true&JigyosyoCd=0491300414-00&ServiceCd=780&Type=search", "url2": "http://ritsuwa.com/carevillage-kurihara/uerunesu/" }, "geometry": { "type": "Point", "coordinates": [ 140.994948, 38.8307684 ] } },
{ "type": "Feature", "properties": { "内容": "デイサービス希望【地域密着型通所介護】宮城県栗原市若柳字大林要害86-3", "url": "https://www.kaigokensaku.mhlw.go.jp/04/index.php?action_kouhyou_detail_004_kani=true&JigyosyoCd=0491300364-00&ServiceCd=780&Type=search", "url2": "http://a-mpartners.com" }, "geometry": { "type": "Point", "coordinates": [ 141.103383799999961, 38.7826057 ] } },
{ "type": "Feature", "properties": { "内容": "デイサービスおやま【地域密着型通所介護】宮城県栗原市一迫真坂字南町25小山はりきゅう接骨院併設", "url": "https://www.kaigokensaku.mhlw.go.jp/04/index.php?action_kouhyou_detail_004_kani=true&JigyosyoCd=0491300307-00&ServiceCd=780&Type=search", "url2": "https://mtocare.co.jp" }, "geometry": { "type": "Point", "coordinates": [ 140.955113923942605, 38.73601812444273 ] } },
{ "type": "Feature", "properties": { "内容": "ふぃっとりは　小山はりきゅう接骨院【地域密着型通所介護】宮城県栗原市一迫真坂字南町25", "url": "https://www.kaigokensaku.mhlw.go.jp/04/index.php?action_kouhyou_detail_004_kani=true&JigyosyoCd=0491300422-00&ServiceCd=780&Type=search", "url2": "https://mtocare.co.jp" }, "geometry": { "type": "Point", "coordinates": [ 140.95502369999997, 38.7360506 ] } },
{ "type": "Feature", "properties": { "内容": "デイサービス八木【地域密着型通所介護】宮城県栗原市若柳字川南八木１１３番地", "url": "https://www.kaigokensaku.mhlw.go.jp/04/index.php?action_kouhyou_detail_004_kani=true&JigyosyoCd=0471301747-00&ServiceCd=780&Type=search", "url2": null }, "geometry": { "type": "Point", "coordinates": [ 141.111775, 38.7591154 ] } },
{ "type": "Feature", "properties": { "内容": "ほほえみサポート・ケアセンター【地域密着型通所介護】栗原市若柳字川南堤通１５番３", "url": "https://www.kaigokensaku.mhlw.go.jp/04/index.php?action_kouhyou_detail_004_kani=true&JigyosyoCd=0471301556-00&ServiceCd=780&Type=search", "url2": "http://hohoemicare.web.fc2.com/index.html" }, "geometry": { "type": "Point", "coordinates": [ 141.1209735, 38.7726225 ] } },
{ "type": "Feature", "properties": { "内容": "デイサービス　和み　南砂押亭【地域密着型通所介護】宮城県栗原市若柳川北南砂押9-1", "url": "https://www.kaigokensaku.mhlw.go.jp/04/index.php?action_kouhyou_detail_004_kani=true&JigyosyoCd=0491300505-00&ServiceCd=780&Type=search", "url2": "https://care-life-faith.com/" }, "geometry": { "type": "Point", "coordinates": [ 141.144465, 38.7756116 ] } },
{ "type": "Feature", "properties": { "内容": "デイサロン花つつみ【地域密着型通所介護】宮城県栗原市若柳字川北中町15", "url": "https://www.kaigokensaku.mhlw.go.jp/04/index.php?action_kouhyou_detail_004_kani=true&JigyosyoCd=0471301887-00&ServiceCd=780&Type=search", "url2": null }, "geometry": { "type": "Point", "coordinates": [ 141.131519799999978, 38.7712174 ] } },
{ "type": "Feature", "properties": { "内容": "花つつみ　ココアン【地域密着型通所介護】宮城県栗原市若柳字川北中町17-7-", "url": "https://www.kaigokensaku.mhlw.go.jp/04/index.php?action_kouhyou_detail_004_kani=true&JigyosyoCd=0491300356-00&ServiceCd=780&Type=search", "url2": "-" }, "geometry": { "type": "Point", "coordinates": [ 141.131830900000068, 38.771384 ] } },
{ "type": "Feature", "properties": { "内容": "風和の郷　六日町【地域密着型通所介護】宮城県栗原市栗駒岩ケ崎六日町４５番地", "url": "https://www.kaigokensaku.mhlw.go.jp/04/index.php?action_kouhyou_detail_004_kani=true&JigyosyoCd=0491300570-00&ServiceCd=780&Type=search", "url2": "https://fuuna-no-sato.com/outline.html" }, "geometry": { "type": "Point", "coordinates": [ 140.989483400000012, 38.8309118 ] } },
{ "type": "Feature", "properties": { "内容": "デイサービス　花つつみ【地域密着型通所介護】宮城県栗原市若柳字川南堤通13-4", "url": "https://www.kaigokensaku.mhlw.go.jp/04/index.php?action_kouhyou_detail_004_kani=true&JigyosyoCd=0471301739-00&ServiceCd=780&Type=search", "url2": "http://hanatutumi.grupo.jp" }, "geometry": { "type": "Point", "coordinates": [ 141.12125612327884, 38.771899170476111 ] } },
{ "type": "Feature", "properties": { "内容": "デイサービス　笑みの園【地域密着型通所介護】宮城県栗原市若柳字川南堤通18-11", "url": "https://www.kaigokensaku.mhlw.go.jp/04/index.php?action_kouhyou_detail_004_kani=true&JigyosyoCd=0491300216-00&ServiceCd=780&Type=search", "url2": null }, "geometry": { "type": "Point", "coordinates": [ 141.119326499999943, 38.772653 ] } },
{ "type": "Feature", "properties": { "内容": "デイサービスケアスタ中町【地域密着型通所介護】宮城県栗原市金成中町西裏15-4", "url": "https://www.kaigokensaku.mhlw.go.jp/04/index.php?action_kouhyou_detail_004_kani=true&JigyosyoCd=0491300315-00&ServiceCd=780&Type=search", "url2": "https://happy-seikoudoku.com/" }, "geometry": { "type": "Point", "coordinates": [ 141.07407969999997, 38.8119228 ] } },
{ "type": "Feature", "properties": { "内容": "桜樹支援デイサービスセンター【地域密着型通所介護】宮城県栗原市若柳川北元町裏114", "url": "https://www.kaigokensaku.mhlw.go.jp/04/index.php?action_kouhyou_detail_004_kani=true&JigyosyoCd=0491300331-00&ServiceCd=780&Type=search", "url2": "https://oujuhp.wixsite.com/rehasupportouju" }, "geometry": { "type": "Point", "coordinates": [ 141.134849900000063, 38.7746394 ] } },
{ "type": "Feature", "properties": { "内容": "デイサービス　ｒａｎ【地域密着型通所介護】宮城県栗原市高清水桜丁９-3", "url": "https://www.kaigokensaku.mhlw.go.jp/04/index.php?action_kouhyou_detail_004_kani=true&JigyosyoCd=0491300539-00&ServiceCd=780&Type=search", "url2": "izuminosato.co.jp" }, "geometry": { "type": "Point", "coordinates": [ 141.0126409, 38.656636 ] } },
{ "type": "Feature", "properties": { "内容": "デイサービスめぐりあい【地域密着型通所介護】宮城県栗原市志波姫伊豆野城内8-1", "url": "https://www.kaigokensaku.mhlw.go.jp/04/index.php?action_kouhyou_detail_004_kani=true&JigyosyoCd=0491300554-00&ServiceCd=780&Type=search", "url2": null }, "geometry": { "type": "Point", "coordinates": [ 141.1019052, 38.77614 ] } },
{ "type": "Feature", "properties": { "内容": "栗原市一迫デイサービスセンター【地域密着型通所介護】宮城県栗原市一迫真坂字高橋20番地1", "url": "https://www.kaigokensaku.mhlw.go.jp/04/index.php?action_kouhyou_detail_004_kani=true&JigyosyoCd=0491300463-00&ServiceCd=780&Type=search", "url2": "http://kurihara-sfk.jp/" }, "geometry": { "type": "Point", "coordinates": [ 140.953383300000013, 38.7387263 ] } },
{ "type": "Feature", "properties": { "内容": "栗原市金成デイサービスセンター【地域密着型通所介護】宮城県栗原市金成沢辺町沖200", "url": "https://www.kaigokensaku.mhlw.go.jp/04/index.php?action_kouhyou_detail_004_kani=true&JigyosyoCd=0491300455-00&ServiceCd=780&Type=search", "url2": "http://kurihara-sfk.jp" }, "geometry": { "type": "Point", "coordinates": [ 141.0657094, 38.8006279 ] } },
{ "type": "Feature", "properties": { "内容": "デイサービスセンター　金成ポプラの家３号館【地域密着型通所介護】宮城県栗原市金成上町34", "url": "https://www.kaigokensaku.mhlw.go.jp/04/index.php?action_kouhyou_detail_004_kani=true&JigyosyoCd=0471301804-00&ServiceCd=780&Type=search", "url2": "popura-ie.com" }, "geometry": { "type": "Point", "coordinates": [ 141.072507, 38.8077114 ] } },
{ "type": "Feature", "properties": { "内容": "デイサービスセンターウエックピアコート一迫【地域密着型通所介護】宮城県栗原市一迫真坂字南町24番地", "url": "https://www.kaigokensaku.mhlw.go.jp/04/index.php?action_kouhyou_detail_004_kani=true&JigyosyoCd=0491300612-00&ServiceCd=780&Type=search", "url2": "https://wecc.jp/chiikikyousei/" }, "geometry": { "type": "Point", "coordinates": [ 140.9551574, 38.7358402 ] } },
{ "type": "Feature", "properties": { "内容": "共生型デイサービスかつらは【地域密着型通所介護】宮城県栗原市高清水新桂葉278番地2特別養護老人ホーム桂葉", "url": "https://www.kaigokensaku.mhlw.go.jp/04/index.php?action_kouhyou_detail_004_kani=true&JigyosyoCd=0491300406-00&ServiceCd=780&Type=search", "url2": "https://www.homeikai.or.jp" }, "geometry": { "type": "Point", "coordinates": [ 141.00809890000005, 38.6576483 ] } },
{ "type": "Feature", "properties": { "内容": "デイサービス　和み　新田沢【地域密着型通所介護】宮城県栗原市瀬峰新田沢168", "url": "https://www.kaigokensaku.mhlw.go.jp/04/index.php?action_kouhyou_detail_004_kani=true&JigyosyoCd=0491300547-00&ServiceCd=780&Type=search", "url2": "https://cere-life-faith.com/" }, "geometry": { "type": "Point", "coordinates": [ 141.0705376, 38.6720708 ] } },
{ "type": "Feature", "properties": { "内容": "栗原市高清水デイサービスセンター【地域密着型通所介護】宮城県栗原市高清水東館34高清水保健福祉センター（ほっと館）", "url": "https://www.kaigokensaku.mhlw.go.jp/04/index.php?action_kouhyou_detail_004_kani=true&JigyosyoCd=0491300596-00&ServiceCd=780&Type=search", "url2": "https://kurihara-sfk.jp/" }, "geometry": { "type": "Point", "coordinates": [ 141.013954399999989, 38.6550357 ] } },
{ "type": "Feature", "properties": { "内容": "若柳共生型デイサービスつむぎ【地域密着型通所介護】宮城県栗原市若柳武鎗字藤貫沢８５番地", "url": "https://www.kaigokensaku.mhlw.go.jp/04/index.php?action_kouhyou_detail_004_kani=true&JigyosyoCd=0471300202-00&ServiceCd=780&Type=search", "url2": "https://www.homeikai.or.jp/" }, "geometry": { "type": "Point", "coordinates": [ 141.112306600000011, 38.8071051 ] } },
{ "type": "Feature", "properties": { "内容": "デイサービス・すみちゃんの家【地域密着型通所介護】宮城県東松島市野蒜ケ丘２丁目３４番地５", "url": "https://www.kaigokensaku.mhlw.go.jp/04/index.php?action_kouhyou_detail_004_kani=true&JigyosyoCd=0491400107-00&ServiceCd=780&Type=search", "url2": "http://sumichannoie.jimdo.com/" }, "geometry": { "type": "Point", "coordinates": [ 141.147271619187904, 38.375615549939297 ] } },
{ "type": "Feature", "properties": { "内容": "デイサービスセンターみのり【地域密着型通所介護】宮城県東松島市野蒜字亀岡53-1", "url": "https://www.kaigokensaku.mhlw.go.jp/04/index.php?action_kouhyou_detail_004_kani=true&JigyosyoCd=0491400180-00&ServiceCd=780&Type=search", "url2": null }, "geometry": { "type": "Point", "coordinates": [ 141.1518285, 38.3734776 ] } },
{ "type": "Feature", "properties": { "内容": "デイサービス鹿妻・希望の杜【地域密着型通所介護】宮城県東松島市矢本字穴尻６３番地1", "url": "https://www.kaigokensaku.mhlw.go.jp/04/index.php?action_kouhyou_detail_004_kani=true&JigyosyoCd=0491400099-00&ServiceCd=780&Type=search", "url2": null }, "geometry": { "type": "Point", "coordinates": [ 141.186398555881055, 38.404494478894527 ] } },
{ "type": "Feature", "properties": { "内容": "デイハウスたんぽぽ【地域密着型通所介護】宮城県東松島市赤井字中新丁204番地", "url": "https://www.kaigokensaku.mhlw.go.jp/04/index.php?action_kouhyou_detail_004_kani=true&JigyosyoCd=0491400164-00&ServiceCd=780&Type=search", "url2": null }, "geometry": { "type": "Point", "coordinates": [ 141.216279608991869, 38.452506254080994 ] } },
{ "type": "Feature", "properties": { "内容": "Cooking　Cafe　Ji-Ji【地域密着型通所介護】宮城県東松島市小野字中の関6番2", "url": "https://www.kaigokensaku.mhlw.go.jp/04/index.php?action_kouhyou_detail_004_kani=true&JigyosyoCd=0491400131-00&ServiceCd=780&Type=search", "url2": "http://kotobukikai.jp/" }, "geometry": { "type": "Point", "coordinates": [ 141.165548, 38.402137 ] } },
{ "type": "Feature", "properties": { "内容": "デイサービス　ちょ筋ばこ【地域密着型通所介護】宮城県東松島市大曲字堺堀185", "url": "https://www.kaigokensaku.mhlw.go.jp/04/index.php?action_kouhyou_detail_004_kani=true&JigyosyoCd=0471400721-00&ServiceCd=780&Type=search", "url2": null }, "geometry": { "type": "Point", "coordinates": [ 141.232927794663794, 38.426495599640624 ] } },
{ "type": "Feature", "properties": { "内容": "太陽の家デイサービスセンター【地域密着型通所介護】宮城県東松島市矢本字大林14", "url": "https://www.kaigokensaku.mhlw.go.jp/04/index.php?action_kouhyou_detail_004_kani=true&JigyosyoCd=0491400198-00&ServiceCd=780&Type=search", "url2": "https://casa-de-marisol.com" }, "geometry": { "type": "Point", "coordinates": [ 141.219477899999987, 38.4214882 ] } },
{ "type": "Feature", "properties": { "内容": "デイサービスセンター　いずみの郷【地域密着型通所介護】宮城県東松島市大塩字緑ヶ丘４丁目１番７号", "url": "https://www.kaigokensaku.mhlw.go.jp/04/index.php?action_kouhyou_detail_004_kani=true&JigyosyoCd=0471400234-00&ServiceCd=780&Type=search", "url2": "https://purasukeaitirenn.wixsite.com/website" }, "geometry": { "type": "Point", "coordinates": [ 141.172533599999952, 38.4420727 ] } },
{ "type": "Feature", "properties": { "内容": "デイサービス　和花【地域密着型通所介護】宮城県東松島市牛網字駅前一丁目48番地2", "url": "https://www.kaigokensaku.mhlw.go.jp/04/index.php?action_kouhyou_detail_004_kani=true&JigyosyoCd=0471400689-00&ServiceCd=780&Type=search", "url2": null }, "geometry": { "type": "Point", "coordinates": [ 141.175716158197019, 38.399114084993407 ] } },
{ "type": "Feature", "properties": { "内容": "南原デイサービスセンター【地域密着型通所介護】宮城県大崎市鳴子温泉字南原１２０番地１", "url": "https://www.kaigokensaku.mhlw.go.jp/04/index.php?action_kouhyou_detail_004_kani=true&JigyosyoCd=0471500736-00&ServiceCd=780&Type=search", "url2": "http://fukafukahouse.jimdo.com/" }, "geometry": { "type": "Point", "coordinates": [ 140.654424100000028, 38.7182437 ] } },
{ "type": "Feature", "properties": { "内容": "デイサービス欅　師山【地域密着型通所介護】宮城県大崎市古川師山字高崎64", "url": "https://www.kaigokensaku.mhlw.go.jp/04/index.php?action_kouhyou_detail_004_kani=true&JigyosyoCd=0491500369-00&ServiceCd=780&Type=search", "url2": null }, "geometry": { "type": "Point", "coordinates": [ 140.9702757, 38.5422155 ] } },
{ "type": "Feature", "properties": { "内容": "デイサービス　福祉の杜【地域密着型通所介護】宮城県大崎市鹿島台大迫字川前１２０番地", "url": "https://www.kaigokensaku.mhlw.go.jp/04/index.php?action_kouhyou_detail_004_kani=true&JigyosyoCd=0471501726-00&ServiceCd=780&Type=search", "url2": null }, "geometry": { "type": "Point", "coordinates": [ 141.030013, 38.447616 ] } },
{ "type": "Feature", "properties": { "内容": "デイサービスミルケア穂波【地域密着型通所介護】宮城県大崎市古川穂波３丁目８番３６号", "url": "https://www.kaigokensaku.mhlw.go.jp/04/index.php?action_kouhyou_detail_004_kani=true&JigyosyoCd=0491500559-00&ServiceCd=780&Type=search", "url2": "https://www.mind-gr.co.jp/" }, "geometry": { "type": "Point", "coordinates": [ 140.9437581, 38.5636329 ] } },
{ "type": "Feature", "properties": { "内容": "デイサービスミルケア穂波二番館【地域密着型通所介護】宮城県大崎市古川穂波３丁目８番３６号", "url": "https://www.kaigokensaku.mhlw.go.jp/04/index.php?action_kouhyou_detail_004_kani=true&JigyosyoCd=0491500567-00&ServiceCd=780&Type=search", "url2": "https://www.mind-gr.co.jp/" }, "geometry": { "type": "Point", "coordinates": [ 140.9437581, 38.5636329 ] } },
{ "type": "Feature", "properties": { "内容": "デイサービス　孫の手【地域密着型通所介護】宮城県大崎市田尻小松字土手下９３番地１", "url": "https://www.kaigokensaku.mhlw.go.jp/04/index.php?action_kouhyou_detail_004_kani=true&JigyosyoCd=0471501874-00&ServiceCd=780&Type=search", "url2": "http;//deepcare.jp/" }, "geometry": { "type": "Point", "coordinates": [ 141.003774799999974, 38.6182068 ] } },
{ "type": "Feature", "properties": { "内容": "デイサービス欅【地域密着型通所介護】宮城県大崎市古川沢田字筒場15", "url": "https://www.kaigokensaku.mhlw.go.jp/04/index.php?action_kouhyou_detail_004_kani=true&JigyosyoCd=0491500237-00&ServiceCd=780&Type=search", "url2": null }, "geometry": { "type": "Point", "coordinates": [ 140.973854470777923, 38.596152076155647 ] } },
{ "type": "Feature", "properties": { "内容": "地域密着型デイサービス桂【地域密着型通所介護】宮城県大崎市鹿島台平渡字吹上16番地1", "url": "https://www.kaigokensaku.mhlw.go.jp/04/index.php?action_kouhyou_detail_004_kani=true&JigyosyoCd=0491500252-00&ServiceCd=780&Type=search", "url2": null }, "geometry": { "type": "Point", "coordinates": [ 141.09025859999997, 38.4744164 ] } },
{ "type": "Feature", "properties": { "内容": "介護横丁　小春日和【地域密着型通所介護】宮城県大崎市古川稲葉字新堀70-1", "url": "https://www.kaigokensaku.mhlw.go.jp/04/index.php?action_kouhyou_detail_004_kani=true&JigyosyoCd=0471501387-00&ServiceCd=780&Type=search", "url2": null }, "geometry": { "type": "Point", "coordinates": [ 140.947404, 38.5548599 ] } },
{ "type": "Feature", "properties": { "内容": "第二桜日和【地域密着型通所介護】宮城県大崎市古川新田字大西1番７２", "url": "https://www.kaigokensaku.mhlw.go.jp/04/index.php?action_kouhyou_detail_004_kani=true&JigyosyoCd=0471501718-00&ServiceCd=780&Type=search", "url2": null }, "geometry": { "type": "Point", "coordinates": [ 140.9261282, 38.6034646 ] } },
{ "type": "Feature", "properties": { "内容": "鳴子地域福祉事業所　介護予防ステーション　なるっこ【地域密着型通所介護】宮城県大崎市鳴子温泉字町下15-1", "url": "https://www.kaigokensaku.mhlw.go.jp/04/index.php?action_kouhyou_detail_004_kani=true&JigyosyoCd=0471500777-00&ServiceCd=780&Type=search", "url2": null }, "geometry": { "type": "Point", "coordinates": [ 140.768895449995398, 38.736845566573166 ] } },
{ "type": "Feature", "properties": { "内容": "茶話本舗デイサービス三本木亭【地域密着型通所介護】宮城県大崎市中沢字中沢屋敷281-3", "url": "https://www.kaigokensaku.mhlw.go.jp/04/index.php?action_kouhyou_detail_004_kani=true&JigyosyoCd=0471501866-00&ServiceCd=780&Type=search", "url2": null }, "geometry": { "type": "Point", "coordinates": [ 140.916464827589749, 38.539534461973673 ] } },
{ "type": "Feature", "properties": { "内容": "デイサービス　まはな【地域密着型通所介護】宮城県大崎市古川新堀字城野20番1デイサービスまはな", "url": "https://www.kaigokensaku.mhlw.go.jp/04/index.php?action_kouhyou_detail_004_kani=true&JigyosyoCd=0491500229-00&ServiceCd=780&Type=search", "url2": null }, "geometry": { "type": "Point", "coordinates": [ 140.893295446032681, 38.579411647153599 ] } },
{ "type": "Feature", "properties": { "内容": "新第二桜日和【地域密着型通所介護】宮城県大崎市古川塚目字北原３-１番地", "url": "https://www.kaigokensaku.mhlw.go.jp/04/index.php?action_kouhyou_detail_004_kani=true&JigyosyoCd=0471502013-00&ServiceCd=780&Type=search", "url2": null }, "geometry": { "type": "Point", "coordinates": [ 140.93772279999996, 38.5860251 ] } },
{ "type": "Feature", "properties": { "内容": "リハビリ特化型デイサービス　リハニック大崎【地域密着型通所介護】宮城県大崎市古川駅前大通3丁目4-23ジュネスビル1F", "url": "https://www.kaigokensaku.mhlw.go.jp/04/index.php?action_kouhyou_detail_004_kani=true&JigyosyoCd=0471502146-00&ServiceCd=780&Type=search", "url2": "http://www.rehanic.jp/" }, "geometry": { "type": "Point", "coordinates": [ 140.968040100000053, 38.5733417 ] } },
{ "type": "Feature", "properties": { "内容": "地域密着型通所介護　デイサービス緑のそよ風　４号館【地域密着型通所介護】田尻小松字竪沢1－1", "url": "https://www.kaigokensaku.mhlw.go.jp/04/index.php?action_kouhyou_detail_004_kani=true&JigyosyoCd=0491500427-00&ServiceCd=780&Type=search", "url2": null }, "geometry": { "type": "Point", "coordinates": [ 141.011832700000014, 38.6229929 ] } },
{ "type": "Feature", "properties": { "内容": "大杉デイサービス【地域密着型通所介護】宮城県大崎市田尻字北大杉6-1", "url": "https://www.kaigokensaku.mhlw.go.jp/04/index.php?action_kouhyou_detail_004_kani=true&JigyosyoCd=0471501601-00&ServiceCd=780&Type=search", "url2": null }, "geometry": { "type": "Point", "coordinates": [ 141.015040900000031, 38.5982068 ] } },
{ "type": "Feature", "properties": { "内容": "社会貢献型通所介護事業所「おぢゃっこ倶楽部」【地域密着型通所介護】宮城県大崎市三本木新沼字中谷地屋敷79", "url": "https://www.kaigokensaku.mhlw.go.jp/04/index.php?action_kouhyou_detail_004_kani=true&JigyosyoCd=0471501858-00&ServiceCd=780&Type=search", "url2": "http://odyakko.net/" }, "geometry": { "type": "Point", "coordinates": [ 140.934839099999976, 38.5351592 ] } },
{ "type": "Feature", "properties": { "内容": "えあいの郷デイサービス【地域密着型通所介護】宮城県大崎市古川新田字川原12-2", "url": "https://www.kaigokensaku.mhlw.go.jp/04/index.php?action_kouhyou_detail_004_kani=true&JigyosyoCd=0471502450-00&ServiceCd=780&Type=search", "url2": null }, "geometry": { "type": "Point", "coordinates": [ 140.927869900000019, 38.6013538 ] } },
{ "type": "Feature", "properties": { "内容": "ミーケアデイサービス【地域密着型通所介護】宮城県大崎市古川新田字川原12-2", "url": "https://www.kaigokensaku.mhlw.go.jp/04/index.php?action_kouhyou_detail_004_kani=true&JigyosyoCd=0491500443-00&ServiceCd=780&Type=search", "url2": null }, "geometry": { "type": "Point", "coordinates": [ 140.9276188, 38.6015664 ] } },
{ "type": "Feature", "properties": { "内容": "デイサービスあいわの家【地域密着型通所介護】宮城県大崎市駅東二丁目７番13号", "url": "https://www.kaigokensaku.mhlw.go.jp/04/index.php?action_kouhyou_detail_004_kani=true&JigyosyoCd=0491500286-00&ServiceCd=780&Type=search", "url2": "http://airinkai.net" }, "geometry": { "type": "Point", "coordinates": [ 140.971857719777404, 38.57423084660325 ] } },
{ "type": "Feature", "properties": { "内容": "デイサービス　あずなの里【地域密着型通所介護】宮城県大崎市岩出山字二ノ構171番地", "url": "https://www.kaigokensaku.mhlw.go.jp/04/index.php?action_kouhyou_detail_004_kani=true&JigyosyoCd=0471501676-00&ServiceCd=780&Type=search", "url2": "http://m-airinkai.co.jp" }, "geometry": { "type": "Point", "coordinates": [ 140.865453800000068, 38.6497527 ] } },
{ "type": "Feature", "properties": { "内容": "介護の里　桜日和【地域密着型通所介護】宮城県大崎市古川新田字大西1-61", "url": "https://www.kaigokensaku.mhlw.go.jp/04/index.php?action_kouhyou_detail_004_kani=true&JigyosyoCd=0471501536-00&ServiceCd=780&Type=search", "url2": null }, "geometry": { "type": "Point", "coordinates": [ 140.925492100000042, 38.6035868 ] } },
{ "type": "Feature", "properties": { "内容": "デイサービスセンター　ニコニコ・あっちゃん【地域密着型通所介護】宮城県大崎市松山千石字松山383-1", "url": "https://www.kaigokensaku.mhlw.go.jp/04/index.php?action_kouhyou_detail_004_kani=true&JigyosyoCd=0471501791-00&ServiceCd=780&Type=search", "url2": null }, "geometry": { "type": "Point", "coordinates": [ 141.051151800000071, 38.5164939 ] } },
{ "type": "Feature", "properties": { "内容": "デイサービス陽だまり【地域密着型通所介護】宮城県大崎市松山金谷字金田89", "url": "https://www.kaigokensaku.mhlw.go.jp/04/index.php?action_kouhyou_detail_004_kani=true&JigyosyoCd=0471502104-00&ServiceCd=780&Type=search", "url2": null }, "geometry": { "type": "Point", "coordinates": [ 141.060920399999986, 38.5123528 ] } },
{ "type": "Feature", "properties": { "内容": "大貫デイサービスセンター【地域密着型通所介護】宮城県大崎市田尻大貫字境３６番地１", "url": "https://www.kaigokensaku.mhlw.go.jp/04/index.php?action_kouhyou_detail_004_kani=true&JigyosyoCd=0491500534-00&ServiceCd=780&Type=search", "url2": "http://www.tajirifukusikai.com" }, "geometry": { "type": "Point", "coordinates": [ 141.1059157, 38.6108159 ] } },
{ "type": "Feature", "properties": { "内容": "湯ったり　ふきゆ荘【地域密着型通所介護】大崎市鳴子温泉字星沼１５番地１２", "url": "https://www.kaigokensaku.mhlw.go.jp/04/index.php?action_kouhyou_detail_004_kani=true&JigyosyoCd=0471501627-00&ServiceCd=780&Type=search", "url2": null }, "geometry": { "type": "Point", "coordinates": [ 140.679982600000017, 38.7277183 ] } },
{ "type": "Feature", "properties": { "内容": "デイサービス　楽笑【地域密着型通所介護】大崎市田尻字北大杉５９番地", "url": "https://www.kaigokensaku.mhlw.go.jp/04/index.php?action_kouhyou_detail_004_kani=true&JigyosyoCd=0471501924-00&ServiceCd=780&Type=search", "url2": null }, "geometry": { "type": "Point", "coordinates": [ 141.018959814433316, 38.599074743755104 ] } },
{ "type": "Feature", "properties": { "内容": "デイサービス　緑のそよ風【地域密着型通所介護】宮城県大崎市岩出山字細峯1", "url": "https://www.kaigokensaku.mhlw.go.jp/04/index.php?action_kouhyou_detail_004_kani=true&JigyosyoCd=0471502088-00&ServiceCd=780&Type=search", "url2": "https://www.urbanedirect.com/" }, "geometry": { "type": "Point", "coordinates": [ 140.8718596, 38.6318521 ] } },
{ "type": "Feature", "properties": { "内容": "機能訓練特化型デイサービス　はばたき【地域密着型通所介護】宮城県大崎市松山金谷字金田86番地1", "url": "https://www.kaigokensaku.mhlw.go.jp/04/index.php?action_kouhyou_detail_004_kani=true&JigyosyoCd=0471502443-00&ServiceCd=780&Type=search", "url2": null }, "geometry": { "type": "Point", "coordinates": [ 141.060676, 38.5131805 ] } },
{ "type": "Feature", "properties": { "内容": "デイサービスセンターひ・な・た【地域密着型通所介護】宮城県大崎市古川石森字北西原7－8", "url": "https://www.kaigokensaku.mhlw.go.jp/04/index.php?action_kouhyou_detail_004_kani=true&JigyosyoCd=0491500302-00&ServiceCd=780&Type=search", "url2": "http://smile-hinata.com" }, "geometry": { "type": "Point", "coordinates": [ 140.990306945849255, 38.548208070740351 ] } },
{ "type": "Feature", "properties": { "内容": "大崎市社会福祉協議会　リエイブルメントサポートテラス　晴れの庭【地域密着型通所介護】宮城県大崎市古川三日町二丁目5番1号大崎市古川保健福祉プラザ内3階", "url": "https://www.kaigokensaku.mhlw.go.jp/04/index.php?action_kouhyou_detail_004_kani=true&JigyosyoCd=0491500542-00&ServiceCd=780&Type=search", "url2": "http://www.osaki-shakyo.com" }, "geometry": { "type": "Point", "coordinates": [ 140.9571939, 38.5729306 ] } },
{ "type": "Feature", "properties": { "内容": "コンパスウォーク古川【地域密着型通所介護】宮城県大崎市古川字上上古川144－1", "url": "https://www.kaigokensaku.mhlw.go.jp/04/index.php?action_kouhyou_detail_004_kani=true&JigyosyoCd=0491500575-00&ServiceCd=780&Type=search", "url2": null }, "geometry": { "type": "Point", "coordinates": [ 140.943049467320236, 38.587483955043432 ] } },
{ "type": "Feature", "properties": { "内容": "岩出山地域福祉事業所　みんなの居場所いわでやま【地域密着型通所介護】宮城県大崎市岩出山下野目字沖ノ井85番地", "url": "https://www.kaigokensaku.mhlw.go.jp/04/index.php?action_kouhyou_detail_004_kani=true&JigyosyoCd=0491500385-00&ServiceCd=780&Type=search", "url2": null }, "geometry": { "type": "Point", "coordinates": [ 140.894530064418035, 38.631915463517117 ] } },
{ "type": "Feature", "properties": { "内容": "デイサービスえがお【地域密着型通所介護】宮城県大崎市古川塚目屋敷85", "url": "https://www.kaigokensaku.mhlw.go.jp/04/index.php?action_kouhyou_detail_004_kani=true&JigyosyoCd=0471501700-00&ServiceCd=780&Type=search", "url2": "https://egao12.ivalue.space" }, "geometry": { "type": "Point", "coordinates": [ 140.936999800000024, 38.5751372 ] } },
{ "type": "Feature", "properties": { "内容": "合同会社　純之家【地域密着型通所介護】宮城県大崎市田尻小塩字東沢田二13番地1", "url": "https://www.kaigokensaku.mhlw.go.jp/04/index.php?action_kouhyou_detail_004_kani=true&JigyosyoCd=0471502385-00&ServiceCd=780&Type=search", "url2": null }, "geometry": { "type": "Point", "coordinates": [ 141.074936100000059, 38.6028731 ] } },
{ "type": "Feature", "properties": { "内容": "デイサービスセンター　奏【地域密着型通所介護】宮城県富谷市明石台３丁目３－１", "url": "https://www.kaigokensaku.mhlw.go.jp/04/index.php?action_kouhyou_detail_004_kani=true&JigyosyoCd=0472701150-00&ServiceCd=780&Type=search", "url2": null }, "geometry": { "type": "Point", "coordinates": [ 140.889274200000045, 38.3483422 ] } },
{ "type": "Feature", "properties": { "内容": "合同会社ウエルネスケアきずな【地域密着型通所介護】宮城県柴田郡大河原町金ヶ瀬字町81-1", "url": "https://www.kaigokensaku.mhlw.go.jp/04/index.php?action_kouhyou_detail_004_kani=true&JigyosyoCd=0472200872-00&ServiceCd=780&Type=search", "url2": null }, "geometry": { "type": "Point", "coordinates": [ 140.7091398, 38.044717400000017 ] } },
{ "type": "Feature", "properties": { "内容": "リハスパ大河原【地域密着型通所介護】宮城県柴田郡大河原町新東21−6", "url": "https://www.kaigokensaku.mhlw.go.jp/04/index.php?action_kouhyou_detail_004_kani=true&JigyosyoCd=0492200142-00&ServiceCd=780&Type=search", "url2": "rihaspa.net>inho" }, "geometry": { "type": "Point", "coordinates": [ 140.735693357177752, 38.058087430623971 ] } },
{ "type": "Feature", "properties": { "内容": "ピュア健康俱楽部デイサービスセンター【地域密着型通所介護】宮城県柴田郡大河原町字新東24-1", "url": "https://www.kaigokensaku.mhlw.go.jp/04/index.php?action_kouhyou_detail_004_kani=true&JigyosyoCd=0472201326-00&ServiceCd=780&Type=search", "url2": "https://puresports.co.jp/kenkoclub/" }, "geometry": { "type": "Point", "coordinates": [ 140.731607530410741, 38.054722445986044 ] } },
{ "type": "Feature", "properties": { "内容": "有限会社　太陽デイサービスセンター【地域密着型通所介護】宮城県柴田郡大河原町大谷字見城前１５９－４太陽デイサービスセンター内", "url": "https://www.kaigokensaku.mhlw.go.jp/04/index.php?action_kouhyou_detail_004_kani=true&JigyosyoCd=0472200468-00&ServiceCd=780&Type=search", "url2": null }, "geometry": { "type": "Point", "coordinates": [ 140.737291307957321, 38.031616947484061 ] } },
{ "type": "Feature", "properties": { "内容": "らいおんハートリハビリデイサービスばうむ【地域密着型通所介護】宮城県柴田郡柴田町字下名生剣塚42番地３号", "url": "https://www.kaigokensaku.mhlw.go.jp/04/index.php?action_kouhyou_detail_004_kani=true&JigyosyoCd=0492200159-00&ServiceCd=780&Type=search", "url2": "https://lion-heart.co/html/baum.html" }, "geometry": { "type": "Point", "coordinates": [ 140.807261284655738, 38.065703857733617 ] } },
{ "type": "Feature", "properties": { "内容": "そのつ森【地域密着型通所介護】宮城県伊具郡丸森町筆甫字和田７３旧筆甫中学校", "url": "https://www.kaigokensaku.mhlw.go.jp/04/index.php?action_kouhyou_detail_004_kani=true&JigyosyoCd=0472300128-00&ServiceCd=780&Type=search", "url2": "http://sonotsumori.org/" }, "geometry": { "type": "Point", "coordinates": [ 140.728082200000017, 37.828373 ] } },
{ "type": "Feature", "properties": { "内容": "デイサービス　えん　亘理【地域密着型通所介護】宮城県亘理郡亘理町逢隈高屋字柴９０番地１", "url": "https://www.kaigokensaku.mhlw.go.jp/04/index.php?action_kouhyou_detail_004_kani=true&JigyosyoCd=0472400712-00&ServiceCd=780&Type=search", "url2": null }, "geometry": { "type": "Point", "coordinates": [ 140.882479399999966, 38.0335441 ] } },
{ "type": "Feature", "properties": { "内容": "伊達舞LABO【地域密着型通所介護】宮城県亘理郡亘理町新井町73番8", "url": "https://www.kaigokensaku.mhlw.go.jp/04/index.php?action_kouhyou_detail_004_kani=true&JigyosyoCd=0492400098-00&ServiceCd=780&Type=search", "url2": "https://ds.datemai-llc.com/" }, "geometry": { "type": "Point", "coordinates": [ 140.8546823, 38.0401943 ] } },
{ "type": "Feature", "properties": { "内容": "デイサービス　ふくろうの家【地域密着型通所介護】亘理郡亘理町逢隈牛袋字舘内38-4", "url": "https://www.kaigokensaku.mhlw.go.jp/04/index.php?action_kouhyou_detail_004_kani=true&JigyosyoCd=0472400530-00&ServiceCd=780&Type=search", "url2": null }, "geometry": { "type": "Point", "coordinates": [ 140.877852371746741, 38.074938416647328 ] } },
{ "type": "Feature", "properties": { "内容": "デイサービス　ひまわり【地域密着型通所介護】宮城県亘理郡山元町高瀬字合戦原100-41", "url": "https://www.kaigokensaku.mhlw.go.jp/04/index.php?action_kouhyou_detail_004_kani=true&JigyosyoCd=0492400080-00&ServiceCd=780&Type=search", "url2": null }, "geometry": { "type": "Point", "coordinates": [ 140.892951270400147, 37.943215195717976 ] } },
{ "type": "Feature", "properties": { "内容": "医療法人社団　松村クリニック　さくらデイサービス【地域密着型通所介護】宮城県亘理郡山元町高瀬字合戦原54番地2在宅ケアセンターさくら内", "url": "https://www.kaigokensaku.mhlw.go.jp/04/index.php?action_kouhyou_detail_004_kani=true&JigyosyoCd=0472400647-00&ServiceCd=780&Type=search", "url2": null }, "geometry": { "type": "Point", "coordinates": [ 140.89405242963872, 37.946559466512831 ] } },
{ "type": "Feature", "properties": { "内容": "デイサービス　えん【地域密着型通所介護】宮城県亘理郡山元町山寺字畑中10番地7", "url": "https://www.kaigokensaku.mhlw.go.jp/04/index.php?action_kouhyou_detail_004_kani=true&JigyosyoCd=0472400472-00&ServiceCd=780&Type=search", "url2": null }, "geometry": { "type": "Point", "coordinates": [ 140.8700854, 37.9692588 ] } },
{ "type": "Feature", "properties": { "内容": "ディ・ハウスにこにこ【地域密着型通所介護】宮城県亘理郡山元町小平字北ノ入５６番地２", "url": "https://www.kaigokensaku.mhlw.go.jp/04/index.php?action_kouhyou_detail_004_kani=true&JigyosyoCd=0492400072-00&ServiceCd=780&Type=search", "url2": null }, "geometry": { "type": "Point", "coordinates": [ 140.8599977, 37.9829588 ] } },
{ "type": "Feature", "properties": { "内容": "すみれデイサービス【地域密着型通所介護】宮城県亘理郡山元町坂元字町44-1", "url": "https://www.kaigokensaku.mhlw.go.jp/04/index.php?action_kouhyou_detail_004_kani=true&JigyosyoCd=0492400049-00&ServiceCd=780&Type=search", "url2": null }, "geometry": { "type": "Point", "coordinates": [ 140.896718299999947, 37.920621 ] } },
{ "type": "Feature", "properties": { "内容": "松島町健康館デイサービスセンター【地域密着型通所介護】宮城県宮城郡松島町初原字岩清水1-1", "url": "https://www.kaigokensaku.mhlw.go.jp/04/index.php?action_kouhyou_detail_004_kani=true&JigyosyoCd=0472600501-00&ServiceCd=780&Type=search", "url2": "http://r.goope.jp/matsushakyo/" }, "geometry": { "type": "Point", "coordinates": [ 141.056107900000029, 38.3992892 ] } },
{ "type": "Feature", "properties": { "内容": "在宅支援　ほたる【地域密着型通所介護】宮城県宮城郡七ヶ浜町遠山二丁目4-38", "url": "https://www.kaigokensaku.mhlw.go.jp/04/index.php?action_kouhyou_detail_004_kani=true&JigyosyoCd=0472600378-00&ServiceCd=780&Type=search", "url2": null }, "geometry": { "type": "Point", "coordinates": [ 141.040732199999979, 38.2956017 ] } },
{ "type": "Feature", "properties": { "内容": "デイサービスひまわりの郷【地域密着型通所介護】宮城県宮城郡七ヶ浜町遠山5-5-64", "url": "https://www.kaigokensaku.mhlw.go.jp/04/index.php?action_kouhyou_detail_004_kani=true&JigyosyoCd=0472600873-00&ServiceCd=780&Type=search", "url2": "https://www.himawari-7.com/" }, "geometry": { "type": "Point", "coordinates": [ 141.038999297858993, 38.304694714900485 ] } },
{ "type": "Feature", "properties": { "内容": "デイサービス　きら喜楽【地域密着型通所介護】宮城県宮城郡利府町中央３丁目１６－７", "url": "https://www.kaigokensaku.mhlw.go.jp/04/index.php?action_kouhyou_detail_004_kani=true&JigyosyoCd=0472600881-00&ServiceCd=780&Type=search", "url2": null }, "geometry": { "type": "Point", "coordinates": [ 140.978783300000032, 38.3277982 ] } },
{ "type": "Feature", "properties": { "内容": "株式会社ふれあいホームひなたぼっこ【地域密着型通所介護】宮城県宮城郡利府町花園3丁目5番地18", "url": "https://www.kaigokensaku.mhlw.go.jp/04/index.php?action_kouhyou_detail_004_kani=true&JigyosyoCd=0472600543-00&ServiceCd=780&Type=search", "url2": null }, "geometry": { "type": "Point", "coordinates": [ 140.9761383, 38.3400856 ] } },
{ "type": "Feature", "properties": { "内容": "デイサービス　杜のクラブ【地域密着型通所介護】宮城県黒川郡大和町杜の丘２丁目１-７", "url": "https://www.kaigokensaku.mhlw.go.jp/04/index.php?action_kouhyou_detail_004_kani=true&JigyosyoCd=0492700083-00&ServiceCd=780&Type=search", "url2": "https://morino-club.com/" }, "geometry": { "type": "Point", "coordinates": [ 140.867189, 38.3859469 ] } },
{ "type": "Feature", "properties": { "内容": "デイサービスセンター　ウィング【地域密着型通所介護】宮城県黒川郡大郷町羽生字金井川94番1特別養護老人ホーム　ウイング", "url": "https://www.kaigokensaku.mhlw.go.jp/04/index.php?action_kouhyou_detail_004_kani=true&JigyosyoCd=0472700988-00&ServiceCd=780&Type=search", "url2": "http://www.zenshunkai.jp/" }, "geometry": { "type": "Point", "coordinates": [ 141.0164909, 38.42486 ] } },
{ "type": "Feature", "properties": { "内容": "通所介護リハビリセンターおおひら【地域密着型通所介護】宮城県黒川郡大衡村大衡字枛木47-79", "url": "https://www.kaigokensaku.mhlw.go.jp/04/index.php?action_kouhyou_detail_004_kani=true&JigyosyoCd=0472701135-00&ServiceCd=780&Type=search", "url2": "https://office-ohtsuka.jp/" }, "geometry": { "type": "Point", "coordinates": [ 140.875816374980303, 38.474393637781667 ] } },
{ "type": "Feature", "properties": { "内容": "デイサービス　くれよん【地域密着型通所介護】宮城県加美郡加美町字町裏２７７－２", "url": "https://www.kaigokensaku.mhlw.go.jp/04/index.php?action_kouhyou_detail_004_kani=true&JigyosyoCd=0472800614-00&ServiceCd=780&Type=search", "url2": null }, "geometry": { "type": "Point", "coordinates": [ 140.861009200000012, 38.5690815 ] } },
{ "type": "Feature", "properties": { "内容": "デイサービスおたっしゃ館【地域密着型通所介護】宮城県加美郡加美町字赤塚202番地1", "url": "https://www.kaigokensaku.mhlw.go.jp/04/index.php?action_kouhyou_detail_004_kani=true&JigyosyoCd=0472800465-00&ServiceCd=780&Type=search", "url2": "https://carefree-ots.ivalue.info" }, "geometry": { "type": "Point", "coordinates": [ 140.860451099999977, 38.5626323 ] } },
{ "type": "Feature", "properties": { "内容": "おたっしゃ倶楽部【地域密着型通所介護】宮城県加美郡加美町字赤塚202番地1", "url": "https://www.kaigokensaku.mhlw.go.jp/04/index.php?action_kouhyou_detail_004_kani=true&JigyosyoCd=0492800065-00&ServiceCd=780&Type=search", "url2": "https://carefree-ots.ivalue.info/" }, "geometry": { "type": "Point", "coordinates": [ 140.8604133, 38.5625871 ] } },
{ "type": "Feature", "properties": { "内容": "デイサービス　壱番館【地域密着型通所介護】宮城県加美郡加美町平柳字本屋敷２番地1サービス付き高齢者向け住宅　加美壱番館　デイサービス壱番館", "url": "https://www.kaigokensaku.mhlw.go.jp/04/index.php?action_kouhyou_detail_004_kani=true&JigyosyoCd=0472800747-00&ServiceCd=780&Type=search", "url2": null }, "geometry": { "type": "Point", "coordinates": [ 140.890280080950873, 38.567167381134126 ] } },
{ "type": "Feature", "properties": { "内容": "デイサービス加美弐番館【地域密着型通所介護】宮城県加美郡加美町平柳字本屋敷2番地の4―", "url": "https://www.kaigokensaku.mhlw.go.jp/04/index.php?action_kouhyou_detail_004_kani=true&JigyosyoCd=0492800057-00&ServiceCd=780&Type=search", "url2": "―" }, "geometry": { "type": "Point", "coordinates": [ 140.890231, 38.567471 ] } },
{ "type": "Feature", "properties": { "内容": "希望館デイサービス　ファミリア【地域密着型通所介護】宮城県加美郡加美町字大門222番地", "url": "https://www.kaigokensaku.mhlw.go.jp/04/index.php?action_kouhyou_detail_004_kani=true&JigyosyoCd=0472800663-00&ServiceCd=780&Type=search", "url2": "https://kiboukan-pocoapoco.com" }, "geometry": { "type": "Point", "coordinates": [ 140.851440300000036, 38.5753498 ] } },
{ "type": "Feature", "properties": { "内容": "加美町社協小野田西部デイサービスセンター【地域密着型通所介護】宮城県加美郡加美町字田中浦56番地", "url": "https://www.kaigokensaku.mhlw.go.jp/04/index.php?action_kouhyou_detail_004_kani=true&JigyosyoCd=0492800107-00&ServiceCd=780&Type=search", "url2": null }, "geometry": { "type": "Point", "coordinates": [ 140.732078699999988, 38.5894844 ] } },
{ "type": "Feature", "properties": { "内容": "ゆうらいふ箟岳地域ケアセンター【地域密着型通所介護】宮城県遠田郡涌谷町太田字舟ヶ沢8-1", "url": "https://www.kaigokensaku.mhlw.go.jp/04/index.php?action_kouhyou_detail_004_kani=true&JigyosyoCd=0493100069-00&ServiceCd=780&Type=search", "url2": "http://www.wakuya-sfk.net" }, "geometry": { "type": "Point", "coordinates": [ 141.186804299999949, 38.5708577 ] } },
{ "type": "Feature", "properties": { "内容": "デイサービス接骨木渋江【地域密着型通所介護】宮城県遠田郡涌谷町字渋江17番地１", "url": "https://www.kaigokensaku.mhlw.go.jp/04/index.php?action_kouhyou_detail_004_kani=true&JigyosyoCd=0473100881-00&ServiceCd=780&Type=search", "url2": null }, "geometry": { "type": "Point", "coordinates": [ 141.122336899999937, 38.541662 ] } },
{ "type": "Feature", "properties": { "内容": "デイサービス　わっく【地域密着型通所介護】宮城県遠田郡涌谷町柳町17-1", "url": "https://www.kaigokensaku.mhlw.go.jp/04/index.php?action_kouhyou_detail_004_kani=true&JigyosyoCd=0493100168-00&ServiceCd=780&Type=search", "url2": null }, "geometry": { "type": "Point", "coordinates": [ 141.128904864418047, 38.54033787939597 ] } },
{ "type": "Feature", "properties": { "内容": "デイサービス接骨木【地域密着型通所介護】宮城県遠田郡涌谷町涌谷字新見龍寺前103番地1", "url": "https://www.kaigokensaku.mhlw.go.jp/04/index.php?action_kouhyou_detail_004_kani=true&JigyosyoCd=0473100766-00&ServiceCd=780&Type=search", "url2": null }, "geometry": { "type": "Point", "coordinates": [ 141.1401876, 38.5409821 ] } },
{ "type": "Feature", "properties": { "内容": "えりどうデイサービス【地域密着型通所介護】宮城県遠田郡美里町北浦字清水谷地29番地", "url": "https://www.kaigokensaku.mhlw.go.jp/04/index.php?action_kouhyou_detail_004_kani=true&JigyosyoCd=0473100980-00&ServiceCd=780&Type=search", "url2": null }, "geometry": { "type": "Point", "coordinates": [ 141.046665, 38.5446021 ] } },
{ "type": "Feature", "properties": { "内容": "デイサービス木漏れ日【地域密着型通所介護】宮城県遠田郡美里町木間塚28番地1", "url": "https://www.kaigokensaku.mhlw.go.jp/04/index.php?action_kouhyou_detail_004_kani=true&JigyosyoCd=0493100093-00&ServiceCd=780&Type=search", "url2": null }, "geometry": { "type": "Point", "coordinates": [ 141.129367867042561, 38.490814759143646 ] } },
{ "type": "Feature", "properties": { "内容": "デイサービス　いこいの杜【地域密着型通所介護】遠田郡美里町二郷字佐野四号８８８番地", "url": "https://www.kaigokensaku.mhlw.go.jp/04/index.php?action_kouhyou_detail_004_kani=true&JigyosyoCd=0473100840-00&ServiceCd=780&Type=search", "url2": null }, "geometry": { "type": "Point", "coordinates": [ 141.130100299999981, 38.472123997547286 ] } },
{ "type": "Feature", "properties": { "内容": "デイサービス　ふらっと女川【地域密着型通所介護】宮城県牡鹿郡女川町鷲神浜字堀切山109-6", "url": "https://www.kaigokensaku.mhlw.go.jp/04/index.php?action_kouhyou_detail_004_kani=true&JigyosyoCd=0493500037-00&ServiceCd=780&Type=search", "url2": "https://flat-onagawa.com/" }, "geometry": { "type": "Point", "coordinates": [ 141.440300689549247, 38.440346084602766 ] } },
{ "type": "Feature", "properties": { "内容": "南三陸町デイサービスセンターいりや【地域密着型通所介護】宮城県本吉郡南三陸町入谷字新中の町２番地", "url": "https://www.kaigokensaku.mhlw.go.jp/04/index.php?action_kouhyou_detail_004_kani=true&JigyosyoCd=0473600450-00&ServiceCd=780&Type=search", "url2": null }, "geometry": { "type": "Point", "coordinates": [ 141.413580799999977, 38.7026118 ] } }
]
}
